<?xml version='1.0' encoding='UTF-8'?>
<gpx version="1.1" creator="https://www.komoot.de" xmlns="http://www.topografix.com/GPX/1/1" xmlns:xsi="http://www.w3.org/2001/XMLSchema-instance" xsi:schemaLocation="http://www.topografix.com/GPX/1/1 http://www.topografix.com/GPX/1/1/gpx.xsd">
  <metadata>
    <name>Brora to wick</name>
    <author>
      <link href="https://www.komoot.de">
        <text>komoot</text>
        <type>text/html</type>
      </link>
    </author>
  </metadata>
  <trk>
    <name>Brora to wick</name>
    <trkseg>
      <trkpt lat="58.010419" lon="-3.850749">
        <ele>17.392592</ele>
        <time>2023-07-24T18:29:33.305Z</time>
      </trkpt>
      <trkpt lat="58.010680" lon="-3.851570">
        <ele>17.392592</ele>
        <time>2023-07-24T18:29:48.418Z</time>
      </trkpt>
      <trkpt lat="58.010070" lon="-3.852264">
        <ele>17.305816</ele>
        <time>2023-07-24T18:30:10.380Z</time>
      </trkpt>
      <trkpt lat="58.010236" lon="-3.852787">
        <ele>17.218269</ele>
        <time>2023-07-24T18:30:17.367Z</time>
      </trkpt>
      <trkpt lat="58.010310" lon="-3.853008">
        <ele>17.180727</ele>
        <time>2023-07-24T18:30:20.298Z</time>
      </trkpt>
      <trkpt lat="58.010456" lon="-3.853491">
        <ele>17.100875</ele>
        <time>2023-07-24T18:30:25.760Z</time>
      </trkpt>
      <trkpt lat="58.010685" lon="-3.854205">
        <ele>16.981024</ele>
        <time>2023-07-24T18:30:33.461Z</time>
      </trkpt>
      <trkpt lat="58.010968" lon="-3.853833">
        <ele>16.885455</ele>
        <time>2023-07-24T18:30:41.898Z</time>
      </trkpt>
      <trkpt lat="58.011038" lon="-3.853741">
        <ele>16.859569</ele>
        <time>2023-07-24T18:30:44.061Z</time>
      </trkpt>
      <trkpt lat="58.011274" lon="-3.853450">
        <ele>16.774023</ele>
        <time>2023-07-24T18:30:51.359Z</time>
      </trkpt>
      <trkpt lat="58.011344" lon="-3.853605">
        <ele>16.741278</ele>
        <time>2023-07-24T18:30:54.076Z</time>
      </trkpt>
      <trkpt lat="58.011424" lon="-3.853672">
        <ele>16.714717</ele>
        <time>2023-07-24T18:30:56.258Z</time>
      </trkpt>
      <trkpt lat="58.011508" lon="-3.853370">
        <ele>16.659880</ele>
        <time>2023-07-24T18:31:00.084Z</time>
      </trkpt>
      <trkpt lat="58.011573" lon="-3.853246">
        <ele>16.631835</ele>
        <time>2023-07-24T18:31:01.849Z</time>
      </trkpt>
      <trkpt lat="58.011599" lon="-3.853200">
        <ele>16.621021</ele>
        <time>2023-07-24T18:31:02.466Z</time>
      </trkpt>
      <trkpt lat="58.011790" lon="-3.852994">
        <ele>16.554263</ele>
        <time>2023-07-24T18:31:06.872Z</time>
      </trkpt>
      <trkpt lat="58.011859" lon="-3.852979">
        <ele>16.533184</ele>
        <time>2023-07-24T18:31:08.199Z</time>
      </trkpt>
      <trkpt lat="58.011962" lon="-3.852967">
        <ele>16.501867</ele>
        <time>2023-07-24T18:31:10.036Z</time>
      </trkpt>
      <trkpt lat="58.012538" lon="-3.853127">
        <ele>16.449815</ele>
        <time>2023-07-24T18:31:22.313Z</time>
      </trkpt>
      <trkpt lat="58.012981" lon="-3.853251">
        <ele>16.811560</ele>
        <time>2023-07-24T18:31:32.523Z</time>
      </trkpt>
      <trkpt lat="58.013057" lon="-3.853279">
        <ele>16.874107</ele>
        <time>2023-07-24T18:31:34.339Z</time>
      </trkpt>
      <trkpt lat="58.013482" lon="-3.853420">
        <ele>17.222662</ele>
        <time>2023-07-24T18:31:46.176Z</time>
      </trkpt>
      <trkpt lat="58.013802" lon="-3.853536">
        <ele>17.485864</ele>
        <time>2023-07-24T18:31:56.022Z</time>
      </trkpt>
      <trkpt lat="58.014559" lon="-3.853808">
        <ele>17.925780</ele>
        <time>2023-07-24T18:32:16.441Z</time>
      </trkpt>
      <trkpt lat="58.015957" lon="-3.854332">
        <ele>18.367689</ele>
        <time>2023-07-24T18:32:46.531Z</time>
      </trkpt>
      <trkpt lat="58.016364" lon="-3.854495">
        <ele>18.259231</ele>
        <time>2023-07-24T18:32:55.211Z</time>
      </trkpt>
      <trkpt lat="58.016809" lon="-3.854670">
        <ele>18.136547</ele>
        <time>2023-07-24T18:33:04.258Z</time>
      </trkpt>
      <trkpt lat="58.017388" lon="-3.854898">
        <ele>17.976911</ele>
        <time>2023-07-24T18:33:15.523Z</time>
      </trkpt>
      <trkpt lat="58.017646" lon="-3.855002">
        <ele>17.905707</ele>
        <time>2023-07-24T18:33:20.369Z</time>
      </trkpt>
      <trkpt lat="58.017891" lon="-3.855101">
        <ele>17.804433</ele>
        <time>2023-07-24T18:33:24.926Z</time>
      </trkpt>
      <trkpt lat="58.018186" lon="-3.855221">
        <ele>17.663662</ele>
        <time>2023-07-24T18:33:30.357Z</time>
      </trkpt>
      <trkpt lat="58.018394" lon="-3.855305">
        <ele>17.564439</ele>
        <time>2023-07-24T18:33:34.239Z</time>
      </trkpt>
      <trkpt lat="58.019601" lon="-3.855800">
        <ele>17.038323</ele>
        <time>2023-07-24T18:33:57.349Z</time>
      </trkpt>
      <trkpt lat="58.023382" lon="-3.857328">
        <ele>16.459745</ele>
        <time>2023-07-24T18:35:17.770Z</time>
      </trkpt>
      <trkpt lat="58.023664" lon="-3.857480">
        <ele>16.119400</ele>
        <time>2023-07-24T18:35:22.880Z</time>
      </trkpt>
      <trkpt lat="58.023773" lon="-3.857500">
        <ele>15.992306</ele>
        <time>2023-07-24T18:35:24.714Z</time>
      </trkpt>
      <trkpt lat="58.024276" lon="-3.857332">
        <ele>15.399493</ele>
        <time>2023-07-24T18:35:32.974Z</time>
      </trkpt>
      <trkpt lat="58.024191" lon="-3.856495">
        <ele>14.875719</ele>
        <time>2023-07-24T18:35:39.995Z</time>
      </trkpt>
      <trkpt lat="58.024159" lon="-3.855945">
        <ele>14.315821</ele>
        <time>2023-07-24T18:35:44.500Z</time>
      </trkpt>
      <trkpt lat="58.024101" lon="-3.855014">
        <ele>13.304482</ele>
        <time>2023-07-24T18:35:51.989Z</time>
      </trkpt>
      <trkpt lat="58.023883" lon="-3.854273">
        <ele>12.389967</ele>
        <time>2023-07-24T18:35:58.699Z</time>
      </trkpt>
      <trkpt lat="58.023854" lon="-3.853948">
        <ele>12.034394</ele>
        <time>2023-07-24T18:36:01.331Z</time>
      </trkpt>
      <trkpt lat="58.023870" lon="-3.853647">
        <ele>11.708025</ele>
        <time>2023-07-24T18:36:03.762Z</time>
      </trkpt>
      <trkpt lat="58.023952" lon="-3.853231">
        <ele>11.229137</ele>
        <time>2023-07-24T18:36:07.390Z</time>
      </trkpt>
      <trkpt lat="58.024404" lon="-3.851566">
        <ele>10.250878</ele>
        <time>2023-07-24T18:36:23.755Z</time>
      </trkpt>
      <trkpt lat="58.024835" lon="-3.849247">
        <ele>9.456097</ele>
        <time>2023-07-24T18:36:48.247Z</time>
      </trkpt>
      <trkpt lat="58.025444" lon="-3.848258">
        <ele>9.464737</ele>
        <time>2023-07-24T18:37:05.671Z</time>
      </trkpt>
      <trkpt lat="58.025635" lon="-3.848012">
        <ele>9.467225</ele>
        <time>2023-07-24T18:37:10.592Z</time>
      </trkpt>
      <trkpt lat="58.025923" lon="-3.847860">
        <ele>9.470442</ele>
        <time>2023-07-24T18:37:17.091Z</time>
      </trkpt>
      <trkpt lat="58.026212" lon="-3.847712">
        <ele>9.658073</ele>
        <time>2023-07-24T18:37:23.558Z</time>
      </trkpt>
      <trkpt lat="58.026980" lon="-3.847252">
        <ele>10.170159</ele>
        <time>2023-07-24T18:37:42.181Z</time>
      </trkpt>
      <trkpt lat="58.027845" lon="-3.846829">
        <ele>10.830700</ele>
        <time>2023-07-24T18:38:06.280Z</time>
      </trkpt>
      <trkpt lat="58.028422" lon="-3.848891">
        <ele>12.200047</ele>
        <time>2023-07-24T18:38:50.117Z</time>
      </trkpt>
      <trkpt lat="58.028603" lon="-3.849234">
        <ele>12.484368</ele>
        <time>2023-07-24T18:38:58.696Z</time>
      </trkpt>
      <trkpt lat="58.028712" lon="-3.849461">
        <ele>12.597030</ele>
        <time>2023-07-24T18:39:04.336Z</time>
      </trkpt>
      <trkpt lat="58.028817" lon="-3.849552">
        <ele>12.571802</ele>
        <time>2023-07-24T18:39:08.069Z</time>
      </trkpt>
      <trkpt lat="58.028997" lon="-3.849549">
        <ele>12.532493</ele>
        <time>2023-07-24T18:39:13.734Z</time>
      </trkpt>
      <trkpt lat="58.029644" lon="-3.849711">
        <ele>12.389966</ele>
        <time>2023-07-24T18:39:32.005Z</time>
      </trkpt>
      <trkpt lat="58.029716" lon="-3.849830">
        <ele>12.369073</ele>
        <time>2023-07-24T18:39:34.556Z</time>
      </trkpt>
      <trkpt lat="58.030555" lon="-3.847627">
        <ele>11.757234</ele>
        <time>2023-07-24T18:39:59.278Z</time>
      </trkpt>
      <trkpt lat="58.031034" lon="-3.846497">
        <ele>11.278097</ele>
        <time>2023-07-24T18:40:13.318Z</time>
      </trkpt>
      <trkpt lat="58.033398" lon="-3.842266">
        <ele>10.396905</ele>
        <time>2023-07-24T18:41:18.474Z</time>
      </trkpt>
      <trkpt lat="58.034780" lon="-3.839808">
        <ele>9.437806</ele>
        <time>2023-07-24T18:41:52.775Z</time>
      </trkpt>
      <trkpt lat="58.035242" lon="-3.839121">
        <ele>9.085911</ele>
        <time>2023-07-24T18:42:03.479Z</time>
      </trkpt>
      <trkpt lat="58.035853" lon="-3.838478">
        <ele>8.639704</ele>
        <time>2023-07-24T18:42:16.318Z</time>
      </trkpt>
      <trkpt lat="58.036348" lon="-3.838105">
        <ele>8.299713</ele>
        <time>2023-07-24T18:42:26.091Z</time>
      </trkpt>
      <trkpt lat="58.036571" lon="-3.837888">
        <ele>8.139680</ele>
        <time>2023-07-24T18:42:30.620Z</time>
      </trkpt>
      <trkpt lat="58.036783" lon="-3.837546">
        <ele>7.958851</ele>
        <time>2023-07-24T18:42:35.624Z</time>
      </trkpt>
      <trkpt lat="58.037126" lon="-3.836727">
        <ele>7.455236</ele>
        <time>2023-07-24T18:42:45.273Z</time>
      </trkpt>
      <trkpt lat="58.037437" lon="-3.836020">
        <ele>7.011941</ele>
        <time>2023-07-24T18:42:53.637Z</time>
      </trkpt>
      <trkpt lat="58.037666" lon="-3.835570">
        <ele>6.710923</ele>
        <time>2023-07-24T18:42:59.306Z</time>
      </trkpt>
      <trkpt lat="58.038063" lon="-3.834957">
        <ele>6.250716</ele>
        <time>2023-07-24T18:43:08.074Z</time>
      </trkpt>
      <trkpt lat="58.039101" lon="-3.833834">
        <ele>5.247931</ele>
        <time>2023-07-24T18:43:28.931Z</time>
      </trkpt>
      <trkpt lat="58.039419" lon="-3.833490">
        <ele>4.940730</ele>
        <time>2023-07-24T18:43:35.479Z</time>
      </trkpt>
      <trkpt lat="58.040022" lon="-3.832750">
        <ele>4.479993</ele>
        <time>2023-07-24T18:43:48.413Z</time>
      </trkpt>
      <trkpt lat="58.040472" lon="-3.832064">
        <ele>4.137395</ele>
        <time>2023-07-24T18:43:58.773Z</time>
      </trkpt>
      <trkpt lat="58.040902" lon="-3.831354">
        <ele>3.799032</ele>
        <time>2023-07-24T18:44:09.201Z</time>
      </trkpt>
      <trkpt lat="58.041621" lon="-3.829711">
        <ele>4.030620</ele>
        <time>2023-07-24T18:44:31.668Z</time>
      </trkpt>
      <trkpt lat="58.041673" lon="-3.829593">
        <ele>4.051681</ele>
        <time>2023-07-24T18:44:33.372Z</time>
      </trkpt>
      <trkpt lat="58.042743" lon="-3.827129">
        <ele>5.723826</ele>
        <time>2023-07-24T18:45:18.510Z</time>
      </trkpt>
      <trkpt lat="58.042751" lon="-3.827109">
        <ele>5.743228</ele>
        <time>2023-07-24T18:45:18.944Z</time>
      </trkpt>
      <trkpt lat="58.043376" lon="-3.825696">
        <ele>7.292301</ele>
        <time>2023-07-24T18:45:49.921Z</time>
      </trkpt>
      <trkpt lat="58.043727" lon="-3.824991">
        <ele>8.335564</ele>
        <time>2023-07-24T18:46:06.612Z</time>
      </trkpt>
      <trkpt lat="58.044662" lon="-3.823520">
        <ele>10.720749</ele>
        <time>2023-07-24T18:46:46.541Z</time>
      </trkpt>
      <trkpt lat="58.045160" lon="-3.822468">
        <ele>11.768590</ele>
        <time>2023-07-24T18:47:07.571Z</time>
      </trkpt>
      <trkpt lat="58.045255" lon="-3.822252">
        <ele>11.977092</ele>
        <time>2023-07-24T18:47:11.828Z</time>
      </trkpt>
      <trkpt lat="58.045731" lon="-3.821336">
        <ele>12.930126</ele>
        <time>2023-07-24T18:47:30.188Z</time>
      </trkpt>
      <trkpt lat="58.046230" lon="-3.820567">
        <ele>13.953968</ele>
        <time>2023-07-24T18:47:48.110Z</time>
      </trkpt>
      <trkpt lat="58.046778" lon="-3.819867">
        <ele>15.022649</ele>
        <time>2023-07-24T18:48:07.433Z</time>
      </trkpt>
      <trkpt lat="58.047356" lon="-3.819241">
        <ele>16.121788</ele>
        <time>2023-07-24T18:48:28.699Z</time>
      </trkpt>
      <trkpt lat="58.047965" lon="-3.818767">
        <ele>17.343111</ele>
        <time>2023-07-24T18:48:51.278Z</time>
      </trkpt>
      <trkpt lat="58.050230" lon="-3.817131">
        <ele>21.015134</ele>
        <time>2023-07-24T18:50:03.288Z</time>
      </trkpt>
      <trkpt lat="58.050787" lon="-3.816641">
        <ele>21.546331</ele>
        <time>2023-07-24T18:50:17.627Z</time>
      </trkpt>
      <trkpt lat="58.052314" lon="-3.815180">
        <ele>21.690177</ele>
        <time>2023-07-24T18:50:51.612Z</time>
      </trkpt>
      <trkpt lat="58.052532" lon="-3.814896">
        <ele>21.933520</ele>
        <time>2023-07-24T18:50:57.359Z</time>
      </trkpt>
      <trkpt lat="58.052929" lon="-3.814125">
        <ele>22.456685</ele>
        <time>2023-07-24T18:51:10.844Z</time>
      </trkpt>
      <trkpt lat="58.054075" lon="-3.812132">
        <ele>25.166979</ele>
        <time>2023-07-24T18:51:57.275Z</time>
      </trkpt>
      <trkpt lat="58.054638" lon="-3.811315">
        <ele>27.113043</ele>
        <time>2023-07-24T18:52:23.944Z</time>
      </trkpt>
      <trkpt lat="58.055630" lon="-3.810220">
        <ele>31.912597</ele>
        <time>2023-07-24T18:53:14.064Z</time>
      </trkpt>
      <trkpt lat="58.056938" lon="-3.809152">
        <ele>38.767843</ele>
        <time>2023-07-24T18:54:28.849Z</time>
      </trkpt>
      <trkpt lat="58.057385" lon="-3.808703">
        <ele>41.072722</ele>
        <time>2023-07-24T18:54:54.352Z</time>
      </trkpt>
      <trkpt lat="58.058077" lon="-3.807899">
        <ele>44.771267</ele>
        <time>2023-07-24T18:55:29.805Z</time>
      </trkpt>
      <trkpt lat="58.058339" lon="-3.807526">
        <ele>45.564735</ele>
        <time>2023-07-24T18:55:42.273Z</time>
      </trkpt>
      <trkpt lat="58.058590" lon="-3.807127">
        <ele>46.084238</ele>
        <time>2023-07-24T18:55:53.538Z</time>
      </trkpt>
      <trkpt lat="58.060374" lon="-3.804519">
        <ele>48.505140</ele>
        <time>2023-07-24T18:56:50.801Z</time>
      </trkpt>
      <trkpt lat="58.061412" lon="-3.802943">
        <ele>48.447517</ele>
        <time>2023-07-24T18:57:18.454Z</time>
      </trkpt>
      <trkpt lat="58.063495" lon="-3.799164">
        <ele>45.814796</ele>
        <time>2023-07-24T18:58:07.226Z</time>
      </trkpt>
      <trkpt lat="58.063853" lon="-3.798501">
        <ele>45.436061</ele>
        <time>2023-07-24T18:58:16.043Z</time>
      </trkpt>
      <trkpt lat="58.064526" lon="-3.797424">
        <ele>44.883566</ele>
        <time>2023-07-24T18:58:32.278Z</time>
      </trkpt>
      <trkpt lat="58.065166" lon="-3.796688">
        <ele>44.217116</ele>
        <time>2023-07-24T18:58:46.870Z</time>
      </trkpt>
      <trkpt lat="58.066590" lon="-3.795394">
        <ele>41.460648</ele>
        <time>2023-07-24T18:59:11.518Z</time>
      </trkpt>
      <trkpt lat="58.067135" lon="-3.794785">
        <ele>39.347824</ele>
        <time>2023-07-24T18:59:20.531Z</time>
      </trkpt>
      <trkpt lat="58.067532" lon="-3.794258">
        <ele>37.673404</ele>
        <time>2023-07-24T18:59:27.295Z</time>
      </trkpt>
      <trkpt lat="58.068511" lon="-3.792660">
        <ele>33.847147</ele>
        <time>2023-07-24T18:59:44.931Z</time>
      </trkpt>
      <trkpt lat="58.068596" lon="-3.792504">
        <ele>33.570777</ele>
        <time>2023-07-24T18:59:46.586Z</time>
      </trkpt>
      <trkpt lat="58.069392" lon="-3.791034">
        <ele>30.979766</ele>
        <time>2023-07-24T19:00:04.666Z</time>
      </trkpt>
      <trkpt lat="58.069649" lon="-3.790384">
        <ele>30.692065</ele>
        <time>2023-07-24T19:00:12.379Z</time>
      </trkpt>
      <trkpt lat="58.069845" lon="-3.789735">
        <ele>30.427125</ele>
        <time>2023-07-24T19:00:19.892Z</time>
      </trkpt>
      <trkpt lat="58.069936" lon="-3.789400">
        <ele>30.293618</ele>
        <time>2023-07-24T19:00:23.622Z</time>
      </trkpt>
      <trkpt lat="58.070188" lon="-3.789608">
        <ele>30.109313</ele>
        <time>2023-07-24T19:00:31.303Z</time>
      </trkpt>
      <trkpt lat="58.070027" lon="-3.788766">
        <ele>29.791914</ele>
        <time>2023-07-24T19:00:43.538Z</time>
      </trkpt>
      <trkpt lat="58.070103" lon="-3.787816">
        <ele>28.531666</ele>
        <time>2023-07-24T19:00:52.660Z</time>
      </trkpt>
      <trkpt lat="58.070062" lon="-3.784615">
        <ele>23.973887</ele>
        <time>2023-07-24T19:01:16.487Z</time>
      </trkpt>
      <trkpt lat="58.070071" lon="-3.783208">
        <ele>21.652549</ele>
        <time>2023-07-24T19:01:26.811Z</time>
      </trkpt>
      <trkpt lat="58.070080" lon="-3.781690">
        <ele>19.403646</ele>
        <time>2023-07-24T19:01:38.528Z</time>
      </trkpt>
      <trkpt lat="58.070107" lon="-3.780976">
        <ele>18.979250</ele>
        <time>2023-07-24T19:01:44.444Z</time>
      </trkpt>
      <trkpt lat="58.070221" lon="-3.780048">
        <ele>18.414414</ele>
        <time>2023-07-24T19:01:53.007Z</time>
      </trkpt>
      <trkpt lat="58.070419" lon="-3.779112">
        <ele>17.816740</ele>
        <time>2023-07-24T19:02:02.918Z</time>
      </trkpt>
      <trkpt lat="58.070714" lon="-3.778215">
        <ele>17.617695</ele>
        <time>2023-07-24T19:02:14.010Z</time>
      </trkpt>
      <trkpt lat="58.071088" lon="-3.777452">
        <ele>17.775380</ele>
        <time>2023-07-24T19:02:24.482Z</time>
      </trkpt>
      <trkpt lat="58.071201" lon="-3.777436">
        <ele>17.807856</ele>
        <time>2023-07-24T19:02:27.722Z</time>
      </trkpt>
      <trkpt lat="58.071754" lon="-3.776593">
        <ele>18.011438</ele>
        <time>2023-07-24T19:02:49.686Z</time>
      </trkpt>
      <trkpt lat="58.071950" lon="-3.776175">
        <ele>18.709731</ele>
        <time>2023-07-24T19:03:00.135Z</time>
      </trkpt>
      <trkpt lat="58.072012" lon="-3.775632">
        <ele>19.829220</ele>
        <time>2023-07-24T19:03:11.196Z</time>
      </trkpt>
      <trkpt lat="58.072197" lon="-3.775303">
        <ele>20.796974</ele>
        <time>2023-07-24T19:03:20.420Z</time>
      </trkpt>
      <trkpt lat="58.073180" lon="-3.774032">
        <ele>25.591841</ele>
        <time>2023-07-24T19:04:18.341Z</time>
      </trkpt>
      <trkpt lat="58.073580" lon="-3.773443">
        <ele>28.666350</ele>
        <time>2023-07-24T19:04:49.321Z</time>
      </trkpt>
      <trkpt lat="58.073884" lon="-3.772830">
        <ele>31.361470</ele>
        <time>2023-07-24T19:05:15.500Z</time>
      </trkpt>
      <trkpt lat="58.074089" lon="-3.772296">
        <ele>33.477694</ele>
        <time>2023-07-24T19:05:34.966Z</time>
      </trkpt>
      <trkpt lat="58.074343" lon="-3.771438">
        <ele>36.341999</ele>
        <time>2023-07-24T19:06:02.055Z</time>
      </trkpt>
      <trkpt lat="58.074550" lon="-3.770516">
        <ele>38.426163</ele>
        <time>2023-07-24T19:06:26.148Z</time>
      </trkpt>
      <trkpt lat="58.074782" lon="-3.769475">
        <ele>40.776680</ele>
        <time>2023-07-24T19:06:48.323Z</time>
      </trkpt>
      <trkpt lat="58.076291" lon="-3.763892">
        <ele>54.501640</ele>
        <time>2023-07-24T19:09:05.015Z</time>
      </trkpt>
      <trkpt lat="58.076516" lon="-3.764059">
        <ele>55.753680</ele>
        <time>2023-07-24T19:09:22.681Z</time>
      </trkpt>
      <trkpt lat="58.077071" lon="-3.764470">
        <ele>58.806137</ele>
        <time>2023-07-24T19:10:02.979Z</time>
      </trkpt>
      <trkpt lat="58.077156" lon="-3.764480">
        <ele>59.100062</ele>
        <time>2023-07-24T19:10:08.681Z</time>
      </trkpt>
      <trkpt lat="58.077402" lon="-3.764079">
        <ele>60.220936</ele>
        <time>2023-07-24T19:10:29.048Z</time>
      </trkpt>
      <trkpt lat="58.077746" lon="-3.763333">
        <ele>62.027295</ele>
        <time>2023-07-24T19:10:58.548Z</time>
      </trkpt>
      <trkpt lat="58.077785" lon="-3.763129">
        <ele>62.423163</ele>
        <time>2023-07-24T19:11:04.188Z</time>
      </trkpt>
      <trkpt lat="58.077902" lon="-3.761793">
        <ele>64.894463</ele>
        <time>2023-07-24T19:11:28.617Z</time>
      </trkpt>
      <trkpt lat="58.077950" lon="-3.760521">
        <ele>64.689761</ele>
        <time>2023-07-24T19:11:44.265Z</time>
      </trkpt>
      <trkpt lat="58.078012" lon="-3.759985">
        <ele>64.578034</ele>
        <time>2023-07-24T19:11:50.944Z</time>
      </trkpt>
      <trkpt lat="58.078279" lon="-3.758859">
        <ele>64.326748</ele>
        <time>2023-07-24T19:12:08.212Z</time>
      </trkpt>
      <trkpt lat="58.078472" lon="-3.758161">
        <ele>64.766175</ele>
        <time>2023-07-24T19:12:21.377Z</time>
      </trkpt>
      <trkpt lat="58.078727" lon="-3.757625">
        <ele>65.656678</ele>
        <time>2023-07-24T19:12:35.273Z</time>
      </trkpt>
      <trkpt lat="58.078880" lon="-3.757485">
        <ele>66.053682</ele>
        <time>2023-07-24T19:12:42.015Z</time>
      </trkpt>
      <trkpt lat="58.079118" lon="-3.757378">
        <ele>66.625088</ele>
        <time>2023-07-24T19:12:52.046Z</time>
      </trkpt>
      <trkpt lat="58.079266" lon="-3.757174">
        <ele>67.052851</ele>
        <time>2023-07-24T19:12:59.883Z</time>
      </trkpt>
      <trkpt lat="58.079930" lon="-3.755575">
        <ele>70.414303</ele>
        <time>2023-07-24T19:13:54.388Z</time>
      </trkpt>
      <trkpt lat="58.080321" lon="-3.754245">
        <ele>73.731740</ele>
        <time>2023-07-24T19:14:35.980Z</time>
      </trkpt>
      <trkpt lat="58.080389" lon="-3.754138">
        <ele>74.096453</ele>
        <time>2023-07-24T19:14:40.436Z</time>
      </trkpt>
      <trkpt lat="58.080542" lon="-3.754149">
        <ele>74.727736</ele>
        <time>2023-07-24T19:14:48.444Z</time>
      </trkpt>
      <trkpt lat="58.080625" lon="-3.754230">
        <ele>75.112820</ele>
        <time>2023-07-24T19:14:53.582Z</time>
      </trkpt>
      <trkpt lat="58.080735" lon="-3.754417">
        <ele>75.722636</ele>
        <time>2023-07-24T19:15:00.987Z</time>
      </trkpt>
      <trkpt lat="58.080812" lon="-3.754466">
        <ele>76.008532</ele>
        <time>2023-07-24T19:15:05.216Z</time>
      </trkpt>
      <trkpt lat="58.080883" lon="-3.754460">
        <ele>76.225575</ele>
        <time>2023-07-24T19:15:09.112Z</time>
      </trkpt>
      <trkpt lat="58.080888" lon="-3.754320">
        <ele>76.452142</ele>
        <time>2023-07-24T19:15:13.143Z</time>
      </trkpt>
      <trkpt lat="58.080815" lon="-3.753923">
        <ele>77.130822</ele>
        <time>2023-07-24T19:15:24.293Z</time>
      </trkpt>
      <trkpt lat="58.080821" lon="-3.753868">
        <ele>77.221499</ele>
        <time>2023-07-24T19:15:25.855Z</time>
      </trkpt>
      <trkpt lat="58.080843" lon="-3.753655">
        <ele>77.571922</ele>
        <time>2023-07-24T19:15:31.976Z</time>
      </trkpt>
      <trkpt lat="58.081064" lon="-3.752528">
        <ele>79.512765</ele>
        <time>2023-07-24T19:16:02.905Z</time>
      </trkpt>
      <trkpt lat="58.081138" lon="-3.751917">
        <ele>80.524867</ele>
        <time>2023-07-24T19:16:16.905Z</time>
      </trkpt>
      <trkpt lat="58.081246" lon="-3.751456">
        <ele>81.339017</ele>
        <time>2023-07-24T19:16:26.161Z</time>
      </trkpt>
      <trkpt lat="58.081558" lon="-3.749971">
        <ele>80.473549</ele>
        <time>2023-07-24T19:16:51.668Z</time>
      </trkpt>
      <trkpt lat="58.081768" lon="-3.748977">
        <ele>79.873749</ele>
        <time>2023-07-24T19:17:04.849Z</time>
      </trkpt>
      <trkpt lat="58.082051" lon="-3.747454">
        <ele>76.591899</ele>
        <time>2023-07-24T19:17:21.982Z</time>
      </trkpt>
      <trkpt lat="58.082400" lon="-3.745947">
        <ele>71.158855</ele>
        <time>2023-07-24T19:17:37.469Z</time>
      </trkpt>
      <trkpt lat="58.082522" lon="-3.745405">
        <ele>69.213561</ele>
        <time>2023-07-24T19:17:42.995Z</time>
      </trkpt>
      <trkpt lat="58.082518" lon="-3.745128">
        <ele>68.298491</ele>
        <time>2023-07-24T19:17:45.579Z</time>
      </trkpt>
      <trkpt lat="58.082482" lon="-3.745040">
        <ele>67.931986</ele>
        <time>2023-07-24T19:17:46.609Z</time>
      </trkpt>
      <trkpt lat="58.082386" lon="-3.744975">
        <ele>67.297152</ele>
        <time>2023-07-24T19:17:48.441Z</time>
      </trkpt>
      <trkpt lat="58.082177" lon="-3.744924">
        <ele>65.985141</ele>
        <time>2023-07-24T19:17:52.184Z</time>
      </trkpt>
      <trkpt lat="58.081809" lon="-3.745083">
        <ele>63.634966</ele>
        <time>2023-07-24T19:17:58.908Z</time>
      </trkpt>
      <trkpt lat="58.082071" lon="-3.744566">
        <ele>61.277640</ele>
        <time>2023-07-24T19:18:03.696Z</time>
      </trkpt>
      <trkpt lat="58.082362" lon="-3.744157">
        <ele>59.020435</ele>
        <time>2023-07-24T19:18:08.331Z</time>
      </trkpt>
      <trkpt lat="58.082579" lon="-3.743700">
        <ele>57.016805</ele>
        <time>2023-07-24T19:18:12.630Z</time>
      </trkpt>
      <trkpt lat="58.082782" lon="-3.743121">
        <ele>56.489093</ele>
        <time>2023-07-24T19:18:17.900Z</time>
      </trkpt>
      <trkpt lat="58.083138" lon="-3.741899">
        <ele>55.429308</ele>
        <time>2023-07-24T19:18:30.170Z</time>
      </trkpt>
      <trkpt lat="58.083445" lon="-3.740518">
        <ele>54.561976</ele>
        <time>2023-07-24T19:18:46.027Z</time>
      </trkpt>
      <trkpt lat="58.083769" lon="-3.739419">
        <ele>55.368057</ele>
        <time>2023-07-24T19:19:03.788Z</time>
      </trkpt>
      <trkpt lat="58.084083" lon="-3.738573">
        <ele>56.030218</ele>
        <time>2023-07-24T19:19:20.466Z</time>
      </trkpt>
      <trkpt lat="58.084487" lon="-3.737402">
        <ele>56.708452</ele>
        <time>2023-07-24T19:19:43.122Z</time>
      </trkpt>
      <trkpt lat="58.085015" lon="-3.735872">
        <ele>57.053370</ele>
        <time>2023-07-24T19:20:06.750Z</time>
      </trkpt>
      <trkpt lat="58.085284" lon="-3.734968">
        <ele>57.249198</ele>
        <time>2023-07-24T19:20:16.813Z</time>
      </trkpt>
      <trkpt lat="58.085564" lon="-3.733768">
        <ele>56.293638</ele>
        <time>2023-07-24T19:20:28.186Z</time>
      </trkpt>
      <trkpt lat="58.085798" lon="-3.732696">
        <ele>55.400966</ele>
        <time>2023-07-24T19:20:37.681Z</time>
      </trkpt>
      <trkpt lat="58.085890" lon="-3.732102">
        <ele>54.924558</ele>
        <time>2023-07-24T19:20:42.694Z</time>
      </trkpt>
      <trkpt lat="58.086146" lon="-3.729428">
        <ele>53.517965</ele>
        <time>2023-07-24T19:21:06.617Z</time>
      </trkpt>
      <trkpt lat="58.086418" lon="-3.727882">
        <ele>53.085931</ele>
        <time>2023-07-24T19:21:23.890Z</time>
      </trkpt>
      <trkpt lat="58.086773" lon="-3.726187">
        <ele>53.312009</ele>
        <time>2023-07-24T19:21:45.867Z</time>
      </trkpt>
      <trkpt lat="58.087018" lon="-3.724711">
        <ele>53.567232</ele>
        <time>2023-07-24T19:22:04.831Z</time>
      </trkpt>
      <trkpt lat="58.087253" lon="-3.722908">
        <ele>54.013851</ele>
        <time>2023-07-24T19:22:26.138Z</time>
      </trkpt>
      <trkpt lat="58.087482" lon="-3.721423">
        <ele>54.787663</ele>
        <time>2023-07-24T19:22:46.145Z</time>
      </trkpt>
      <trkpt lat="58.087525" lon="-3.721143">
        <ele>55.072552</ele>
        <time>2023-07-24T19:22:50.410Z</time>
      </trkpt>
      <trkpt lat="58.087817" lon="-3.719882">
        <ele>56.417651</ele>
        <time>2023-07-24T19:23:13.808Z</time>
      </trkpt>
      <trkpt lat="58.088034" lon="-3.718942">
        <ele>57.419840</ele>
        <time>2023-07-24T19:23:32.351Z</time>
      </trkpt>
      <trkpt lat="58.088274" lon="-3.718025">
        <ele>58.585739</ele>
        <time>2023-07-24T19:23:51.540Z</time>
      </trkpt>
      <trkpt lat="58.088451" lon="-3.717450">
        <ele>59.364372</ele>
        <time>2023-07-24T19:24:04.290Z</time>
      </trkpt>
      <trkpt lat="58.088558" lon="-3.717115">
        <ele>59.822390</ele>
        <time>2023-07-24T19:24:11.831Z</time>
      </trkpt>
      <trkpt lat="58.088934" lon="-3.716063">
        <ele>61.308409</ele>
        <time>2023-07-24T19:24:34.438Z</time>
      </trkpt>
      <trkpt lat="58.089544" lon="-3.714630">
        <ele>61.120222</ele>
        <time>2023-07-24T19:24:57.668Z</time>
      </trkpt>
      <trkpt lat="58.089689" lon="-3.714304">
        <ele>61.004637</ele>
        <time>2023-07-24T19:25:01.732Z</time>
      </trkpt>
      <trkpt lat="58.090367" lon="-3.712749">
        <ele>59.788712</ele>
        <time>2023-07-24T19:25:18.038Z</time>
      </trkpt>
      <trkpt lat="58.091162" lon="-3.710957">
        <ele>56.794068</ele>
        <time>2023-07-24T19:25:35.890Z</time>
      </trkpt>
      <trkpt lat="58.091709" lon="-3.709975">
        <ele>56.253630</ele>
        <time>2023-07-24T19:25:47.934Z</time>
      </trkpt>
      <trkpt lat="58.091899" lon="-3.709653">
        <ele>56.240265</ele>
        <time>2023-07-24T19:25:52.717Z</time>
      </trkpt>
      <trkpt lat="58.092245" lon="-3.709208">
        <ele>56.218345</ele>
        <time>2023-07-24T19:26:02.209Z</time>
      </trkpt>
      <trkpt lat="58.093525" lon="-3.707764">
        <ele>57.505905</ele>
        <time>2023-07-24T19:26:45.559Z</time>
      </trkpt>
      <trkpt lat="58.093851" lon="-3.707350">
        <ele>58.076025</ele>
        <time>2023-07-24T19:26:56.969Z</time>
      </trkpt>
      <trkpt lat="58.094130" lon="-3.706837">
        <ele>58.640945</ele>
        <time>2023-07-24T19:27:08.344Z</time>
      </trkpt>
      <trkpt lat="58.094459" lon="-3.706015">
        <ele>58.904445</ele>
        <time>2023-07-24T19:27:24.216Z</time>
      </trkpt>
      <trkpt lat="58.094547" lon="-3.705695">
        <ele>58.950328</ele>
        <time>2023-07-24T19:27:29.178Z</time>
      </trkpt>
      <trkpt lat="58.095061" lon="-3.703721">
        <ele>59.230231</ele>
        <time>2023-07-24T19:27:52.902Z</time>
      </trkpt>
      <trkpt lat="58.095428" lon="-3.702063">
        <ele>57.083472</ele>
        <time>2023-07-24T19:28:08.027Z</time>
      </trkpt>
      <trkpt lat="58.095820" lon="-3.699997">
        <ele>54.235769</ele>
        <time>2023-07-24T19:28:24.329Z</time>
      </trkpt>
      <trkpt lat="58.096211" lon="-3.698366">
        <ele>51.454677</ele>
        <time>2023-07-24T19:28:37.732Z</time>
      </trkpt>
      <trkpt lat="58.096931" lon="-3.695845">
        <ele>47.828113</ele>
        <time>2023-07-24T19:29:00.678Z</time>
      </trkpt>
      <trkpt lat="58.097260" lon="-3.694596">
        <ele>46.290529</ele>
        <time>2023-07-24T19:29:12.056Z</time>
      </trkpt>
      <trkpt lat="58.097553" lon="-3.693289">
        <ele>44.716141</ele>
        <time>2023-07-24T19:29:23.538Z</time>
      </trkpt>
      <trkpt lat="58.097808" lon="-3.691953">
        <ele>43.139445</ele>
        <time>2023-07-24T19:29:35.140Z</time>
      </trkpt>
      <trkpt lat="58.098259" lon="-3.689201">
        <ele>38.897140</ele>
        <time>2023-07-24T19:29:57.755Z</time>
      </trkpt>
      <trkpt lat="58.098506" lon="-3.687561">
        <ele>35.443650</ele>
        <time>2023-07-24T19:30:10.336Z</time>
      </trkpt>
      <trkpt lat="58.098512" lon="-3.687518">
        <ele>35.298583</ele>
        <time>2023-07-24T19:30:10.648Z</time>
      </trkpt>
      <trkpt lat="58.098691" lon="-3.686291">
        <ele>31.146576</ele>
        <time>2023-07-24T19:30:19.222Z</time>
      </trkpt>
      <trkpt lat="58.098840" lon="-3.685247">
        <ele>27.619203</ele>
        <time>2023-07-24T19:30:26.383Z</time>
      </trkpt>
      <trkpt lat="58.098769" lon="-3.685125">
        <ele>27.027244</ele>
        <time>2023-07-24T19:30:28.101Z</time>
      </trkpt>
      <trkpt lat="58.098686" lon="-3.684424">
        <ele>24.643404</ele>
        <time>2023-07-24T19:30:34.893Z</time>
      </trkpt>
      <trkpt lat="58.098843" lon="-3.683227">
        <ele>20.469767</ele>
        <time>2023-07-24T19:30:46.594Z</time>
      </trkpt>
      <trkpt lat="58.098915" lon="-3.683033">
        <ele>19.667530</ele>
        <time>2023-07-24T19:30:48.811Z</time>
      </trkpt>
      <trkpt lat="58.099031" lon="-3.682983">
        <ele>18.905675</ele>
        <time>2023-07-24T19:30:50.946Z</time>
      </trkpt>
      <trkpt lat="58.099155" lon="-3.683041">
        <ele>18.087719</ele>
        <time>2023-07-24T19:30:53.321Z</time>
      </trkpt>
      <trkpt lat="58.099281" lon="-3.682651">
        <ele>16.540842</ele>
        <time>2023-07-24T19:30:56.355Z</time>
      </trkpt>
      <trkpt lat="58.099442" lon="-3.682291">
        <ele>14.944887</ele>
        <time>2023-07-24T19:30:59.599Z</time>
      </trkpt>
      <trkpt lat="58.099711" lon="-3.681864">
        <ele>13.455066</ele>
        <time>2023-07-24T19:31:04.293Z</time>
      </trkpt>
      <trkpt lat="58.099869" lon="-3.681432">
        <ele>12.545693</ele>
        <time>2023-07-24T19:31:08.209Z</time>
      </trkpt>
      <trkpt lat="58.100186" lon="-3.680266">
        <ele>10.276044</ele>
        <time>2023-07-24T19:31:18.209Z</time>
      </trkpt>
      <trkpt lat="58.100300" lon="-3.679946">
        <ele>9.608051</ele>
        <time>2023-07-24T19:31:21.183Z</time>
      </trkpt>
      <trkpt lat="58.100457" lon="-3.679502">
        <ele>8.683359</ele>
        <time>2023-07-24T19:31:25.377Z</time>
      </trkpt>
      <trkpt lat="58.100653" lon="-3.678784">
        <ele>7.961736</ele>
        <time>2023-07-24T19:31:31.763Z</time>
      </trkpt>
      <trkpt lat="58.100769" lon="-3.678271">
        <ele>7.605242</ele>
        <time>2023-07-24T19:31:36.258Z</time>
      </trkpt>
      <trkpt lat="58.100846" lon="-3.677653">
        <ele>7.199584</ele>
        <time>2023-07-24T19:31:41.581Z</time>
      </trkpt>
      <trkpt lat="58.100952" lon="-3.677062">
        <ele>6.800848</ele>
        <time>2023-07-24T19:31:47.061Z</time>
      </trkpt>
      <trkpt lat="58.101019" lon="-3.676764">
        <ele>6.593945</ele>
        <time>2023-07-24T19:31:50.023Z</time>
      </trkpt>
      <trkpt lat="58.101312" lon="-3.675782">
        <ele>7.194672</ele>
        <time>2023-07-24T19:32:03.487Z</time>
      </trkpt>
      <trkpt lat="58.101503" lon="-3.675010">
        <ele>8.972246</ele>
        <time>2023-07-24T19:32:17.000Z</time>
      </trkpt>
      <trkpt lat="58.101652" lon="-3.674244">
        <ele>10.674370</ele>
        <time>2023-07-24T19:32:34.574Z</time>
      </trkpt>
      <trkpt lat="58.101746" lon="-3.674388">
        <ele>11.151629</ele>
        <time>2023-07-24T19:32:41.063Z</time>
      </trkpt>
      <trkpt lat="58.101761" lon="-3.674474">
        <ele>11.340480</ele>
        <time>2023-07-24T19:32:43.586Z</time>
      </trkpt>
      <trkpt lat="58.101729" lon="-3.675027">
        <ele>12.500536</ele>
        <time>2023-07-24T19:33:00.423Z</time>
      </trkpt>
      <trkpt lat="58.101622" lon="-3.675858">
        <ele>15.833820</ele>
        <time>2023-07-24T19:33:30.961Z</time>
      </trkpt>
      <trkpt lat="58.101663" lon="-3.676099">
        <ele>17.177689</ele>
        <time>2023-07-24T19:33:40.523Z</time>
      </trkpt>
      <trkpt lat="58.101970" lon="-3.676509">
        <ele>20.952058</ele>
        <time>2023-07-24T19:34:09.883Z</time>
      </trkpt>
      <trkpt lat="58.102065" lon="-3.676561">
        <ele>21.945445</ele>
        <time>2023-07-24T19:34:18.326Z</time>
      </trkpt>
      <trkpt lat="58.102406" lon="-3.676541">
        <ele>25.372428</ele>
        <time>2023-07-24T19:34:46.729Z</time>
      </trkpt>
      <trkpt lat="58.102616" lon="-3.676628">
        <ele>27.531826</ele>
        <time>2023-07-24T19:35:04.599Z</time>
      </trkpt>
      <trkpt lat="58.102976" lon="-3.677186">
        <ele>32.100315</ele>
        <time>2023-07-24T19:35:43.110Z</time>
      </trkpt>
      <trkpt lat="58.103347" lon="-3.677465">
        <ele>35.615788</ele>
        <time>2023-07-24T19:36:15.081Z</time>
      </trkpt>
      <trkpt lat="58.103543" lon="-3.677373">
        <ele>37.394042</ele>
        <time>2023-07-24T19:36:30.484Z</time>
      </trkpt>
      <trkpt lat="58.104618" lon="-3.676368">
        <ele>47.676276</ele>
        <time>2023-07-24T19:37:48.826Z</time>
      </trkpt>
      <trkpt lat="58.105661" lon="-3.675898">
        <ele>53.710087</ele>
        <time>2023-07-24T19:38:48.319Z</time>
      </trkpt>
      <trkpt lat="58.106401" lon="-3.676259">
        <ele>57.435552</ele>
        <time>2023-07-24T19:39:23.226Z</time>
      </trkpt>
      <trkpt lat="58.106550" lon="-3.676300">
        <ele>57.587688</ele>
        <time>2023-07-24T19:39:28.885Z</time>
      </trkpt>
      <trkpt lat="58.106625" lon="-3.676217">
        <ele>57.675474</ele>
        <time>2023-07-24T19:39:32.074Z</time>
      </trkpt>
      <trkpt lat="58.106807" lon="-3.676150">
        <ele>57.862818</ele>
        <time>2023-07-24T19:39:38.397Z</time>
      </trkpt>
      <trkpt lat="58.107027" lon="-3.675753">
        <ele>58.169953</ele>
        <time>2023-07-24T19:39:47.423Z</time>
      </trkpt>
      <trkpt lat="58.107407" lon="-3.674957">
        <ele>58.742665</ele>
        <time>2023-07-24T19:39:59.867Z</time>
      </trkpt>
      <trkpt lat="58.108399" lon="-3.672481">
        <ele>57.535896</ele>
        <time>2023-07-24T19:40:25.398Z</time>
      </trkpt>
      <trkpt lat="58.108604" lon="-3.672080">
        <ele>57.163984</ele>
        <time>2023-07-24T19:40:30.311Z</time>
      </trkpt>
      <trkpt lat="58.109012" lon="-3.671493">
        <ele>57.545026</ele>
        <time>2023-07-24T19:40:40.352Z</time>
      </trkpt>
      <trkpt lat="58.109311" lon="-3.671194">
        <ele>58.405839</ele>
        <time>2023-07-24T19:40:49.385Z</time>
      </trkpt>
      <trkpt lat="58.110209" lon="-3.670433">
        <ele>60.910392</ele>
        <time>2023-07-24T19:41:27.808Z</time>
      </trkpt>
      <trkpt lat="58.110948" lon="-3.669924">
        <ele>64.444280</ele>
        <time>2023-07-24T19:42:07.969Z</time>
      </trkpt>
      <trkpt lat="58.111312" lon="-3.669746">
        <ele>66.394837</ele>
        <time>2023-07-24T19:42:27.969Z</time>
      </trkpt>
      <trkpt lat="58.111437" lon="-3.669758">
        <ele>67.044213</ele>
        <time>2023-07-24T19:42:34.497Z</time>
      </trkpt>
      <trkpt lat="58.111638" lon="-3.670001">
        <ele>68.281605</ele>
        <time>2023-07-24T19:42:46.936Z</time>
      </trkpt>
      <trkpt lat="58.111733" lon="-3.669974">
        <ele>68.780022</ele>
        <time>2023-07-24T19:42:51.867Z</time>
      </trkpt>
      <trkpt lat="58.111886" lon="-3.669527">
        <ele>70.239858</ele>
        <time>2023-07-24T19:43:06.050Z</time>
      </trkpt>
      <trkpt lat="58.112132" lon="-3.669029">
        <ele>71.070453</ele>
        <time>2023-07-24T19:43:23.127Z</time>
      </trkpt>
      <trkpt lat="58.112303" lon="-3.668613">
        <ele>71.395971</ele>
        <time>2023-07-24T19:43:35.364Z</time>
      </trkpt>
      <trkpt lat="58.112541" lon="-3.668127">
        <ele>71.805229</ele>
        <time>2023-07-24T19:43:48.230Z</time>
      </trkpt>
      <trkpt lat="58.113412" lon="-3.667097">
        <ele>71.946909</ele>
        <time>2023-07-24T19:44:06.459Z</time>
      </trkpt>
      <trkpt lat="58.113601" lon="-3.666747">
        <ele>69.824440</ele>
        <time>2023-07-24T19:44:10.017Z</time>
      </trkpt>
      <trkpt lat="58.113741" lon="-3.665481">
        <ele>64.339530</ele>
        <time>2023-07-24T19:44:18.617Z</time>
      </trkpt>
      <trkpt lat="58.113894" lon="-3.663459">
        <ele>53.669786</ele>
        <time>2023-07-24T19:44:31.387Z</time>
      </trkpt>
      <trkpt lat="58.113973" lon="-3.662044">
        <ele>43.237761</ele>
        <time>2023-07-24T19:44:40.105Z</time>
      </trkpt>
      <trkpt lat="58.113937" lon="-3.661940">
        <ele>42.326141</ele>
        <time>2023-07-24T19:44:40.865Z</time>
      </trkpt>
      <trkpt lat="58.113661" lon="-3.661826">
        <ele>38.405266</ele>
        <time>2023-07-24T19:44:44.137Z</time>
      </trkpt>
      <trkpt lat="58.113616" lon="-3.661754">
        <ele>37.587490</ele>
        <time>2023-07-24T19:44:44.828Z</time>
      </trkpt>
      <trkpt lat="58.113603" lon="-3.661633">
        <ele>36.682193</ele>
        <time>2023-07-24T19:44:45.584Z</time>
      </trkpt>
      <trkpt lat="58.113730" lon="-3.660922">
        <ele>32.423134</ele>
        <time>2023-07-24T19:44:50.252Z</time>
      </trkpt>
      <trkpt lat="58.113803" lon="-3.659549">
        <ele>27.804556</ele>
        <time>2023-07-24T19:44:59.170Z</time>
      </trkpt>
      <trkpt lat="58.113878" lon="-3.659158">
        <ele>26.412293</ele>
        <time>2023-07-24T19:45:02.023Z</time>
      </trkpt>
      <trkpt lat="58.113942" lon="-3.658998">
        <ele>25.740572</ele>
        <time>2023-07-24T19:45:03.453Z</time>
      </trkpt>
      <trkpt lat="58.114017" lon="-3.658895">
        <ele>25.153492</ele>
        <time>2023-07-24T19:45:04.734Z</time>
      </trkpt>
      <trkpt lat="58.114629" lon="-3.658380">
        <ele>22.276494</ele>
        <time>2023-07-24T19:45:16.033Z</time>
      </trkpt>
      <trkpt lat="58.114643" lon="-3.658248">
        <ele>22.356062</ele>
        <time>2023-07-24T19:45:17.737Z</time>
      </trkpt>
      <trkpt lat="58.115300" lon="-3.658063">
        <ele>23.099216</ele>
        <time>2023-07-24T19:45:41.352Z</time>
      </trkpt>
      <trkpt lat="58.115477" lon="-3.658047">
        <ele>23.297473</ele>
        <time>2023-07-24T19:45:48.581Z</time>
      </trkpt>
      <trkpt lat="58.115733" lon="-3.658066">
        <ele>23.584112</ele>
        <time>2023-07-24T19:45:58.193Z</time>
      </trkpt>
      <trkpt lat="58.116340" lon="-3.658337">
        <ele>23.525144</ele>
        <time>2023-07-24T19:46:12.783Z</time>
      </trkpt>
      <trkpt lat="58.116437" lon="-3.658341">
        <ele>23.219023</ele>
        <time>2023-07-24T19:46:14.425Z</time>
      </trkpt>
      <trkpt lat="58.116490" lon="-3.658296">
        <ele>23.035754</ele>
        <time>2023-07-24T19:46:15.364Z</time>
      </trkpt>
      <trkpt lat="58.116550" lon="-3.658156">
        <ele>22.735300</ele>
        <time>2023-07-24T19:46:16.805Z</time>
      </trkpt>
      <trkpt lat="58.116589" lon="-3.657934">
        <ele>22.345405</ele>
        <time>2023-07-24T19:46:18.599Z</time>
      </trkpt>
      <trkpt lat="58.116597" lon="-3.657881">
        <ele>22.253544</ele>
        <time>2023-07-24T19:46:19.030Z</time>
      </trkpt>
      <trkpt lat="58.116659" lon="-3.657794">
        <ele>22.010053</ele>
        <time>2023-07-24T19:46:20.194Z</time>
      </trkpt>
      <trkpt lat="58.117018" lon="-3.657618">
        <ele>20.839999</ele>
        <time>2023-07-24T19:46:25.311Z</time>
      </trkpt>
      <trkpt lat="58.117120" lon="-3.657420">
        <ele>20.379077</ele>
        <time>2023-07-24T19:46:27.255Z</time>
      </trkpt>
      <trkpt lat="58.117148" lon="-3.657137">
        <ele>19.899256</ele>
        <time>2023-07-24T19:46:29.240Z</time>
      </trkpt>
      <trkpt lat="58.117111" lon="-3.656933">
        <ele>19.539806</ele>
        <time>2023-07-24T19:46:30.726Z</time>
      </trkpt>
      <trkpt lat="58.117007" lon="-3.656620">
        <ele>18.923565</ele>
        <time>2023-07-24T19:46:33.288Z</time>
      </trkpt>
      <trkpt lat="58.116794" lon="-3.656112">
        <ele>17.761405</ele>
        <time>2023-07-24T19:46:37.811Z</time>
      </trkpt>
      <trkpt lat="58.116538" lon="-3.655617">
        <ele>16.441185</ele>
        <time>2023-07-24T19:46:42.663Z</time>
      </trkpt>
      <trkpt lat="58.116538" lon="-3.655515">
        <ele>16.246802</ele>
        <time>2023-07-24T19:46:43.362Z</time>
      </trkpt>
      <trkpt lat="58.116736" lon="-3.654648">
        <ele>14.446727</ele>
        <time>2023-07-24T19:46:49.964Z</time>
      </trkpt>
      <trkpt lat="58.116865" lon="-3.654327">
        <ele>13.678066</ele>
        <time>2023-07-24T19:46:52.887Z</time>
      </trkpt>
      <trkpt lat="58.117059" lon="-3.653987">
        <ele>12.724259</ele>
        <time>2023-07-24T19:46:56.964Z</time>
      </trkpt>
      <trkpt lat="58.117049" lon="-3.653757">
        <ele>12.284468</ele>
        <time>2023-07-24T19:46:58.890Z</time>
      </trkpt>
      <trkpt lat="58.117008" lon="-3.653572">
        <ele>11.928763</ele>
        <time>2023-07-24T19:47:00.895Z</time>
      </trkpt>
      <trkpt lat="58.116521" lon="-3.654168">
        <ele>13.078039</ele>
        <time>2023-07-24T19:47:14.112Z</time>
      </trkpt>
      <trkpt lat="58.117008" lon="-3.653572">
        <ele>14.227314</ele>
        <time>2023-07-24T19:47:35.153Z</time>
      </trkpt>
      <trkpt lat="58.117530" lon="-3.652922">
        <ele>15.465566</ele>
        <time>2023-07-24T19:47:59.880Z</time>
      </trkpt>
      <trkpt lat="58.118055" lon="-3.652243">
        <ele>17.927649</ele>
        <time>2023-07-24T19:48:27.048Z</time>
      </trkpt>
      <trkpt lat="58.118453" lon="-3.651661">
        <ele>19.889190</ele>
        <time>2023-07-24T19:48:50.556Z</time>
      </trkpt>
      <trkpt lat="58.117991" lon="-3.650856">
        <ele>22.338228</ele>
        <time>2023-07-24T19:49:17.252Z</time>
      </trkpt>
      <trkpt lat="58.117855" lon="-3.650422">
        <ele>23.109901</ele>
        <time>2023-07-24T19:49:27.788Z</time>
      </trkpt>
      <trkpt lat="58.117846" lon="-3.649847">
        <ele>23.933365</ele>
        <time>2023-07-24T19:49:39.599Z</time>
      </trkpt>
      <trkpt lat="58.117911" lon="-3.649050">
        <ele>25.087776</ele>
        <time>2023-07-24T19:49:54.420Z</time>
      </trkpt>
      <trkpt lat="58.117924" lon="-3.648709">
        <ele>25.577180</ele>
        <time>2023-07-24T19:50:00.341Z</time>
      </trkpt>
      <trkpt lat="58.117865" lon="-3.648519">
        <ele>25.892685</ele>
        <time>2023-07-24T19:50:03.969Z</time>
      </trkpt>
      <trkpt lat="58.117930" lon="-3.648290">
        <ele>26.264832</ele>
        <time>2023-07-24T19:50:08.564Z</time>
      </trkpt>
      <trkpt lat="58.117915" lon="-3.647550">
        <ele>27.324907</ele>
        <time>2023-07-24T19:50:22.035Z</time>
      </trkpt>
      <trkpt lat="58.117863" lon="-3.646200">
        <ele>29.239007</ele>
        <time>2023-07-24T19:50:46.115Z</time>
      </trkpt>
      <trkpt lat="58.117866" lon="-3.645443">
        <ele>30.309162</ele>
        <time>2023-07-24T19:50:59.403Z</time>
      </trkpt>
      <trkpt lat="58.117987" lon="-3.644709">
        <ele>31.396138</ele>
        <time>2023-07-24T19:51:14.109Z</time>
      </trkpt>
      <trkpt lat="58.118623" lon="-3.642604">
        <ele>35.401462</ele>
        <time>2023-07-24T19:52:07.112Z</time>
      </trkpt>
      <trkpt lat="58.118952" lon="-3.641745">
        <ele>37.229876</ele>
        <time>2023-07-24T19:52:29.559Z</time>
      </trkpt>
      <trkpt lat="58.119159" lon="-3.640862">
        <ele>38.559468</ele>
        <time>2023-07-24T19:52:47.084Z</time>
      </trkpt>
      <trkpt lat="58.119425" lon="-3.639555">
        <ele>40.007727</ele>
        <time>2023-07-24T19:53:09.724Z</time>
      </trkpt>
      <trkpt lat="58.119614" lon="-3.638154">
        <ele>41.502817</ele>
        <time>2023-07-24T19:53:32.630Z</time>
      </trkpt>
      <trkpt lat="58.119668" lon="-3.637754">
        <ele>41.993056</ele>
        <time>2023-07-24T19:53:39.448Z</time>
      </trkpt>
      <trkpt lat="58.119848" lon="-3.636911">
        <ele>43.102564</ele>
        <time>2023-07-24T19:53:55.342Z</time>
      </trkpt>
      <trkpt lat="58.119960" lon="-3.636208">
        <ele>43.998535</ele>
        <time>2023-07-24T19:54:06.854Z</time>
      </trkpt>
      <trkpt lat="58.120146" lon="-3.635870">
        <ele>44.594148</ele>
        <time>2023-07-24T19:54:14.726Z</time>
      </trkpt>
      <trkpt lat="58.120609" lon="-3.634835">
        <ele>46.327230</ele>
        <time>2023-07-24T19:54:42.346Z</time>
      </trkpt>
      <trkpt lat="58.120689" lon="-3.634607">
        <ele>46.711781</ele>
        <time>2023-07-24T19:54:48.801Z</time>
      </trkpt>
      <trkpt lat="58.120729" lon="-3.634348">
        <ele>47.090872</ele>
        <time>2023-07-24T19:54:55.170Z</time>
      </trkpt>
      <trkpt lat="58.120615" lon="-3.634195">
        <ele>47.462565</ele>
        <time>2023-07-24T19:55:00.413Z</time>
      </trkpt>
      <trkpt lat="58.120670" lon="-3.634014">
        <ele>47.755926</ele>
        <time>2023-07-24T19:55:05.563Z</time>
      </trkpt>
      <trkpt lat="58.120677" lon="-3.633904">
        <ele>47.911576</ele>
        <time>2023-07-24T19:55:08.091Z</time>
      </trkpt>
      <trkpt lat="58.120648" lon="-3.633720">
        <ele>48.181332</ele>
        <time>2023-07-24T19:55:11.813Z</time>
      </trkpt>
      <trkpt lat="58.121158" lon="-3.633357">
        <ele>49.630623</ele>
        <time>2023-07-24T19:55:31.303Z</time>
      </trkpt>
      <trkpt lat="58.121477" lon="-3.633172">
        <ele>50.517884</ele>
        <time>2023-07-24T19:55:40.587Z</time>
      </trkpt>
      <trkpt lat="58.121691" lon="-3.633058">
        <ele>50.617442</ele>
        <time>2023-07-24T19:55:45.630Z</time>
      </trkpt>
      <trkpt lat="58.122300" lon="-3.632881">
        <ele>50.893368</ele>
        <time>2023-07-24T19:56:00.933Z</time>
      </trkpt>
      <trkpt lat="58.123826" lon="-3.632903">
        <ele>52.341909</ele>
        <time>2023-07-24T19:56:31.671Z</time>
      </trkpt>
      <trkpt lat="58.126430" lon="-3.632990">
        <ele>59.669430</ele>
        <time>2023-07-24T19:58:05.855Z</time>
      </trkpt>
      <trkpt lat="58.127225" lon="-3.633017">
        <ele>63.717120</ele>
        <time>2023-07-24T19:58:50.017Z</time>
      </trkpt>
      <trkpt lat="58.128128" lon="-3.632979">
        <ele>69.745978</ele>
        <time>2023-07-24T19:59:44.175Z</time>
      </trkpt>
      <trkpt lat="58.128592" lon="-3.632827">
        <ele>72.889088</ele>
        <time>2023-07-24T20:00:12.020Z</time>
      </trkpt>
      <trkpt lat="58.128988" lon="-3.632647">
        <ele>75.815121</ele>
        <time>2023-07-24T20:00:36.980Z</time>
      </trkpt>
      <trkpt lat="58.129500" lon="-3.632312">
        <ele>79.751528</ele>
        <time>2023-07-24T20:01:09.979Z</time>
      </trkpt>
      <trkpt lat="58.129742" lon="-3.632099">
        <ele>81.690734</ele>
        <time>2023-07-24T20:01:25.954Z</time>
      </trkpt>
      <trkpt lat="58.130303" lon="-3.631604">
        <ele>86.188143</ele>
        <time>2023-07-24T20:02:04.051Z</time>
      </trkpt>
      <trkpt lat="58.130755" lon="-3.631067">
        <ele>90.683160</ele>
        <time>2023-07-24T20:02:38.579Z</time>
      </trkpt>
      <trkpt lat="58.131432" lon="-3.629957">
        <ele>98.267694</ele>
        <time>2023-07-24T20:03:41.964Z</time>
      </trkpt>
      <trkpt lat="58.131702" lon="-3.629365">
        <ele>101.729015</ele>
        <time>2023-07-24T20:04:11.643Z</time>
      </trkpt>
      <trkpt lat="58.131994" lon="-3.628593">
        <ele>105.168283</ele>
        <time>2023-07-24T20:04:46.033Z</time>
      </trkpt>
      <trkpt lat="58.132264" lon="-3.627719">
        <ele>108.835526</ele>
        <time>2023-07-24T20:05:19.693Z</time>
      </trkpt>
      <trkpt lat="58.132559" lon="-3.626482">
        <ele>113.751139</ele>
        <time>2023-07-24T20:05:57.237Z</time>
      </trkpt>
      <trkpt lat="58.132758" lon="-3.625258">
        <ele>115.709993</ele>
        <time>2023-07-24T20:06:25.696Z</time>
      </trkpt>
      <trkpt lat="58.133200" lon="-3.621916">
        <ele>119.886871</ele>
        <time>2023-07-24T20:07:21.855Z</time>
      </trkpt>
      <trkpt lat="58.133347" lon="-3.621154">
        <ele>120.534229</ele>
        <time>2023-07-24T20:07:33.119Z</time>
      </trkpt>
      <trkpt lat="58.133516" lon="-3.620413">
        <ele>121.178321</ele>
        <time>2023-07-24T20:07:44.329Z</time>
      </trkpt>
      <trkpt lat="58.133806" lon="-3.619540">
        <ele>122.588227</ele>
        <time>2023-07-24T20:08:01.082Z</time>
      </trkpt>
      <trkpt lat="58.133948" lon="-3.619191">
        <ele>123.438313</ele>
        <time>2023-07-24T20:08:07.578Z</time>
      </trkpt>
      <trkpt lat="58.134055" lon="-3.619236">
        <ele>123.838856</ele>
        <time>2023-07-24T20:08:13.671Z</time>
      </trkpt>
      <trkpt lat="58.134044" lon="-3.618955">
        <ele>124.382472</ele>
        <time>2023-07-24T20:08:18.857Z</time>
      </trkpt>
      <trkpt lat="58.134653" lon="-3.617496">
        <ele>127.970794</ele>
        <time>2023-07-24T20:09:04.908Z</time>
      </trkpt>
      <trkpt lat="58.134946" lon="-3.616523">
        <ele>132.178083</ele>
        <time>2023-07-24T20:09:37.010Z</time>
      </trkpt>
      <trkpt lat="58.135086" lon="-3.615988">
        <ele>134.525728</ele>
        <time>2023-07-24T20:09:56.716Z</time>
      </trkpt>
      <trkpt lat="58.135313" lon="-3.614688">
        <ele>139.909135</ele>
        <time>2023-07-24T20:10:45.711Z</time>
      </trkpt>
      <trkpt lat="58.135567" lon="-3.613564">
        <ele>145.313841</ele>
        <time>2023-07-24T20:11:31.553Z</time>
      </trkpt>
      <trkpt lat="58.136060" lon="-3.611670">
        <ele>155.186415</ele>
        <time>2023-07-24T20:12:50.979Z</time>
      </trkpt>
      <trkpt lat="58.136382" lon="-3.610772">
        <ele>160.273772</ele>
        <time>2023-07-24T20:13:30.870Z</time>
      </trkpt>
      <trkpt lat="58.136725" lon="-3.610177">
        <ele>164.410729</ele>
        <time>2023-07-24T20:14:02.082Z</time>
      </trkpt>
      <trkpt lat="58.136975" lon="-3.609840">
        <ele>167.140034</ele>
        <time>2023-07-24T20:14:22.806Z</time>
      </trkpt>
      <trkpt lat="58.137294" lon="-3.609530">
        <ele>170.329120</ele>
        <time>2023-07-24T20:14:48.043Z</time>
      </trkpt>
      <trkpt lat="58.137544" lon="-3.609358">
        <ele>172.694987</ele>
        <time>2023-07-24T20:15:07.653Z</time>
      </trkpt>
      <trkpt lat="58.137844" lon="-3.609218">
        <ele>175.664778</ele>
        <time>2023-07-24T20:15:31.462Z</time>
      </trkpt>
      <trkpt lat="58.138173" lon="-3.609154">
        <ele>178.939095</ele>
        <time>2023-07-24T20:15:57.671Z</time>
      </trkpt>
      <trkpt lat="58.138433" lon="-3.609159">
        <ele>181.513299</ele>
        <time>2023-07-24T20:16:17.964Z</time>
      </trkpt>
      <trkpt lat="58.138773" lon="-3.609229">
        <ele>184.899211</ele>
        <time>2023-07-24T20:16:44.694Z</time>
      </trkpt>
      <trkpt lat="58.139226" lon="-3.609465">
        <ele>189.550526</ele>
        <time>2023-07-24T20:17:21.132Z</time>
      </trkpt>
      <trkpt lat="58.139586" lon="-3.609782">
        <ele>192.444601</ele>
        <time>2023-07-24T20:17:50.719Z</time>
      </trkpt>
      <trkpt lat="58.140237" lon="-3.610570">
        <ele>196.474938</ele>
        <time>2023-07-24T20:18:41.877Z</time>
      </trkpt>
      <trkpt lat="58.141293" lon="-3.611386">
        <ele>200.038087</ele>
        <time>2023-07-24T20:19:14.204Z</time>
      </trkpt>
      <trkpt lat="58.141565" lon="-3.611547">
        <ele>199.498257</ele>
        <time>2023-07-24T20:19:18.612Z</time>
      </trkpt>
      <trkpt lat="58.141691" lon="-3.611545">
        <ele>199.259558</ele>
        <time>2023-07-24T20:19:20.405Z</time>
      </trkpt>
      <trkpt lat="58.141774" lon="-3.611477">
        <ele>199.088254</ele>
        <time>2023-07-24T20:19:21.632Z</time>
      </trkpt>
      <trkpt lat="58.141899" lon="-3.611257">
        <ele>198.765049</ele>
        <time>2023-07-24T20:19:24.138Z</time>
      </trkpt>
      <trkpt lat="58.141944" lon="-3.610989">
        <ele>198.483849</ele>
        <time>2023-07-24T20:19:26.161Z</time>
      </trkpt>
      <trkpt lat="58.141922" lon="-3.610688">
        <ele>198.180013</ele>
        <time>2023-07-24T20:19:28.510Z</time>
      </trkpt>
      <trkpt lat="58.141865" lon="-3.610425">
        <ele>197.895738</ele>
        <time>2023-07-24T20:19:30.594Z</time>
      </trkpt>
      <trkpt lat="58.141573" lon="-3.609749">
        <ele>197.413237</ele>
        <time>2023-07-24T20:19:37.028Z</time>
      </trkpt>
      <trkpt lat="58.141205" lon="-3.608591">
        <ele>198.224873</ele>
        <time>2023-07-24T20:19:48.495Z</time>
      </trkpt>
      <trkpt lat="58.141018" lon="-3.607851">
        <ele>198.717518</ele>
        <time>2023-07-24T20:20:03.926Z</time>
      </trkpt>
      <trkpt lat="58.140874" lon="-3.607121">
        <ele>199.185472</ele>
        <time>2023-07-24T20:20:22.602Z</time>
      </trkpt>
      <trkpt lat="58.140710" lon="-3.606086">
        <ele>201.863088</ele>
        <time>2023-07-24T20:20:52.482Z</time>
      </trkpt>
      <trkpt lat="58.140633" lon="-3.605152">
        <ele>204.638412</ele>
        <time>2023-07-24T20:21:20.143Z</time>
      </trkpt>
      <trkpt lat="58.140616" lon="-3.604482">
        <ele>206.607703</ele>
        <time>2023-07-24T20:21:39.630Z</time>
      </trkpt>
      <trkpt lat="58.140633" lon="-3.603816">
        <ele>208.565264</ele>
        <time>2023-07-24T20:21:58.599Z</time>
      </trkpt>
      <trkpt lat="58.140651" lon="-3.603560">
        <ele>209.321043</ele>
        <time>2023-07-24T20:22:05.306Z</time>
      </trkpt>
      <trkpt lat="58.140784" lon="-3.602594">
        <ele>211.171224</ele>
        <time>2023-07-24T20:22:30.316Z</time>
      </trkpt>
      <trkpt lat="58.140891" lon="-3.602057">
        <ele>212.234989</ele>
        <time>2023-07-24T20:22:42.328Z</time>
      </trkpt>
      <trkpt lat="58.141006" lon="-3.601656">
        <ele>213.080762</ele>
        <time>2023-07-24T20:22:51.309Z</time>
      </trkpt>
      <trkpt lat="58.141149" lon="-3.601297">
        <ele>213.914280</ele>
        <time>2023-07-24T20:22:59.783Z</time>
      </trkpt>
      <trkpt lat="58.141341" lon="-3.600961">
        <ele>214.832000</ele>
        <time>2023-07-24T20:23:08.428Z</time>
      </trkpt>
      <trkpt lat="58.141627" lon="-3.600646">
        <ele>215.868537</ele>
        <time>2023-07-24T20:23:19.699Z</time>
      </trkpt>
      <trkpt lat="58.141915" lon="-3.600495">
        <ele>216.554861</ele>
        <time>2023-07-24T20:23:30.308Z</time>
      </trkpt>
      <trkpt lat="58.142160" lon="-3.600478">
        <ele>217.117941</ele>
        <time>2023-07-24T20:23:39.071Z</time>
      </trkpt>
      <trkpt lat="58.142623" lon="-3.600537">
        <ele>218.183736</ele>
        <time>2023-07-24T20:23:55.226Z</time>
      </trkpt>
      <trkpt lat="58.143461" lon="-3.600788">
        <ele>220.086283</ele>
        <time>2023-07-24T20:24:22.168Z</time>
      </trkpt>
      <trkpt lat="58.143880" lon="-3.600838">
        <ele>220.930303</ele>
        <time>2023-07-24T20:24:35.209Z</time>
      </trkpt>
      <trkpt lat="58.144265" lon="-3.600779">
        <ele>221.706828</ele>
        <time>2023-07-24T20:24:47.520Z</time>
      </trkpt>
      <trkpt lat="58.144611" lon="-3.600616">
        <ele>222.423599</ele>
        <time>2023-07-24T20:24:59.191Z</time>
      </trkpt>
      <trkpt lat="58.145034" lon="-3.600261">
        <ele>223.353677</ele>
        <time>2023-07-24T20:25:14.074Z</time>
      </trkpt>
      <trkpt lat="58.145429" lon="-3.599803">
        <ele>224.075986</ele>
        <time>2023-07-24T20:25:28.693Z</time>
      </trkpt>
      <trkpt lat="58.145779" lon="-3.599290">
        <ele>224.760571</ele>
        <time>2023-07-24T20:25:42.823Z</time>
      </trkpt>
      <trkpt lat="58.146179" lon="-3.598856">
        <ele>225.473688</ele>
        <time>2023-07-24T20:25:57.385Z</time>
      </trkpt>
      <trkpt lat="58.147371" lon="-3.598018">
        <ele>225.638591</ele>
        <time>2023-07-24T20:26:27.788Z</time>
      </trkpt>
      <trkpt lat="58.147904" lon="-3.597549">
        <ele>225.266631</ele>
        <time>2023-07-24T20:26:37.451Z</time>
      </trkpt>
      <trkpt lat="58.148447" lon="-3.596898">
        <ele>224.238766</ele>
        <time>2023-07-24T20:26:47.275Z</time>
      </trkpt>
      <trkpt lat="58.148904" lon="-3.596115">
        <ele>222.366594</ele>
        <time>2023-07-24T20:26:56.255Z</time>
      </trkpt>
      <trkpt lat="58.149233" lon="-3.595315">
        <ele>220.740188</ele>
        <time>2023-07-24T20:27:03.788Z</time>
      </trkpt>
      <trkpt lat="58.149427" lon="-3.594710">
        <ele>219.604971</ele>
        <time>2023-07-24T20:27:08.982Z</time>
      </trkpt>
      <trkpt lat="58.150243" lon="-3.591260">
        <ele>210.974480</ele>
        <time>2023-07-24T20:27:35.890Z</time>
      </trkpt>
      <trkpt lat="58.150596" lon="-3.590302">
        <ele>208.104743</ele>
        <time>2023-07-24T20:27:44.036Z</time>
      </trkpt>
      <trkpt lat="58.150868" lon="-3.589770">
        <ele>206.285435</ele>
        <time>2023-07-24T20:27:49.227Z</time>
      </trkpt>
      <trkpt lat="58.151394" lon="-3.588871">
        <ele>203.067220</ele>
        <time>2023-07-24T20:27:58.714Z</time>
      </trkpt>
      <trkpt lat="58.151650" lon="-3.588602">
        <ele>201.939259</ele>
        <time>2023-07-24T20:28:02.665Z</time>
      </trkpt>
      <trkpt lat="58.152055" lon="-3.588182">
        <ele>200.160254</ele>
        <time>2023-07-24T20:28:08.925Z</time>
      </trkpt>
      <trkpt lat="58.152636" lon="-3.587840">
        <ele>197.815922</ele>
        <time>2023-07-24T20:28:17.355Z</time>
      </trkpt>
      <trkpt lat="58.153292" lon="-3.587595">
        <ele>195.600135</ele>
        <time>2023-07-24T20:28:26.875Z</time>
      </trkpt>
      <trkpt lat="58.153796" lon="-3.587513">
        <ele>194.202420</ele>
        <time>2023-07-24T20:28:34.204Z</time>
      </trkpt>
      <trkpt lat="58.154264" lon="-3.587472">
        <ele>192.907918</ele>
        <time>2023-07-24T20:28:41.092Z</time>
      </trkpt>
      <trkpt lat="58.154593" lon="-3.587535">
        <ele>191.994237</ele>
        <time>2023-07-24T20:28:45.969Z</time>
      </trkpt>
      <trkpt lat="58.154978" lon="-3.587653">
        <ele>190.818039</ele>
        <time>2023-07-24T20:28:51.777Z</time>
      </trkpt>
      <trkpt lat="58.155583" lon="-3.587943">
        <ele>188.822903</ele>
        <time>2023-07-24T20:29:01.186Z</time>
      </trkpt>
      <trkpt lat="58.157296" lon="-3.588930">
        <ele>181.410175</ele>
        <time>2023-07-24T20:29:25.739Z</time>
      </trkpt>
      <trkpt lat="58.157879" lon="-3.589129">
        <ele>178.329635</ele>
        <time>2023-07-24T20:29:33.332Z</time>
      </trkpt>
      <trkpt lat="58.158241" lon="-3.589188">
        <ele>176.440099</ele>
        <time>2023-07-24T20:29:37.962Z</time>
      </trkpt>
      <trkpt lat="58.158653" lon="-3.589186">
        <ele>173.586372</ele>
        <time>2023-07-24T20:29:43.161Z</time>
      </trkpt>
      <trkpt lat="58.159126" lon="-3.589058">
        <ele>170.276918</ele>
        <time>2023-07-24T20:29:49.130Z</time>
      </trkpt>
      <trkpt lat="58.159818" lon="-3.588772">
        <ele>165.371171</ele>
        <time>2023-07-24T20:29:57.971Z</time>
      </trkpt>
      <trkpt lat="58.161838" lon="-3.587289">
        <ele>153.140261</ele>
        <time>2023-07-24T20:30:25.788Z</time>
      </trkpt>
      <trkpt lat="58.162136" lon="-3.586972">
        <ele>152.500054</ele>
        <time>2023-07-24T20:30:30.757Z</time>
      </trkpt>
      <trkpt lat="58.162350" lon="-3.586688">
        <ele>152.010637</ele>
        <time>2023-07-24T20:30:34.798Z</time>
      </trkpt>
      <trkpt lat="58.162551" lon="-3.586350">
        <ele>151.507249</ele>
        <time>2023-07-24T20:30:39.257Z</time>
      </trkpt>
      <trkpt lat="58.162788" lon="-3.585786">
        <ele>150.794610</ele>
        <time>2023-07-24T20:30:46.331Z</time>
      </trkpt>
      <trkpt lat="58.162956" lon="-3.585223">
        <ele>150.155345</ele>
        <time>2023-07-24T20:30:53.589Z</time>
      </trkpt>
      <trkpt lat="58.163053" lon="-3.584737">
        <ele>149.920602</ele>
        <time>2023-07-24T20:30:59.732Z</time>
      </trkpt>
      <trkpt lat="58.163174" lon="-3.583798">
        <ele>149.568447</ele>
        <time>2023-07-24T20:31:10.647Z</time>
      </trkpt>
      <trkpt lat="58.163182" lon="-3.583142">
        <ele>149.329390</ele>
        <time>2023-07-24T20:31:16.977Z</time>
      </trkpt>
      <trkpt lat="58.163126" lon="-3.582439">
        <ele>149.070369</ele>
        <time>2023-07-24T20:31:23.191Z</time>
      </trkpt>
      <trkpt lat="58.162938" lon="-3.580770">
        <ele>147.915862</ele>
        <time>2023-07-24T20:31:37.390Z</time>
      </trkpt>
      <trkpt lat="58.162811" lon="-3.579306">
        <ele>146.641738</ele>
        <time>2023-07-24T20:31:49.548Z</time>
      </trkpt>
      <trkpt lat="58.162732" lon="-3.577971">
        <ele>145.723053</ele>
        <time>2023-07-24T20:32:01.064Z</time>
      </trkpt>
      <trkpt lat="58.162758" lon="-3.577161">
        <ele>145.411523</ele>
        <time>2023-07-24T20:32:08.489Z</time>
      </trkpt>
      <trkpt lat="58.162846" lon="-3.576077">
        <ele>144.990482</ele>
        <time>2023-07-24T20:32:18.744Z</time>
      </trkpt>
      <trkpt lat="58.163346" lon="-3.572422">
        <ele>144.884412</ele>
        <time>2023-07-24T20:32:59.273Z</time>
      </trkpt>
      <trkpt lat="58.163855" lon="-3.571447">
        <ele>145.695774</ele>
        <time>2023-07-24T20:33:23.879Z</time>
      </trkpt>
      <trkpt lat="58.164022" lon="-3.570975">
        <ele>146.275960</ele>
        <time>2023-07-24T20:33:34.829Z</time>
      </trkpt>
      <trkpt lat="58.164093" lon="-3.570584">
        <ele>146.698093</ele>
        <time>2023-07-24T20:33:43.069Z</time>
      </trkpt>
      <trkpt lat="58.164096" lon="-3.570278">
        <ele>147.010521</ele>
        <time>2023-07-24T20:33:49.018Z</time>
      </trkpt>
      <trkpt lat="58.164048" lon="-3.569870">
        <ele>147.437254</ele>
        <time>2023-07-24T20:33:58.198Z</time>
      </trkpt>
      <trkpt lat="58.163971" lon="-3.569484">
        <ele>147.858531</ele>
        <time>2023-07-24T20:34:07.328Z</time>
      </trkpt>
      <trkpt lat="58.163589" lon="-3.567960">
        <ele>151.251952</ele>
        <time>2023-07-24T20:34:49.092Z</time>
      </trkpt>
      <trkpt lat="58.163488" lon="-3.567774">
        <ele>151.920100</ele>
        <time>2023-07-24T20:34:55.997Z</time>
      </trkpt>
      <trkpt lat="58.163210" lon="-3.564544">
        <ele>160.648223</ele>
        <time>2023-07-24T20:36:27.831Z</time>
      </trkpt>
      <trkpt lat="58.163140" lon="-3.563299">
        <ele>164.316419</ele>
        <time>2023-07-24T20:37:04.757Z</time>
      </trkpt>
      <trkpt lat="58.163179" lon="-3.562446">
        <ele>166.824864</ele>
        <time>2023-07-24T20:37:28.497Z</time>
      </trkpt>
      <trkpt lat="58.163491" lon="-3.558932">
        <ele>172.718796</ele>
        <time>2023-07-24T20:38:39.086Z</time>
      </trkpt>
      <trkpt lat="58.163567" lon="-3.558219">
        <ele>173.447679</ele>
        <time>2023-07-24T20:38:49.844Z</time>
      </trkpt>
      <trkpt lat="58.163758" lon="-3.557003">
        <ele>174.719007</ele>
        <time>2023-07-24T20:39:09.155Z</time>
      </trkpt>
      <trkpt lat="58.164034" lon="-3.556056">
        <ele>175.803119</ele>
        <time>2023-07-24T20:39:26.383Z</time>
      </trkpt>
      <trkpt lat="58.164415" lon="-3.555184">
        <ele>177.423387</ele>
        <time>2023-07-24T20:39:46.712Z</time>
      </trkpt>
      <trkpt lat="58.165751" lon="-3.553034">
        <ele>181.790856</ele>
        <time>2023-07-24T20:40:55.951Z</time>
      </trkpt>
      <trkpt lat="58.166152" lon="-3.552143">
        <ele>182.543567</ele>
        <time>2023-07-24T20:41:14.138Z</time>
      </trkpt>
      <trkpt lat="58.166391" lon="-3.551380">
        <ele>183.113851</ele>
        <time>2023-07-24T20:41:24.826Z</time>
      </trkpt>
      <trkpt lat="58.166792" lon="-3.549909">
        <ele>181.831133</ele>
        <time>2023-07-24T20:41:39.485Z</time>
      </trkpt>
      <trkpt lat="58.169200" lon="-3.540570">
        <ele>167.193579</ele>
        <time>2023-07-24T20:42:57.696Z</time>
      </trkpt>
      <trkpt lat="58.169435" lon="-3.539419">
        <ele>166.371614</ele>
        <time>2023-07-24T20:43:08.760Z</time>
      </trkpt>
      <trkpt lat="58.169609" lon="-3.538101">
        <ele>166.234163</ele>
        <time>2023-07-24T20:43:25.722Z</time>
      </trkpt>
      <trkpt lat="58.169703" lon="-3.536528">
        <ele>167.741168</ele>
        <time>2023-07-24T20:43:53.510Z</time>
      </trkpt>
      <trkpt lat="58.169867" lon="-3.533634">
        <ele>169.720274</ele>
        <time>2023-07-24T20:44:43.855Z</time>
      </trkpt>
      <trkpt lat="58.169998" lon="-3.531842">
        <ele>170.522964</ele>
        <time>2023-07-24T20:45:03.816Z</time>
      </trkpt>
      <trkpt lat="58.170151" lon="-3.530769">
        <ele>169.763918</ele>
        <time>2023-07-24T20:45:13.844Z</time>
      </trkpt>
      <trkpt lat="58.170378" lon="-3.529734">
        <ele>168.946911</ele>
        <time>2023-07-24T20:45:23.326Z</time>
      </trkpt>
      <trkpt lat="58.170844" lon="-3.527722">
        <ele>166.961294</ele>
        <time>2023-07-24T20:45:41.222Z</time>
      </trkpt>
      <trkpt lat="58.171054" lon="-3.526971">
        <ele>166.007305</ele>
        <time>2023-07-24T20:45:48.035Z</time>
      </trkpt>
      <trkpt lat="58.171261" lon="-3.526278">
        <ele>165.113475</ele>
        <time>2023-07-24T20:45:54.380Z</time>
      </trkpt>
      <trkpt lat="58.171537" lon="-3.525479">
        <ele>164.072562</ele>
        <time>2023-07-24T20:46:01.933Z</time>
      </trkpt>
      <trkpt lat="58.171863" lon="-3.524690">
        <ele>163.133837</ele>
        <time>2023-07-24T20:46:09.889Z</time>
      </trkpt>
      <trkpt lat="58.172548" lon="-3.523532">
        <ele>161.504116</ele>
        <time>2023-07-24T20:46:24.433Z</time>
      </trkpt>
      <trkpt lat="58.174961" lon="-3.520355">
        <ele>156.868024</ele>
        <time>2023-07-24T20:47:13.586Z</time>
      </trkpt>
      <trkpt lat="58.177274" lon="-3.517008">
        <ele>147.314544</ele>
        <time>2023-07-24T20:47:54.752Z</time>
      </trkpt>
      <trkpt lat="58.177358" lon="-3.516883">
        <ele>146.599459</ele>
        <time>2023-07-24T20:47:56.148Z</time>
      </trkpt>
      <trkpt lat="58.177625" lon="-3.516243">
        <ele>143.717508</ele>
        <time>2023-07-24T20:48:01.675Z</time>
      </trkpt>
      <trkpt lat="58.177779" lon="-3.515724">
        <ele>141.614445</ele>
        <time>2023-07-24T20:48:05.638Z</time>
      </trkpt>
      <trkpt lat="58.177989" lon="-3.514393">
        <ele>136.708280</ele>
        <time>2023-07-24T20:48:14.693Z</time>
      </trkpt>
      <trkpt lat="58.178233" lon="-3.512322">
        <ele>125.394815</ele>
        <time>2023-07-24T20:48:28.201Z</time>
      </trkpt>
      <trkpt lat="58.178395" lon="-3.511583">
        <ele>121.090899</ele>
        <time>2023-07-24T20:48:33.237Z</time>
      </trkpt>
      <trkpt lat="58.178645" lon="-3.510748">
        <ele>115.738846</ele>
        <time>2023-07-24T20:48:39.264Z</time>
      </trkpt>
      <trkpt lat="58.179206" lon="-3.509304">
        <ele>105.285595</ele>
        <time>2023-07-24T20:48:50.517Z</time>
      </trkpt>
      <trkpt lat="58.179382" lon="-3.508938">
        <ele>102.398725</ele>
        <time>2023-07-24T20:48:53.643Z</time>
      </trkpt>
      <trkpt lat="58.179943" lon="-3.507996">
        <ele>94.517519</ele>
        <time>2023-07-24T20:49:02.620Z</time>
      </trkpt>
      <trkpt lat="58.180443" lon="-3.507197">
        <ele>87.983705</ele>
        <time>2023-07-24T20:49:10.488Z</time>
      </trkpt>
      <trkpt lat="58.181164" lon="-3.506456">
        <ele>79.703122</ele>
        <time>2023-07-24T20:49:20.446Z</time>
      </trkpt>
      <trkpt lat="58.181338" lon="-3.506151">
        <ele>76.954578</ele>
        <time>2023-07-24T20:49:23.331Z</time>
      </trkpt>
      <trkpt lat="58.181514" lon="-3.505745">
        <ele>73.739762</ele>
        <time>2023-07-24T20:49:26.670Z</time>
      </trkpt>
      <trkpt lat="58.181578" lon="-3.505537">
        <ele>72.266777</ele>
        <time>2023-07-24T20:49:28.184Z</time>
      </trkpt>
      <trkpt lat="58.181629" lon="-3.505255">
        <ele>70.443340</ele>
        <time>2023-07-24T20:49:30.056Z</time>
      </trkpt>
      <trkpt lat="58.181678" lon="-3.504794">
        <ele>67.567018</ele>
        <time>2023-07-24T20:49:32.982Z</time>
      </trkpt>
      <trkpt lat="58.181661" lon="-3.503886">
        <ele>62.009963</ele>
        <time>2023-07-24T20:49:38.617Z</time>
      </trkpt>
      <trkpt lat="58.181694" lon="-3.503561">
        <ele>59.985653</ele>
        <time>2023-07-24T20:49:40.671Z</time>
      </trkpt>
      <trkpt lat="58.181787" lon="-3.503159">
        <ele>56.963506</ele>
        <time>2023-07-24T20:49:43.385Z</time>
      </trkpt>
      <trkpt lat="58.182102" lon="-3.502060">
        <ele>48.115276</ele>
        <time>2023-07-24T20:49:51.094Z</time>
      </trkpt>
      <trkpt lat="58.182514" lon="-3.500613">
        <ele>36.482881</ele>
        <time>2023-07-24T20:50:01.242Z</time>
      </trkpt>
      <trkpt lat="58.182628" lon="-3.500375">
        <ele>34.714982</ele>
        <time>2023-07-24T20:50:03.240Z</time>
      </trkpt>
      <trkpt lat="58.182758" lon="-3.500199">
        <ele>33.545722</ele>
        <time>2023-07-24T20:50:05.129Z</time>
      </trkpt>
      <trkpt lat="58.182949" lon="-3.500127">
        <ele>32.120108</ele>
        <time>2023-07-24T20:50:07.436Z</time>
      </trkpt>
      <trkpt lat="58.183050" lon="-3.500165">
        <ele>31.366304</ele>
        <time>2023-07-24T20:50:08.680Z</time>
      </trkpt>
      <trkpt lat="58.183134" lon="-3.500249">
        <ele>30.671132</ele>
        <time>2023-07-24T20:50:09.836Z</time>
      </trkpt>
      <trkpt lat="58.183259" lon="-3.500398">
        <ele>29.590340</ele>
        <time>2023-07-24T20:50:11.630Z</time>
      </trkpt>
      <trkpt lat="58.183630" lon="-3.500846">
        <ele>26.370657</ele>
        <time>2023-07-24T20:50:17.201Z</time>
      </trkpt>
      <trkpt lat="58.183656" lon="-3.500866">
        <ele>26.165261</ele>
        <time>2023-07-24T20:50:17.558Z</time>
      </trkpt>
      <trkpt lat="58.183737" lon="-3.500939">
        <ele>25.508749</ele>
        <time>2023-07-24T20:50:18.758Z</time>
      </trkpt>
      <trkpt lat="58.183929" lon="-3.500995">
        <ele>24.086641</ele>
        <time>2023-07-24T20:50:21.433Z</time>
      </trkpt>
      <trkpt lat="58.184022" lon="-3.500982">
        <ele>23.403963</ele>
        <time>2023-07-24T20:50:22.768Z</time>
      </trkpt>
      <trkpt lat="58.184059" lon="-3.500972">
        <ele>23.130359</ele>
        <time>2023-07-24T20:50:23.318Z</time>
      </trkpt>
      <trkpt lat="58.184285" lon="-3.500908">
        <ele>22.295907</ele>
        <time>2023-07-24T20:50:26.888Z</time>
      </trkpt>
      <trkpt lat="58.184784" lon="-3.500741">
        <ele>23.039395</ele>
        <time>2023-07-24T20:50:38.377Z</time>
      </trkpt>
      <trkpt lat="58.184953" lon="-3.500552">
        <ele>23.327256</ele>
        <time>2023-07-24T20:50:44.230Z</time>
      </trkpt>
      <trkpt lat="58.185024" lon="-3.500400">
        <ele>23.484345</ele>
        <time>2023-07-24T20:50:47.280Z</time>
      </trkpt>
      <trkpt lat="58.185032" lon="-3.500216">
        <ele>23.627157</ele>
        <time>2023-07-24T20:50:50.171Z</time>
      </trkpt>
      <trkpt lat="58.184973" lon="-3.499916">
        <ele>23.874837</ele>
        <time>2023-07-24T20:50:55.063Z</time>
      </trkpt>
      <trkpt lat="58.184451" lon="-3.499009">
        <ele>25.444871</ele>
        <time>2023-07-24T20:51:21.239Z</time>
      </trkpt>
      <trkpt lat="58.184202" lon="-3.498481">
        <ele>28.450827</ele>
        <time>2023-07-24T20:51:42.222Z</time>
      </trkpt>
      <trkpt lat="58.184071" lon="-3.498041">
        <ele>30.594974</ele>
        <time>2023-07-24T20:51:59.589Z</time>
      </trkpt>
      <trkpt lat="58.183958" lon="-3.497544">
        <ele>32.891599</ele>
        <time>2023-07-24T20:52:19.719Z</time>
      </trkpt>
      <trkpt lat="58.183954" lon="-3.497279">
        <ele>34.016506</ele>
        <time>2023-07-24T20:52:30.124Z</time>
      </trkpt>
      <trkpt lat="58.183988" lon="-3.497016">
        <ele>35.165527</ele>
        <time>2023-07-24T20:52:40.617Z</time>
      </trkpt>
      <trkpt lat="58.184082" lon="-3.496716">
        <ele>36.646342</ele>
        <time>2023-07-24T20:52:55.155Z</time>
      </trkpt>
      <trkpt lat="58.184187" lon="-3.496523">
        <ele>37.823141</ele>
        <time>2023-07-24T20:53:06.451Z</time>
      </trkpt>
      <trkpt lat="58.184339" lon="-3.496394">
        <ele>39.163402</ele>
        <time>2023-07-24T20:53:20.480Z</time>
      </trkpt>
      <trkpt lat="58.184503" lon="-3.496335">
        <ele>41.007954</ele>
        <time>2023-07-24T20:53:32.785Z</time>
      </trkpt>
      <trkpt lat="58.184778" lon="-3.496442">
        <ele>44.183925</ele>
        <time>2023-07-24T20:53:54.308Z</time>
      </trkpt>
      <trkpt lat="58.184888" lon="-3.496554">
        <ele>45.596348</ele>
        <time>2023-07-24T20:54:03.897Z</time>
      </trkpt>
      <trkpt lat="58.184992" lon="-3.496753">
        <ele>47.267592</ele>
        <time>2023-07-24T20:54:16.456Z</time>
      </trkpt>
      <trkpt lat="58.185314" lon="-3.498033">
        <ele>55.726370</ele>
        <time>2023-07-24T20:55:26.459Z</time>
      </trkpt>
      <trkpt lat="58.185442" lon="-3.498331">
        <ele>58.018942</ele>
        <time>2023-07-24T20:55:43.992Z</time>
      </trkpt>
      <trkpt lat="58.185562" lon="-3.498515">
        <ele>59.743289</ele>
        <time>2023-07-24T20:55:57.063Z</time>
      </trkpt>
      <trkpt lat="58.185686" lon="-3.498673">
        <ele>61.183114</ele>
        <time>2023-07-24T20:56:08.390Z</time>
      </trkpt>
      <trkpt lat="58.185944" lon="-3.498798">
        <ele>63.749762</ele>
        <time>2023-07-24T20:56:28.257Z</time>
      </trkpt>
      <trkpt lat="58.186111" lon="-3.498800">
        <ele>65.359479</ele>
        <time>2023-07-24T20:56:39.989Z</time>
      </trkpt>
      <trkpt lat="58.186290" lon="-3.498749">
        <ele>67.104181</ele>
        <time>2023-07-24T20:56:52.398Z</time>
      </trkpt>
      <trkpt lat="58.187104" lon="-3.498219">
        <ele>75.399485</ele>
        <time>2023-07-24T20:57:52.517Z</time>
      </trkpt>
      <trkpt lat="58.188277" lon="-3.497377">
        <ele>87.847021</ele>
        <time>2023-07-24T20:59:32.760Z</time>
      </trkpt>
      <trkpt lat="58.188608" lon="-3.496976">
        <ele>91.761531</ele>
        <time>2023-07-24T21:00:03.036Z</time>
      </trkpt>
      <trkpt lat="58.188751" lon="-3.496775">
        <ele>93.535449</ele>
        <time>2023-07-24T21:00:16.650Z</time>
      </trkpt>
      <trkpt lat="58.189096" lon="-3.496070">
        <ele>97.392743</ele>
        <time>2023-07-24T21:00:53.027Z</time>
      </trkpt>
      <trkpt lat="58.189545" lon="-3.495593">
        <ele>100.864881</ele>
        <time>2023-07-24T21:01:26.375Z</time>
      </trkpt>
      <trkpt lat="58.189855" lon="-3.495325">
        <ele>103.163438</ele>
        <time>2023-07-24T21:01:45.239Z</time>
      </trkpt>
      <trkpt lat="58.190227" lon="-3.494880">
        <ele>106.130681</ele>
        <time>2023-07-24T21:02:05.471Z</time>
      </trkpt>
      <trkpt lat="58.190442" lon="-3.494280">
        <ele>108.230327</ele>
        <time>2023-07-24T21:02:21.624Z</time>
      </trkpt>
      <trkpt lat="58.190536" lon="-3.493841">
        <ele>109.436343</ele>
        <time>2023-07-24T21:02:32.099Z</time>
      </trkpt>
      <trkpt lat="58.190707" lon="-3.492609">
        <ele>112.678906</ele>
        <time>2023-07-24T21:03:02.428Z</time>
      </trkpt>
      <trkpt lat="58.190856" lon="-3.492046">
        <ele>114.282323</ele>
        <time>2023-07-24T21:03:19.056Z</time>
      </trkpt>
      <trkpt lat="58.191078" lon="-3.491653">
        <ele>115.770685</ele>
        <time>2023-07-24T21:03:35.379Z</time>
      </trkpt>
      <trkpt lat="58.191341" lon="-3.491358">
        <ele>118.013010</ele>
        <time>2023-07-24T21:03:52.612Z</time>
      </trkpt>
      <trkpt lat="58.191499" lon="-3.491244">
        <ele>119.253631</ele>
        <time>2023-07-24T21:04:02.406Z</time>
      </trkpt>
      <trkpt lat="58.191930" lon="-3.491122">
        <ele>122.451848</ele>
        <time>2023-07-24T21:04:29.729Z</time>
      </trkpt>
      <trkpt lat="58.192358" lon="-3.491090">
        <ele>125.595473</ele>
        <time>2023-07-24T21:04:58.454Z</time>
      </trkpt>
      <trkpt lat="58.192610" lon="-3.491040">
        <ele>127.455042</ele>
        <time>2023-07-24T21:05:15.744Z</time>
      </trkpt>
      <trkpt lat="58.192793" lon="-3.490949">
        <ele>128.843483</ele>
        <time>2023-07-24T21:05:28.578Z</time>
      </trkpt>
      <trkpt lat="58.192931" lon="-3.490881">
        <ele>129.615633</ele>
        <time>2023-07-24T21:05:38.130Z</time>
      </trkpt>
      <trkpt lat="58.193459" lon="-3.490483">
        <ele>132.622555</ele>
        <time>2023-07-24T21:06:12.199Z</time>
      </trkpt>
      <trkpt lat="58.193951" lon="-3.490032">
        <ele>135.514457</ele>
        <time>2023-07-24T21:06:38.176Z</time>
      </trkpt>
      <trkpt lat="58.194232" lon="-3.489724">
        <ele>137.231981</ele>
        <time>2023-07-24T21:06:51.143Z</time>
      </trkpt>
      <trkpt lat="58.194489" lon="-3.489313">
        <ele>138.666112</ele>
        <time>2023-07-24T21:07:03.336Z</time>
      </trkpt>
      <trkpt lat="58.194730" lon="-3.488842">
        <ele>139.418221</ele>
        <time>2023-07-24T21:07:15.436Z</time>
      </trkpt>
      <trkpt lat="58.194886" lon="-3.488436">
        <ele>139.993870</ele>
        <time>2023-07-24T21:07:24.222Z</time>
      </trkpt>
      <trkpt lat="58.195341" lon="-3.486847">
        <ele>142.065714</ele>
        <time>2023-07-24T21:07:53.923Z</time>
      </trkpt>
      <trkpt lat="58.195512" lon="-3.486226">
        <ele>142.762739</ele>
        <time>2023-07-24T21:08:05.056Z</time>
      </trkpt>
      <trkpt lat="58.196056" lon="-3.484306">
        <ele>144.764548</ele>
        <time>2023-07-24T21:08:40.434Z</time>
      </trkpt>
      <trkpt lat="58.196471" lon="-3.483179">
        <ele>145.748365</ele>
        <time>2023-07-24T21:09:02.428Z</time>
      </trkpt>
      <trkpt lat="58.196763" lon="-3.482620">
        <ele>146.109597</ele>
        <time>2023-07-24T21:09:13.908Z</time>
      </trkpt>
      <trkpt lat="58.197380" lon="-3.481831">
        <ele>146.757557</ele>
        <time>2023-07-24T21:09:31.791Z</time>
      </trkpt>
      <trkpt lat="58.197459" lon="-3.481752">
        <ele>146.835326</ele>
        <time>2023-07-24T21:09:33.898Z</time>
      </trkpt>
      <trkpt lat="58.198089" lon="-3.481116">
        <ele>146.839734</ele>
        <time>2023-07-24T21:09:49.546Z</time>
      </trkpt>
      <trkpt lat="58.199100" lon="-3.480283">
        <ele>146.391085</ele>
        <time>2023-07-24T21:10:10.204Z</time>
      </trkpt>
      <trkpt lat="58.199630" lon="-3.479916">
        <ele>145.799258</ele>
        <time>2023-07-24T21:10:19.502Z</time>
      </trkpt>
      <trkpt lat="58.200308" lon="-3.479597">
        <ele>144.793296</ele>
        <time>2023-07-24T21:10:30.768Z</time>
      </trkpt>
      <trkpt lat="58.201380" lon="-3.479301">
        <ele>143.189882</ele>
        <time>2023-07-24T21:10:47.972Z</time>
      </trkpt>
      <trkpt lat="58.203028" lon="-3.478839">
        <ele>140.827809</ele>
        <time>2023-07-24T21:11:14.438Z</time>
      </trkpt>
      <trkpt lat="58.203743" lon="-3.478754">
        <ele>140.606167</ele>
        <time>2023-07-24T21:11:27.377Z</time>
      </trkpt>
      <trkpt lat="58.204568" lon="-3.478912">
        <ele>140.349631</ele>
        <time>2023-07-24T21:11:46.296Z</time>
      </trkpt>
      <trkpt lat="58.204812" lon="-3.479014">
        <ele>140.377433</ele>
        <time>2023-07-24T21:11:52.257Z</time>
      </trkpt>
      <trkpt lat="58.205013" lon="-3.479180">
        <ele>140.426094</ele>
        <time>2023-07-24T21:11:57.433Z</time>
      </trkpt>
      <trkpt lat="58.205183" lon="-3.479421">
        <ele>140.473197</ele>
        <time>2023-07-24T21:12:02.296Z</time>
      </trkpt>
      <trkpt lat="58.205483" lon="-3.479748">
        <ele>140.549995</ele>
        <time>2023-07-24T21:12:10.216Z</time>
      </trkpt>
      <trkpt lat="58.205700" lon="-3.479930">
        <ele>140.602661</ele>
        <time>2023-07-24T21:12:15.523Z</time>
      </trkpt>
      <trkpt lat="58.205961" lon="-3.480016">
        <ele>140.661467</ele>
        <time>2023-07-24T21:12:21.285Z</time>
      </trkpt>
      <trkpt lat="58.206264" lon="-3.480057">
        <ele>140.728901</ele>
        <time>2023-07-24T21:12:27.658Z</time>
      </trkpt>
      <trkpt lat="58.206567" lon="-3.480011">
        <ele>140.603459</ele>
        <time>2023-07-24T21:12:33.614Z</time>
      </trkpt>
      <trkpt lat="58.206981" lon="-3.479861">
        <ele>140.413092</ele>
        <time>2023-07-24T21:12:41.301Z</time>
      </trkpt>
      <trkpt lat="58.207843" lon="-3.479448">
        <ele>140.011543</ele>
        <time>2023-07-24T21:12:57.589Z</time>
      </trkpt>
      <trkpt lat="58.207955" lon="-3.479430">
        <ele>139.960775</ele>
        <time>2023-07-24T21:12:59.668Z</time>
      </trkpt>
      <trkpt lat="58.208075" lon="-3.479434">
        <ele>139.895403</ele>
        <time>2023-07-24T21:13:01.864Z</time>
      </trkpt>
      <trkpt lat="58.208334" lon="-3.479566">
        <ele>139.676647</ele>
        <time>2023-07-24T21:13:06.836Z</time>
      </trkpt>
      <trkpt lat="58.208633" lon="-3.479780">
        <ele>139.415983</ele>
        <time>2023-07-24T21:13:12.755Z</time>
      </trkpt>
      <trkpt lat="58.208937" lon="-3.479889">
        <ele>139.163617</ele>
        <time>2023-07-24T21:13:18.352Z</time>
      </trkpt>
      <trkpt lat="58.209219" lon="-3.479902">
        <ele>138.933515</ele>
        <time>2023-07-24T21:13:23.354Z</time>
      </trkpt>
      <trkpt lat="58.209602" lon="-3.479860">
        <ele>138.620572</ele>
        <time>2023-07-24T21:13:30.048Z</time>
      </trkpt>
      <trkpt lat="58.211439" lon="-3.479426">
        <ele>135.962418</ele>
        <time>2023-07-24T21:13:59.615Z</time>
      </trkpt>
      <trkpt lat="58.212033" lon="-3.479355">
        <ele>135.141690</ele>
        <time>2023-07-24T21:14:09.290Z</time>
      </trkpt>
      <trkpt lat="58.212445" lon="-3.479375">
        <ele>134.592454</ele>
        <time>2023-07-24T21:14:16.079Z</time>
      </trkpt>
      <trkpt lat="58.212736" lon="-3.479439">
        <ele>134.202056</ele>
        <time>2023-07-24T21:14:20.954Z</time>
      </trkpt>
      <trkpt lat="58.213373" lon="-3.479816">
        <ele>133.309806</ele>
        <time>2023-07-24T21:14:31.971Z</time>
      </trkpt>
      <trkpt lat="58.213598" lon="-3.479848">
        <ele>132.966721</ele>
        <time>2023-07-24T21:14:35.696Z</time>
      </trkpt>
      <trkpt lat="58.213785" lon="-3.479811">
        <ele>132.680835</ele>
        <time>2023-07-24T21:14:38.798Z</time>
      </trkpt>
      <trkpt lat="58.214208" lon="-3.479566">
        <ele>132.008368</ele>
        <time>2023-07-24T21:14:46.081Z</time>
      </trkpt>
      <trkpt lat="58.214524" lon="-3.479257">
        <ele>131.467877</ele>
        <time>2023-07-24T21:14:51.788Z</time>
      </trkpt>
      <trkpt lat="58.215148" lon="-3.478494">
        <ele>130.308581</ele>
        <time>2023-07-24T21:15:03.354Z</time>
      </trkpt>
      <trkpt lat="58.215264" lon="-3.478314">
        <ele>130.053907</ele>
        <time>2023-07-24T21:15:05.660Z</time>
      </trkpt>
      <trkpt lat="58.215612" lon="-3.477717">
        <ele>129.256608</ele>
        <time>2023-07-24T21:15:12.916Z</time>
      </trkpt>
      <trkpt lat="58.215983" lon="-3.476927">
        <ele>128.308941</ele>
        <time>2023-07-24T21:15:21.582Z</time>
      </trkpt>
      <trkpt lat="58.216822" lon="-3.474831">
        <ele>127.115973</ele>
        <time>2023-07-24T21:15:44.499Z</time>
      </trkpt>
      <trkpt lat="58.217035" lon="-3.474329">
        <ele>126.961340</ele>
        <time>2023-07-24T21:15:51.184Z</time>
      </trkpt>
      <trkpt lat="58.217149" lon="-3.474060">
        <ele>126.878519</ele>
        <time>2023-07-24T21:15:55.079Z</time>
      </trkpt>
      <trkpt lat="58.217730" lon="-3.472294">
        <ele>127.810066</ele>
        <time>2023-07-24T21:16:25.046Z</time>
      </trkpt>
      <trkpt lat="58.218602" lon="-3.469390">
        <ele>129.429675</ele>
        <time>2023-07-24T21:17:18.688Z</time>
      </trkpt>
      <trkpt lat="58.219428" lon="-3.466574">
        <ele>128.301366</ele>
        <time>2023-07-24T21:17:48.334Z</time>
      </trkpt>
      <trkpt lat="58.219685" lon="-3.465524">
        <ele>127.010231</ele>
        <time>2023-07-24T21:17:57.247Z</time>
      </trkpt>
      <trkpt lat="58.219958" lon="-3.464744">
        <ele>125.965897</ele>
        <time>2023-07-24T21:18:04.349Z</time>
      </trkpt>
      <trkpt lat="58.220149" lon="-3.464287">
        <ele>125.255737</ele>
        <time>2023-07-24T21:18:08.783Z</time>
      </trkpt>
      <trkpt lat="58.220563" lon="-3.463518">
        <ele>123.877768</ele>
        <time>2023-07-24T21:18:17.199Z</time>
      </trkpt>
      <trkpt lat="58.220905" lon="-3.462744">
        <ele>122.611768</ele>
        <time>2023-07-24T21:18:25.170Z</time>
      </trkpt>
      <trkpt lat="58.221312" lon="-3.461511">
        <ele>120.988073</ele>
        <time>2023-07-24T21:18:37.143Z</time>
      </trkpt>
      <trkpt lat="58.221536" lon="-3.460711">
        <ele>120.163712</ele>
        <time>2023-07-24T21:18:44.829Z</time>
      </trkpt>
      <trkpt lat="58.221814" lon="-3.459917">
        <ele>119.296212</ele>
        <time>2023-07-24T21:18:52.964Z</time>
      </trkpt>
      <trkpt lat="58.222427" lon="-3.458528">
        <ele>117.247818</ele>
        <time>2023-07-24T21:19:07.913Z</time>
      </trkpt>
      <trkpt lat="58.223435" lon="-3.456537">
        <ele>113.410470</ele>
        <time>2023-07-24T21:19:28.837Z</time>
      </trkpt>
      <trkpt lat="58.224100" lon="-3.455059">
        <ele>110.629038</ele>
        <time>2023-07-24T21:19:43.441Z</time>
      </trkpt>
      <trkpt lat="58.225678" lon="-3.453157">
        <ele>106.599766</ele>
        <time>2023-07-24T21:20:11.615Z</time>
      </trkpt>
      <trkpt lat="58.226159" lon="-3.452260">
        <ele>105.430719</ele>
        <time>2023-07-24T21:20:22.969Z</time>
      </trkpt>
      <trkpt lat="58.226575" lon="-3.451370">
        <ele>104.927502</ele>
        <time>2023-07-24T21:20:34.082Z</time>
      </trkpt>
      <trkpt lat="58.226726" lon="-3.450946">
        <ele>104.711059</ele>
        <time>2023-07-24T21:20:39.053Z</time>
      </trkpt>
      <trkpt lat="58.226973" lon="-3.449867">
        <ele>104.213560</ele>
        <time>2023-07-24T21:20:50.272Z</time>
      </trkpt>
      <trkpt lat="58.227158" lon="-3.449361">
        <ele>103.862074</ele>
        <time>2023-07-24T21:20:56.017Z</time>
      </trkpt>
      <trkpt lat="58.227316" lon="-3.449069">
        <ele>103.499720</ele>
        <time>2023-07-24T21:20:59.813Z</time>
      </trkpt>
      <trkpt lat="58.227517" lon="-3.448789">
        <ele>103.090012</ele>
        <time>2023-07-24T21:21:04.097Z</time>
      </trkpt>
      <trkpt lat="58.229702" lon="-3.446789">
        <ele>98.138335</ele>
        <time>2023-07-24T21:21:41.245Z</time>
      </trkpt>
      <trkpt lat="58.229962" lon="-3.446680">
        <ele>97.487447</ele>
        <time>2023-07-24T21:21:45.046Z</time>
      </trkpt>
      <trkpt lat="58.230412" lon="-3.446616">
        <ele>96.325271</ele>
        <time>2023-07-24T21:21:51.436Z</time>
      </trkpt>
      <trkpt lat="58.230589" lon="-3.446507">
        <ele>95.781644</ele>
        <time>2023-07-24T21:21:54.061Z</time>
      </trkpt>
      <trkpt lat="58.230847" lon="-3.446262">
        <ele>94.938909</ele>
        <time>2023-07-24T21:21:58.176Z</time>
      </trkpt>
      <trkpt lat="58.231184" lon="-3.445867">
        <ele>93.781943</ele>
        <time>2023-07-24T21:22:03.831Z</time>
      </trkpt>
      <trkpt lat="58.231548" lon="-3.445556">
        <ele>92.615837</ele>
        <time>2023-07-24T21:22:09.591Z</time>
      </trkpt>
      <trkpt lat="58.232492" lon="-3.445120">
        <ele>90.055800</ele>
        <time>2023-07-24T21:22:23.851Z</time>
      </trkpt>
      <trkpt lat="58.233078" lon="-3.444895">
        <ele>88.602952</ele>
        <time>2023-07-24T21:22:32.775Z</time>
      </trkpt>
      <trkpt lat="58.233727" lon="-3.444731">
        <ele>87.025702</ele>
        <time>2023-07-24T21:22:42.625Z</time>
      </trkpt>
      <trkpt lat="58.234152" lon="-3.444500">
        <ele>86.253013</ele>
        <time>2023-07-24T21:22:49.316Z</time>
      </trkpt>
      <trkpt lat="58.234427" lon="-3.444409">
        <ele>85.765090</ele>
        <time>2023-07-24T21:22:53.558Z</time>
      </trkpt>
      <trkpt lat="58.234893" lon="-3.444350">
        <ele>84.948742</ele>
        <time>2023-07-24T21:23:00.729Z</time>
      </trkpt>
      <trkpt lat="58.235643" lon="-3.444144">
        <ele>83.990728</ele>
        <time>2023-07-24T21:23:13.229Z</time>
      </trkpt>
      <trkpt lat="58.236149" lon="-3.444080">
        <ele>84.213492</ele>
        <time>2023-07-24T21:23:23.198Z</time>
      </trkpt>
      <trkpt lat="58.236987" lon="-3.444257">
        <ele>84.583870</ele>
        <time>2023-07-24T21:23:44.188Z</time>
      </trkpt>
      <trkpt lat="58.238842" lon="-3.444826">
        <ele>87.763998</ele>
        <time>2023-07-24T21:24:44.094Z</time>
      </trkpt>
      <trkpt lat="58.240870" lon="-3.445448">
        <ele>91.057659</ele>
        <time>2023-07-24T21:25:48.097Z</time>
      </trkpt>
      <trkpt lat="58.241460" lon="-3.445533">
        <ele>90.505435</ele>
        <time>2023-07-24T21:26:00.444Z</time>
      </trkpt>
      <trkpt lat="58.241937" lon="-3.445480">
        <ele>90.059494</ele>
        <time>2023-07-24T21:26:08.507Z</time>
      </trkpt>
      <trkpt lat="58.242406" lon="-3.445351">
        <ele>89.617217</ele>
        <time>2023-07-24T21:26:15.791Z</time>
      </trkpt>
      <trkpt lat="58.242767" lon="-3.445196">
        <ele>88.887120</ele>
        <time>2023-07-24T21:26:21.257Z</time>
      </trkpt>
      <trkpt lat="58.243292" lon="-3.444884">
        <ele>87.129683</ele>
        <time>2023-07-24T21:26:29.109Z</time>
      </trkpt>
      <trkpt lat="58.243648" lon="-3.444568">
        <ele>85.874315</ele>
        <time>2023-07-24T21:26:34.625Z</time>
      </trkpt>
      <trkpt lat="58.243987" lon="-3.444197">
        <ele>84.624444</ele>
        <time>2023-07-24T21:26:40.086Z</time>
      </trkpt>
      <trkpt lat="58.246759" lon="-3.440553">
        <ele>71.483971</ele>
        <time>2023-07-24T21:27:26.862Z</time>
      </trkpt>
      <trkpt lat="58.247056" lon="-3.440083">
        <ele>69.785035</ele>
        <time>2023-07-24T21:27:31.900Z</time>
      </trkpt>
      <trkpt lat="58.247120" lon="-3.439958">
        <ele>69.381611</ele>
        <time>2023-07-24T21:27:33.089Z</time>
      </trkpt>
      <trkpt lat="58.247421" lon="-3.439453">
        <ele>66.199530</ele>
        <time>2023-07-24T21:27:38.211Z</time>
      </trkpt>
      <trkpt lat="58.247604" lon="-3.439086">
        <ele>63.979608</ele>
        <time>2023-07-24T21:27:41.543Z</time>
      </trkpt>
      <trkpt lat="58.247749" lon="-3.438751">
        <ele>62.075071</ele>
        <time>2023-07-24T21:27:44.377Z</time>
      </trkpt>
      <trkpt lat="58.248210" lon="-3.437356">
        <ele>54.842388</ele>
        <time>2023-07-24T21:27:54.885Z</time>
      </trkpt>
      <trkpt lat="58.248474" lon="-3.436253">
        <ele>47.978528</ele>
        <time>2023-07-24T21:28:02.504Z</time>
      </trkpt>
      <trkpt lat="58.248565" lon="-3.435680">
        <ele>44.481126</ele>
        <time>2023-07-24T21:28:06.247Z</time>
      </trkpt>
      <trkpt lat="58.248620" lon="-3.435329">
        <ele>42.341113</ele>
        <time>2023-07-24T21:28:08.530Z</time>
      </trkpt>
      <trkpt lat="58.248737" lon="-3.434182">
        <ele>35.514049</ele>
        <time>2023-07-24T21:28:15.809Z</time>
      </trkpt>
      <trkpt lat="58.248770" lon="-3.433527">
        <ele>32.831480</ele>
        <time>2023-07-24T21:28:19.938Z</time>
      </trkpt>
      <trkpt lat="58.248779" lon="-3.432831">
        <ele>30.620646</ele>
        <time>2023-07-24T21:28:24.375Z</time>
      </trkpt>
      <trkpt lat="58.248715" lon="-3.431172">
        <ele>25.338308</ele>
        <time>2023-07-24T21:28:35.648Z</time>
      </trkpt>
      <trkpt lat="58.248686" lon="-3.430529">
        <ele>23.393099</ele>
        <time>2023-07-24T21:28:40.673Z</time>
      </trkpt>
      <trkpt lat="58.248470" lon="-3.425291">
        <ele>32.366317</ele>
        <time>2023-07-24T21:30:34.206Z</time>
      </trkpt>
      <trkpt lat="58.248431" lon="-3.424290">
        <ele>34.636531</ele>
        <time>2023-07-24T21:31:00.385Z</time>
      </trkpt>
      <trkpt lat="58.248466" lon="-3.423425">
        <ele>36.725261</ele>
        <time>2023-07-24T21:31:23.005Z</time>
      </trkpt>
      <trkpt lat="58.248531" lon="-3.423112">
        <ele>37.622700</ele>
        <time>2023-07-24T21:31:31.786Z</time>
      </trkpt>
      <trkpt lat="58.248655" lon="-3.422694">
        <ele>38.902462</ele>
        <time>2023-07-24T21:31:44.244Z</time>
      </trkpt>
      <trkpt lat="58.248849" lon="-3.422286">
        <ele>40.369025</ele>
        <time>2023-07-24T21:31:58.433Z</time>
      </trkpt>
      <trkpt lat="58.249224" lon="-3.421758">
        <ele>42.734427</ele>
        <time>2023-07-24T21:32:21.461Z</time>
      </trkpt>
      <trkpt lat="58.250147" lon="-3.420595">
        <ele>48.029325</ele>
        <time>2023-07-24T21:33:15.586Z</time>
      </trkpt>
      <trkpt lat="58.252730" lon="-3.417243">
        <ele>61.298557</ele>
        <time>2023-07-24T21:35:36.341Z</time>
      </trkpt>
      <trkpt lat="58.252886" lon="-3.417009">
        <ele>61.764883</ele>
        <time>2023-07-24T21:35:43.984Z</time>
      </trkpt>
      <trkpt lat="58.253117" lon="-3.416530">
        <ele>62.567099</ele>
        <time>2023-07-24T21:35:56.033Z</time>
      </trkpt>
      <trkpt lat="58.253940" lon="-3.414289">
        <ele>65.740286</ele>
        <time>2023-07-24T21:36:38.609Z</time>
      </trkpt>
      <trkpt lat="58.254050" lon="-3.414001">
        <ele>66.077756</ele>
        <time>2023-07-24T21:36:43.097Z</time>
      </trkpt>
      <trkpt lat="58.255367" lon="-3.410952">
        <ele>71.200138</ele>
        <time>2023-07-24T21:37:50.115Z</time>
      </trkpt>
      <trkpt lat="58.255854" lon="-3.409981">
        <ele>73.642409</ele>
        <time>2023-07-24T21:38:21.724Z</time>
      </trkpt>
      <trkpt lat="58.256037" lon="-3.409669">
        <ele>74.493062</ele>
        <time>2023-07-24T21:38:33.629Z</time>
      </trkpt>
      <trkpt lat="58.256364" lon="-3.409237">
        <ele>76.542698</ele>
        <time>2023-07-24T21:38:53.520Z</time>
      </trkpt>
      <trkpt lat="58.256884" lon="-3.408658">
        <ele>79.680616</ele>
        <time>2023-07-24T21:39:25.260Z</time>
      </trkpt>
      <trkpt lat="58.257996" lon="-3.407583">
        <ele>85.413953</ele>
        <time>2023-07-24T21:40:27.199Z</time>
      </trkpt>
      <trkpt lat="58.258192" lon="-3.407375">
        <ele>86.190321</ele>
        <time>2023-07-24T21:40:37.278Z</time>
      </trkpt>
      <trkpt lat="58.258417" lon="-3.407128">
        <ele>87.088949</ele>
        <time>2023-07-24T21:40:48.076Z</time>
      </trkpt>
      <trkpt lat="58.258778" lon="-3.406672">
        <ele>88.588025</ele>
        <time>2023-07-24T21:41:04.714Z</time>
      </trkpt>
      <trkpt lat="58.259366" lon="-3.405788">
        <ele>90.114214</ele>
        <time>2023-07-24T21:41:28.130Z</time>
      </trkpt>
      <trkpt lat="58.259445" lon="-3.405661">
        <ele>90.110124</ele>
        <time>2023-07-24T21:41:30.770Z</time>
      </trkpt>
      <trkpt lat="58.259809" lon="-3.405031">
        <ele>90.090665</ele>
        <time>2023-07-24T21:41:41.946Z</time>
      </trkpt>
      <trkpt lat="58.259963" lon="-3.404765">
        <ele>90.082439</ele>
        <time>2023-07-24T21:41:46.145Z</time>
      </trkpt>
      <trkpt lat="58.261710" lon="-3.401262">
        <ele>87.443569</ele>
        <time>2023-07-24T21:42:27.035Z</time>
      </trkpt>
      <trkpt lat="58.262769" lon="-3.399137">
        <ele>85.928723</ele>
        <time>2023-07-24T21:42:53.704Z</time>
      </trkpt>
      <trkpt lat="58.263047" lon="-3.398567">
        <ele>85.483404</ele>
        <time>2023-07-24T21:43:00.860Z</time>
      </trkpt>
      <trkpt lat="58.263502" lon="-3.397687">
        <ele>84.705605</ele>
        <time>2023-07-24T21:43:11.997Z</time>
      </trkpt>
      <trkpt lat="58.264013" lon="-3.396834">
        <ele>83.890710</ele>
        <time>2023-07-24T21:43:23.768Z</time>
      </trkpt>
      <trkpt lat="58.264699" lon="-3.395927">
        <ele>82.186121</ele>
        <time>2023-07-24T21:43:36.453Z</time>
      </trkpt>
      <trkpt lat="58.265212" lon="-3.395369">
        <ele>80.744517</ele>
        <time>2023-07-24T21:43:45.178Z</time>
      </trkpt>
      <trkpt lat="58.266552" lon="-3.394317">
        <ele>76.780323</ele>
        <time>2023-07-24T21:44:06.180Z</time>
      </trkpt>
      <trkpt lat="58.266928" lon="-3.394029">
        <ele>75.577078</ele>
        <time>2023-07-24T21:44:11.959Z</time>
      </trkpt>
      <trkpt lat="58.267503" lon="-3.393696">
        <ele>73.791893</ele>
        <time>2023-07-24T21:44:20.558Z</time>
      </trkpt>
      <trkpt lat="58.268209" lon="-3.393433">
        <ele>71.613720</ele>
        <time>2023-07-24T21:44:30.847Z</time>
      </trkpt>
      <trkpt lat="58.270880" lon="-3.392880">
        <ele>63.795604</ele>
        <time>2023-07-24T21:45:09.387Z</time>
      </trkpt>
      <trkpt lat="58.271642" lon="-3.392655">
        <ele>62.363563</ele>
        <time>2023-07-24T21:45:21.191Z</time>
      </trkpt>
      <trkpt lat="58.272477" lon="-3.392269">
        <ele>61.012697</ele>
        <time>2023-07-24T21:45:35.670Z</time>
      </trkpt>
      <trkpt lat="58.273089" lon="-3.391888">
        <ele>59.658579</ele>
        <time>2023-07-24T21:45:46.400Z</time>
      </trkpt>
      <trkpt lat="58.273851" lon="-3.391330">
        <ele>57.449039</ele>
        <time>2023-07-24T21:45:58.921Z</time>
      </trkpt>
      <trkpt lat="58.274225" lon="-3.391063">
        <ele>56.368045</ele>
        <time>2023-07-24T21:46:04.592Z</time>
      </trkpt>
      <trkpt lat="58.274988" lon="-3.390499">
        <ele>53.824209</ele>
        <time>2023-07-24T21:46:15.382Z</time>
      </trkpt>
      <trkpt lat="58.275355" lon="-3.390106">
        <ele>52.426900</ele>
        <time>2023-07-24T21:46:20.874Z</time>
      </trkpt>
      <trkpt lat="58.275486" lon="-3.389966">
        <ele>51.928374</ele>
        <time>2023-07-24T21:46:22.870Z</time>
      </trkpt>
      <trkpt lat="58.275763" lon="-3.389547">
        <ele>50.754158</ele>
        <time>2023-07-24T21:46:27.951Z</time>
      </trkpt>
      <trkpt lat="58.275950" lon="-3.389171">
        <ele>49.851319</ele>
        <time>2023-07-24T21:46:32.763Z</time>
      </trkpt>
      <trkpt lat="58.276010" lon="-3.389014">
        <ele>49.793090</ele>
        <time>2023-07-24T21:46:34.829Z</time>
      </trkpt>
      <trkpt lat="58.276238" lon="-3.388415">
        <ele>51.344411</ele>
        <time>2023-07-24T21:46:46.303Z</time>
      </trkpt>
      <trkpt lat="58.276308" lon="-3.388142">
        <ele>51.981597</ele>
        <time>2023-07-24T21:46:52.578Z</time>
      </trkpt>
      <trkpt lat="58.276479" lon="-3.387477">
        <ele>53.534566</ele>
        <time>2023-07-24T21:47:08.668Z</time>
      </trkpt>
      <trkpt lat="58.276577" lon="-3.386828">
        <ele>54.951109</ele>
        <time>2023-07-24T21:47:26.216Z</time>
      </trkpt>
      <trkpt lat="58.276632" lon="-3.386256">
        <ele>56.170983</ele>
        <time>2023-07-24T21:47:44.084Z</time>
      </trkpt>
      <trkpt lat="58.276658" lon="-3.385622">
        <ele>57.917183</ele>
        <time>2023-07-24T21:48:05.701Z</time>
      </trkpt>
      <trkpt lat="58.276638" lon="-3.384927">
        <ele>60.250785</ele>
        <time>2023-07-24T21:48:29.964Z</time>
      </trkpt>
      <trkpt lat="58.276605" lon="-3.384297">
        <ele>62.373430</ele>
        <time>2023-07-24T21:48:50.632Z</time>
      </trkpt>
      <trkpt lat="58.276574" lon="-3.383850">
        <ele>63.885061</ele>
        <time>2023-07-24T21:49:03.944Z</time>
      </trkpt>
      <trkpt lat="58.276519" lon="-3.382978">
        <ele>66.829566</ele>
        <time>2023-07-24T21:49:27.513Z</time>
      </trkpt>
      <trkpt lat="58.276544" lon="-3.382152">
        <ele>69.122498</ele>
        <time>2023-07-24T21:49:48.043Z</time>
      </trkpt>
      <trkpt lat="58.276615" lon="-3.381214">
        <ele>71.141183</ele>
        <time>2023-07-24T21:50:11.298Z</time>
      </trkpt>
      <trkpt lat="58.276661" lon="-3.380771">
        <ele>72.103066</ele>
        <time>2023-07-24T21:50:21.936Z</time>
      </trkpt>
      <trkpt lat="58.276814" lon="-3.379096">
        <ele>75.625977</ele>
        <time>2023-07-24T21:50:58.392Z</time>
      </trkpt>
      <trkpt lat="58.276828" lon="-3.378935">
        <ele>75.750534</ele>
        <time>2023-07-24T21:51:01.632Z</time>
      </trkpt>
      <trkpt lat="58.276851" lon="-3.378666">
        <ele>75.958551</ele>
        <time>2023-07-24T21:51:06.941Z</time>
      </trkpt>
      <trkpt lat="58.276954" lon="-3.377456">
        <ele>76.894137</ele>
        <time>2023-07-24T21:51:28.793Z</time>
      </trkpt>
      <trkpt lat="58.276975" lon="-3.377220">
        <ele>77.076830</ele>
        <time>2023-07-24T21:51:32.449Z</time>
      </trkpt>
      <trkpt lat="58.277026" lon="-3.376612">
        <ele>77.546767</ele>
        <time>2023-07-24T21:51:40.956Z</time>
      </trkpt>
      <trkpt lat="58.277125" lon="-3.374823">
        <ele>77.387540</ele>
        <time>2023-07-24T21:51:58.092Z</time>
      </trkpt>
      <trkpt lat="58.277178" lon="-3.374360">
        <ele>76.998222</ele>
        <time>2023-07-24T21:52:02.081Z</time>
      </trkpt>
      <trkpt lat="58.277682" lon="-3.371653">
        <ele>74.995030</ele>
        <time>2023-07-24T21:52:24.913Z</time>
      </trkpt>
      <trkpt lat="58.277738" lon="-3.371704">
        <ele>74.945188</ele>
        <time>2023-07-24T21:52:34.701Z</time>
      </trkpt>
      <trkpt lat="58.277682" lon="-3.371653">
        <ele>74.895346</ele>
        <time>2023-07-24T21:52:43.426Z</time>
      </trkpt>
      <trkpt lat="58.277817" lon="-3.371192">
        <ele>74.672623</ele>
        <time>2023-07-24T21:52:48.051Z</time>
      </trkpt>
      <trkpt lat="58.278006" lon="-3.370854">
        <ele>74.464365</ele>
        <time>2023-07-24T21:52:52.362Z</time>
      </trkpt>
      <trkpt lat="58.278186" lon="-3.370628">
        <ele>74.291224</ele>
        <time>2023-07-24T21:52:56.719Z</time>
      </trkpt>
      <trkpt lat="58.278601" lon="-3.370211">
        <ele>73.957456</ele>
        <time>2023-07-24T21:53:07.375Z</time>
      </trkpt>
      <trkpt lat="58.279315" lon="-3.369518">
        <ele>75.431070</ele>
        <time>2023-07-24T21:53:32.171Z</time>
      </trkpt>
      <trkpt lat="58.279664" lon="-3.369336">
        <ele>76.096332</ele>
        <time>2023-07-24T21:53:45.132Z</time>
      </trkpt>
      <trkpt lat="58.280480" lon="-3.369315">
        <ele>77.358195</ele>
        <time>2023-07-24T21:54:12.298Z</time>
      </trkpt>
      <trkpt lat="58.280665" lon="-3.369322">
        <ele>77.474690</ele>
        <time>2023-07-24T21:54:17.750Z</time>
      </trkpt>
      <trkpt lat="58.280963" lon="-3.369283">
        <ele>77.662748</ele>
        <time>2023-07-24T21:54:25.855Z</time>
      </trkpt>
      <trkpt lat="58.281900" lon="-3.368820">
        <ele>78.272242</ele>
        <time>2023-07-24T21:54:45.918Z</time>
      </trkpt>
      <trkpt lat="58.281954" lon="-3.368790">
        <ele>78.307660</ele>
        <time>2023-07-24T21:54:46.979Z</time>
      </trkpt>
      <trkpt lat="58.282096" lon="-3.368714">
        <ele>78.395169</ele>
        <time>2023-07-24T21:54:49.655Z</time>
      </trkpt>
      <trkpt lat="58.282144" lon="-3.368688">
        <ele>78.421649</ele>
        <time>2023-07-24T21:54:50.525Z</time>
      </trkpt>
      <trkpt lat="58.282273" lon="-3.368618">
        <ele>78.492824</ele>
        <time>2023-07-24T21:54:53.130Z</time>
      </trkpt>
      <trkpt lat="58.282602" lon="-3.368340">
        <ele>78.683833</ele>
        <time>2023-07-24T21:55:00.216Z</time>
      </trkpt>
      <trkpt lat="58.282798" lon="-3.368099">
        <ele>78.807662</ele>
        <time>2023-07-24T21:55:05.194Z</time>
      </trkpt>
      <trkpt lat="58.283021" lon="-3.367526">
        <ele>79.006522</ele>
        <time>2023-07-24T21:55:14.566Z</time>
      </trkpt>
      <trkpt lat="58.283145" lon="-3.367046">
        <ele>79.155703</ele>
        <time>2023-07-24T21:55:22.285Z</time>
      </trkpt>
      <trkpt lat="58.283146" lon="-3.366517">
        <ele>79.303261</ele>
        <time>2023-07-24T21:55:30.152Z</time>
      </trkpt>
      <trkpt lat="58.283146" lon="-3.366434">
        <ele>79.333651</ele>
        <time>2023-07-24T21:55:31.332Z</time>
      </trkpt>
      <trkpt lat="58.283053" lon="-3.365679">
        <ele>79.826330</ele>
        <time>2023-07-24T21:55:43.329Z</time>
      </trkpt>
      <trkpt lat="58.283037" lon="-3.365603">
        <ele>79.878345</ele>
        <time>2023-07-24T21:55:44.513Z</time>
      </trkpt>
      <trkpt lat="58.282939" lon="-3.365142">
        <ele>80.194280</ele>
        <time>2023-07-24T21:55:52.561Z</time>
      </trkpt>
      <trkpt lat="58.282820" lon="-3.364584">
        <ele>80.576865</ele>
        <time>2023-07-24T21:56:01.908Z</time>
      </trkpt>
      <trkpt lat="58.282628" lon="-3.363242">
        <ele>81.460521</ele>
        <time>2023-07-24T21:56:21.403Z</time>
      </trkpt>
      <trkpt lat="58.282591" lon="-3.362400">
        <ele>81.445256</ele>
        <time>2023-07-24T21:56:31.461Z</time>
      </trkpt>
      <trkpt lat="58.282639" lon="-3.361306">
        <ele>81.377026</ele>
        <time>2023-07-24T21:56:42.645Z</time>
      </trkpt>
      <trkpt lat="58.282917" lon="-3.359441">
        <ele>81.187117</ele>
        <time>2023-07-24T21:57:01.413Z</time>
      </trkpt>
      <trkpt lat="58.283147" lon="-3.358268">
        <ele>80.895546</ele>
        <time>2023-07-24T21:57:14.438Z</time>
      </trkpt>
      <trkpt lat="58.284638" lon="-3.353187">
        <ele>79.012575</ele>
        <time>2023-07-24T21:58:10.701Z</time>
      </trkpt>
      <trkpt lat="58.284892" lon="-3.352460">
        <ele>78.454185</ele>
        <time>2023-07-24T21:58:18.296Z</time>
      </trkpt>
      <trkpt lat="58.285135" lon="-3.351883">
        <ele>77.981254</ele>
        <time>2023-07-24T21:58:24.670Z</time>
      </trkpt>
      <trkpt lat="58.285821" lon="-3.350433">
        <ele>76.547247</ele>
        <time>2023-07-24T21:58:41.104Z</time>
      </trkpt>
      <trkpt lat="58.286417" lon="-3.349172">
        <ele>75.055923</ele>
        <time>2023-07-24T21:58:55.270Z</time>
      </trkpt>
      <trkpt lat="58.288905" lon="-3.344015">
        <ele>68.384061</ele>
        <time>2023-07-24T21:59:52.273Z</time>
      </trkpt>
      <trkpt lat="58.289614" lon="-3.342596">
        <ele>67.151900</ele>
        <time>2023-07-24T22:00:09.410Z</time>
      </trkpt>
      <trkpt lat="58.289957" lon="-3.342000">
        <ele>66.762315</ele>
        <time>2023-07-24T22:00:17.423Z</time>
      </trkpt>
      <trkpt lat="58.290283" lon="-3.341441">
        <ele>66.394251</ele>
        <time>2023-07-24T22:00:25.390Z</time>
      </trkpt>
      <trkpt lat="58.290333" lon="-3.341355">
        <ele>66.337722</ele>
        <time>2023-07-24T22:00:26.640Z</time>
      </trkpt>
      <trkpt lat="58.290850" lon="-3.339904">
        <ele>66.416351</ele>
        <time>2023-07-24T22:00:45.250Z</time>
      </trkpt>
      <trkpt lat="58.291013" lon="-3.339441">
        <ele>66.524050</ele>
        <time>2023-07-24T22:00:51.693Z</time>
      </trkpt>
      <trkpt lat="58.291689" lon="-3.337141">
        <ele>67.679678</ele>
        <time>2023-07-24T22:01:27.262Z</time>
      </trkpt>
      <trkpt lat="58.292375" lon="-3.334970">
        <ele>69.711062</ele>
        <time>2023-07-24T22:02:07.694Z</time>
      </trkpt>
      <trkpt lat="58.293709" lon="-3.330897">
        <ele>74.335590</ele>
        <time>2023-07-24T22:03:30.232Z</time>
      </trkpt>
      <trkpt lat="58.293977" lon="-3.330079">
        <ele>75.020473</ele>
        <time>2023-07-24T22:03:45.206Z</time>
      </trkpt>
      <trkpt lat="58.296660" lon="-3.322177">
        <ele>73.636200</ele>
        <time>2023-07-24T22:05:23.540Z</time>
      </trkpt>
      <trkpt lat="58.297356" lon="-3.320794">
        <ele>71.786982</ele>
        <time>2023-07-24T22:05:37.967Z</time>
      </trkpt>
      <trkpt lat="58.297739" lon="-3.320055">
        <ele>70.054363</ele>
        <time>2023-07-24T22:05:45.505Z</time>
      </trkpt>
      <trkpt lat="58.298268" lon="-3.319155">
        <ele>67.800300</ele>
        <time>2023-07-24T22:05:55.364Z</time>
      </trkpt>
      <trkpt lat="58.298464" lon="-3.318661">
        <ele>66.767039</ele>
        <time>2023-07-24T22:06:00.087Z</time>
      </trkpt>
      <trkpt lat="58.298877" lon="-3.317099">
        <ele>65.808598</ele>
        <time>2023-07-24T22:06:14.474Z</time>
      </trkpt>
      <trkpt lat="58.299777" lon="-3.313989">
        <ele>66.013603</ele>
        <time>2023-07-24T22:06:56.851Z</time>
      </trkpt>
      <trkpt lat="58.299993" lon="-3.313128">
        <ele>66.554556</ele>
        <time>2023-07-24T22:07:11.494Z</time>
      </trkpt>
      <trkpt lat="58.300112" lon="-3.312458">
        <ele>66.955546</ele>
        <time>2023-07-24T22:07:22.709Z</time>
      </trkpt>
      <trkpt lat="58.300451" lon="-3.310017">
        <ele>69.398328</ele>
        <time>2023-07-24T22:08:05.989Z</time>
      </trkpt>
      <trkpt lat="58.300853" lon="-3.306626">
        <ele>71.626734</ele>
        <time>2023-07-24T22:08:59.765Z</time>
      </trkpt>
      <trkpt lat="58.300961" lon="-3.305731">
        <ele>72.087782</ele>
        <time>2023-07-24T22:09:09.760Z</time>
      </trkpt>
      <trkpt lat="58.301055" lon="-3.305196">
        <ele>71.643195</ele>
        <time>2023-07-24T22:09:15.204Z</time>
      </trkpt>
      <trkpt lat="58.301290" lon="-3.303858">
        <ele>70.430161</ele>
        <time>2023-07-24T22:09:27.222Z</time>
      </trkpt>
      <trkpt lat="58.301575" lon="-3.302718">
        <ele>69.344660</ele>
        <time>2023-07-24T22:09:37.091Z</time>
      </trkpt>
      <trkpt lat="58.301789" lon="-3.302014">
        <ele>68.121055</ele>
        <time>2023-07-24T22:09:43.303Z</time>
      </trkpt>
      <trkpt lat="58.301957" lon="-3.301459">
        <ele>67.008684</ele>
        <time>2023-07-24T22:09:48.081Z</time>
      </trkpt>
      <trkpt lat="58.302636" lon="-3.299750">
        <ele>63.287735</ele>
        <time>2023-07-24T22:10:03.737Z</time>
      </trkpt>
      <trkpt lat="58.303221" lon="-3.298546">
        <ele>61.613519</ele>
        <time>2023-07-24T22:10:15.913Z</time>
      </trkpt>
      <trkpt lat="58.304469" lon="-3.295897">
        <ele>60.677585</ele>
        <time>2023-07-24T22:10:49.696Z</time>
      </trkpt>
      <trkpt lat="58.304528" lon="-3.295777">
        <ele>60.762322</ele>
        <time>2023-07-24T22:10:52.737Z</time>
      </trkpt>
      <trkpt lat="58.305569" lon="-3.293654">
        <ele>62.982748</ele>
        <time>2023-07-24T22:11:47.181Z</time>
      </trkpt>
      <trkpt lat="58.306191" lon="-3.292699">
        <ele>64.565552</ele>
        <time>2023-07-24T22:12:12.066Z</time>
      </trkpt>
      <trkpt lat="58.306843" lon="-3.291760">
        <ele>65.637738</ele>
        <time>2023-07-24T22:12:33.040Z</time>
      </trkpt>
      <trkpt lat="58.307134" lon="-3.291151">
        <ele>66.057556</ele>
        <time>2023-07-24T22:12:43.321Z</time>
      </trkpt>
      <trkpt lat="58.307339" lon="-3.290599">
        <ele>66.402291</ele>
        <time>2023-07-24T22:12:51.959Z</time>
      </trkpt>
      <trkpt lat="58.307577" lon="-3.289683">
        <ele>66.992587</ele>
        <time>2023-07-24T22:13:06.178Z</time>
      </trkpt>
      <trkpt lat="58.308094" lon="-3.286701">
        <ele>70.280273</ele>
        <time>2023-07-24T22:14:00.625Z</time>
      </trkpt>
      <trkpt lat="58.308183" lon="-3.286170">
        <ele>70.832191</ele>
        <time>2023-07-24T22:14:10.329Z</time>
      </trkpt>
      <trkpt lat="58.308277" lon="-3.285697">
        <ele>71.321930</ele>
        <time>2023-07-24T22:14:18.860Z</time>
      </trkpt>
      <trkpt lat="58.308928" lon="-3.282481">
        <ele>74.619533</ele>
        <time>2023-07-24T22:15:13.785Z</time>
      </trkpt>
      <trkpt lat="58.309185" lon="-3.281278">
        <ele>75.821378</ele>
        <time>2023-07-24T22:15:34.283Z</time>
      </trkpt>
      <trkpt lat="58.309391" lon="-3.280461">
        <ele>76.660041</ele>
        <time>2023-07-24T22:15:49.132Z</time>
      </trkpt>
      <trkpt lat="58.310066" lon="-3.278813">
        <ele>78.720018</ele>
        <time>2023-07-24T22:16:24.441Z</time>
      </trkpt>
      <trkpt lat="58.310184" lon="-3.278368">
        <ele>79.216201</ele>
        <time>2023-07-24T22:16:33.171Z</time>
      </trkpt>
      <trkpt lat="58.310298" lon="-3.277602">
        <ele>80.008678</ele>
        <time>2023-07-24T22:16:46.188Z</time>
      </trkpt>
      <trkpt lat="58.310283" lon="-3.275605">
        <ele>81.493597</ele>
        <time>2023-07-24T22:17:15.938Z</time>
      </trkpt>
      <trkpt lat="58.310259" lon="-3.274393">
        <ele>82.335480</ele>
        <time>2023-07-24T22:17:33.352Z</time>
      </trkpt>
      <trkpt lat="58.310255" lon="-3.274213">
        <ele>82.460535</ele>
        <time>2023-07-24T22:17:35.976Z</time>
      </trkpt>
      <trkpt lat="58.310205" lon="-3.273483">
        <ele>82.957646</ele>
        <time>2023-07-24T22:17:46.569Z</time>
      </trkpt>
      <trkpt lat="58.310073" lon="-3.272825">
        <ele>83.420476</ele>
        <time>2023-07-24T22:17:56.752Z</time>
      </trkpt>
      <trkpt lat="58.309886" lon="-3.272121">
        <ele>83.938856</ele>
        <time>2023-07-24T22:18:08.357Z</time>
      </trkpt>
      <trkpt lat="58.309595" lon="-3.271260">
        <ele>84.611610</ele>
        <time>2023-07-24T22:18:23.719Z</time>
      </trkpt>
      <trkpt lat="58.309423" lon="-3.270582">
        <ele>85.002454</ele>
        <time>2023-07-24T22:18:34.696Z</time>
      </trkpt>
      <trkpt lat="58.309340" lon="-3.269835">
        <ele>85.145636</ele>
        <time>2023-07-24T22:18:45.280Z</time>
      </trkpt>
      <trkpt lat="58.309309" lon="-3.269564">
        <ele>85.197647</ele>
        <time>2023-07-24T22:18:49.028Z</time>
      </trkpt>
      <trkpt lat="58.309009" lon="-3.266612">
        <ele>85.032142</ele>
        <time>2023-07-24T22:19:21.707Z</time>
      </trkpt>
      <trkpt lat="58.308792" lon="-3.263471">
        <ele>82.413684</ele>
        <time>2023-07-24T22:19:48.086Z</time>
      </trkpt>
      <trkpt lat="58.308694" lon="-3.262910">
        <ele>81.534467</ele>
        <time>2023-07-24T22:19:52.528Z</time>
      </trkpt>
      <trkpt lat="58.308607" lon="-3.262621">
        <ele>81.039110</ele>
        <time>2023-07-24T22:19:54.989Z</time>
      </trkpt>
      <trkpt lat="58.308544" lon="-3.262416">
        <ele>80.685906</ele>
        <time>2023-07-24T22:19:56.724Z</time>
      </trkpt>
      <trkpt lat="58.308258" lon="-3.261751">
        <ele>79.407795</ele>
        <time>2023-07-24T22:20:03.023Z</time>
      </trkpt>
      <trkpt lat="58.307521" lon="-3.260324">
        <ele>77.450509</ele>
        <time>2023-07-24T22:20:18.293Z</time>
      </trkpt>
      <trkpt lat="58.307372" lon="-3.259869">
        <ele>77.112936</ele>
        <time>2023-07-24T22:20:22.874Z</time>
      </trkpt>
      <trkpt lat="58.307260" lon="-3.259376">
        <ele>76.774754</ele>
        <time>2023-07-24T22:20:28.002Z</time>
      </trkpt>
      <trkpt lat="58.307207" lon="-3.258830">
        <ele>76.425161</ele>
        <time>2023-07-24T22:20:33.801Z</time>
      </trkpt>
      <trkpt lat="58.307203" lon="-3.258364">
        <ele>76.131718</ele>
        <time>2023-07-24T22:20:39.209Z</time>
      </trkpt>
      <trkpt lat="58.307229" lon="-3.256593">
        <ele>76.098218</ele>
        <time>2023-07-24T22:21:02.635Z</time>
      </trkpt>
      <trkpt lat="58.307139" lon="-3.255954">
        <ele>76.120685</ele>
        <time>2023-07-24T22:21:11.564Z</time>
      </trkpt>
      <trkpt lat="58.306169" lon="-3.250856">
        <ele>73.289010</ele>
        <time>2023-07-24T22:21:59.411Z</time>
      </trkpt>
      <trkpt lat="58.306117" lon="-3.250284">
        <ele>72.769129</ele>
        <time>2023-07-24T22:22:03.948Z</time>
      </trkpt>
      <trkpt lat="58.306005" lon="-3.249056">
        <ele>71.652914</ele>
        <time>2023-07-24T22:22:13.880Z</time>
      </trkpt>
      <trkpt lat="58.305974" lon="-3.248440">
        <ele>71.098713</ele>
        <time>2023-07-24T22:22:19.066Z</time>
      </trkpt>
      <trkpt lat="58.305987" lon="-3.247805">
        <ele>70.899472</ele>
        <time>2023-07-24T22:22:24.637Z</time>
      </trkpt>
      <trkpt lat="58.306045" lon="-3.247439">
        <ele>70.826624</ele>
        <time>2023-07-24T22:22:28.132Z</time>
      </trkpt>
      <trkpt lat="58.306064" lon="-3.247319">
        <ele>70.802741</ele>
        <time>2023-07-24T22:22:29.265Z</time>
      </trkpt>
      <trkpt lat="58.306186" lon="-3.246861">
        <ele>70.704887</ele>
        <time>2023-07-24T22:22:34.201Z</time>
      </trkpt>
      <trkpt lat="58.306440" lon="-3.246324">
        <ele>70.567196</ele>
        <time>2023-07-24T22:22:41.800Z</time>
      </trkpt>
      <trkpt lat="58.306746" lon="-3.245817">
        <ele>70.420048</ele>
        <time>2023-07-24T22:22:50.780Z</time>
      </trkpt>
      <trkpt lat="58.307302" lon="-3.244892">
        <ele>70.181103</ele>
        <time>2023-07-24T22:23:08.625Z</time>
      </trkpt>
      <trkpt lat="58.307472" lon="-3.244436">
        <ele>70.090355</ele>
        <time>2023-07-24T22:23:15.168Z</time>
      </trkpt>
      <trkpt lat="58.307562" lon="-3.243942">
        <ele>70.005497</ele>
        <time>2023-07-24T22:23:20.676Z</time>
      </trkpt>
      <trkpt lat="58.307682" lon="-3.243061">
        <ele>69.857786</ele>
        <time>2023-07-24T22:23:29.235Z</time>
      </trkpt>
      <trkpt lat="58.308138" lon="-3.237398">
        <ele>65.650646</ele>
        <time>2023-07-24T22:24:16.520Z</time>
      </trkpt>
      <trkpt lat="58.308214" lon="-3.236815">
        <ele>65.301036</ele>
        <time>2023-07-24T22:24:22.076Z</time>
      </trkpt>
      <trkpt lat="58.308577" lon="-3.235015">
        <ele>65.030514</ele>
        <time>2023-07-24T22:24:42.064Z</time>
      </trkpt>
      <trkpt lat="58.308897" lon="-3.233180">
        <ele>65.549207</ele>
        <time>2023-07-24T22:25:07.349Z</time>
      </trkpt>
      <trkpt lat="58.309014" lon="-3.232391">
        <ele>65.904504</ele>
        <time>2023-07-24T22:25:18.816Z</time>
      </trkpt>
      <trkpt lat="58.310199" lon="-3.224696">
        <ele>70.821085</ele>
        <time>2023-07-24T22:27:18.477Z</time>
      </trkpt>
      <trkpt lat="58.311030" lon="-3.219433">
        <ele>70.768690</ele>
        <time>2023-07-24T22:28:15.604Z</time>
      </trkpt>
      <trkpt lat="58.311216" lon="-3.218590">
        <ele>70.301299</ele>
        <time>2023-07-24T22:28:23.744Z</time>
      </trkpt>
      <trkpt lat="58.311395" lon="-3.218069">
        <ele>69.983072</ele>
        <time>2023-07-24T22:28:29.260Z</time>
      </trkpt>
      <trkpt lat="58.311813" lon="-3.217032">
        <ele>69.314910</ele>
        <time>2023-07-24T22:28:40.745Z</time>
      </trkpt>
      <trkpt lat="58.312095" lon="-3.216446">
        <ele>68.969958</ele>
        <time>2023-07-24T22:28:47.750Z</time>
      </trkpt>
      <trkpt lat="58.312804" lon="-3.215091">
        <ele>68.313696</ele>
        <time>2023-07-24T22:29:05.561Z</time>
      </trkpt>
      <trkpt lat="58.313136" lon="-3.214590">
        <ele>68.036953</ele>
        <time>2023-07-24T22:29:13.347Z</time>
      </trkpt>
      <trkpt lat="58.314658" lon="-3.212869">
        <ele>68.054401</ele>
        <time>2023-07-24T22:29:50.818Z</time>
      </trkpt>
      <trkpt lat="58.315476" lon="-3.211923">
        <ele>68.477964</ele>
        <time>2023-07-24T22:30:13.235Z</time>
      </trkpt>
      <trkpt lat="58.315862" lon="-3.211277">
        <ele>68.756269</ele>
        <time>2023-07-24T22:30:25.883Z</time>
      </trkpt>
      <trkpt lat="58.316224" lon="-3.210561">
        <ele>69.038938</ele>
        <time>2023-07-24T22:30:38.380Z</time>
      </trkpt>
      <trkpt lat="58.316570" lon="-3.209598">
        <ele>69.269991</ele>
        <time>2023-07-24T22:30:52.652Z</time>
      </trkpt>
      <trkpt lat="58.316944" lon="-3.208600">
        <ele>69.510506</ele>
        <time>2023-07-24T22:31:07.602Z</time>
      </trkpt>
      <trkpt lat="58.317459" lon="-3.207438">
        <ele>69.827435</ele>
        <time>2023-07-24T22:31:25.364Z</time>
      </trkpt>
      <trkpt lat="58.317996" lon="-3.206425">
        <ele>70.167621</ele>
        <time>2023-07-24T22:31:41.658Z</time>
      </trkpt>
      <trkpt lat="58.318689" lon="-3.205481">
        <ele>70.581790</ele>
        <time>2023-07-24T22:32:02.339Z</time>
      </trkpt>
      <trkpt lat="58.319049" lon="-3.205098">
        <ele>71.005424</ele>
        <time>2023-07-24T22:32:13.120Z</time>
      </trkpt>
      <trkpt lat="58.320400" lon="-3.203660">
        <ele>72.416722</ele>
        <time>2023-07-24T22:32:55.334Z</time>
      </trkpt>
      <trkpt lat="58.320776" lon="-3.203073">
        <ele>72.511553</ele>
        <time>2023-07-24T22:33:07.375Z</time>
      </trkpt>
      <trkpt lat="58.321060" lon="-3.202404">
        <ele>72.599665</ele>
        <time>2023-07-24T22:33:17.230Z</time>
      </trkpt>
      <trkpt lat="58.321331" lon="-3.201576">
        <ele>72.699596</ele>
        <time>2023-07-24T22:33:27.048Z</time>
      </trkpt>
      <trkpt lat="58.321861" lon="-3.199861">
        <ele>71.938217</ele>
        <time>2023-07-24T22:33:45.359Z</time>
      </trkpt>
      <trkpt lat="58.322094" lon="-3.199274">
        <ele>71.604366</ele>
        <time>2023-07-24T22:33:51.826Z</time>
      </trkpt>
      <trkpt lat="58.322157" lon="-3.199187">
        <ele>71.537129</ele>
        <time>2023-07-24T22:33:53.124Z</time>
      </trkpt>
      <trkpt lat="58.322315" lon="-3.198967">
        <ele>71.368019</ele>
        <time>2023-07-24T22:33:56.390Z</time>
      </trkpt>
      <trkpt lat="58.322613" lon="-3.198733">
        <ele>71.136903</ele>
        <time>2023-07-24T22:34:01.875Z</time>
      </trkpt>
      <trkpt lat="58.324380" lon="-3.197815">
        <ele>70.608354</ele>
        <time>2023-07-24T22:34:36.944Z</time>
      </trkpt>
      <trkpt lat="58.324669" lon="-3.197555">
        <ele>70.843802</ele>
        <time>2023-07-24T22:34:44.637Z</time>
      </trkpt>
      <trkpt lat="58.324835" lon="-3.197288">
        <ele>71.003862</ele>
        <time>2023-07-24T22:34:50.018Z</time>
      </trkpt>
      <trkpt lat="58.325011" lon="-3.196927">
        <ele>71.194407</ele>
        <time>2023-07-24T22:34:56.607Z</time>
      </trkpt>
      <trkpt lat="58.325361" lon="-3.196034">
        <ele>71.625435</ele>
        <time>2023-07-24T22:35:12.201Z</time>
      </trkpt>
      <trkpt lat="58.325540" lon="-3.195654">
        <ele>71.822896</ele>
        <time>2023-07-24T22:35:19.484Z</time>
      </trkpt>
      <trkpt lat="58.325737" lon="-3.195324">
        <ele>72.007618</ele>
        <time>2023-07-24T22:35:26.653Z</time>
      </trkpt>
      <trkpt lat="58.326322" lon="-3.194577">
        <ele>72.501425</ele>
        <time>2023-07-24T22:35:45.729Z</time>
      </trkpt>
      <trkpt lat="58.326841" lon="-3.193772">
        <ele>72.970707</ele>
        <time>2023-07-24T22:36:01.392Z</time>
      </trkpt>
      <trkpt lat="58.327496" lon="-3.192423">
        <ele>72.886482</ele>
        <time>2023-07-24T22:36:20.658Z</time>
      </trkpt>
      <trkpt lat="58.327752" lon="-3.192055">
        <ele>72.798698</ele>
        <time>2023-07-24T22:36:26.717Z</time>
      </trkpt>
      <trkpt lat="58.328094" lon="-3.191869">
        <ele>72.701351</ele>
        <time>2023-07-24T22:36:33.341Z</time>
      </trkpt>
      <trkpt lat="58.329841" lon="-3.191707">
        <ele>71.813355</ele>
        <time>2023-07-24T22:37:05.795Z</time>
      </trkpt>
      <trkpt lat="58.331581" lon="-3.191397">
        <ele>70.564121</ele>
        <time>2023-07-24T22:37:36.877Z</time>
      </trkpt>
      <trkpt lat="58.331880" lon="-3.191262">
        <ele>70.331132</ele>
        <time>2023-07-24T22:37:42.199Z</time>
      </trkpt>
      <trkpt lat="58.333043" lon="-3.190456">
        <ele>69.457485</ele>
        <time>2023-07-24T22:38:04.173Z</time>
      </trkpt>
      <trkpt lat="58.333101" lon="-3.190413">
        <ele>69.413949</ele>
        <time>2023-07-24T22:38:05.290Z</time>
      </trkpt>
      <trkpt lat="58.333177" lon="-3.190357">
        <ele>69.356947</ele>
        <time>2023-07-24T22:38:06.737Z</time>
      </trkpt>
      <trkpt lat="58.333250" lon="-3.190302">
        <ele>69.302033</ele>
        <time>2023-07-24T22:38:08.156Z</time>
      </trkpt>
      <trkpt lat="58.333744" lon="-3.189951">
        <ele>68.949937</ele>
        <time>2023-07-24T22:38:17.826Z</time>
      </trkpt>
      <trkpt lat="58.334809" lon="-3.189177">
        <ele>68.511353</ele>
        <time>2023-07-24T22:38:39.194Z</time>
      </trkpt>
      <trkpt lat="58.334856" lon="-3.189142">
        <ele>68.491937</ele>
        <time>2023-07-24T22:38:40.158Z</time>
      </trkpt>
      <trkpt lat="58.334936" lon="-3.189083">
        <ele>68.458929</ele>
        <time>2023-07-24T22:38:41.801Z</time>
      </trkpt>
      <trkpt lat="58.335299" lon="-3.188812">
        <ele>68.308917</ele>
        <time>2023-07-24T22:38:49.359Z</time>
      </trkpt>
      <trkpt lat="58.335572" lon="-3.188520">
        <ele>68.313558</ele>
        <time>2023-07-24T22:38:55.487Z</time>
      </trkpt>
      <trkpt lat="58.335895" lon="-3.187906">
        <ele>68.382395</ele>
        <time>2023-07-24T22:39:04.569Z</time>
      </trkpt>
      <trkpt lat="58.336631" lon="-3.186159">
        <ele>68.661994</ele>
        <time>2023-07-24T22:39:30.597Z</time>
      </trkpt>
      <trkpt lat="58.336836" lon="-3.185672">
        <ele>69.210450</ele>
        <time>2023-07-24T22:39:38.604Z</time>
      </trkpt>
      <trkpt lat="58.337900" lon="-3.183148">
        <ele>72.547384</ele>
        <time>2023-07-24T22:40:32.755Z</time>
      </trkpt>
      <trkpt lat="58.338043" lon="-3.182898">
        <ele>73.196048</ele>
        <time>2023-07-24T22:40:40.418Z</time>
      </trkpt>
      <trkpt lat="58.338149" lon="-3.182711">
        <ele>73.678879</ele>
        <time>2023-07-24T22:40:46.352Z</time>
      </trkpt>
      <trkpt lat="58.338631" lon="-3.182242">
        <ele>75.487742</ele>
        <time>2023-07-24T22:41:08.905Z</time>
      </trkpt>
      <trkpt lat="58.338983" lon="-3.181837">
        <ele>76.862071</ele>
        <time>2023-07-24T22:41:26.354Z</time>
      </trkpt>
      <trkpt lat="58.339194" lon="-3.181393">
        <ele>77.778338</ele>
        <time>2023-07-24T22:41:39.760Z</time>
      </trkpt>
      <trkpt lat="58.339287" lon="-3.180924">
        <ele>78.311446</ele>
        <time>2023-07-24T22:41:50.936Z</time>
      </trkpt>
      <trkpt lat="58.339267" lon="-3.180341">
        <ele>78.932695</ele>
        <time>2023-07-24T22:42:03.110Z</time>
      </trkpt>
      <trkpt lat="58.339134" lon="-3.179596">
        <ele>79.769451</ele>
        <time>2023-07-24T22:42:18.321Z</time>
      </trkpt>
      <trkpt lat="58.338384" lon="-3.176529">
        <ele>80.419318</ele>
        <time>2023-07-24T22:42:55.296Z</time>
      </trkpt>
      <trkpt lat="58.338309" lon="-3.175831">
        <ele>80.139138</ele>
        <time>2023-07-24T22:43:01.018Z</time>
      </trkpt>
      <trkpt lat="58.338326" lon="-3.175146">
        <ele>79.869461</ele>
        <time>2023-07-24T22:43:06.625Z</time>
      </trkpt>
      <trkpt lat="58.338425" lon="-3.174627">
        <ele>79.633793</ele>
        <time>2023-07-24T22:43:11.143Z</time>
      </trkpt>
      <trkpt lat="58.338660" lon="-3.174104">
        <ele>79.339790</ele>
        <time>2023-07-24T22:43:16.956Z</time>
      </trkpt>
      <trkpt lat="58.339613" lon="-3.172967">
        <ele>78.424959</ele>
        <time>2023-07-24T22:43:37.033Z</time>
      </trkpt>
      <trkpt lat="58.340600" lon="-3.171630">
        <ele>79.384755</ele>
        <time>2023-07-24T22:44:12.270Z</time>
      </trkpt>
      <trkpt lat="58.341332" lon="-3.170750">
        <ele>79.795531</ele>
        <time>2023-07-24T22:44:32.686Z</time>
      </trkpt>
      <trkpt lat="58.343881" lon="-3.167882">
        <ele>78.242837</ele>
        <time>2023-07-24T22:45:26.390Z</time>
      </trkpt>
      <trkpt lat="58.345344" lon="-3.166539">
        <ele>76.678272</ele>
        <time>2023-07-24T22:45:54.885Z</time>
      </trkpt>
      <trkpt lat="58.345397" lon="-3.166491">
        <ele>76.616617</ele>
        <time>2023-07-24T22:45:55.880Z</time>
      </trkpt>
      <trkpt lat="58.345887" lon="-3.166005">
        <ele>75.958191</ele>
        <time>2023-07-24T22:46:04.716Z</time>
      </trkpt>
      <trkpt lat="58.346286" lon="-3.165491">
        <ele>74.728554</ele>
        <time>2023-07-24T22:46:12.337Z</time>
      </trkpt>
      <trkpt lat="58.346954" lon="-3.164199">
        <ele>72.298498</ele>
        <time>2023-07-24T22:46:26.632Z</time>
      </trkpt>
      <trkpt lat="58.347494" lon="-3.163021">
        <ele>69.580891</ele>
        <time>2023-07-24T22:46:37.768Z</time>
      </trkpt>
      <trkpt lat="58.347569" lon="-3.162854">
        <ele>69.145045</ele>
        <time>2023-07-24T22:46:39.239Z</time>
      </trkpt>
      <trkpt lat="58.347423" lon="-3.162861">
        <ele>68.593202</ele>
        <time>2023-07-24T22:46:41.867Z</time>
      </trkpt>
      <trkpt lat="58.346479" lon="-3.163336">
        <ele>64.903996</ele>
        <time>2023-07-24T22:47:01.199Z</time>
      </trkpt>
      <trkpt lat="58.346331" lon="-3.162816">
        <ele>64.918445</ele>
        <time>2023-07-24T22:47:47.441Z</time>
      </trkpt>
      <trkpt lat="58.346214" lon="-3.162800">
        <ele>65.017015</ele>
        <time>2023-07-24T22:48:04.443Z</time>
      </trkpt>
      <trkpt lat="58.346029" lon="-3.162927">
        <ele>65.182253</ele>
        <time>2023-07-24T22:48:35.696Z</time>
      </trkpt>
      <trkpt lat="58.346214" lon="-3.162800">
        <ele>65.347492</ele>
        <time>2023-07-24T22:49:05.630Z</time>
      </trkpt>
      <trkpt lat="58.346331" lon="-3.162816">
        <ele>65.446062</ele>
        <time>2023-07-24T22:49:25.392Z</time>
      </trkpt>
      <trkpt lat="58.346479" lon="-3.163336">
        <ele>65.706927</ele>
        <time>2023-07-24T22:50:15.451Z</time>
      </trkpt>
      <trkpt lat="58.347423" lon="-3.162861">
        <ele>67.439502</ele>
        <time>2023-07-24T22:51:00.872Z</time>
      </trkpt>
      <trkpt lat="58.347569" lon="-3.162854">
        <ele>67.919254</ele>
        <time>2023-07-24T22:51:09.933Z</time>
      </trkpt>
      <trkpt lat="58.348065" lon="-3.161801">
        <ele>70.358422</ele>
        <time>2023-07-24T22:51:41.949Z</time>
      </trkpt>
      <trkpt lat="58.348338" lon="-3.161310">
        <ele>71.591543</ele>
        <time>2023-07-24T22:51:54.701Z</time>
      </trkpt>
      <trkpt lat="58.348666" lon="-3.160892">
        <ele>72.530266</ele>
        <time>2023-07-24T22:52:06.758Z</time>
      </trkpt>
      <trkpt lat="58.349500" lon="-3.160044">
        <ele>74.185387</ele>
        <time>2023-07-24T22:52:35.360Z</time>
      </trkpt>
      <trkpt lat="58.350963" lon="-3.158567">
        <ele>76.339247</ele>
        <time>2023-07-24T22:53:24.485Z</time>
      </trkpt>
      <trkpt lat="58.351882" lon="-3.157795">
        <ele>77.051709</ele>
        <time>2023-07-24T22:53:47.828Z</time>
      </trkpt>
      <trkpt lat="58.352416" lon="-3.157541">
        <ele>76.880783</ele>
        <time>2023-07-24T22:53:58.479Z</time>
      </trkpt>
      <trkpt lat="58.353732" lon="-3.157103">
        <ele>76.623707</ele>
        <time>2023-07-24T22:54:22.643Z</time>
      </trkpt>
      <trkpt lat="58.354341" lon="-3.156813">
        <ele>76.730225</ele>
        <time>2023-07-24T22:54:35.153Z</time>
      </trkpt>
      <trkpt lat="58.355550" lon="-3.156236">
        <ele>77.445405</ele>
        <time>2023-07-24T22:55:05.693Z</time>
      </trkpt>
      <trkpt lat="58.357679" lon="-3.155474">
        <ele>81.179663</ele>
        <time>2023-07-24T22:56:10.829Z</time>
      </trkpt>
      <trkpt lat="58.358064" lon="-3.155131">
        <ele>82.148398</ele>
        <time>2023-07-24T22:56:25.563Z</time>
      </trkpt>
      <trkpt lat="58.358431" lon="-3.154682">
        <ele>83.142461</ele>
        <time>2023-07-24T22:56:41.448Z</time>
      </trkpt>
      <trkpt lat="58.358671" lon="-3.154364">
        <ele>83.923054</ele>
        <time>2023-07-24T22:56:52.620Z</time>
      </trkpt>
      <trkpt lat="58.358858" lon="-3.154251">
        <ele>84.547861</ele>
        <time>2023-07-24T22:57:00.230Z</time>
      </trkpt>
      <trkpt lat="58.359102" lon="-3.154193">
        <ele>85.331023</ele>
        <time>2023-07-24T22:57:09.704Z</time>
      </trkpt>
      <trkpt lat="58.359351" lon="-3.154207">
        <ele>86.124436</ele>
        <time>2023-07-24T22:57:19.426Z</time>
      </trkpt>
      <trkpt lat="58.360208" lon="-3.154207">
        <ele>88.853991</ele>
        <time>2023-07-24T22:57:53.163Z</time>
      </trkpt>
      <trkpt lat="58.360387" lon="-3.154148">
        <ele>89.406064</ele>
        <time>2023-07-24T22:58:00.336Z</time>
      </trkpt>
      <trkpt lat="58.361351" lon="-3.153832">
        <ele>92.070152</ele>
        <time>2023-07-24T22:58:36.803Z</time>
      </trkpt>
      <trkpt lat="58.361894" lon="-3.153827">
        <ele>93.549086</ele>
        <time>2023-07-24T22:58:55.691Z</time>
      </trkpt>
      <trkpt lat="58.362306" lon="-3.153841">
        <ele>94.445641</ele>
        <time>2023-07-24T22:59:09.303Z</time>
      </trkpt>
      <trkpt lat="58.363475" lon="-3.154135">
        <ele>96.270864</ele>
        <time>2023-07-24T22:59:44.571Z</time>
      </trkpt>
      <trkpt lat="58.364143" lon="-3.154251">
        <ele>96.913459</ele>
        <time>2023-07-24T23:00:02.244Z</time>
      </trkpt>
      <trkpt lat="58.364551" lon="-3.154229">
        <ele>96.881336</ele>
        <time>2023-07-24T23:00:11.749Z</time>
      </trkpt>
      <trkpt lat="58.365453" lon="-3.154138">
        <ele>96.810248</ele>
        <time>2023-07-24T23:00:29.597Z</time>
      </trkpt>
      <trkpt lat="58.367147" lon="-3.153957">
        <ele>94.292509</ele>
        <time>2023-07-24T23:00:57.133Z</time>
      </trkpt>
      <trkpt lat="58.367598" lon="-3.153907">
        <ele>93.380018</ele>
        <time>2023-07-24T23:01:03.681Z</time>
      </trkpt>
      <trkpt lat="58.367938" lon="-3.153747">
        <ele>92.329309</ele>
        <time>2023-07-24T23:01:08.716Z</time>
      </trkpt>
      <trkpt lat="58.368220" lon="-3.153446">
        <ele>91.359679</ele>
        <time>2023-07-24T23:01:13.334Z</time>
      </trkpt>
      <trkpt lat="58.368912" lon="-3.152562">
        <ele>88.860588</ele>
        <time>2023-07-24T23:01:25.112Z</time>
      </trkpt>
      <trkpt lat="58.369246" lon="-3.152405">
        <ele>87.888015</ele>
        <time>2023-07-24T23:01:30.028Z</time>
      </trkpt>
      <trkpt lat="58.369528" lon="-3.152379">
        <ele>87.147638</ele>
        <time>2023-07-24T23:01:34.097Z</time>
      </trkpt>
      <trkpt lat="58.370557" lon="-3.152448">
        <ele>84.447535</ele>
        <time>2023-07-24T23:01:49.285Z</time>
      </trkpt>
      <trkpt lat="58.371846" lon="-3.152436">
        <ele>81.522955</ele>
        <time>2023-07-24T23:02:08.727Z</time>
      </trkpt>
      <trkpt lat="58.373432" lon="-3.152808">
        <ele>78.373948</ele>
        <time>2023-07-24T23:02:33.305Z</time>
      </trkpt>
      <trkpt lat="58.373818" lon="-3.152835">
        <ele>77.688287</ele>
        <time>2023-07-24T23:02:39.347Z</time>
      </trkpt>
      <trkpt lat="58.374133" lon="-3.152722">
        <ele>77.119313</ele>
        <time>2023-07-24T23:02:44.415Z</time>
      </trkpt>
      <trkpt lat="58.374434" lon="-3.152518">
        <ele>76.552260</ele>
        <time>2023-07-24T23:02:49.518Z</time>
      </trkpt>
      <trkpt lat="58.374944" lon="-3.152012">
        <ele>75.799440</ele>
        <time>2023-07-24T23:02:58.824Z</time>
      </trkpt>
      <trkpt lat="58.377274" lon="-3.149698">
        <ele>72.442700</ele>
        <time>2023-07-24T23:03:42.632Z</time>
      </trkpt>
      <trkpt lat="58.378235" lon="-3.148730">
        <ele>71.128026</ele>
        <time>2023-07-24T23:04:00.296Z</time>
      </trkpt>
      <trkpt lat="58.379372" lon="-3.147574">
        <ele>69.718856</ele>
        <time>2023-07-24T23:04:21.980Z</time>
      </trkpt>
      <trkpt lat="58.380841" lon="-3.146081">
        <ele>68.866855</ele>
        <time>2023-07-24T23:04:53.303Z</time>
      </trkpt>
      <trkpt lat="58.382708" lon="-3.144327">
        <ele>68.730610</ele>
        <time>2023-07-24T23:05:35.051Z</time>
      </trkpt>
      <trkpt lat="58.385141" lon="-3.141709">
        <ele>70.123460</ele>
        <time>2023-07-24T23:06:41.181Z</time>
      </trkpt>
      <trkpt lat="58.387666" lon="-3.138880">
        <ele>72.501467</ele>
        <time>2023-07-24T23:07:56.071Z</time>
      </trkpt>
      <trkpt lat="58.388886" lon="-3.137472">
        <ele>73.599310</ele>
        <time>2023-07-24T23:08:33.104Z</time>
      </trkpt>
      <trkpt lat="58.390471" lon="-3.135641">
        <ele>74.124672</ele>
        <time>2023-07-24T23:09:15.092Z</time>
      </trkpt>
      <trkpt lat="58.392131" lon="-3.133777">
        <ele>73.279835</ele>
        <time>2023-07-24T23:09:50.941Z</time>
      </trkpt>
      <trkpt lat="58.393715" lon="-3.132352">
        <ele>71.506610</ele>
        <time>2023-07-24T23:10:20.809Z</time>
      </trkpt>
      <trkpt lat="58.394580" lon="-3.131538">
        <ele>70.122327</ele>
        <time>2023-07-24T23:10:36.408Z</time>
      </trkpt>
      <trkpt lat="58.394770" lon="-3.131275">
        <ele>69.785430</ele>
        <time>2023-07-24T23:10:40.091Z</time>
      </trkpt>
      <trkpt lat="58.394906" lon="-3.131087">
        <ele>69.544394</ele>
        <time>2023-07-24T23:10:42.712Z</time>
      </trkpt>
      <trkpt lat="58.395094" lon="-3.130723">
        <ele>69.079821</ele>
        <time>2023-07-24T23:10:46.883Z</time>
      </trkpt>
      <trkpt lat="58.395988" lon="-3.128818">
        <ele>66.708701</ele>
        <time>2023-07-24T23:11:07.681Z</time>
      </trkpt>
      <trkpt lat="58.397964" lon="-3.125361">
        <ele>62.531535</ele>
        <time>2023-07-24T23:11:51.063Z</time>
      </trkpt>
      <trkpt lat="58.400953" lon="-3.119876">
        <ele>56.056395</ele>
        <time>2023-07-24T23:12:57.018Z</time>
      </trkpt>
      <trkpt lat="58.401270" lon="-3.119339">
        <ele>55.426189</ele>
        <time>2023-07-24T23:13:03.928Z</time>
      </trkpt>
      <trkpt lat="58.401602" lon="-3.118867">
        <ele>55.031630</ele>
        <time>2023-07-24T23:13:10.847Z</time>
      </trkpt>
      <trkpt lat="58.402012" lon="-3.118470">
        <ele>54.751084</ele>
        <time>2023-07-24T23:13:18.862Z</time>
      </trkpt>
      <trkpt lat="58.403032" lon="-3.117966">
        <ele>54.108143</ele>
        <time>2023-07-24T23:13:38.772Z</time>
      </trkpt>
      <trkpt lat="58.403339" lon="-3.117714">
        <ele>54.094993</ele>
        <time>2023-07-24T23:13:45.778Z</time>
      </trkpt>
      <trkpt lat="58.405354" lon="-3.115665">
        <ele>54.067490</ele>
        <time>2023-07-24T23:14:34.459Z</time>
      </trkpt>
      <trkpt lat="58.406500" lon="-3.114320">
        <ele>53.577685</ele>
        <time>2023-07-24T23:15:01.145Z</time>
      </trkpt>
      <trkpt lat="58.406294" lon="-3.113497">
        <ele>52.989634</ele>
        <time>2023-07-24T23:15:09.464Z</time>
      </trkpt>
      <trkpt lat="58.406500" lon="-3.114320">
        <ele>52.401584</ele>
        <time>2023-07-24T23:15:17.280Z</time>
      </trkpt>
      <trkpt lat="58.406804" lon="-3.113969">
        <ele>51.964357</ele>
        <time>2023-07-24T23:15:22.913Z</time>
      </trkpt>
      <trkpt lat="58.408313" lon="-3.112598">
        <ele>48.105632</ele>
        <time>2023-07-24T23:15:47.574Z</time>
      </trkpt>
      <trkpt lat="58.409513" lon="-3.111564">
        <ele>45.237921</ele>
        <time>2023-07-24T23:16:07.234Z</time>
      </trkpt>
      <trkpt lat="58.409603" lon="-3.111487">
        <ele>45.029620</ele>
        <time>2023-07-24T23:16:08.711Z</time>
      </trkpt>
      <trkpt lat="58.409847" lon="-3.111277">
        <ele>44.464328</ele>
        <time>2023-07-24T23:16:12.862Z</time>
      </trkpt>
      <trkpt lat="58.412060" lon="-3.109348">
        <ele>40.519285</ele>
        <time>2023-07-24T23:16:51.926Z</time>
      </trkpt>
      <trkpt lat="58.414801" lon="-3.106946">
        <ele>35.983702</ele>
        <time>2023-07-24T23:17:40.819Z</time>
      </trkpt>
      <trkpt lat="58.416577" lon="-3.105399">
        <ele>32.649920</ele>
        <time>2023-07-24T23:18:11.403Z</time>
      </trkpt>
      <trkpt lat="58.418325" lon="-3.103879">
        <ele>29.534585</ele>
        <time>2023-07-24T23:18:41.918Z</time>
      </trkpt>
      <trkpt lat="58.419757" lon="-3.102727">
        <ele>27.432680</ele>
        <time>2023-07-24T23:19:07.084Z</time>
      </trkpt>
      <trkpt lat="58.419810" lon="-3.102685">
        <ele>27.355756</ele>
        <time>2023-07-24T23:19:08.048Z</time>
      </trkpt>
      <trkpt lat="58.419889" lon="-3.102624">
        <ele>27.241523</ele>
        <time>2023-07-24T23:19:09.508Z</time>
      </trkpt>
      <trkpt lat="58.420448" lon="-3.102191">
        <ele>26.847481</ele>
        <time>2023-07-24T23:19:19.964Z</time>
      </trkpt>
      <trkpt lat="58.421949" lon="-3.101019">
        <ele>26.430977</ele>
        <time>2023-07-24T23:19:51.821Z</time>
      </trkpt>
      <trkpt lat="58.424033" lon="-3.099480">
        <ele>27.843247</ele>
        <time>2023-07-24T23:20:45.254Z</time>
      </trkpt>
      <trkpt lat="58.426387" lon="-3.098300">
        <ele>30.796836</ele>
        <time>2023-07-24T23:21:57.183Z</time>
      </trkpt>
      <trkpt lat="58.427106" lon="-3.097731">
        <ele>31.249367</ele>
        <time>2023-07-24T23:22:16.395Z</time>
      </trkpt>
      <trkpt lat="58.428187" lon="-3.096702">
        <ele>30.679755</ele>
        <time>2023-07-24T23:22:38.610Z</time>
      </trkpt>
      <trkpt lat="58.428949" lon="-3.096002">
        <ele>29.512905</ele>
        <time>2023-07-24T23:22:52.104Z</time>
      </trkpt>
      <trkpt lat="58.429189" lon="-3.095868">
        <ele>29.051344</ele>
        <time>2023-07-24T23:22:55.979Z</time>
      </trkpt>
      <trkpt lat="58.429393" lon="-3.095808">
        <ele>28.670338</ele>
        <time>2023-07-24T23:22:59.125Z</time>
      </trkpt>
      <trkpt lat="58.430129" lon="-3.095763">
        <ele>27.311045</ele>
        <time>2023-07-24T23:23:10.237Z</time>
      </trkpt>
      <trkpt lat="58.430456" lon="-3.095747">
        <ele>26.934365</ele>
        <time>2023-07-24T23:23:15.301Z</time>
      </trkpt>
      <trkpt lat="58.430861" lon="-3.095681">
        <ele>26.513573</ele>
        <time>2023-07-24T23:23:21.721Z</time>
      </trkpt>
      <trkpt lat="58.431279" lon="-3.095484">
        <ele>26.067871</ele>
        <time>2023-07-24T23:23:28.757Z</time>
      </trkpt>
      <trkpt lat="58.430547" lon="-3.092813">
        <ele>26.368196</ele>
        <time>2023-07-24T23:24:13.719Z</time>
      </trkpt>
      <trkpt lat="58.430550" lon="-3.092737">
        <ele>26.412942</ele>
        <time>2023-07-24T23:24:15.262Z</time>
      </trkpt>
      <trkpt lat="58.430585" lon="-3.092691">
        <ele>26.460586</ele>
        <time>2023-07-24T23:24:16.921Z</time>
      </trkpt>
      <trkpt lat="58.431334" lon="-3.091960">
        <ele>27.417091</ele>
        <time>2023-07-24T23:24:51.531Z</time>
      </trkpt>
      <trkpt lat="58.431648" lon="-3.091654">
        <ele>28.027468</ele>
        <time>2023-07-24T23:25:06.459Z</time>
      </trkpt>
      <trkpt lat="58.432626" lon="-3.090699">
        <ele>29.929363</ele>
        <time>2023-07-24T23:25:50.449Z</time>
      </trkpt>
      <trkpt lat="58.432672" lon="-3.090651">
        <ele>30.020123</ele>
        <time>2023-07-24T23:25:52.313Z</time>
      </trkpt>
      <trkpt lat="58.433352" lon="-3.090018">
        <ele>29.926034</ele>
        <time>2023-07-24T23:26:14.609Z</time>
      </trkpt>
      <trkpt lat="58.433909" lon="-3.089491">
        <ele>29.194982</ele>
        <time>2023-07-24T23:26:29.040Z</time>
      </trkpt>
      <trkpt lat="58.434118" lon="-3.089294">
        <ele>28.920877</ele>
        <time>2023-07-24T23:26:34.025Z</time>
      </trkpt>
      <trkpt lat="58.434403" lon="-3.089021">
        <ele>28.545901</ele>
        <time>2023-07-24T23:26:40.860Z</time>
      </trkpt>
      <trkpt lat="58.434825" lon="-3.088619">
        <ele>27.766632</ele>
        <time>2023-07-24T23:26:51.018Z</time>
      </trkpt>
      <trkpt lat="58.435174" lon="-3.088277">
        <ele>27.037634</ele>
        <time>2023-07-24T23:26:59.635Z</time>
      </trkpt>
      <trkpt lat="58.435464" lon="-3.088007">
        <ele>26.438050</ele>
        <time>2023-07-24T23:27:04.596Z</time>
      </trkpt>
      <trkpt lat="58.435609" lon="-3.087871">
        <ele>26.137830</ele>
        <time>2023-07-24T23:27:07.107Z</time>
      </trkpt>
      <trkpt lat="58.436112" lon="-3.087395">
        <ele>25.094566</ele>
        <time>2023-07-24T23:27:15.961Z</time>
      </trkpt>
      <trkpt lat="58.436476" lon="-3.087052">
        <ele>24.823833</ele>
        <time>2023-07-24T23:27:23.033Z</time>
      </trkpt>
      <trkpt lat="58.436713" lon="-3.086826">
        <ele>24.673915</ele>
        <time>2023-07-24T23:27:27.887Z</time>
      </trkpt>
      <trkpt lat="58.437331" lon="-3.086254">
        <ele>24.285253</ele>
        <time>2023-07-24T23:27:41.395Z</time>
      </trkpt>
      <trkpt lat="58.437513" lon="-3.086957">
        <ele>24.052908</ele>
        <time>2023-07-24T23:27:52.375Z</time>
      </trkpt>
      <trkpt lat="58.437669" lon="-3.086820">
        <ele>24.017594</ele>
        <time>2023-07-24T23:27:56.698Z</time>
      </trkpt>
      <trkpt lat="58.437754" lon="-3.086899">
        <ele>24.017594</ele>
        <time>2023-07-24T23:27:59.166Z</time>
      </trkpt>
      <trkpt lat="58.438088" lon="-3.088226">
        <ele>24.017594</ele>
        <time>2023-07-24T23:28:19.969Z</time>
      </trkpt>
      <trkpt lat="58.438382" lon="-3.087955">
        <ele>24.017594</ele>
        <time>2023-07-24T23:28:29.581Z</time>
      </trkpt>
    </trkseg>
  </trk>
</gpx>