<?xml version='1.0' encoding='UTF-8'?>
<gpx version="1.1" creator="https://www.komoot.de" xmlns="http://www.topografix.com/GPX/1/1" xmlns:xsi="http://www.w3.org/2001/XMLSchema-instance" xsi:schemaLocation="http://www.topografix.com/GPX/1/1 http://www.topografix.com/GPX/1/1/gpx.xsd">
  <metadata>
    <name>From Old Town to Dalwhinnie</name>
    <author>
      <link href="https://www.komoot.de">
        <text>komoot</text>
        <type>text/html</type>
      </link>
    </author>
  </metadata>
  <trk>
    <name>From Old Town to Dalwhinnie</name>
    <trkseg>
      <trkpt lat="55.951399" lon="-3.191423">
        <ele>64.867981</ele>
        <time>2023-07-21T18:31:20.330Z</time>
      </trkpt>
      <trkpt lat="55.951534" lon="-3.191487">
        <ele>64.867981</ele>
        <time>2023-07-21T18:31:30.012Z</time>
      </trkpt>
      <trkpt lat="55.951515" lon="-3.191607">
        <ele>64.867981</ele>
        <time>2023-07-21T18:31:34.852Z</time>
      </trkpt>
      <trkpt lat="55.951566" lon="-3.191631">
        <ele>64.867981</ele>
        <time>2023-07-21T18:31:35.325Z</time>
      </trkpt>
      <trkpt lat="55.951853" lon="-3.191768">
        <ele>64.867981</ele>
        <time>2023-07-21T18:31:39.203Z</time>
      </trkpt>
      <trkpt lat="55.951907" lon="-3.191794">
        <ele>64.867981</ele>
        <time>2023-07-21T18:31:39.729Z</time>
      </trkpt>
      <trkpt lat="55.952135" lon="-3.191911">
        <ele>64.867981</ele>
        <time>2023-07-21T18:31:41.779Z</time>
      </trkpt>
      <trkpt lat="55.952252" lon="-3.191972">
        <ele>64.843317</ele>
        <time>2023-07-21T18:31:42.944Z</time>
      </trkpt>
      <trkpt lat="55.952341" lon="-3.192019">
        <ele>64.812806</ele>
        <time>2023-07-21T18:31:43.954Z</time>
      </trkpt>
      <trkpt lat="55.952421" lon="-3.192062">
        <ele>64.785340</ele>
        <time>2023-07-21T18:31:44.647Z</time>
      </trkpt>
      <trkpt lat="55.952458" lon="-3.192081">
        <ele>64.772684</ele>
        <time>2023-07-21T18:31:44.940Z</time>
      </trkpt>
      <trkpt lat="55.952598" lon="-3.192153">
        <ele>64.724789</ele>
        <time>2023-07-21T18:31:46.265Z</time>
      </trkpt>
      <trkpt lat="55.952730" lon="-3.192222">
        <ele>64.679573</ele>
        <time>2023-07-21T18:31:47.639Z</time>
      </trkpt>
      <trkpt lat="55.952536" lon="-3.193346">
        <ele>64.463081</ele>
        <time>2023-07-21T18:31:54.784Z</time>
      </trkpt>
      <trkpt lat="55.952479" lon="-3.193676">
        <ele>64.399516</ele>
        <time>2023-07-21T18:31:58.532Z</time>
      </trkpt>
      <trkpt lat="55.952224" lon="-3.195155">
        <ele>63.845322</ele>
        <time>2023-07-21T18:32:10.944Z</time>
      </trkpt>
      <trkpt lat="55.952074" lon="-3.196144">
        <ele>63.343148</ele>
        <time>2023-07-21T18:32:16.352Z</time>
      </trkpt>
      <trkpt lat="55.951938" lon="-3.196823">
        <ele>62.989720</ele>
        <time>2023-07-21T18:32:19.999Z</time>
      </trkpt>
      <trkpt lat="55.951886" lon="-3.197064">
        <ele>62.863139</ele>
        <time>2023-07-21T18:32:21.197Z</time>
      </trkpt>
      <trkpt lat="55.951843" lon="-3.197272">
        <ele>62.754471</ele>
        <time>2023-07-21T18:32:22.378Z</time>
      </trkpt>
      <trkpt lat="55.951670" lon="-3.198275">
        <ele>62.090610</ele>
        <time>2023-07-21T18:32:27.646Z</time>
      </trkpt>
      <trkpt lat="55.951514" lon="-3.199214">
        <ele>61.455286</ele>
        <time>2023-07-21T18:32:32.431Z</time>
      </trkpt>
      <trkpt lat="55.951481" lon="-3.199472">
        <ele>61.283624</ele>
        <time>2023-07-21T18:32:33.727Z</time>
      </trkpt>
      <trkpt lat="55.951428" lon="-3.199761">
        <ele>61.086365</ele>
        <time>2023-07-21T18:32:35.344Z</time>
      </trkpt>
      <trkpt lat="55.950921" lon="-3.202695">
        <ele>62.422292</ele>
        <time>2023-07-21T18:33:00.481Z</time>
      </trkpt>
      <trkpt lat="55.950418" lon="-3.205605">
        <ele>66.304791</ele>
        <time>2023-07-21T18:33:36.360Z</time>
      </trkpt>
      <trkpt lat="55.950364" lon="-3.205915">
        <ele>66.783778</ele>
        <time>2023-07-21T18:33:40.322Z</time>
      </trkpt>
      <trkpt lat="55.950198" lon="-3.206935">
        <ele>67.959925</ele>
        <time>2023-07-21T18:33:51.783Z</time>
      </trkpt>
      <trkpt lat="55.950152" lon="-3.207245">
        <ele>68.081626</ele>
        <time>2023-07-21T18:33:55.101Z</time>
      </trkpt>
      <trkpt lat="55.950132" lon="-3.207419">
        <ele>68.149033</ele>
        <time>2023-07-21T18:33:56.767Z</time>
      </trkpt>
      <trkpt lat="55.950099" lon="-3.207772">
        <ele>68.284845</ele>
        <time>2023-07-21T18:34:00.265Z</time>
      </trkpt>
      <trkpt lat="55.950155" lon="-3.208111">
        <ele>68.418972</ele>
        <time>2023-07-21T18:34:03.259Z</time>
      </trkpt>
      <trkpt lat="55.950207" lon="-3.208243">
        <ele>68.480220</ele>
        <time>2023-07-21T18:34:04.660Z</time>
      </trkpt>
      <trkpt lat="55.950220" lon="-3.208274">
        <ele>68.494918</ele>
        <time>2023-07-21T18:34:05.000Z</time>
      </trkpt>
      <trkpt lat="55.950302" lon="-3.208474">
        <ele>68.588987</ele>
        <time>2023-07-21T18:34:06.940Z</time>
      </trkpt>
      <trkpt lat="55.950567" lon="-3.209068">
        <ele>68.877202</ele>
        <time>2023-07-21T18:34:11.795Z</time>
      </trkpt>
      <trkpt lat="55.950577" lon="-3.209090">
        <ele>68.887956</ele>
        <time>2023-07-21T18:34:11.960Z</time>
      </trkpt>
      <trkpt lat="55.950819" lon="-3.209631">
        <ele>68.653595</ele>
        <time>2023-07-21T18:34:15.652Z</time>
      </trkpt>
      <trkpt lat="55.951221" lon="-3.210599">
        <ele>66.989321</ele>
        <time>2023-07-21T18:34:21.417Z</time>
      </trkpt>
      <trkpt lat="55.951435" lon="-3.211237">
        <ele>65.962314</ele>
        <time>2023-07-21T18:34:24.844Z</time>
      </trkpt>
      <trkpt lat="55.951512" lon="-3.211464">
        <ele>65.595813</ele>
        <time>2023-07-21T18:34:26.049Z</time>
      </trkpt>
      <trkpt lat="55.951745" lon="-3.212156">
        <ele>64.509312</ele>
        <time>2023-07-21T18:34:29.680Z</time>
      </trkpt>
      <trkpt lat="55.951861" lon="-3.212522">
        <ele>64.059373</ele>
        <time>2023-07-21T18:34:31.586Z</time>
      </trkpt>
      <trkpt lat="55.951923" lon="-3.212717">
        <ele>63.819467</ele>
        <time>2023-07-21T18:34:32.617Z</time>
      </trkpt>
      <trkpt lat="55.952085" lon="-3.213267">
        <ele>63.154610</ele>
        <time>2023-07-21T18:34:35.609Z</time>
      </trkpt>
      <trkpt lat="55.952094" lon="-3.213645">
        <ele>62.749854</ele>
        <time>2023-07-21T18:34:37.563Z</time>
      </trkpt>
      <trkpt lat="55.952164" lon="-3.213910">
        <ele>62.436384</ele>
        <time>2023-07-21T18:34:39.106Z</time>
      </trkpt>
      <trkpt lat="55.952273" lon="-3.214713">
        <ele>61.552437</ele>
        <time>2023-07-21T18:34:43.386Z</time>
      </trkpt>
      <trkpt lat="55.952283" lon="-3.215041">
        <ele>61.201018</ele>
        <time>2023-07-21T18:34:45.208Z</time>
      </trkpt>
      <trkpt lat="55.952256" lon="-3.215242">
        <ele>61.075548</ele>
        <time>2023-07-21T18:34:46.380Z</time>
      </trkpt>
      <trkpt lat="55.952247" lon="-3.215276">
        <ele>61.055485</ele>
        <time>2023-07-21T18:34:46.601Z</time>
      </trkpt>
      <trkpt lat="55.951773" lon="-3.216096">
        <ele>60.426709</ele>
        <time>2023-07-21T18:34:53.403Z</time>
      </trkpt>
      <trkpt lat="55.951498" lon="-3.216766">
        <ele>59.983511</ele>
        <time>2023-07-21T18:34:58.204Z</time>
      </trkpt>
      <trkpt lat="55.951252" lon="-3.217340">
        <ele>59.597871</ele>
        <time>2023-07-21T18:35:02.376Z</time>
      </trkpt>
      <trkpt lat="55.951166" lon="-3.217612">
        <ele>59.362274</ele>
        <time>2023-07-21T18:35:04.121Z</time>
      </trkpt>
      <trkpt lat="55.951144" lon="-3.217860">
        <ele>58.868251</ele>
        <time>2023-07-21T18:35:05.399Z</time>
      </trkpt>
      <trkpt lat="55.951132" lon="-3.219099">
        <ele>56.430173</ele>
        <time>2023-07-21T18:35:11.160Z</time>
      </trkpt>
      <trkpt lat="55.951110" lon="-3.219615">
        <ele>55.412011</ele>
        <time>2023-07-21T18:35:13.362Z</time>
      </trkpt>
      <trkpt lat="55.951083" lon="-3.220223">
        <ele>54.212022</ele>
        <time>2023-07-21T18:35:15.919Z</time>
      </trkpt>
      <trkpt lat="55.951046" lon="-3.220962">
        <ele>52.974336</ele>
        <time>2023-07-21T18:35:19.028Z</time>
      </trkpt>
      <trkpt lat="55.950970" lon="-3.221194">
        <ele>52.751193</ele>
        <time>2023-07-21T18:35:20.231Z</time>
      </trkpt>
      <trkpt lat="55.950988" lon="-3.221302">
        <ele>52.657647</ele>
        <time>2023-07-21T18:35:20.711Z</time>
      </trkpt>
      <trkpt lat="55.950979" lon="-3.221442">
        <ele>52.540659</ele>
        <time>2023-07-21T18:35:21.303Z</time>
      </trkpt>
      <trkpt lat="55.950861" lon="-3.222244">
        <ele>51.852255</ele>
        <time>2023-07-21T18:35:25.148Z</time>
      </trkpt>
      <trkpt lat="55.950818" lon="-3.222469">
        <ele>51.654885</ele>
        <time>2023-07-21T18:35:26.630Z</time>
      </trkpt>
      <trkpt lat="55.950753" lon="-3.222671">
        <ele>51.461467</ele>
        <time>2023-07-21T18:35:27.831Z</time>
      </trkpt>
      <trkpt lat="55.950566" lon="-3.223240">
        <ele>50.913734</ele>
        <time>2023-07-21T18:35:32.651Z</time>
      </trkpt>
      <trkpt lat="55.950452" lon="-3.223587">
        <ele>50.579732</ele>
        <time>2023-07-21T18:35:36.458Z</time>
      </trkpt>
      <trkpt lat="55.950397" lon="-3.223969">
        <ele>50.957922</ele>
        <time>2023-07-21T18:35:39.857Z</time>
      </trkpt>
      <trkpt lat="55.950399" lon="-3.224147">
        <ele>51.290085</ele>
        <time>2023-07-21T18:35:41.823Z</time>
      </trkpt>
      <trkpt lat="55.950450" lon="-3.224347">
        <ele>51.700102</ele>
        <time>2023-07-21T18:35:44.414Z</time>
      </trkpt>
      <trkpt lat="55.950701" lon="-3.224711">
        <ele>52.777466</ele>
        <time>2023-07-21T18:35:52.435Z</time>
      </trkpt>
      <trkpt lat="55.950722" lon="-3.224733">
        <ele>52.858591</ele>
        <time>2023-07-21T18:35:53.056Z</time>
      </trkpt>
      <trkpt lat="55.951143" lon="-3.225166">
        <ele>54.477405</ele>
        <time>2023-07-21T18:36:05.964Z</time>
      </trkpt>
      <trkpt lat="55.951947" lon="-3.225978">
        <ele>56.572905</ele>
        <time>2023-07-21T18:36:27.857Z</time>
      </trkpt>
      <trkpt lat="55.952147" lon="-3.226222">
        <ele>56.654164</ele>
        <time>2023-07-21T18:36:32.205Z</time>
      </trkpt>
      <trkpt lat="55.952175" lon="-3.226261">
        <ele>56.666076</ele>
        <time>2023-07-21T18:36:32.728Z</time>
      </trkpt>
      <trkpt lat="55.952502" lon="-3.226776">
        <ele>56.812343</ele>
        <time>2023-07-21T18:36:38.133Z</time>
      </trkpt>
      <trkpt lat="55.952624" lon="-3.227002">
        <ele>56.871312</ele>
        <time>2023-07-21T18:36:39.865Z</time>
      </trkpt>
      <trkpt lat="55.952884" lon="-3.227529">
        <ele>57.003252</ele>
        <time>2023-07-21T18:36:43.522Z</time>
      </trkpt>
      <trkpt lat="55.953079" lon="-3.227977">
        <ele>56.671368</ele>
        <time>2023-07-21T18:36:46.284Z</time>
      </trkpt>
      <trkpt lat="55.953626" lon="-3.229225">
        <ele>53.965590</ele>
        <time>2023-07-21T18:36:53.514Z</time>
      </trkpt>
      <trkpt lat="55.953764" lon="-3.229491">
        <ele>53.346496</ele>
        <time>2023-07-21T18:36:55.133Z</time>
      </trkpt>
      <trkpt lat="55.954040" lon="-3.229875">
        <ele>52.279720</ele>
        <time>2023-07-21T18:36:57.926Z</time>
      </trkpt>
      <trkpt lat="55.954354" lon="-3.230300">
        <ele>51.120819</ele>
        <time>2023-07-21T18:37:01.075Z</time>
      </trkpt>
      <trkpt lat="55.954469" lon="-3.230523">
        <ele>50.646830</ele>
        <time>2023-07-21T18:37:02.433Z</time>
      </trkpt>
      <trkpt lat="55.954488" lon="-3.230611">
        <ele>50.499379</ele>
        <time>2023-07-21T18:37:02.857Z</time>
      </trkpt>
      <trkpt lat="55.954570" lon="-3.230987">
        <ele>49.868537</ele>
        <time>2023-07-21T18:37:04.667Z</time>
      </trkpt>
      <trkpt lat="55.954599" lon="-3.231465">
        <ele>49.116883</ele>
        <time>2023-07-21T18:37:06.842Z</time>
      </trkpt>
      <trkpt lat="55.954602" lon="-3.231645">
        <ele>48.835356</ele>
        <time>2023-07-21T18:37:07.651Z</time>
      </trkpt>
      <trkpt lat="55.954601" lon="-3.232075">
        <ele>48.163112</ele>
        <time>2023-07-21T18:37:10.514Z</time>
      </trkpt>
      <trkpt lat="55.954603" lon="-3.234108">
        <ele>46.024338</ele>
        <time>2023-07-21T18:37:25.132Z</time>
      </trkpt>
      <trkpt lat="55.954613" lon="-3.234393">
        <ele>45.872656</ele>
        <time>2023-07-21T18:37:27.393Z</time>
      </trkpt>
      <trkpt lat="55.954652" lon="-3.234955">
        <ele>45.571851</ele>
        <time>2023-07-21T18:37:31.928Z</time>
      </trkpt>
      <trkpt lat="55.954688" lon="-3.235344">
        <ele>45.362419</ele>
        <time>2023-07-21T18:37:35.131Z</time>
      </trkpt>
      <trkpt lat="55.954823" lon="-3.236458">
        <ele>44.927017</ele>
        <time>2023-07-21T18:37:44.618Z</time>
      </trkpt>
      <trkpt lat="55.955078" lon="-3.237983">
        <ele>45.582355</ele>
        <time>2023-07-21T18:37:59.548Z</time>
      </trkpt>
      <trkpt lat="55.955332" lon="-3.239248">
        <ele>46.135710</ele>
        <time>2023-07-21T18:38:14.604Z</time>
      </trkpt>
      <trkpt lat="55.955381" lon="-3.239467">
        <ele>46.359138</ele>
        <time>2023-07-21T18:38:17.680Z</time>
      </trkpt>
      <trkpt lat="55.955584" lon="-3.240273">
        <ele>47.526983</ele>
        <time>2023-07-21T18:38:30.457Z</time>
      </trkpt>
      <trkpt lat="55.955923" lon="-3.241600">
        <ele>49.454373</ele>
        <time>2023-07-21T18:38:50.899Z</time>
      </trkpt>
      <trkpt lat="55.955954" lon="-3.241712">
        <ele>49.619465</ele>
        <time>2023-07-21T18:38:52.535Z</time>
      </trkpt>
      <trkpt lat="55.956035" lon="-3.241963">
        <ele>50.002284</ele>
        <time>2023-07-21T18:38:55.753Z</time>
      </trkpt>
      <trkpt lat="55.956113" lon="-3.242256">
        <ele>50.421258</ele>
        <time>2023-07-21T18:38:58.887Z</time>
      </trkpt>
      <trkpt lat="55.956154" lon="-3.242402">
        <ele>50.427675</ele>
        <time>2023-07-21T18:39:00.507Z</time>
      </trkpt>
      <trkpt lat="55.956208" lon="-3.242616">
        <ele>50.436897</ele>
        <time>2023-07-21T18:39:02.884Z</time>
      </trkpt>
      <trkpt lat="55.956389" lon="-3.242669">
        <ele>50.449769</ele>
        <time>2023-07-21T18:39:05.531Z</time>
      </trkpt>
      <trkpt lat="55.956496" lon="-3.242756">
        <ele>50.458019</ele>
        <time>2023-07-21T18:39:07.415Z</time>
      </trkpt>
      <trkpt lat="55.956682" lon="-3.243285">
        <ele>50.482561</ele>
        <time>2023-07-21T18:39:11.874Z</time>
      </trkpt>
      <trkpt lat="55.956824" lon="-3.243472">
        <ele>50.494942</ele>
        <time>2023-07-21T18:39:13.828Z</time>
      </trkpt>
      <trkpt lat="55.957437" lon="-3.244276">
        <ele>50.537928</ele>
        <time>2023-07-21T18:39:21.373Z</time>
      </trkpt>
      <trkpt lat="55.957636" lon="-3.244465">
        <ele>50.408010</ele>
        <time>2023-07-21T18:39:23.376Z</time>
      </trkpt>
      <trkpt lat="55.957864" lon="-3.244505">
        <ele>50.275947</ele>
        <time>2023-07-21T18:39:25.419Z</time>
      </trkpt>
      <trkpt lat="55.958286" lon="-3.244503">
        <ele>50.032686</ele>
        <time>2023-07-21T18:39:29.378Z</time>
      </trkpt>
      <trkpt lat="55.958335" lon="-3.244712">
        <ele>49.959567</ele>
        <time>2023-07-21T18:39:30.657Z</time>
      </trkpt>
      <trkpt lat="55.958337" lon="-3.244949">
        <ele>49.883080</ele>
        <time>2023-07-21T18:39:31.985Z</time>
      </trkpt>
      <trkpt lat="55.958317" lon="-3.245204">
        <ele>49.799990</ele>
        <time>2023-07-21T18:39:33.576Z</time>
      </trkpt>
      <trkpt lat="55.958518" lon="-3.245293">
        <ele>49.680618</ele>
        <time>2023-07-21T18:39:35.938Z</time>
      </trkpt>
      <trkpt lat="55.958703" lon="-3.245437">
        <ele>49.564291</ele>
        <time>2023-07-21T18:39:38.600Z</time>
      </trkpt>
      <trkpt lat="55.959336" lon="-3.246031">
        <ele>50.668764</ele>
        <time>2023-07-21T18:39:50.147Z</time>
      </trkpt>
      <trkpt lat="55.959642" lon="-3.246474">
        <ele>51.402924</ele>
        <time>2023-07-21T18:39:57.427Z</time>
      </trkpt>
      <trkpt lat="55.960110" lon="-3.247288">
        <ele>52.620441</ele>
        <time>2023-07-21T18:40:10.185Z</time>
      </trkpt>
      <trkpt lat="55.960248" lon="-3.247594">
        <ele>53.029487</ele>
        <time>2023-07-21T18:40:14.667Z</time>
      </trkpt>
      <trkpt lat="55.960612" lon="-3.248512">
        <ele>54.196540</ele>
        <time>2023-07-21T18:40:27.363Z</time>
      </trkpt>
      <trkpt lat="55.960814" lon="-3.249146">
        <ele>54.953326</ele>
        <time>2023-07-21T18:40:34.912Z</time>
      </trkpt>
      <trkpt lat="55.961342" lon="-3.250806">
        <ele>56.550959</ele>
        <time>2023-07-21T18:40:51.138Z</time>
      </trkpt>
      <trkpt lat="55.961742" lon="-3.252096">
        <ele>57.286373</ele>
        <time>2023-07-21T18:41:02.208Z</time>
      </trkpt>
      <trkpt lat="55.964117" lon="-3.259614">
        <ele>62.112726</ele>
        <time>2023-07-21T18:42:17.780Z</time>
      </trkpt>
      <trkpt lat="55.964362" lon="-3.260456">
        <ele>62.200986</ele>
        <time>2023-07-21T18:42:24.265Z</time>
      </trkpt>
      <trkpt lat="55.964827" lon="-3.261829">
        <ele>61.943298</ele>
        <time>2023-07-21T18:42:33.527Z</time>
      </trkpt>
      <trkpt lat="55.965961" lon="-3.265500">
        <ele>59.019772</ele>
        <time>2023-07-21T18:42:55.358Z</time>
      </trkpt>
      <trkpt lat="55.966325" lon="-3.266706">
        <ele>58.050753</ele>
        <time>2023-07-21T18:43:02.628Z</time>
      </trkpt>
      <trkpt lat="55.966610" lon="-3.267858">
        <ele>57.275614</ele>
        <time>2023-07-21T18:43:09.505Z</time>
      </trkpt>
      <trkpt lat="55.966732" lon="-3.268033">
        <ele>57.113279</ele>
        <time>2023-07-21T18:43:11.100Z</time>
      </trkpt>
      <trkpt lat="55.966756" lon="-3.268055">
        <ele>57.085290</ele>
        <time>2023-07-21T18:43:11.371Z</time>
      </trkpt>
      <trkpt lat="55.967390" lon="-3.268648">
        <ele>56.342763</ele>
        <time>2023-07-21T18:43:18.487Z</time>
      </trkpt>
      <trkpt lat="55.967454" lon="-3.268774">
        <ele>56.243951</ele>
        <time>2023-07-21T18:43:19.415Z</time>
      </trkpt>
      <trkpt lat="55.967502" lon="-3.268972">
        <ele>56.118647</ele>
        <time>2023-07-21T18:43:20.548Z</time>
      </trkpt>
      <trkpt lat="55.967353" lon="-3.269952">
        <ele>55.635327</ele>
        <time>2023-07-21T18:43:28.059Z</time>
      </trkpt>
      <trkpt lat="55.967327" lon="-3.270776">
        <ele>55.280071</ele>
        <time>2023-07-21T18:43:34.420Z</time>
      </trkpt>
      <trkpt lat="55.967366" lon="-3.271394">
        <ele>55.012367</ele>
        <time>2023-07-21T18:43:39.449Z</time>
      </trkpt>
      <trkpt lat="55.967498" lon="-3.272145">
        <ele>54.673531</ele>
        <time>2023-07-21T18:43:45.996Z</time>
      </trkpt>
      <trkpt lat="55.967421" lon="-3.272308">
        <ele>54.581715</ele>
        <time>2023-07-21T18:43:47.399Z</time>
      </trkpt>
      <trkpt lat="55.967365" lon="-3.272721">
        <ele>54.717225</ele>
        <time>2023-07-21T18:43:49.998Z</time>
      </trkpt>
      <trkpt lat="55.967104" lon="-3.274438">
        <ele>55.495187</ele>
        <time>2023-07-21T18:44:03.254Z</time>
      </trkpt>
      <trkpt lat="55.967052" lon="-3.275014">
        <ele>55.750301</ele>
        <time>2023-07-21T18:44:08.878Z</time>
      </trkpt>
      <trkpt lat="55.966966" lon="-3.275101">
        <ele>55.827512</ele>
        <time>2023-07-21T18:44:10.594Z</time>
      </trkpt>
      <trkpt lat="55.966566" lon="-3.276026">
        <ele>57.263229</ele>
        <time>2023-07-21T18:44:22.512Z</time>
      </trkpt>
      <trkpt lat="55.966476" lon="-3.276344">
        <ele>57.801541</ele>
        <time>2023-07-21T18:44:26.380Z</time>
      </trkpt>
      <trkpt lat="55.966488" lon="-3.276462">
        <ele>57.982716</ele>
        <time>2023-07-21T18:44:27.724Z</time>
      </trkpt>
      <trkpt lat="55.966327" lon="-3.277277">
        <ele>59.288333</ele>
        <time>2023-07-21T18:44:37.939Z</time>
      </trkpt>
      <trkpt lat="55.966274" lon="-3.277715">
        <ele>59.965286</ele>
        <time>2023-07-21T18:44:43.418Z</time>
      </trkpt>
      <trkpt lat="55.966369" lon="-3.278238">
        <ele>60.795924</ele>
        <time>2023-07-21T18:44:50.440Z</time>
      </trkpt>
      <trkpt lat="55.966486" lon="-3.278656">
        <ele>61.660007</ele>
        <time>2023-07-21T18:44:56.628Z</time>
      </trkpt>
      <trkpt lat="55.966480" lon="-3.278855">
        <ele>62.030513</ele>
        <time>2023-07-21T18:44:59.216Z</time>
      </trkpt>
      <trkpt lat="55.966176" lon="-3.281126">
        <ele>66.371732</ele>
        <time>2023-07-21T18:45:29.385Z</time>
      </trkpt>
      <trkpt lat="55.966169" lon="-3.281298">
        <ele>66.692352</ele>
        <time>2023-07-21T18:45:31.503Z</time>
      </trkpt>
      <trkpt lat="55.966224" lon="-3.281483">
        <ele>66.886275</ele>
        <time>2023-07-21T18:45:34.027Z</time>
      </trkpt>
      <trkpt lat="55.966594" lon="-3.282084">
        <ele>67.428463</ele>
        <time>2023-07-21T18:45:43.756Z</time>
      </trkpt>
      <trkpt lat="55.967025" lon="-3.282814">
        <ele>68.072386</ele>
        <time>2023-07-21T18:45:52.970Z</time>
      </trkpt>
      <trkpt lat="55.967182" lon="-3.283242">
        <ele>68.382930</ele>
        <time>2023-07-21T18:45:56.451Z</time>
      </trkpt>
      <trkpt lat="55.967283" lon="-3.283803">
        <ele>68.740546</ele>
        <time>2023-07-21T18:45:59.868Z</time>
      </trkpt>
      <trkpt lat="55.967306" lon="-3.284417">
        <ele>68.062107</ele>
        <time>2023-07-21T18:46:03.168Z</time>
      </trkpt>
      <trkpt lat="55.967254" lon="-3.284927">
        <ele>67.487701</ele>
        <time>2023-07-21T18:46:05.802Z</time>
      </trkpt>
      <trkpt lat="55.967119" lon="-3.285434">
        <ele>66.865578</ele>
        <time>2023-07-21T18:46:08.550Z</time>
      </trkpt>
      <trkpt lat="55.966775" lon="-3.286456">
        <ele>65.544117</ele>
        <time>2023-07-21T18:46:14.132Z</time>
      </trkpt>
      <trkpt lat="55.966636" lon="-3.286863">
        <ele>64.964720</ele>
        <time>2023-07-21T18:46:16.352Z</time>
      </trkpt>
      <trkpt lat="55.966374" lon="-3.287612">
        <ele>63.682902</ele>
        <time>2023-07-21T18:46:20.498Z</time>
      </trkpt>
      <trkpt lat="55.966298" lon="-3.287875">
        <ele>63.253352</ele>
        <time>2023-07-21T18:46:21.895Z</time>
      </trkpt>
      <trkpt lat="55.966077" lon="-3.288673">
        <ele>61.961230</ele>
        <time>2023-07-21T18:46:26.119Z</time>
      </trkpt>
      <trkpt lat="55.966017" lon="-3.288904">
        <ele>61.591648</ele>
        <time>2023-07-21T18:46:27.337Z</time>
      </trkpt>
      <trkpt lat="55.965874" lon="-3.289687">
        <ele>60.349880</ele>
        <time>2023-07-21T18:46:31.224Z</time>
      </trkpt>
      <trkpt lat="55.965861" lon="-3.289799">
        <ele>60.119883</ele>
        <time>2023-07-21T18:46:31.762Z</time>
      </trkpt>
      <trkpt lat="55.965803" lon="-3.290371">
        <ele>58.951007</ele>
        <time>2023-07-21T18:46:34.447Z</time>
      </trkpt>
      <trkpt lat="55.965758" lon="-3.291418">
        <ele>56.839544</ele>
        <time>2023-07-21T18:46:39.181Z</time>
      </trkpt>
      <trkpt lat="55.965788" lon="-3.292043">
        <ele>55.578206</ele>
        <time>2023-07-21T18:46:41.939Z</time>
      </trkpt>
      <trkpt lat="55.965843" lon="-3.292572">
        <ele>54.496318</ele>
        <time>2023-07-21T18:46:44.271Z</time>
      </trkpt>
      <trkpt lat="55.965959" lon="-3.293106">
        <ele>53.059315</ele>
        <time>2023-07-21T18:46:46.717Z</time>
      </trkpt>
      <trkpt lat="55.966213" lon="-3.293479">
        <ele>51.403906</ele>
        <time>2023-07-21T18:46:49.195Z</time>
      </trkpt>
      <trkpt lat="55.966516" lon="-3.293770">
        <ele>49.671885</ele>
        <time>2023-07-21T18:46:51.767Z</time>
      </trkpt>
      <trkpt lat="55.966898" lon="-3.294154">
        <ele>47.465023</ele>
        <time>2023-07-21T18:46:55.019Z</time>
      </trkpt>
      <trkpt lat="55.967582" lon="-3.295415">
        <ele>43.485436</ele>
        <time>2023-07-21T18:47:02.404Z</time>
      </trkpt>
      <trkpt lat="55.967764" lon="-3.295925">
        <ele>42.446272</ele>
        <time>2023-07-21T18:47:05.105Z</time>
      </trkpt>
      <trkpt lat="55.968153" lon="-3.297647">
        <ele>39.483139</ele>
        <time>2023-07-21T18:47:14.136Z</time>
      </trkpt>
      <trkpt lat="55.968308" lon="-3.298724">
        <ele>39.532349</ele>
        <time>2023-07-21T18:47:20.859Z</time>
      </trkpt>
      <trkpt lat="55.968408" lon="-3.299734">
        <ele>39.577736</ele>
        <time>2023-07-21T18:47:28.769Z</time>
      </trkpt>
      <trkpt lat="55.968392" lon="-3.299909">
        <ele>39.585583</ele>
        <time>2023-07-21T18:47:30.389Z</time>
      </trkpt>
      <trkpt lat="55.968312" lon="-3.300540">
        <ele>39.614213</ele>
        <time>2023-07-21T18:47:36.142Z</time>
      </trkpt>
      <trkpt lat="55.968228" lon="-3.301032">
        <ele>39.634842</ele>
        <time>2023-07-21T18:47:40.438Z</time>
      </trkpt>
      <trkpt lat="55.968157" lon="-3.301335">
        <ele>39.647588</ele>
        <time>2023-07-21T18:47:43.026Z</time>
      </trkpt>
      <trkpt lat="55.967876" lon="-3.302339">
        <ele>39.691147</ele>
        <time>2023-07-21T18:47:51.099Z</time>
      </trkpt>
      <trkpt lat="55.967710" lon="-3.302797">
        <ele>39.712320</ele>
        <time>2023-07-21T18:47:54.668Z</time>
      </trkpt>
      <trkpt lat="55.967245" lon="-3.303769">
        <ele>39.466191</ele>
        <time>2023-07-21T18:48:01.887Z</time>
      </trkpt>
      <trkpt lat="55.967036" lon="-3.304239">
        <ele>39.097623</ele>
        <time>2023-07-21T18:48:05.029Z</time>
      </trkpt>
      <trkpt lat="55.966906" lon="-3.304605">
        <ele>38.831471</ele>
        <time>2023-07-21T18:48:07.254Z</time>
      </trkpt>
      <trkpt lat="55.966602" lon="-3.305849">
        <ele>37.998039</ele>
        <time>2023-07-21T18:48:14.721Z</time>
      </trkpt>
      <trkpt lat="55.966581" lon="-3.305936">
        <ele>37.939866</ele>
        <time>2023-07-21T18:48:15.224Z</time>
      </trkpt>
      <trkpt lat="55.966548" lon="-3.306075">
        <ele>37.847160</ele>
        <time>2023-07-21T18:48:16.003Z</time>
      </trkpt>
      <trkpt lat="55.966360" lon="-3.306862">
        <ele>37.217840</ele>
        <time>2023-07-21T18:48:20.554Z</time>
      </trkpt>
      <trkpt lat="55.966316" lon="-3.307045">
        <ele>37.067267</ele>
        <time>2023-07-21T18:48:21.613Z</time>
      </trkpt>
      <trkpt lat="55.966253" lon="-3.307309">
        <ele>36.850299</ele>
        <time>2023-07-21T18:48:23.052Z</time>
      </trkpt>
      <trkpt lat="55.966135" lon="-3.307629">
        <ele>36.560592</ele>
        <time>2023-07-21T18:48:25.102Z</time>
      </trkpt>
      <trkpt lat="55.966116" lon="-3.307783">
        <ele>36.441373</ele>
        <time>2023-07-21T18:48:25.901Z</time>
      </trkpt>
      <trkpt lat="55.966031" lon="-3.308111">
        <ele>36.168114</ele>
        <time>2023-07-21T18:48:27.829Z</time>
      </trkpt>
      <trkpt lat="55.965961" lon="-3.308574">
        <ele>35.805539</ele>
        <time>2023-07-21T18:48:30.317Z</time>
      </trkpt>
      <trkpt lat="55.965854" lon="-3.309273">
        <ele>35.137832</ele>
        <time>2023-07-21T18:48:34.168Z</time>
      </trkpt>
      <trkpt lat="55.965795" lon="-3.309605">
        <ele>34.498518</ele>
        <time>2023-07-21T18:48:35.975Z</time>
      </trkpt>
      <trkpt lat="55.965766" lon="-3.309839">
        <ele>34.058644</ele>
        <time>2023-07-21T18:48:37.183Z</time>
      </trkpt>
      <trkpt lat="55.965740" lon="-3.310142">
        <ele>33.496035</ele>
        <time>2023-07-21T18:48:38.660Z</time>
      </trkpt>
      <trkpt lat="55.965738" lon="-3.310629">
        <ele>32.602195</ele>
        <time>2023-07-21T18:48:40.870Z</time>
      </trkpt>
      <trkpt lat="55.965698" lon="-3.311018">
        <ele>31.876294</ele>
        <time>2023-07-21T18:48:42.590Z</time>
      </trkpt>
      <trkpt lat="55.965602" lon="-3.311642">
        <ele>30.688553</ele>
        <time>2023-07-21T18:48:45.378Z</time>
      </trkpt>
      <trkpt lat="55.965449" lon="-3.312401">
        <ele>29.221048</ele>
        <time>2023-07-21T18:48:48.823Z</time>
      </trkpt>
      <trkpt lat="55.965447" lon="-3.312502">
        <ele>29.045901</ele>
        <time>2023-07-21T18:48:49.253Z</time>
      </trkpt>
      <trkpt lat="55.965630" lon="-3.313690">
        <ele>26.910496</ele>
        <time>2023-07-21T18:48:54.695Z</time>
      </trkpt>
      <trkpt lat="55.965580" lon="-3.314516">
        <ele>25.470660</ele>
        <time>2023-07-21T18:48:58.389Z</time>
      </trkpt>
      <trkpt lat="55.965449" lon="-3.315048">
        <ele>24.463396</ele>
        <time>2023-07-21T18:49:01.140Z</time>
      </trkpt>
      <trkpt lat="55.965385" lon="-3.315130">
        <ele>24.219538</ele>
        <time>2023-07-21T18:49:01.814Z</time>
      </trkpt>
      <trkpt lat="55.965133" lon="-3.315287">
        <ele>24.130769</ele>
        <time>2023-07-21T18:49:04.408Z</time>
      </trkpt>
      <trkpt lat="55.965098" lon="-3.315415">
        <ele>24.262529</ele>
        <time>2023-07-21T18:49:05.202Z</time>
      </trkpt>
      <trkpt lat="55.965105" lon="-3.315526">
        <ele>24.365843</ele>
        <time>2023-07-21T18:49:05.963Z</time>
      </trkpt>
      <trkpt lat="55.965243" lon="-3.316647">
        <ele>25.427439</ele>
        <time>2023-07-21T18:49:16.129Z</time>
      </trkpt>
      <trkpt lat="55.965255" lon="-3.316735">
        <ele>25.511211</ele>
        <time>2023-07-21T18:49:17.188Z</time>
      </trkpt>
      <trkpt lat="55.965361" lon="-3.317134">
        <ele>25.919707</ele>
        <time>2023-07-21T18:49:22.467Z</time>
      </trkpt>
      <trkpt lat="55.965442" lon="-3.317332">
        <ele>26.146540</ele>
        <time>2023-07-21T18:49:25.455Z</time>
      </trkpt>
      <trkpt lat="55.965691" lon="-3.317715">
        <ele>26.689486</ele>
        <time>2023-07-21T18:49:33.184Z</time>
      </trkpt>
      <trkpt lat="55.966086" lon="-3.318322">
        <ele>28.675000</ele>
        <time>2023-07-21T18:49:45.459Z</time>
      </trkpt>
      <trkpt lat="55.966125" lon="-3.318507">
        <ele>29.149868</ele>
        <time>2023-07-21T18:49:48.231Z</time>
      </trkpt>
      <trkpt lat="55.966102" lon="-3.318575">
        <ele>29.340722</ele>
        <time>2023-07-21T18:49:49.262Z</time>
      </trkpt>
      <trkpt lat="55.966144" lon="-3.318614">
        <ele>29.543872</ele>
        <time>2023-07-21T18:49:50.620Z</time>
      </trkpt>
      <trkpt lat="55.966128" lon="-3.318800">
        <ele>29.995909</ele>
        <time>2023-07-21T18:49:53.512Z</time>
      </trkpt>
      <trkpt lat="55.966883" lon="-3.319739">
        <ele>33.944023</ele>
        <time>2023-07-21T18:50:18.296Z</time>
      </trkpt>
      <trkpt lat="55.967860" lon="-3.321272">
        <ele>40.033925</ele>
        <time>2023-07-21T18:50:51.674Z</time>
      </trkpt>
      <trkpt lat="55.968155" lon="-3.321638">
        <ele>41.733664</ele>
        <time>2023-07-21T18:51:01.630Z</time>
      </trkpt>
      <trkpt lat="55.968797" lon="-3.322391">
        <ele>45.632686</ele>
        <time>2023-07-21T18:51:24.481Z</time>
      </trkpt>
      <trkpt lat="55.969157" lon="-3.322853">
        <ele>47.972666</ele>
        <time>2023-07-21T18:51:37.972Z</time>
      </trkpt>
      <trkpt lat="55.969226" lon="-3.322981">
        <ele>48.497759</ele>
        <time>2023-07-21T18:51:40.988Z</time>
      </trkpt>
      <trkpt lat="55.969352" lon="-3.323336">
        <ele>49.739782</ele>
        <time>2023-07-21T18:51:47.868Z</time>
      </trkpt>
      <trkpt lat="55.969385" lon="-3.323523">
        <ele>50.319101</ele>
        <time>2023-07-21T18:51:51.174Z</time>
      </trkpt>
      <trkpt lat="55.969499" lon="-3.323867">
        <ele>51.500296</ele>
        <time>2023-07-21T18:51:57.571Z</time>
      </trkpt>
      <trkpt lat="55.969706" lon="-3.324249">
        <ele>52.819168</ele>
        <time>2023-07-21T18:52:05.501Z</time>
      </trkpt>
      <trkpt lat="55.969859" lon="-3.324447">
        <ele>53.310480</ele>
        <time>2023-07-21T18:52:10.332Z</time>
      </trkpt>
      <trkpt lat="55.970619" lon="-3.325374">
        <ele>55.703643</ele>
        <time>2023-07-21T18:52:30.808Z</time>
      </trkpt>
      <trkpt lat="55.970790" lon="-3.325617">
        <ele>56.271858</ele>
        <time>2023-07-21T18:52:34.550Z</time>
      </trkpt>
      <trkpt lat="55.970916" lon="-3.325858">
        <ele>56.751875</ele>
        <time>2023-07-21T18:52:37.177Z</time>
      </trkpt>
      <trkpt lat="55.971108" lon="-3.326196">
        <ele>57.170924</ele>
        <time>2023-07-21T18:52:40.509Z</time>
      </trkpt>
      <trkpt lat="55.971294" lon="-3.326601">
        <ele>56.862012</ele>
        <time>2023-07-21T18:52:43.618Z</time>
      </trkpt>
      <trkpt lat="55.971447" lon="-3.327037">
        <ele>56.558580</ele>
        <time>2023-07-21T18:52:46.475Z</time>
      </trkpt>
      <trkpt lat="55.971471" lon="-3.327135">
        <ele>56.495507</ele>
        <time>2023-07-21T18:52:47.037Z</time>
      </trkpt>
      <trkpt lat="55.971604" lon="-3.327698">
        <ele>56.135193</ele>
        <time>2023-07-21T18:52:50.202Z</time>
      </trkpt>
      <trkpt lat="55.971682" lon="-3.327938">
        <ele>55.971555</ele>
        <time>2023-07-21T18:52:51.583Z</time>
      </trkpt>
      <trkpt lat="55.972557" lon="-3.330198">
        <ele>53.485765</ele>
        <time>2023-07-21T18:53:05.520Z</time>
      </trkpt>
      <trkpt lat="55.974581" lon="-3.335616">
        <ele>44.519384</ele>
        <time>2023-07-21T18:53:36.745Z</time>
      </trkpt>
      <trkpt lat="55.976048" lon="-3.338785">
        <ele>36.771144</ele>
        <time>2023-07-21T18:53:54.649Z</time>
      </trkpt>
      <trkpt lat="55.978098" lon="-3.342954">
        <ele>32.661478</ele>
        <time>2023-07-21T18:54:23.446Z</time>
      </trkpt>
      <trkpt lat="55.978641" lon="-3.344303">
        <ele>32.717774</ele>
        <time>2023-07-21T18:54:38.274Z</time>
      </trkpt>
      <trkpt lat="55.979219" lon="-3.345904">
        <ele>34.314534</ele>
        <time>2023-07-21T18:54:57.025Z</time>
      </trkpt>
      <trkpt lat="55.980344" lon="-3.348073">
        <ele>36.510440</ele>
        <time>2023-07-21T18:55:22.961Z</time>
      </trkpt>
      <trkpt lat="55.980459" lon="-3.348290">
        <ele>36.716615</ele>
        <time>2023-07-21T18:55:25.431Z</time>
      </trkpt>
      <trkpt lat="55.980798" lon="-3.349150">
        <ele>37.465202</ele>
        <time>2023-07-21T18:55:34.368Z</time>
      </trkpt>
      <trkpt lat="55.981493" lon="-3.350716">
        <ele>39.906073</ele>
        <time>2023-07-21T18:55:54.039Z</time>
      </trkpt>
      <trkpt lat="55.983722" lon="-3.356515">
        <ele>51.555077</ele>
        <time>2023-07-21T18:57:19.531Z</time>
      </trkpt>
      <trkpt lat="55.984356" lon="-3.358664">
        <ele>55.946115</ele>
        <time>2023-07-21T18:57:50.963Z</time>
      </trkpt>
      <trkpt lat="55.984406" lon="-3.358951">
        <ele>56.492059</ele>
        <time>2023-07-21T18:57:54.847Z</time>
      </trkpt>
      <trkpt lat="55.984203" lon="-3.363795">
        <ele>63.827496</ele>
        <time>2023-07-21T18:58:51.251Z</time>
      </trkpt>
      <trkpt lat="55.984170" lon="-3.364601">
        <ele>64.498604</ele>
        <time>2023-07-21T18:58:59.686Z</time>
      </trkpt>
      <trkpt lat="55.984135" lon="-3.364806">
        <ele>64.676592</ele>
        <time>2023-07-21T18:59:01.884Z</time>
      </trkpt>
      <trkpt lat="55.983636" lon="-3.366672">
        <ele>65.707066</ele>
        <time>2023-07-21T18:59:18.491Z</time>
      </trkpt>
      <trkpt lat="55.983461" lon="-3.367328">
        <ele>65.238269</ele>
        <time>2023-07-21T18:59:22.586Z</time>
      </trkpt>
      <trkpt lat="55.983005" lon="-3.368983">
        <ele>64.048257</ele>
        <time>2023-07-21T18:59:31.696Z</time>
      </trkpt>
      <trkpt lat="55.982419" lon="-3.371170">
        <ele>61.898263</ele>
        <time>2023-07-21T18:59:43.796Z</time>
      </trkpt>
      <trkpt lat="55.982353" lon="-3.371448">
        <ele>61.624728</ele>
        <time>2023-07-21T18:59:45.435Z</time>
      </trkpt>
      <trkpt lat="55.982315" lon="-3.371633">
        <ele>61.446224</ele>
        <time>2023-07-21T18:59:46.456Z</time>
      </trkpt>
      <trkpt lat="55.982273" lon="-3.371945">
        <ele>61.155561</ele>
        <time>2023-07-21T18:59:48.217Z</time>
      </trkpt>
      <trkpt lat="55.982210" lon="-3.372531">
        <ele>60.623064</ele>
        <time>2023-07-21T18:59:51.426Z</time>
      </trkpt>
      <trkpt lat="55.982190" lon="-3.372712">
        <ele>60.459240</ele>
        <time>2023-07-21T18:59:52.421Z</time>
      </trkpt>
      <trkpt lat="55.982140" lon="-3.373147">
        <ele>60.064912</ele>
        <time>2023-07-21T18:59:54.808Z</time>
      </trkpt>
      <trkpt lat="55.982110" lon="-3.373410">
        <ele>59.826576</ele>
        <time>2023-07-21T18:59:56.265Z</time>
      </trkpt>
      <trkpt lat="55.982084" lon="-3.373630">
        <ele>59.626915</ele>
        <time>2023-07-21T18:59:57.449Z</time>
      </trkpt>
      <trkpt lat="55.981980" lon="-3.374163">
        <ele>59.125675</ele>
        <time>2023-07-21T19:00:00.482Z</time>
      </trkpt>
      <trkpt lat="55.981866" lon="-3.374675">
        <ele>58.636357</ele>
        <time>2023-07-21T19:00:03.239Z</time>
      </trkpt>
      <trkpt lat="55.981779" lon="-3.375048">
        <ele>58.277516</ele>
        <time>2023-07-21T19:00:05.150Z</time>
      </trkpt>
      <trkpt lat="55.981743" lon="-3.375204">
        <ele>58.120722</ele>
        <time>2023-07-21T19:00:05.943Z</time>
      </trkpt>
      <trkpt lat="55.981681" lon="-3.375536">
        <ele>57.754580</ele>
        <time>2023-07-21T19:00:07.557Z</time>
      </trkpt>
      <trkpt lat="55.981609" lon="-3.375671">
        <ele>57.559467</ele>
        <time>2023-07-21T19:00:08.403Z</time>
      </trkpt>
      <trkpt lat="55.981611" lon="-3.375784">
        <ele>57.441198</ele>
        <time>2023-07-21T19:00:08.936Z</time>
      </trkpt>
      <trkpt lat="55.981522" lon="-3.376192">
        <ele>56.983092</ele>
        <time>2023-07-21T19:00:10.964Z</time>
      </trkpt>
      <trkpt lat="55.981406" lon="-3.376640">
        <ele>56.466678</ele>
        <time>2023-07-21T19:00:13.292Z</time>
      </trkpt>
      <trkpt lat="55.981367" lon="-3.376802">
        <ele>56.282184</ele>
        <time>2023-07-21T19:00:14.125Z</time>
      </trkpt>
      <trkpt lat="55.981221" lon="-3.377466">
        <ele>55.535846</ele>
        <time>2023-07-21T19:00:17.582Z</time>
      </trkpt>
      <trkpt lat="55.981081" lon="-3.378103">
        <ele>54.819897</ele>
        <time>2023-07-21T19:00:21.449Z</time>
      </trkpt>
      <trkpt lat="55.980694" lon="-3.379718">
        <ele>55.491454</ele>
        <time>2023-07-21T19:00:34.951Z</time>
      </trkpt>
      <trkpt lat="55.980822" lon="-3.380054">
        <ele>55.652057</ele>
        <time>2023-07-21T19:00:39.633Z</time>
      </trkpt>
      <trkpt lat="55.980943" lon="-3.380149">
        <ele>55.745385</ele>
        <time>2023-07-21T19:00:42.191Z</time>
      </trkpt>
      <trkpt lat="55.981502" lon="-3.380582">
        <ele>56.140183</ele>
        <time>2023-07-21T19:00:54.903Z</time>
      </trkpt>
      <trkpt lat="55.981761" lon="-3.380782">
        <ele>56.270162</ele>
        <time>2023-07-21T19:01:00.630Z</time>
      </trkpt>
      <trkpt lat="55.981791" lon="-3.380658">
        <ele>56.304983</ele>
        <time>2023-07-21T19:01:01.933Z</time>
      </trkpt>
      <trkpt lat="55.982014" lon="-3.380839">
        <ele>56.417814</ele>
        <time>2023-07-21T19:01:05.647Z</time>
      </trkpt>
      <trkpt lat="55.982246" lon="-3.381021">
        <ele>56.534537</ele>
        <time>2023-07-21T19:01:09.313Z</time>
      </trkpt>
      <trkpt lat="55.982543" lon="-3.381258">
        <ele>56.684380</ele>
        <time>2023-07-21T19:01:13.086Z</time>
      </trkpt>
      <trkpt lat="55.982516" lon="-3.381354">
        <ele>56.712073</ele>
        <time>2023-07-21T19:01:13.986Z</time>
      </trkpt>
      <trkpt lat="55.982508" lon="-3.381403">
        <ele>56.725229</ele>
        <time>2023-07-21T19:01:14.414Z</time>
      </trkpt>
      <trkpt lat="55.982511" lon="-3.381438">
        <ele>56.734355</ele>
        <time>2023-07-21T19:01:14.715Z</time>
      </trkpt>
      <trkpt lat="55.982563" lon="-3.381521">
        <ele>56.766472</ele>
        <time>2023-07-21T19:01:15.466Z</time>
      </trkpt>
      <trkpt lat="55.982959" lon="-3.381836">
        <ele>56.795207</ele>
        <time>2023-07-21T19:01:19.920Z</time>
      </trkpt>
      <trkpt lat="55.982991" lon="-3.381920">
        <ele>56.751263</ele>
        <time>2023-07-21T19:01:20.525Z</time>
      </trkpt>
      <trkpt lat="55.982889" lon="-3.382340">
        <ele>56.553277</ele>
        <time>2023-07-21T19:01:23.208Z</time>
      </trkpt>
      <trkpt lat="55.982895" lon="-3.382544">
        <ele>56.464944</ele>
        <time>2023-07-21T19:01:24.451Z</time>
      </trkpt>
      <trkpt lat="55.982777" lon="-3.383041">
        <ele>56.231483</ele>
        <time>2023-07-21T19:01:27.691Z</time>
      </trkpt>
      <trkpt lat="55.982744" lon="-3.383271">
        <ele>56.128809</ele>
        <time>2023-07-21T19:01:29.071Z</time>
      </trkpt>
      <trkpt lat="55.982761" lon="-3.385075">
        <ele>55.143898</ele>
        <time>2023-07-21T19:01:38.857Z</time>
      </trkpt>
      <trkpt lat="55.983019" lon="-3.385326">
        <ele>54.632492</ele>
        <time>2023-07-21T19:01:41.625Z</time>
      </trkpt>
      <trkpt lat="55.983197" lon="-3.385355">
        <ele>54.321304</ele>
        <time>2023-07-21T19:01:43.283Z</time>
      </trkpt>
      <trkpt lat="55.983318" lon="-3.385419">
        <ele>54.101610</ele>
        <time>2023-07-21T19:01:44.458Z</time>
      </trkpt>
      <trkpt lat="55.983367" lon="-3.385533">
        <ele>53.961587</ele>
        <time>2023-07-21T19:01:45.200Z</time>
      </trkpt>
      <trkpt lat="55.983360" lon="-3.385643">
        <ele>53.853757</ele>
        <time>2023-07-21T19:01:45.755Z</time>
      </trkpt>
      <trkpt lat="55.984198" lon="-3.385763">
        <ele>52.390099</ele>
        <time>2023-07-21T19:01:53.070Z</time>
      </trkpt>
      <trkpt lat="55.984606" lon="-3.385885">
        <ele>51.565644</ele>
        <time>2023-07-21T19:01:56.517Z</time>
      </trkpt>
      <trkpt lat="55.984689" lon="-3.385991">
        <ele>51.361998</ele>
        <time>2023-07-21T19:01:57.381Z</time>
      </trkpt>
      <trkpt lat="55.984853" lon="-3.386087">
        <ele>51.017481</ele>
        <time>2023-07-21T19:01:58.851Z</time>
      </trkpt>
      <trkpt lat="55.985195" lon="-3.386568">
        <ele>50.148722</ele>
        <time>2023-07-21T19:02:02.628Z</time>
      </trkpt>
      <trkpt lat="55.985168" lon="-3.386703">
        <ele>49.988608</ele>
        <time>2023-07-21T19:02:03.332Z</time>
      </trkpt>
      <trkpt lat="55.985193" lon="-3.386876">
        <ele>49.789059</ele>
        <time>2023-07-21T19:02:04.278Z</time>
      </trkpt>
      <trkpt lat="55.985275" lon="-3.386900">
        <ele>49.623174</ele>
        <time>2023-07-21T19:02:11.309Z</time>
      </trkpt>
      <trkpt lat="55.985444" lon="-3.387240">
        <ele>49.115223</ele>
        <time>2023-07-21T19:02:32.773Z</time>
      </trkpt>
      <trkpt lat="55.985721" lon="-3.387281">
        <ele>48.687585</ele>
        <time>2023-07-21T19:02:36.360Z</time>
      </trkpt>
      <trkpt lat="55.985704" lon="-3.387504">
        <ele>48.575643</ele>
        <time>2023-07-21T19:02:37.611Z</time>
      </trkpt>
      <trkpt lat="55.985733" lon="-3.388884">
        <ele>47.888764</ele>
        <time>2023-07-21T19:02:45.201Z</time>
      </trkpt>
      <trkpt lat="55.985742" lon="-3.389267">
        <ele>47.698096</ele>
        <time>2023-07-21T19:02:47.370Z</time>
      </trkpt>
      <trkpt lat="55.985752" lon="-3.389822">
        <ele>47.421903</ele>
        <time>2023-07-21T19:02:50.574Z</time>
      </trkpt>
      <trkpt lat="55.985769" lon="-3.390734">
        <ele>47.077553</ele>
        <time>2023-07-21T19:02:56.370Z</time>
      </trkpt>
      <trkpt lat="55.985841" lon="-3.391381">
        <ele>46.910954</ele>
        <time>2023-07-21T19:03:00.363Z</time>
      </trkpt>
      <trkpt lat="55.985971" lon="-3.392359">
        <ele>46.657087</ele>
        <time>2023-07-21T19:03:06.183Z</time>
      </trkpt>
      <trkpt lat="55.985982" lon="-3.392836">
        <ele>46.536520</ele>
        <time>2023-07-21T19:03:08.961Z</time>
      </trkpt>
      <trkpt lat="55.985978" lon="-3.393535">
        <ele>46.370239</ele>
        <time>2023-07-21T19:03:13.190Z</time>
      </trkpt>
      <trkpt lat="55.985970" lon="-3.394460">
        <ele>46.266002</ele>
        <time>2023-07-21T19:03:18.918Z</time>
      </trkpt>
      <trkpt lat="55.985960" lon="-3.395046">
        <ele>46.199944</ele>
        <time>2023-07-21T19:03:22.484Z</time>
      </trkpt>
      <trkpt lat="55.985955" lon="-3.395369">
        <ele>46.163536</ele>
        <time>2023-07-21T19:03:24.498Z</time>
      </trkpt>
      <trkpt lat="55.985954" lon="-3.395431">
        <ele>46.156547</ele>
        <time>2023-07-21T19:03:24.859Z</time>
      </trkpt>
      <trkpt lat="55.985948" lon="-3.396167">
        <ele>46.073609</ele>
        <time>2023-07-21T19:03:29.550Z</time>
      </trkpt>
      <trkpt lat="55.985944" lon="-3.396534">
        <ele>46.032249</ele>
        <time>2023-07-21T19:03:32.040Z</time>
      </trkpt>
      <trkpt lat="55.985943" lon="-3.396664">
        <ele>46.017600</ele>
        <time>2023-07-21T19:03:32.917Z</time>
      </trkpt>
      <trkpt lat="55.986052" lon="-3.396695">
        <ele>46.043945</ele>
        <time>2023-07-21T19:03:34.246Z</time>
      </trkpt>
      <trkpt lat="55.986047" lon="-3.396771">
        <ele>46.055416</ele>
        <time>2023-07-21T19:03:34.838Z</time>
      </trkpt>
      <trkpt lat="55.986284" lon="-3.396882">
        <ele>46.121066</ele>
        <time>2023-07-21T19:03:37.861Z</time>
      </trkpt>
      <trkpt lat="55.986228" lon="-3.397551">
        <ele>46.222463</ele>
        <time>2023-07-21T19:03:42.810Z</time>
      </trkpt>
      <trkpt lat="55.986207" lon="-3.398188">
        <ele>46.318112</ele>
        <time>2023-07-21T19:03:47.500Z</time>
      </trkpt>
      <trkpt lat="55.986273" lon="-3.399072">
        <ele>46.451794</ele>
        <time>2023-07-21T19:03:53.985Z</time>
      </trkpt>
      <trkpt lat="55.986453" lon="-3.399035">
        <ele>46.499232</ele>
        <time>2023-07-21T19:03:56.174Z</time>
      </trkpt>
      <trkpt lat="55.986488" lon="-3.399820">
        <ele>46.556567</ele>
        <time>2023-07-21T19:04:01.771Z</time>
      </trkpt>
      <trkpt lat="55.986551" lon="-3.400327">
        <ele>46.594381</ele>
        <time>2023-07-21T19:04:05.490Z</time>
      </trkpt>
      <trkpt lat="55.986537" lon="-3.400447">
        <ele>46.603305</ele>
        <time>2023-07-21T19:04:06.345Z</time>
      </trkpt>
      <trkpt lat="55.986592" lon="-3.400885">
        <ele>46.635989</ele>
        <time>2023-07-21T19:04:09.595Z</time>
      </trkpt>
      <trkpt lat="55.986683" lon="-3.401479">
        <ele>46.680829</ele>
        <time>2023-07-21T19:04:14.074Z</time>
      </trkpt>
      <trkpt lat="55.986717" lon="-3.401914">
        <ele>46.712807</ele>
        <time>2023-07-21T19:04:16.873Z</time>
      </trkpt>
      <trkpt lat="55.986601" lon="-3.402041">
        <ele>46.730512</ele>
        <time>2023-07-21T19:04:19.080Z</time>
      </trkpt>
      <trkpt lat="55.986525" lon="-3.402233">
        <ele>46.602392</ele>
        <time>2023-07-21T19:04:21.010Z</time>
      </trkpt>
      <trkpt lat="55.986362" lon="-3.403428">
        <ele>45.844695</ele>
        <time>2023-07-21T19:04:31.051Z</time>
      </trkpt>
      <trkpt lat="55.986257" lon="-3.403795">
        <ele>45.590767</ele>
        <time>2023-07-21T19:04:34.309Z</time>
      </trkpt>
      <trkpt lat="55.986302" lon="-3.404095">
        <ele>45.399435</ele>
        <time>2023-07-21T19:04:35.946Z</time>
      </trkpt>
      <trkpt lat="55.986353" lon="-3.404178">
        <ele>45.323486</ele>
        <time>2023-07-21T19:04:36.610Z</time>
      </trkpt>
      <trkpt lat="55.986429" lon="-3.404220">
        <ele>45.235886</ele>
        <time>2023-07-21T19:04:37.383Z</time>
      </trkpt>
      <trkpt lat="55.987229" lon="-3.404323">
        <ele>43.670249</ele>
        <time>2023-07-21T19:04:44.404Z</time>
      </trkpt>
      <trkpt lat="55.987396" lon="-3.404305">
        <ele>43.170893</ele>
        <time>2023-07-21T19:04:45.763Z</time>
      </trkpt>
      <trkpt lat="55.988016" lon="-3.404258">
        <ele>41.318696</ele>
        <time>2023-07-21T19:04:50.685Z</time>
      </trkpt>
      <trkpt lat="55.988050" lon="-3.404254">
        <ele>41.216996</ele>
        <time>2023-07-21T19:04:50.953Z</time>
      </trkpt>
      <trkpt lat="55.988134" lon="-3.404265">
        <ele>40.965607</ele>
        <time>2023-07-21T19:04:51.623Z</time>
      </trkpt>
      <trkpt lat="55.988293" lon="-3.404264">
        <ele>40.491031</ele>
        <time>2023-07-21T19:04:52.901Z</time>
      </trkpt>
      <trkpt lat="55.988597" lon="-3.404265">
        <ele>39.583671</ele>
        <time>2023-07-21T19:04:55.366Z</time>
      </trkpt>
      <trkpt lat="55.989148" lon="-3.404456">
        <ele>38.509250</ele>
        <time>2023-07-21T19:04:59.984Z</time>
      </trkpt>
      <trkpt lat="55.992819" lon="-3.404224">
        <ele>33.569748</ele>
        <time>2023-07-21T19:05:49.811Z</time>
      </trkpt>
      <trkpt lat="55.993254" lon="-3.404161">
        <ele>33.223917</ele>
        <time>2023-07-21T19:05:56.160Z</time>
      </trkpt>
      <trkpt lat="56.009777" lon="-3.403410">
        <ele>23.178521</ele>
        <time>2023-07-21T19:09:56.643Z</time>
      </trkpt>
      <trkpt lat="56.010229" lon="-3.403429">
        <ele>23.087105</ele>
        <time>2023-07-21T19:10:03.211Z</time>
      </trkpt>
      <trkpt lat="56.011989" lon="-3.403356">
        <ele>28.134545</ele>
        <time>2023-07-21T19:10:47.593Z</time>
      </trkpt>
      <trkpt lat="56.012172" lon="-3.403317">
        <ele>29.070807</ele>
        <time>2023-07-21T19:10:53.559Z</time>
      </trkpt>
      <trkpt lat="56.012223" lon="-3.403270">
        <ele>29.394848</ele>
        <time>2023-07-21T19:10:55.343Z</time>
      </trkpt>
      <trkpt lat="56.012378" lon="-3.403329">
        <ele>30.289932</ele>
        <time>2023-07-21T19:11:00.666Z</time>
      </trkpt>
      <trkpt lat="56.014810" lon="-3.403239">
        <ele>39.841428</ele>
        <time>2023-07-21T19:12:15.781Z</time>
      </trkpt>
      <trkpt lat="56.015483" lon="-3.403211">
        <ele>40.814160</ele>
        <time>2023-07-21T19:12:21.341Z</time>
      </trkpt>
      <trkpt lat="56.016122" lon="-3.403301">
        <ele>38.119040</ele>
        <time>2023-07-21T19:12:26.044Z</time>
      </trkpt>
      <trkpt lat="56.016740" lon="-3.403473">
        <ele>34.598189</ele>
        <time>2023-07-21T19:12:30.516Z</time>
      </trkpt>
      <trkpt lat="56.017315" lon="-3.403742">
        <ele>31.252414</ele>
        <time>2023-07-21T19:12:34.863Z</time>
      </trkpt>
      <trkpt lat="56.019193" lon="-3.405042">
        <ele>25.934658</ele>
        <time>2023-07-21T19:12:52.412Z</time>
      </trkpt>
      <trkpt lat="56.020731" lon="-3.405920">
        <ele>21.995588</ele>
        <time>2023-07-21T19:13:06.377Z</time>
      </trkpt>
      <trkpt lat="56.021048" lon="-3.406029">
        <ele>20.644105</ele>
        <time>2023-07-21T19:13:08.901Z</time>
      </trkpt>
      <trkpt lat="56.021164" lon="-3.406032">
        <ele>20.132778</ele>
        <time>2023-07-21T19:13:09.788Z</time>
      </trkpt>
      <trkpt lat="56.021395" lon="-3.405957">
        <ele>19.098012</ele>
        <time>2023-07-21T19:13:11.582Z</time>
      </trkpt>
      <trkpt lat="56.021712" lon="-3.405915">
        <ele>17.696999</ele>
        <time>2023-07-21T19:13:13.983Z</time>
      </trkpt>
      <trkpt lat="56.021830" lon="-3.405841">
        <ele>17.145891</ele>
        <time>2023-07-21T19:13:14.920Z</time>
      </trkpt>
      <trkpt lat="56.022232" lon="-3.405313">
        <ele>14.947952</ele>
        <time>2023-07-21T19:13:18.667Z</time>
      </trkpt>
      <trkpt lat="56.022399" lon="-3.405211">
        <ele>14.170194</ele>
        <time>2023-07-21T19:13:20.003Z</time>
      </trkpt>
      <trkpt lat="56.022764" lon="-3.404862">
        <ele>13.139215</ele>
        <time>2023-07-21T19:13:23.203Z</time>
      </trkpt>
      <trkpt lat="56.023223" lon="-3.404465">
        <ele>11.983142</ele>
        <time>2023-07-21T19:13:27.289Z</time>
      </trkpt>
      <trkpt lat="56.023612" lon="-3.404349">
        <ele>11.088859</ele>
        <time>2023-07-21T19:13:30.684Z</time>
      </trkpt>
      <trkpt lat="56.023679" lon="-3.404300">
        <ele>10.924726</ele>
        <time>2023-07-21T19:13:31.342Z</time>
      </trkpt>
      <trkpt lat="56.024898" lon="-3.403448">
        <ele>11.455051</ele>
        <time>2023-07-21T19:13:49.836Z</time>
      </trkpt>
      <trkpt lat="56.025766" lon="-3.403108">
        <ele>13.066011</ele>
        <time>2023-07-21T19:14:08.658Z</time>
      </trkpt>
      <trkpt lat="56.025990" lon="-3.403005">
        <ele>13.653920</ele>
        <time>2023-07-21T19:14:13.729Z</time>
      </trkpt>
      <trkpt lat="56.026574" lon="-3.402711">
        <ele>15.327192</ele>
        <time>2023-07-21T19:14:27.105Z</time>
      </trkpt>
      <trkpt lat="56.027104" lon="-3.402376">
        <ele>16.877505</ele>
        <time>2023-07-21T19:14:38.376Z</time>
      </trkpt>
      <trkpt lat="56.027659" lon="-3.401899">
        <ele>18.685511</ele>
        <time>2023-07-21T19:14:50.107Z</time>
      </trkpt>
      <trkpt lat="56.028351" lon="-3.401063">
        <ele>21.546954</ele>
        <time>2023-07-21T19:15:07.941Z</time>
      </trkpt>
      <trkpt lat="56.028475" lon="-3.400903">
        <ele>22.070872</ele>
        <time>2023-07-21T19:15:11.803Z</time>
      </trkpt>
      <trkpt lat="56.028670" lon="-3.400612">
        <ele>22.941042</ele>
        <time>2023-07-21T19:15:18.037Z</time>
      </trkpt>
      <trkpt lat="56.028857" lon="-3.400337">
        <ele>23.770551</ele>
        <time>2023-07-21T19:15:24.308Z</time>
      </trkpt>
      <trkpt lat="56.028987" lon="-3.400145">
        <ele>24.349279</ele>
        <time>2023-07-21T19:15:28.607Z</time>
      </trkpt>
      <trkpt lat="56.029157" lon="-3.399893">
        <ele>25.118975</ele>
        <time>2023-07-21T19:15:34.476Z</time>
      </trkpt>
      <trkpt lat="56.029251" lon="-3.399743">
        <ele>25.558110</ele>
        <time>2023-07-21T19:15:37.760Z</time>
      </trkpt>
      <trkpt lat="56.029499" lon="-3.399355">
        <ele>26.706689</ele>
        <time>2023-07-21T19:15:46.298Z</time>
      </trkpt>
      <trkpt lat="56.029622" lon="-3.399164">
        <ele>27.274509</ele>
        <time>2023-07-21T19:15:50.594Z</time>
      </trkpt>
      <trkpt lat="56.030126" lon="-3.398570">
        <ele>29.378711</ele>
        <time>2023-07-21T19:16:04.721Z</time>
      </trkpt>
      <trkpt lat="56.030335" lon="-3.398381">
        <ele>30.195208</ele>
        <time>2023-07-21T19:16:09.540Z</time>
      </trkpt>
      <trkpt lat="56.030407" lon="-3.398265">
        <ele>30.533000</ele>
        <time>2023-07-21T19:16:11.323Z</time>
      </trkpt>
      <trkpt lat="56.030881" lon="-3.397805">
        <ele>29.931118</ele>
        <time>2023-07-21T19:16:19.163Z</time>
      </trkpt>
      <trkpt lat="56.031185" lon="-3.397527">
        <ele>29.528279</ele>
        <time>2023-07-21T19:16:22.403Z</time>
      </trkpt>
      <trkpt lat="56.031518" lon="-3.397273">
        <ele>29.101137</ele>
        <time>2023-07-21T19:16:25.505Z</time>
      </trkpt>
      <trkpt lat="56.032252" lon="-3.396820">
        <ele>27.720639</ele>
        <time>2023-07-21T19:16:31.801Z</time>
      </trkpt>
      <trkpt lat="56.032907" lon="-3.396766">
        <ele>25.517362</ele>
        <time>2023-07-21T19:16:37.054Z</time>
      </trkpt>
      <trkpt lat="56.033175" lon="-3.396758">
        <ele>24.616698</ele>
        <time>2023-07-21T19:16:39.208Z</time>
      </trkpt>
      <trkpt lat="56.033690" lon="-3.396681">
        <ele>22.880157</ele>
        <time>2023-07-21T19:16:43.338Z</time>
      </trkpt>
      <trkpt lat="56.034109" lon="-3.396570">
        <ele>21.606352</ele>
        <time>2023-07-21T19:16:46.730Z</time>
      </trkpt>
      <trkpt lat="56.034297" lon="-3.396520">
        <ele>21.069728</ele>
        <time>2023-07-21T19:16:48.266Z</time>
      </trkpt>
      <trkpt lat="56.034402" lon="-3.396495">
        <ele>20.770662</ele>
        <time>2023-07-21T19:16:49.151Z</time>
      </trkpt>
      <trkpt lat="56.035246" lon="-3.396259">
        <ele>18.358826</ele>
        <time>2023-07-21T19:16:56.364Z</time>
      </trkpt>
      <trkpt lat="56.035235" lon="-3.396174">
        <ele>18.221199</ele>
        <time>2023-07-21T19:16:56.760Z</time>
      </trkpt>
      <trkpt lat="56.035979" lon="-3.395999">
        <ele>16.456568</ele>
        <time>2023-07-21T19:17:03.013Z</time>
      </trkpt>
      <trkpt lat="56.036492" lon="-3.396143">
        <ele>15.418848</ele>
        <time>2023-07-21T19:17:07.517Z</time>
      </trkpt>
      <trkpt lat="56.036661" lon="-3.396039">
        <ele>15.061713</ele>
        <time>2023-07-21T19:17:09.076Z</time>
      </trkpt>
      <trkpt lat="56.036737" lon="-3.395869">
        <ele>14.818629</ele>
        <time>2023-07-21T19:17:10.223Z</time>
      </trkpt>
      <trkpt lat="56.036763" lon="-3.395453">
        <ele>14.351292</ele>
        <time>2023-07-21T19:17:12.363Z</time>
      </trkpt>
      <trkpt lat="56.036700" lon="-3.395067">
        <ele>13.902332</ele>
        <time>2023-07-21T19:17:14.485Z</time>
      </trkpt>
      <trkpt lat="56.036815" lon="-3.394942">
        <ele>13.674520</ele>
        <time>2023-07-21T19:17:15.717Z</time>
      </trkpt>
      <trkpt lat="56.036877" lon="-3.394836">
        <ele>13.584736</ele>
        <time>2023-07-21T19:17:16.544Z</time>
      </trkpt>
      <trkpt lat="56.036895" lon="-3.394793">
        <ele>13.553301</ele>
        <time>2023-07-21T19:17:16.829Z</time>
      </trkpt>
      <trkpt lat="56.037161" lon="-3.394978">
        <ele>13.254456</ele>
        <time>2023-07-21T19:17:19.517Z</time>
      </trkpt>
      <trkpt lat="56.037500" lon="-3.395109">
        <ele>12.891273</ele>
        <time>2023-07-21T19:17:22.769Z</time>
      </trkpt>
      <trkpt lat="56.037627" lon="-3.395026">
        <ele>12.749690</ele>
        <time>2023-07-21T19:17:24.040Z</time>
      </trkpt>
      <trkpt lat="56.037673" lon="-3.394991">
        <ele>12.697348</ele>
        <time>2023-07-21T19:17:24.513Z</time>
      </trkpt>
      <trkpt lat="56.037791" lon="-3.394874">
        <ele>12.556086</ele>
        <time>2023-07-21T19:17:25.769Z</time>
      </trkpt>
      <trkpt lat="56.038068" lon="-3.394599">
        <ele>12.224383</ele>
        <time>2023-07-21T19:17:29.017Z</time>
      </trkpt>
      <trkpt lat="56.038255" lon="-3.394452">
        <ele>12.010504</ele>
        <time>2023-07-21T19:17:31.137Z</time>
      </trkpt>
      <trkpt lat="56.038793" lon="-3.394252">
        <ele>11.711186</ele>
        <time>2023-07-21T19:17:37.007Z</time>
      </trkpt>
      <trkpt lat="56.039118" lon="-3.394192">
        <ele>11.604570</ele>
        <time>2023-07-21T19:17:40.485Z</time>
      </trkpt>
      <trkpt lat="56.039217" lon="-3.394162">
        <ele>11.571805</ele>
        <time>2023-07-21T19:17:41.580Z</time>
      </trkpt>
      <trkpt lat="56.039369" lon="-3.394116">
        <ele>11.521501</ele>
        <time>2023-07-21T19:17:43.255Z</time>
      </trkpt>
      <trkpt lat="56.039389" lon="-3.394020">
        <ele>11.502823</ele>
        <time>2023-07-21T19:17:43.886Z</time>
      </trkpt>
      <trkpt lat="56.040369" lon="-3.393654">
        <ele>11.345779</ele>
        <time>2023-07-21T19:17:55.199Z</time>
      </trkpt>
      <trkpt lat="56.040757" lon="-3.393491">
        <ele>11.517562</ele>
        <time>2023-07-21T19:17:59.830Z</time>
      </trkpt>
      <trkpt lat="56.041073" lon="-3.393321">
        <ele>11.659785</ele>
        <time>2023-07-21T19:18:03.973Z</time>
      </trkpt>
      <trkpt lat="56.041505" lon="-3.393165">
        <ele>11.849740</ele>
        <time>2023-07-21T19:18:09.965Z</time>
      </trkpt>
      <trkpt lat="56.042118" lon="-3.392871">
        <ele>12.513917</ele>
        <time>2023-07-21T19:18:19.283Z</time>
      </trkpt>
      <trkpt lat="56.043927" lon="-3.391837">
        <ele>17.175462</ele>
        <time>2023-07-21T19:18:56.094Z</time>
      </trkpt>
      <trkpt lat="56.043938" lon="-3.391897">
        <ele>17.315663</ele>
        <time>2023-07-21T19:18:56.917Z</time>
      </trkpt>
      <trkpt lat="56.044651" lon="-3.391373">
        <ele>20.379191</ele>
        <time>2023-07-21T19:19:16.267Z</time>
      </trkpt>
      <trkpt lat="56.044782" lon="-3.391268">
        <ele>20.949692</ele>
        <time>2023-07-21T19:19:20.097Z</time>
      </trkpt>
      <trkpt lat="56.046044" lon="-3.389228">
        <ele>28.635298</ele>
        <time>2023-07-21T19:20:06.631Z</time>
      </trkpt>
      <trkpt lat="56.046093" lon="-3.389114">
        <ele>29.017758</ele>
        <time>2023-07-21T19:20:08.779Z</time>
      </trkpt>
      <trkpt lat="56.047316" lon="-3.386305">
        <ele>38.605680</ele>
        <time>2023-07-21T19:21:02.101Z</time>
      </trkpt>
      <trkpt lat="56.047576" lon="-3.385946">
        <ele>40.195447</ele>
        <time>2023-07-21T19:21:11.371Z</time>
      </trkpt>
      <trkpt lat="56.049953" lon="-3.383800">
        <ele>55.751181</ele>
        <time>2023-07-21T19:22:32.185Z</time>
      </trkpt>
      <trkpt lat="56.050034" lon="-3.383742">
        <ele>56.292116</ele>
        <time>2023-07-21T19:22:34.983Z</time>
      </trkpt>
      <trkpt lat="56.050381" lon="-3.383576">
        <ele>58.519258</ele>
        <time>2023-07-21T19:22:46.745Z</time>
      </trkpt>
      <trkpt lat="56.050707" lon="-3.383564">
        <ele>60.541145</ele>
        <time>2023-07-21T19:22:57.591Z</time>
      </trkpt>
      <trkpt lat="56.051126" lon="-3.383731">
        <ele>63.099167</ele>
        <time>2023-07-21T19:23:11.949Z</time>
      </trkpt>
      <trkpt lat="56.051947" lon="-3.384323">
        <ele>68.216867</ele>
        <time>2023-07-21T19:23:40.087Z</time>
      </trkpt>
      <trkpt lat="56.052208" lon="-3.384372">
        <ele>69.734317</ele>
        <time>2023-07-21T19:23:47.782Z</time>
      </trkpt>
      <trkpt lat="56.052469" lon="-3.384285">
        <ele>71.269420</ele>
        <time>2023-07-21T19:23:55.248Z</time>
      </trkpt>
      <trkpt lat="56.052811" lon="-3.383964">
        <ele>72.934386</ele>
        <time>2023-07-21T19:24:05.576Z</time>
      </trkpt>
      <trkpt lat="56.053295" lon="-3.383653">
        <ele>74.731649</ele>
        <time>2023-07-21T19:24:18.033Z</time>
      </trkpt>
      <trkpt lat="56.053578" lon="-3.383576">
        <ele>75.732131</ele>
        <time>2023-07-21T19:24:24.338Z</time>
      </trkpt>
      <trkpt lat="56.053871" lon="-3.383624">
        <ele>76.760488</ele>
        <time>2023-07-21T19:24:30.424Z</time>
      </trkpt>
      <trkpt lat="56.054319" lon="-3.383899">
        <ele>78.429982</ele>
        <time>2023-07-21T19:24:39.825Z</time>
      </trkpt>
      <trkpt lat="56.054697" lon="-3.384138">
        <ele>80.150292</ele>
        <time>2023-07-21T19:24:48.054Z</time>
      </trkpt>
      <trkpt lat="56.055115" lon="-3.384275">
        <ele>81.973917</ele>
        <time>2023-07-21T19:24:58.093Z</time>
      </trkpt>
      <trkpt lat="56.055281" lon="-3.384251">
        <ele>82.688618</ele>
        <time>2023-07-21T19:25:02.245Z</time>
      </trkpt>
      <trkpt lat="56.055642" lon="-3.384092">
        <ele>84.284000</ele>
        <time>2023-07-21T19:25:12.566Z</time>
      </trkpt>
      <trkpt lat="56.055907" lon="-3.383856">
        <ele>85.554090</ele>
        <time>2023-07-21T19:25:21.581Z</time>
      </trkpt>
      <trkpt lat="56.055878" lon="-3.383747">
        <ele>85.843418</ele>
        <time>2023-07-21T19:25:23.484Z</time>
      </trkpt>
      <trkpt lat="56.056532" lon="-3.383200">
        <ele>89.722892</ele>
        <time>2023-07-21T19:25:46.438Z</time>
      </trkpt>
      <trkpt lat="56.057528" lon="-3.382469">
        <ele>95.601069</ele>
        <time>2023-07-21T19:26:18.043Z</time>
      </trkpt>
      <trkpt lat="56.057667" lon="-3.382416">
        <ele>96.183505</ele>
        <time>2023-07-21T19:26:21.746Z</time>
      </trkpt>
      <trkpt lat="56.057912" lon="-3.382451">
        <ele>96.987164</ele>
        <time>2023-07-21T19:26:28.186Z</time>
      </trkpt>
      <trkpt lat="56.059031" lon="-3.382915">
        <ele>100.742915</ele>
        <time>2023-07-21T19:26:54.316Z</time>
      </trkpt>
      <trkpt lat="56.059185" lon="-3.382940">
        <ele>101.248537</ele>
        <time>2023-07-21T19:26:56.835Z</time>
      </trkpt>
      <trkpt lat="56.059505" lon="-3.382919">
        <ele>101.838872</ele>
        <time>2023-07-21T19:27:02.017Z</time>
      </trkpt>
      <trkpt lat="56.059700" lon="-3.382844">
        <ele>101.917991</ele>
        <time>2023-07-21T19:27:05.269Z</time>
      </trkpt>
      <trkpt lat="56.060054" lon="-3.382635">
        <ele>102.065855</ele>
        <time>2023-07-21T19:27:10.789Z</time>
      </trkpt>
      <trkpt lat="56.060393" lon="-3.382405">
        <ele>102.209660</ele>
        <time>2023-07-21T19:27:15.695Z</time>
      </trkpt>
      <trkpt lat="56.061064" lon="-3.381802">
        <ele>102.421067</ele>
        <time>2023-07-21T19:27:23.897Z</time>
      </trkpt>
      <trkpt lat="56.062964" lon="-3.380018">
        <ele>100.005565</ele>
        <time>2023-07-21T19:27:43.060Z</time>
      </trkpt>
      <trkpt lat="56.066958" lon="-3.376124">
        <ele>103.093336</ele>
        <time>2023-07-21T19:28:49.631Z</time>
      </trkpt>
      <trkpt lat="56.069708" lon="-3.373429">
        <ele>107.925589</ele>
        <time>2023-07-21T19:29:43.036Z</time>
      </trkpt>
      <trkpt lat="56.070110" lon="-3.373178">
        <ele>108.630602</ele>
        <time>2023-07-21T19:29:50.589Z</time>
      </trkpt>
      <trkpt lat="56.070519" lon="-3.373082">
        <ele>109.313723</ele>
        <time>2023-07-21T19:29:57.720Z</time>
      </trkpt>
      <trkpt lat="56.071039" lon="-3.373129">
        <ele>109.924872</ele>
        <time>2023-07-21T19:30:06.452Z</time>
      </trkpt>
      <trkpt lat="56.073713" lon="-3.374012">
        <ele>112.741244</ele>
        <time>2023-07-21T19:30:46.296Z</time>
      </trkpt>
      <trkpt lat="56.076837" lon="-3.375071">
        <ele>116.436898</ele>
        <time>2023-07-21T19:31:36.766Z</time>
      </trkpt>
      <trkpt lat="56.080581" lon="-3.376235">
        <ele>120.080635</ele>
        <time>2023-07-21T19:32:32.840Z</time>
      </trkpt>
      <trkpt lat="56.080780" lon="-3.376264">
        <ele>120.273339</ele>
        <time>2023-07-21T19:32:35.954Z</time>
      </trkpt>
      <trkpt lat="56.081302" lon="-3.376139">
        <ele>120.796993</ele>
        <time>2023-07-21T19:32:44.047Z</time>
      </trkpt>
      <trkpt lat="56.081795" lon="-3.376009">
        <ele>121.383276</ele>
        <time>2023-07-21T19:32:51.605Z</time>
      </trkpt>
      <trkpt lat="56.081828" lon="-3.376080">
        <ele>121.443941</ele>
        <time>2023-07-21T19:32:52.335Z</time>
      </trkpt>
      <trkpt lat="56.082395" lon="-3.375917">
        <ele>122.119571</ele>
        <time>2023-07-21T19:33:02.437Z</time>
      </trkpt>
      <trkpt lat="56.082625" lon="-3.375849">
        <ele>122.393835</ele>
        <time>2023-07-21T19:33:06.066Z</time>
      </trkpt>
      <trkpt lat="56.082902" lon="-3.375761">
        <ele>122.724819</ele>
        <time>2023-07-21T19:33:10.068Z</time>
      </trkpt>
      <trkpt lat="56.083195" lon="-3.375668">
        <ele>122.916521</ele>
        <time>2023-07-21T19:33:14.269Z</time>
      </trkpt>
      <trkpt lat="56.083438" lon="-3.375562">
        <ele>123.022230</ele>
        <time>2023-07-21T19:33:17.632Z</time>
      </trkpt>
      <trkpt lat="56.083613" lon="-3.375471">
        <ele>123.099248</ele>
        <time>2023-07-21T19:33:19.852Z</time>
      </trkpt>
      <trkpt lat="56.083653" lon="-3.375450">
        <ele>123.116866</ele>
        <time>2023-07-21T19:33:20.434Z</time>
      </trkpt>
      <trkpt lat="56.083795" lon="-3.375386">
        <ele>123.178754</ele>
        <time>2023-07-21T19:33:22.410Z</time>
      </trkpt>
      <trkpt lat="56.084146" lon="-3.375251">
        <ele>123.330490</ele>
        <time>2023-07-21T19:33:26.984Z</time>
      </trkpt>
      <trkpt lat="56.084324" lon="-3.375188">
        <ele>123.407179</ele>
        <time>2023-07-21T19:33:29.261Z</time>
      </trkpt>
      <trkpt lat="56.084503" lon="-3.375130">
        <ele>123.484064</ele>
        <time>2023-07-21T19:33:31.897Z</time>
      </trkpt>
      <trkpt lat="56.084744" lon="-3.375053">
        <ele>123.587534</ele>
        <time>2023-07-21T19:33:35.080Z</time>
      </trkpt>
      <trkpt lat="56.085071" lon="-3.374927">
        <ele>123.849901</ele>
        <time>2023-07-21T19:33:39.137Z</time>
      </trkpt>
      <trkpt lat="56.085285" lon="-3.374789">
        <ele>124.028547</ele>
        <time>2023-07-21T19:33:41.758Z</time>
      </trkpt>
      <trkpt lat="56.085473" lon="-3.374549">
        <ele>124.209852</ele>
        <time>2023-07-21T19:33:44.537Z</time>
      </trkpt>
      <trkpt lat="56.085535" lon="-3.374471">
        <ele>124.269354</ele>
        <time>2023-07-21T19:33:45.488Z</time>
      </trkpt>
      <trkpt lat="56.085806" lon="-3.374124">
        <ele>124.530968</ele>
        <time>2023-07-21T19:33:50.046Z</time>
      </trkpt>
      <trkpt lat="56.086091" lon="-3.373914">
        <ele>124.773016</ele>
        <time>2023-07-21T19:33:54.784Z</time>
      </trkpt>
      <trkpt lat="56.086244" lon="-3.373851">
        <ele>124.896328</ele>
        <time>2023-07-21T19:33:57.349Z</time>
      </trkpt>
      <trkpt lat="56.086694" lon="-3.373668">
        <ele>125.883909</ele>
        <time>2023-07-21T19:34:05.990Z</time>
      </trkpt>
      <trkpt lat="56.087439" lon="-3.373366">
        <ele>127.937599</ele>
        <time>2023-07-21T19:34:22.235Z</time>
      </trkpt>
      <trkpt lat="56.087714" lon="-3.373254">
        <ele>128.695846</ele>
        <time>2023-07-21T19:34:28.566Z</time>
      </trkpt>
      <trkpt lat="56.088279" lon="-3.373025">
        <ele>129.990370</ele>
        <time>2023-07-21T19:34:41.644Z</time>
      </trkpt>
      <trkpt lat="56.088329" lon="-3.373004">
        <ele>130.041271</ele>
        <time>2023-07-21T19:34:42.635Z</time>
      </trkpt>
      <trkpt lat="56.088663" lon="-3.372889">
        <ele>130.378371</ele>
        <time>2023-07-21T19:34:48.921Z</time>
      </trkpt>
      <trkpt lat="56.088899" lon="-3.372817">
        <ele>130.615648</ele>
        <time>2023-07-21T19:34:52.604Z</time>
      </trkpt>
      <trkpt lat="56.089368" lon="-3.372741">
        <ele>131.082398</ele>
        <time>2023-07-21T19:34:59.023Z</time>
      </trkpt>
      <trkpt lat="56.089680" lon="-3.372674">
        <ele>131.393851</ele>
        <time>2023-07-21T19:35:02.652Z</time>
      </trkpt>
      <trkpt lat="56.090005" lon="-3.372607">
        <ele>131.538130</ele>
        <time>2023-07-21T19:35:06.090Z</time>
      </trkpt>
      <trkpt lat="56.090412" lon="-3.372484">
        <ele>131.199931</ele>
        <time>2023-07-21T19:35:11.928Z</time>
      </trkpt>
      <trkpt lat="56.090502" lon="-3.372454">
        <ele>131.124922</ele>
        <time>2023-07-21T19:35:13.166Z</time>
      </trkpt>
      <trkpt lat="56.090560" lon="-3.372434">
        <ele>131.076526</ele>
        <time>2023-07-21T19:35:13.958Z</time>
      </trkpt>
      <trkpt lat="56.090990" lon="-3.372273">
        <ele>130.716584</ele>
        <time>2023-07-21T19:35:19.905Z</time>
      </trkpt>
      <trkpt lat="56.091267" lon="-3.372145">
        <ele>130.482193</ele>
        <time>2023-07-21T19:35:22.585Z</time>
      </trkpt>
      <trkpt lat="56.091760" lon="-3.371866">
        <ele>130.261579</ele>
        <time>2023-07-21T19:35:27.825Z</time>
      </trkpt>
      <trkpt lat="56.092063" lon="-3.371618">
        <ele>130.623960</ele>
        <time>2023-07-21T19:35:32.022Z</time>
      </trkpt>
      <trkpt lat="56.092273" lon="-3.371397">
        <ele>130.888888</ele>
        <time>2023-07-21T19:35:35.395Z</time>
      </trkpt>
      <trkpt lat="56.092708" lon="-3.370852">
        <ele>131.466271</ele>
        <time>2023-07-21T19:35:43.762Z</time>
      </trkpt>
      <trkpt lat="56.092910" lon="-3.370491">
        <ele>131.776588</ele>
        <time>2023-07-21T19:35:48.878Z</time>
      </trkpt>
      <trkpt lat="56.093461" lon="-3.369290">
        <ele>133.662425</ele>
        <time>2023-07-21T19:36:06.150Z</time>
      </trkpt>
      <trkpt lat="56.093612" lon="-3.369393">
        <ele>134.106268</ele>
        <time>2023-07-21T19:36:09.539Z</time>
      </trkpt>
      <trkpt lat="56.093686" lon="-3.369399">
        <ele>134.309768</ele>
        <time>2023-07-21T19:36:11.177Z</time>
      </trkpt>
      <trkpt lat="56.093926" lon="-3.369272">
        <ele>134.997221</ele>
        <time>2023-07-21T19:36:16.542Z</time>
      </trkpt>
      <trkpt lat="56.094085" lon="-3.369154">
        <ele>135.469976</ele>
        <time>2023-07-21T19:36:20.371Z</time>
      </trkpt>
      <trkpt lat="56.095030" lon="-3.368389">
        <ele>137.886108</ele>
        <time>2023-07-21T19:36:42.235Z</time>
      </trkpt>
      <trkpt lat="56.095111" lon="-3.368320">
        <ele>138.048904</ele>
        <time>2023-07-21T19:36:44.031Z</time>
      </trkpt>
      <trkpt lat="56.096529" lon="-3.367104">
        <ele>141.049084</ele>
        <time>2023-07-21T19:37:09.093Z</time>
      </trkpt>
      <trkpt lat="56.096809" lon="-3.366880">
        <ele>141.743305</ele>
        <time>2023-07-21T19:37:14.194Z</time>
      </trkpt>
      <trkpt lat="56.097038" lon="-3.366709">
        <ele>142.304975</ele>
        <time>2023-07-21T19:37:18.874Z</time>
      </trkpt>
      <trkpt lat="56.097401" lon="-3.366488">
        <ele>143.172962</ele>
        <time>2023-07-21T19:37:27.064Z</time>
      </trkpt>
      <trkpt lat="56.097577" lon="-3.366388">
        <ele>143.590988</ele>
        <time>2023-07-21T19:37:31.063Z</time>
      </trkpt>
      <trkpt lat="56.097658" lon="-3.366341">
        <ele>143.783751</ele>
        <time>2023-07-21T19:37:32.920Z</time>
      </trkpt>
      <trkpt lat="56.097775" lon="-3.366274">
        <ele>144.061843</ele>
        <time>2023-07-21T19:37:35.511Z</time>
      </trkpt>
      <trkpt lat="56.097973" lon="-3.366163">
        <ele>144.497099</ele>
        <time>2023-07-21T19:37:40.050Z</time>
      </trkpt>
      <trkpt lat="56.098359" lon="-3.365974">
        <ele>145.195299</ele>
        <time>2023-07-21T19:37:48.485Z</time>
      </trkpt>
      <trkpt lat="56.098573" lon="-3.365887">
        <ele>145.578188</ele>
        <time>2023-07-21T19:37:52.819Z</time>
      </trkpt>
      <trkpt lat="56.098738" lon="-3.365841">
        <ele>145.869557</ele>
        <time>2023-07-21T19:37:56.207Z</time>
      </trkpt>
      <trkpt lat="56.099052" lon="-3.365761">
        <ele>146.422961</ele>
        <time>2023-07-21T19:38:01.776Z</time>
      </trkpt>
      <trkpt lat="56.099084" lon="-3.365753">
        <ele>146.479338</ele>
        <time>2023-07-21T19:38:02.385Z</time>
      </trkpt>
      <trkpt lat="56.099476" lon="-3.365655">
        <ele>147.169958</ele>
        <time>2023-07-21T19:38:08.549Z</time>
      </trkpt>
      <trkpt lat="56.099869" lon="-3.365546">
        <ele>147.343268</ele>
        <time>2023-07-21T19:38:13.403Z</time>
      </trkpt>
      <trkpt lat="56.100643" lon="-3.365352">
        <ele>146.643686</ele>
        <time>2023-07-21T19:38:20.661Z</time>
      </trkpt>
      <trkpt lat="56.100931" lon="-3.365214">
        <ele>146.376836</ele>
        <time>2023-07-21T19:38:23.370Z</time>
      </trkpt>
      <trkpt lat="56.101384" lon="-3.364826">
        <ele>145.927442</ele>
        <time>2023-07-21T19:38:28.062Z</time>
      </trkpt>
      <trkpt lat="56.101670" lon="-3.364529">
        <ele>146.268755</ele>
        <time>2023-07-21T19:38:31.578Z</time>
      </trkpt>
      <trkpt lat="56.101853" lon="-3.364276">
        <ele>146.535761</ele>
        <time>2023-07-21T19:38:34.479Z</time>
      </trkpt>
      <trkpt lat="56.102256" lon="-3.363689">
        <ele>147.135694</ele>
        <time>2023-07-21T19:38:42.317Z</time>
      </trkpt>
      <trkpt lat="56.103824" lon="-3.362226">
        <ele>150.764112</ele>
        <time>2023-07-21T19:39:17.993Z</time>
      </trkpt>
      <trkpt lat="56.104687" lon="-3.361063">
        <ele>153.499315</ele>
        <time>2023-07-21T19:39:40.872Z</time>
      </trkpt>
      <trkpt lat="56.104931" lon="-3.360859">
        <ele>154.073754</ele>
        <time>2023-07-21T19:39:46.218Z</time>
      </trkpt>
      <trkpt lat="56.105142" lon="-3.360755">
        <ele>154.540669</ele>
        <time>2023-07-21T19:39:50.482Z</time>
      </trkpt>
      <trkpt lat="56.105428" lon="-3.360728">
        <ele>155.151761</ele>
        <time>2023-07-21T19:39:55.898Z</time>
      </trkpt>
      <trkpt lat="56.105637" lon="-3.360773">
        <ele>155.600913</ele>
        <time>2023-07-21T19:39:59.600Z</time>
      </trkpt>
      <trkpt lat="56.105843" lon="-3.360879">
        <ele>156.058200</ele>
        <time>2023-07-21T19:40:03.282Z</time>
      </trkpt>
      <trkpt lat="56.106747" lon="-3.361605">
        <ele>157.337223</ele>
        <time>2023-07-21T19:40:19.049Z</time>
      </trkpt>
      <trkpt lat="56.107245" lon="-3.361669">
        <ele>157.809047</ele>
        <time>2023-07-21T19:40:26.228Z</time>
      </trkpt>
      <trkpt lat="56.108509" lon="-3.361734">
        <ele>158.593741</ele>
        <time>2023-07-21T19:40:43.866Z</time>
      </trkpt>
      <trkpt lat="56.108828" lon="-3.361722">
        <ele>158.699039</ele>
        <time>2023-07-21T19:40:48.184Z</time>
      </trkpt>
      <trkpt lat="56.108986" lon="-3.361674">
        <ele>158.751925</ele>
        <time>2023-07-21T19:40:50.228Z</time>
      </trkpt>
      <trkpt lat="56.109135" lon="-3.361752">
        <ele>158.803149</ele>
        <time>2023-07-21T19:40:52.303Z</time>
      </trkpt>
      <trkpt lat="56.109420" lon="-3.361826">
        <ele>158.898185</ele>
        <time>2023-07-21T19:40:55.823Z</time>
      </trkpt>
      <trkpt lat="56.109792" lon="-3.362043">
        <ele>158.756950</ele>
        <time>2023-07-21T19:41:00.317Z</time>
      </trkpt>
      <trkpt lat="56.110262" lon="-3.362407">
        <ele>158.166319</ele>
        <time>2023-07-21T19:41:05.521Z</time>
      </trkpt>
      <trkpt lat="56.110459" lon="-3.362558">
        <ele>157.919156</ele>
        <time>2023-07-21T19:41:07.588Z</time>
      </trkpt>
      <trkpt lat="56.110660" lon="-3.362741">
        <ele>157.659096</ele>
        <time>2023-07-21T19:41:09.698Z</time>
      </trkpt>
      <trkpt lat="56.110923" lon="-3.362947">
        <ele>157.328002</ele>
        <time>2023-07-21T19:41:12.292Z</time>
      </trkpt>
      <trkpt lat="56.111106" lon="-3.363090">
        <ele>157.097708</ele>
        <time>2023-07-21T19:41:14.067Z</time>
      </trkpt>
      <trkpt lat="56.111819" lon="-3.363474">
        <ele>156.308078</ele>
        <time>2023-07-21T19:41:20.505Z</time>
      </trkpt>
      <trkpt lat="56.112612" lon="-3.363971">
        <ele>155.441669</ele>
        <time>2023-07-21T19:41:28.321Z</time>
      </trkpt>
      <trkpt lat="56.113102" lon="-3.364319">
        <ele>155.430603</ele>
        <time>2023-07-21T19:41:35.213Z</time>
      </trkpt>
      <trkpt lat="56.113183" lon="-3.364329">
        <ele>155.668014</ele>
        <time>2023-07-21T19:41:36.503Z</time>
      </trkpt>
      <trkpt lat="56.113254" lon="-3.364338">
        <ele>155.876142</ele>
        <time>2023-07-21T19:41:37.703Z</time>
      </trkpt>
      <trkpt lat="56.113359" lon="-3.364360">
        <ele>156.185258</ele>
        <time>2023-07-21T19:41:39.506Z</time>
      </trkpt>
      <trkpt lat="56.113945" lon="-3.364442">
        <ele>157.903978</ele>
        <time>2023-07-21T19:41:51.453Z</time>
      </trkpt>
      <trkpt lat="56.114064" lon="-3.364510">
        <ele>158.269177</ele>
        <time>2023-07-21T19:41:54.344Z</time>
      </trkpt>
      <trkpt lat="56.114342" lon="-3.364794">
        <ele>159.204683</ele>
        <time>2023-07-21T19:42:02.428Z</time>
      </trkpt>
      <trkpt lat="56.115347" lon="-3.366174">
        <ele>163.083933</ele>
        <time>2023-07-21T19:42:37.225Z</time>
      </trkpt>
      <trkpt lat="56.115475" lon="-3.366382">
        <ele>163.623477</ele>
        <time>2023-07-21T19:42:41.263Z</time>
      </trkpt>
      <trkpt lat="56.115661" lon="-3.366683">
        <ele>164.406041</ele>
        <time>2023-07-21T19:42:46.695Z</time>
      </trkpt>
      <trkpt lat="56.115902" lon="-3.366997">
        <ele>165.336539</ele>
        <time>2023-07-21T19:42:52.513Z</time>
      </trkpt>
      <trkpt lat="56.117276" lon="-3.368157">
        <ele>162.610716</ele>
        <time>2023-07-21T19:43:06.909Z</time>
      </trkpt>
      <trkpt lat="56.119476" lon="-3.369736">
        <ele>149.024465</ele>
        <time>2023-07-21T19:43:24.084Z</time>
      </trkpt>
      <trkpt lat="56.119950" lon="-3.370205">
        <ele>145.357209</ele>
        <time>2023-07-21T19:43:27.928Z</time>
      </trkpt>
      <trkpt lat="56.122359" lon="-3.373102">
        <ele>126.897047</ele>
        <time>2023-07-21T19:43:48.960Z</time>
      </trkpt>
      <trkpt lat="56.122677" lon="-3.373505">
        <ele>126.160760</ele>
        <time>2023-07-21T19:43:52.022Z</time>
      </trkpt>
      <trkpt lat="56.123059" lon="-3.373895">
        <ele>125.602246</ele>
        <time>2023-07-21T19:43:55.848Z</time>
      </trkpt>
      <trkpt lat="56.123178" lon="-3.374004">
        <ele>125.432462</ele>
        <time>2023-07-21T19:43:57.093Z</time>
      </trkpt>
      <trkpt lat="56.123317" lon="-3.374117">
        <ele>125.238544</ele>
        <time>2023-07-21T19:43:58.781Z</time>
      </trkpt>
      <trkpt lat="56.123383" lon="-3.373983">
        <ele>125.111886</ele>
        <time>2023-07-21T19:43:59.951Z</time>
      </trkpt>
      <trkpt lat="56.123534" lon="-3.373809">
        <ele>124.883836</ele>
        <time>2023-07-21T19:44:02.216Z</time>
      </trkpt>
      <trkpt lat="56.123804" lon="-3.373642">
        <ele>124.520924</ele>
        <time>2023-07-21T19:44:06.627Z</time>
      </trkpt>
      <trkpt lat="56.123984" lon="-3.373617">
        <ele>124.340522</ele>
        <time>2023-07-21T19:44:09.834Z</time>
      </trkpt>
      <trkpt lat="56.124285" lon="-3.373597">
        <ele>125.224587</ele>
        <time>2023-07-21T19:44:15.231Z</time>
      </trkpt>
      <trkpt lat="56.124652" lon="-3.373626">
        <ele>126.302805</ele>
        <time>2023-07-21T19:44:22.382Z</time>
      </trkpt>
      <trkpt lat="56.125101" lon="-3.373773">
        <ele>127.642419</ele>
        <time>2023-07-21T19:44:32.361Z</time>
      </trkpt>
      <trkpt lat="56.126052" lon="-3.374264">
        <ele>130.351545</ele>
        <time>2023-07-21T19:44:57.010Z</time>
      </trkpt>
      <trkpt lat="56.126303" lon="-3.374392">
        <ele>130.961771</ele>
        <time>2023-07-21T19:45:02.768Z</time>
      </trkpt>
      <trkpt lat="56.126824" lon="-3.374688">
        <ele>132.239781</ele>
        <time>2023-07-21T19:45:13.538Z</time>
      </trkpt>
      <trkpt lat="56.127322" lon="-3.375074">
        <ele>133.508405</ele>
        <time>2023-07-21T19:45:22.963Z</time>
      </trkpt>
      <trkpt lat="56.129071" lon="-3.376492">
        <ele>133.945893</ele>
        <time>2023-07-21T19:45:45.449Z</time>
      </trkpt>
      <trkpt lat="56.129534" lon="-3.376865">
        <ele>134.160225</ele>
        <time>2023-07-21T19:45:50.848Z</time>
      </trkpt>
      <trkpt lat="56.129697" lon="-3.376997">
        <ele>134.235809</ele>
        <time>2023-07-21T19:45:52.964Z</time>
      </trkpt>
      <trkpt lat="56.130648" lon="-3.377764">
        <ele>134.676485</ele>
        <time>2023-07-21T19:46:06.958Z</time>
      </trkpt>
      <trkpt lat="56.131190" lon="-3.378209">
        <ele>135.831100</ele>
        <time>2023-07-21T19:46:17.503Z</time>
      </trkpt>
      <trkpt lat="56.131327" lon="-3.378320">
        <ele>136.152655</ele>
        <time>2023-07-21T19:46:20.508Z</time>
      </trkpt>
      <trkpt lat="56.131765" lon="-3.378677">
        <ele>137.181735</ele>
        <time>2023-07-21T19:46:30.216Z</time>
      </trkpt>
      <trkpt lat="56.132136" lon="-3.378975">
        <ele>138.051246</ele>
        <time>2023-07-21T19:46:38.173Z</time>
      </trkpt>
      <trkpt lat="56.132715" lon="-3.379445">
        <ele>139.467194</ele>
        <time>2023-07-21T19:46:50.548Z</time>
      </trkpt>
      <trkpt lat="56.132991" lon="-3.379681">
        <ele>140.164357</ele>
        <time>2023-07-21T19:46:56.614Z</time>
      </trkpt>
      <trkpt lat="56.133212" lon="-3.379870">
        <ele>140.722608</ele>
        <time>2023-07-21T19:47:01.465Z</time>
      </trkpt>
      <trkpt lat="56.133555" lon="-3.380148">
        <ele>141.580829</ele>
        <time>2023-07-21T19:47:09.042Z</time>
      </trkpt>
      <trkpt lat="56.133674" lon="-3.380245">
        <ele>141.878868</ele>
        <time>2023-07-21T19:47:11.668Z</time>
      </trkpt>
      <trkpt lat="56.133906" lon="-3.380430">
        <ele>142.457778</ele>
        <time>2023-07-21T19:47:16.350Z</time>
      </trkpt>
      <trkpt lat="56.134846" lon="-3.381053">
        <ele>143.762182</ele>
        <time>2023-07-21T19:47:32.642Z</time>
      </trkpt>
      <trkpt lat="56.135011" lon="-3.381154">
        <ele>143.972986</ele>
        <time>2023-07-21T19:47:35.410Z</time>
      </trkpt>
      <trkpt lat="56.135526" lon="-3.381444">
        <ele>144.625657</ele>
        <time>2023-07-21T19:47:44.035Z</time>
      </trkpt>
      <trkpt lat="56.136301" lon="-3.381878">
        <ele>143.977832</ele>
        <time>2023-07-21T19:47:54.013Z</time>
      </trkpt>
      <trkpt lat="56.136519" lon="-3.382014">
        <ele>143.671834</ele>
        <time>2023-07-21T19:47:56.323Z</time>
      </trkpt>
      <trkpt lat="56.136873" lon="-3.382236">
        <ele>143.174658</ele>
        <time>2023-07-21T19:47:59.760Z</time>
      </trkpt>
      <trkpt lat="56.137216" lon="-3.382487">
        <ele>142.683543</ele>
        <time>2023-07-21T19:48:02.907Z</time>
      </trkpt>
      <trkpt lat="56.137372" lon="-3.382607">
        <ele>142.458514</ele>
        <time>2023-07-21T19:48:04.282Z</time>
      </trkpt>
      <trkpt lat="56.137439" lon="-3.382659">
        <ele>142.145524</ele>
        <time>2023-07-21T19:48:04.866Z</time>
      </trkpt>
      <trkpt lat="56.138076" lon="-3.383125">
        <ele>138.875860</ele>
        <time>2023-07-21T19:48:10.151Z</time>
      </trkpt>
      <trkpt lat="56.138097" lon="-3.383139">
        <ele>138.769379</ele>
        <time>2023-07-21T19:48:10.319Z</time>
      </trkpt>
      <trkpt lat="56.138242" lon="-3.383235">
        <ele>138.034765</ele>
        <time>2023-07-21T19:48:11.476Z</time>
      </trkpt>
      <trkpt lat="56.138911" lon="-3.383698">
        <ele>134.626643</ele>
        <time>2023-07-21T19:48:16.809Z</time>
      </trkpt>
      <trkpt lat="56.139080" lon="-3.383804">
        <ele>133.775194</ele>
        <time>2023-07-21T19:48:18.143Z</time>
      </trkpt>
      <trkpt lat="56.139233" lon="-3.383906">
        <ele>132.996063</ele>
        <time>2023-07-21T19:48:19.358Z</time>
      </trkpt>
      <trkpt lat="56.139312" lon="-3.383959">
        <ele>132.593457</ele>
        <time>2023-07-21T19:48:19.989Z</time>
      </trkpt>
      <trkpt lat="56.139335" lon="-3.383978">
        <ele>132.472591</ele>
        <time>2023-07-21T19:48:20.179Z</time>
      </trkpt>
      <trkpt lat="56.139524" lon="-3.384125">
        <ele>131.489292</ele>
        <time>2023-07-21T19:48:21.722Z</time>
      </trkpt>
      <trkpt lat="56.139709" lon="-3.384288">
        <ele>130.505486</ele>
        <time>2023-07-21T19:48:23.269Z</time>
      </trkpt>
      <trkpt lat="56.139732" lon="-3.384309">
        <ele>130.382301</ele>
        <time>2023-07-21T19:48:23.459Z</time>
      </trkpt>
      <trkpt lat="56.139930" lon="-3.384493">
        <ele>129.317932</ele>
        <time>2023-07-21T19:48:25.149Z</time>
      </trkpt>
      <trkpt lat="56.140140" lon="-3.384686">
        <ele>128.191676</ele>
        <time>2023-07-21T19:48:26.933Z</time>
      </trkpt>
      <trkpt lat="56.140312" lon="-3.384842">
        <ele>127.271724</ele>
        <time>2023-07-21T19:48:28.401Z</time>
      </trkpt>
      <trkpt lat="56.140429" lon="-3.384901">
        <ele>126.691579</ele>
        <time>2023-07-21T19:48:29.335Z</time>
      </trkpt>
      <trkpt lat="56.140656" lon="-3.384863">
        <ele>125.603252</ele>
        <time>2023-07-21T19:48:31.114Z</time>
      </trkpt>
      <trkpt lat="56.140806" lon="-3.384732">
        <ele>124.949398</ele>
        <time>2023-07-21T19:48:32.424Z</time>
      </trkpt>
      <trkpt lat="56.140916" lon="-3.384494">
        <ele>124.359887</ele>
        <time>2023-07-21T19:48:33.807Z</time>
      </trkpt>
      <trkpt lat="56.141237" lon="-3.383479">
        <ele>122.134924</ele>
        <time>2023-07-21T19:48:39.044Z</time>
      </trkpt>
      <trkpt lat="56.141435" lon="-3.382994">
        <ele>120.988695</ele>
        <time>2023-07-21T19:48:41.751Z</time>
      </trkpt>
      <trkpt lat="56.141798" lon="-3.382404">
        <ele>119.313061</ele>
        <time>2023-07-21T19:48:45.724Z</time>
      </trkpt>
      <trkpt lat="56.141874" lon="-3.382283">
        <ele>118.976585</ele>
        <time>2023-07-21T19:48:46.546Z</time>
      </trkpt>
      <trkpt lat="56.141929" lon="-3.382198">
        <ele>118.742782</ele>
        <time>2023-07-21T19:48:47.128Z</time>
      </trkpt>
      <trkpt lat="56.142209" lon="-3.381823">
        <ele>117.617375</ele>
        <time>2023-07-21T19:48:49.958Z</time>
      </trkpt>
      <trkpt lat="56.142576" lon="-3.381294">
        <ele>116.101105</ele>
        <time>2023-07-21T19:48:53.789Z</time>
      </trkpt>
      <trkpt lat="56.142723" lon="-3.381039">
        <ele>115.442556</ele>
        <time>2023-07-21T19:48:55.450Z</time>
      </trkpt>
      <trkpt lat="56.142882" lon="-3.380676">
        <ele>114.613839</ele>
        <time>2023-07-21T19:48:57.524Z</time>
      </trkpt>
      <trkpt lat="56.144165" lon="-3.377311">
        <ele>107.582018</ele>
        <time>2023-07-21T19:49:15.918Z</time>
      </trkpt>
      <trkpt lat="56.144546" lon="-3.378018">
        <ele>106.590464</ele>
        <time>2023-07-21T19:49:20.577Z</time>
      </trkpt>
      <trkpt lat="56.144661" lon="-3.378203">
        <ele>106.311043</ele>
        <time>2023-07-21T19:49:21.935Z</time>
      </trkpt>
      <trkpt lat="56.144703" lon="-3.378262">
        <ele>106.214542</ele>
        <time>2023-07-21T19:49:22.415Z</time>
      </trkpt>
      <trkpt lat="56.144840" lon="-3.378454">
        <ele>105.900045</ele>
        <time>2023-07-21T19:49:23.955Z</time>
      </trkpt>
      <trkpt lat="56.145030" lon="-3.378648">
        <ele>105.504526</ele>
        <time>2023-07-21T19:49:25.960Z</time>
      </trkpt>
      <trkpt lat="56.145135" lon="-3.378756">
        <ele>105.285556</ele>
        <time>2023-07-21T19:49:27.062Z</time>
      </trkpt>
      <trkpt lat="56.146687" lon="-3.380343">
        <ele>104.077900</ele>
        <time>2023-07-21T19:49:45.509Z</time>
      </trkpt>
      <trkpt lat="56.147588" lon="-3.381301">
        <ele>104.456470</ele>
        <time>2023-07-21T19:50:00.052Z</time>
      </trkpt>
      <trkpt lat="56.148136" lon="-3.381890">
        <ele>105.015354</ele>
        <time>2023-07-21T19:50:09.922Z</time>
      </trkpt>
      <trkpt lat="56.148508" lon="-3.382326">
        <ele>105.404091</ele>
        <time>2023-07-21T19:50:16.812Z</time>
      </trkpt>
      <trkpt lat="56.148905" lon="-3.382954">
        <ele>105.833085</ele>
        <time>2023-07-21T19:50:24.729Z</time>
      </trkpt>
      <trkpt lat="56.149395" lon="-3.383930">
        <ele>106.411739</ele>
        <time>2023-07-21T19:50:35.263Z</time>
      </trkpt>
      <trkpt lat="56.149953" lon="-3.385134">
        <ele>107.190619</ele>
        <time>2023-07-21T19:50:47.100Z</time>
      </trkpt>
      <trkpt lat="56.150750" lon="-3.386951">
        <ele>108.759286</ele>
        <time>2023-07-21T19:51:06.404Z</time>
      </trkpt>
      <trkpt lat="56.150778" lon="-3.387016">
        <ele>108.815019</ele>
        <time>2023-07-21T19:51:07.148Z</time>
      </trkpt>
      <trkpt lat="56.151835" lon="-3.389455">
        <ele>112.962279</ele>
        <time>2023-07-21T19:51:41.216Z</time>
      </trkpt>
      <trkpt lat="56.152027" lon="-3.390063">
        <ele>114.013825</ele>
        <time>2023-07-21T19:51:50.060Z</time>
      </trkpt>
      <trkpt lat="56.152134" lon="-3.390924">
        <ele>115.585763</ele>
        <time>2023-07-21T19:52:01.486Z</time>
      </trkpt>
      <trkpt lat="56.152351" lon="-3.393794">
        <ele>120.260437</ele>
        <time>2023-07-21T19:52:37.156Z</time>
      </trkpt>
      <trkpt lat="56.152480" lon="-3.394259">
        <ele>120.797322</ele>
        <time>2023-07-21T19:52:42.699Z</time>
      </trkpt>
      <trkpt lat="56.152653" lon="-3.394587">
        <ele>121.264178</ele>
        <time>2023-07-21T19:52:47.208Z</time>
      </trkpt>
      <trkpt lat="56.152854" lon="-3.394797">
        <ele>121.695687</ele>
        <time>2023-07-21T19:52:51.205Z</time>
      </trkpt>
      <trkpt lat="56.154267" lon="-3.395511">
        <ele>123.620574</ele>
        <time>2023-07-21T19:53:12.815Z</time>
      </trkpt>
      <trkpt lat="56.154795" lon="-3.395773">
        <ele>124.093193</ele>
        <time>2023-07-21T19:53:20.563Z</time>
      </trkpt>
      <trkpt lat="56.158128" lon="-3.397426">
        <ele>127.108478</ele>
        <time>2023-07-21T19:54:12.740Z</time>
      </trkpt>
      <trkpt lat="56.158668" lon="-3.397675">
        <ele>127.492843</ele>
        <time>2023-07-21T19:54:19.751Z</time>
      </trkpt>
      <trkpt lat="56.159279" lon="-3.397986">
        <ele>127.088758</ele>
        <time>2023-07-21T19:54:26.734Z</time>
      </trkpt>
      <trkpt lat="56.159335" lon="-3.398015">
        <ele>127.048088</ele>
        <time>2023-07-21T19:54:27.373Z</time>
      </trkpt>
      <trkpt lat="56.159585" lon="-3.398142">
        <ele>126.866791</ele>
        <time>2023-07-21T19:54:30.005Z</time>
      </trkpt>
      <trkpt lat="56.159635" lon="-3.398167">
        <ele>126.830574</ele>
        <time>2023-07-21T19:54:30.564Z</time>
      </trkpt>
      <trkpt lat="56.160027" lon="-3.398367">
        <ele>126.546209</ele>
        <time>2023-07-21T19:54:34.559Z</time>
      </trkpt>
      <trkpt lat="56.161164" lon="-3.398961">
        <ele>125.493546</ele>
        <time>2023-07-21T19:54:45.697Z</time>
      </trkpt>
      <trkpt lat="56.161757" lon="-3.399152">
        <ele>124.896011</ele>
        <time>2023-07-21T19:54:51.727Z</time>
      </trkpt>
      <trkpt lat="56.162048" lon="-3.399209">
        <ele>124.605679</ele>
        <time>2023-07-21T19:54:54.713Z</time>
      </trkpt>
      <trkpt lat="56.162439" lon="-3.399300">
        <ele>124.265586</ele>
        <time>2023-07-21T19:54:58.777Z</time>
      </trkpt>
      <trkpt lat="56.164341" lon="-3.399704">
        <ele>122.541222</ele>
        <time>2023-07-21T19:55:18.205Z</time>
      </trkpt>
      <trkpt lat="56.167114" lon="-3.400238">
        <ele>118.626318</ele>
        <time>2023-07-21T19:55:43.827Z</time>
      </trkpt>
      <trkpt lat="56.167485" lon="-3.400330">
        <ele>118.069508</ele>
        <time>2023-07-21T19:55:47.238Z</time>
      </trkpt>
      <trkpt lat="56.168164" lon="-3.400573">
        <ele>117.294570</ele>
        <time>2023-07-21T19:55:53.768Z</time>
      </trkpt>
      <trkpt lat="56.168813" lon="-3.400922">
        <ele>116.558423</ele>
        <time>2023-07-21T19:56:00.376Z</time>
      </trkpt>
      <trkpt lat="56.169277" lon="-3.401232">
        <ele>116.025433</ele>
        <time>2023-07-21T19:56:05.304Z</time>
      </trkpt>
      <trkpt lat="56.169710" lon="-3.401580">
        <ele>115.752229</ele>
        <time>2023-07-21T19:56:10.148Z</time>
      </trkpt>
      <trkpt lat="56.170331" lon="-3.402203">
        <ele>115.342571</ele>
        <time>2023-07-21T19:56:17.719Z</time>
      </trkpt>
      <trkpt lat="56.171045" lon="-3.403012">
        <ele>114.866874</ele>
        <time>2023-07-21T19:56:26.606Z</time>
      </trkpt>
      <trkpt lat="56.171310" lon="-3.403317">
        <ele>114.699320</ele>
        <time>2023-07-21T19:56:29.861Z</time>
      </trkpt>
      <trkpt lat="56.172467" lon="-3.404642">
        <ele>114.023137</ele>
        <time>2023-07-21T19:56:44.329Z</time>
      </trkpt>
      <trkpt lat="56.172974" lon="-3.405084">
        <ele>113.960105</ele>
        <time>2023-07-21T19:56:50.541Z</time>
      </trkpt>
      <trkpt lat="56.173139" lon="-3.405174">
        <ele>113.940818</ele>
        <time>2023-07-21T19:56:52.461Z</time>
      </trkpt>
      <trkpt lat="56.173834" lon="-3.405413">
        <ele>113.861673</ele>
        <time>2023-07-21T19:57:00.749Z</time>
      </trkpt>
      <trkpt lat="56.174104" lon="-3.405468">
        <ele>113.868340</ele>
        <time>2023-07-21T19:57:04.140Z</time>
      </trkpt>
      <trkpt lat="56.175585" lon="-3.405653">
        <ele>114.902933</ele>
        <time>2023-07-21T19:57:24.914Z</time>
      </trkpt>
      <trkpt lat="56.175918" lon="-3.405749">
        <ele>115.154535</ele>
        <time>2023-07-21T19:57:30.125Z</time>
      </trkpt>
      <trkpt lat="56.176198" lon="-3.405890">
        <ele>115.426988</ele>
        <time>2023-07-21T19:57:34.719Z</time>
      </trkpt>
      <trkpt lat="56.176523" lon="-3.406187">
        <ele>115.768624</ele>
        <time>2023-07-21T19:57:40.634Z</time>
      </trkpt>
      <trkpt lat="56.176659" lon="-3.406342">
        <ele>115.919525</ele>
        <time>2023-07-21T19:57:43.170Z</time>
      </trkpt>
      <trkpt lat="56.177758" lon="-3.407586">
        <ele>116.716869</ele>
        <time>2023-07-21T19:58:01.891Z</time>
      </trkpt>
      <trkpt lat="56.180262" lon="-3.409996">
        <ele>116.194143</ele>
        <time>2023-07-21T19:58:32.165Z</time>
      </trkpt>
      <trkpt lat="56.181552" lon="-3.411244">
        <ele>117.044061</ele>
        <time>2023-07-21T19:58:52.404Z</time>
      </trkpt>
      <trkpt lat="56.182036" lon="-3.411716">
        <ele>117.512225</ele>
        <time>2023-07-21T19:59:01.275Z</time>
      </trkpt>
      <trkpt lat="56.182480" lon="-3.412147">
        <ele>118.017249</ele>
        <time>2023-07-21T19:59:09.421Z</time>
      </trkpt>
      <trkpt lat="56.183846" lon="-3.413477">
        <ele>119.608859</ele>
        <time>2023-07-21T19:59:33.316Z</time>
      </trkpt>
      <trkpt lat="56.188597" lon="-3.417859">
        <ele>121.719029</ele>
        <time>2023-07-21T20:00:43.212Z</time>
      </trkpt>
      <trkpt lat="56.189585" lon="-3.418755">
        <ele>121.102456</ele>
        <time>2023-07-21T20:00:55.449Z</time>
      </trkpt>
      <trkpt lat="56.191574" lon="-3.419800">
        <ele>118.642517</ele>
        <time>2023-07-21T20:01:14.940Z</time>
      </trkpt>
      <trkpt lat="56.193326" lon="-3.420777">
        <ele>115.204311</ele>
        <time>2023-07-21T20:01:31.071Z</time>
      </trkpt>
      <trkpt lat="56.194816" lon="-3.421667">
        <ele>112.501185</ele>
        <time>2023-07-21T20:01:44.875Z</time>
      </trkpt>
      <trkpt lat="56.196533" lon="-3.422705">
        <ele>110.758983</ele>
        <time>2023-07-21T20:02:02.666Z</time>
      </trkpt>
      <trkpt lat="56.197201" lon="-3.423103">
        <ele>110.450737</ele>
        <time>2023-07-21T20:02:11.053Z</time>
      </trkpt>
      <trkpt lat="56.197252" lon="-3.423102">
        <ele>110.466699</ele>
        <time>2023-07-21T20:02:11.685Z</time>
      </trkpt>
      <trkpt lat="56.197440" lon="-3.423074">
        <ele>110.525739</ele>
        <time>2023-07-21T20:02:14.086Z</time>
      </trkpt>
      <trkpt lat="56.198196" lon="-3.422970">
        <ele>110.763034</ele>
        <time>2023-07-21T20:02:24.002Z</time>
      </trkpt>
      <trkpt lat="56.198425" lon="-3.422931">
        <ele>110.835025</ele>
        <time>2023-07-21T20:02:27.140Z</time>
      </trkpt>
      <trkpt lat="56.198608" lon="-3.422902">
        <ele>110.892520</ele>
        <time>2023-07-21T20:02:29.604Z</time>
      </trkpt>
      <trkpt lat="56.198887" lon="-3.422861">
        <ele>110.976783</ele>
        <time>2023-07-21T20:02:33.329Z</time>
      </trkpt>
      <trkpt lat="56.199336" lon="-3.422782">
        <ele>111.087017</ele>
        <time>2023-07-21T20:02:39.057Z</time>
      </trkpt>
      <trkpt lat="56.199657" lon="-3.422723">
        <ele>111.165859</ele>
        <time>2023-07-21T20:02:42.961Z</time>
      </trkpt>
      <trkpt lat="56.199745" lon="-3.422796">
        <ele>111.189541</ele>
        <time>2023-07-21T20:02:44.147Z</time>
      </trkpt>
      <trkpt lat="56.200346" lon="-3.422433">
        <ele>111.344458</ele>
        <time>2023-07-21T20:02:51.981Z</time>
      </trkpt>
      <trkpt lat="56.200575" lon="-3.422306">
        <ele>111.403014</ele>
        <time>2023-07-21T20:02:55.042Z</time>
      </trkpt>
      <trkpt lat="56.201173" lon="-3.421986">
        <ele>111.807135</ele>
        <time>2023-07-21T20:03:03.109Z</time>
      </trkpt>
      <trkpt lat="56.201394" lon="-3.421872">
        <ele>111.956875</ele>
        <time>2023-07-21T20:03:05.999Z</time>
      </trkpt>
      <trkpt lat="56.201409" lon="-3.421863">
        <ele>111.967174</ele>
        <time>2023-07-21T20:03:06.196Z</time>
      </trkpt>
      <trkpt lat="56.202181" lon="-3.421407">
        <ele>112.496403</ele>
        <time>2023-07-21T20:03:17.416Z</time>
      </trkpt>
      <trkpt lat="56.202272" lon="-3.421363">
        <ele>112.557776</ele>
        <time>2023-07-21T20:03:18.908Z</time>
      </trkpt>
      <trkpt lat="56.202450" lon="-3.421273">
        <ele>112.967160</ele>
        <time>2023-07-21T20:03:22.127Z</time>
      </trkpt>
      <trkpt lat="56.202792" lon="-3.421076">
        <ele>113.860832</ele>
        <time>2023-07-21T20:03:29.025Z</time>
      </trkpt>
      <trkpt lat="56.202915" lon="-3.421004">
        <ele>114.182729</ele>
        <time>2023-07-21T20:03:32.217Z</time>
      </trkpt>
      <trkpt lat="56.203328" lon="-3.420886">
        <ele>115.223360</ele>
        <time>2023-07-21T20:03:42.857Z</time>
      </trkpt>
      <trkpt lat="56.203375" lon="-3.420886">
        <ele>115.340317</ele>
        <time>2023-07-21T20:03:44.046Z</time>
      </trkpt>
      <trkpt lat="56.203414" lon="-3.420904">
        <ele>115.440514</ele>
        <time>2023-07-21T20:03:45.069Z</time>
      </trkpt>
      <trkpt lat="56.203556" lon="-3.420976">
        <ele>115.807660</ele>
        <time>2023-07-21T20:03:48.239Z</time>
      </trkpt>
      <trkpt lat="56.203761" lon="-3.421031">
        <ele>116.323443</ele>
        <time>2023-07-21T20:03:52.615Z</time>
      </trkpt>
      <trkpt lat="56.203793" lon="-3.421033">
        <ele>116.403122</ele>
        <time>2023-07-21T20:03:53.310Z</time>
      </trkpt>
      <trkpt lat="56.203863" lon="-3.421037">
        <ele>116.577402</ele>
        <time>2023-07-21T20:03:54.784Z</time>
      </trkpt>
      <trkpt lat="56.204058" lon="-3.421058">
        <ele>117.061719</ele>
        <time>2023-07-21T20:03:58.888Z</time>
      </trkpt>
      <trkpt lat="56.204397" lon="-3.421128">
        <ele>117.782424</ele>
        <time>2023-07-21T20:04:06.104Z</time>
      </trkpt>
      <trkpt lat="56.204927" lon="-3.421236">
        <ele>118.908998</ele>
        <time>2023-07-21T20:04:17.002Z</time>
      </trkpt>
      <trkpt lat="56.205047" lon="-3.421322">
        <ele>119.181843</ele>
        <time>2023-07-21T20:04:19.453Z</time>
      </trkpt>
      <trkpt lat="56.205223" lon="-3.421365">
        <ele>119.556987</ele>
        <time>2023-07-21T20:04:22.740Z</time>
      </trkpt>
      <trkpt lat="56.205804" lon="-3.421704">
        <ele>120.847117</ele>
        <time>2023-07-21T20:04:33.008Z</time>
      </trkpt>
      <trkpt lat="56.205871" lon="-3.421741">
        <ele>120.890219</ele>
        <time>2023-07-21T20:04:34.009Z</time>
      </trkpt>
      <trkpt lat="56.205938" lon="-3.421780">
        <ele>120.931059</ele>
        <time>2023-07-21T20:04:35.024Z</time>
      </trkpt>
      <trkpt lat="56.206092" lon="-3.421861">
        <ele>121.024112</ele>
        <time>2023-07-21T20:04:37.207Z</time>
      </trkpt>
      <trkpt lat="56.206259" lon="-3.421957">
        <ele>121.125789</ele>
        <time>2023-07-21T20:04:39.584Z</time>
      </trkpt>
      <trkpt lat="56.206389" lon="-3.422026">
        <ele>121.204396</ele>
        <time>2023-07-21T20:04:41.329Z</time>
      </trkpt>
      <trkpt lat="56.206595" lon="-3.422153">
        <ele>121.330690</ele>
        <time>2023-07-21T20:04:44.118Z</time>
      </trkpt>
      <trkpt lat="56.206699" lon="-3.422217">
        <ele>121.394437</ele>
        <time>2023-07-21T20:04:45.512Z</time>
      </trkpt>
      <trkpt lat="56.207128" lon="-3.422512">
        <ele>121.660802</ele>
        <time>2023-07-21T20:04:51.513Z</time>
      </trkpt>
      <trkpt lat="56.207430" lon="-3.422733">
        <ele>121.849891</ele>
        <time>2023-07-21T20:04:55.902Z</time>
      </trkpt>
      <trkpt lat="56.207710" lon="-3.422943">
        <ele>121.917381</ele>
        <time>2023-07-21T20:04:59.989Z</time>
      </trkpt>
      <trkpt lat="56.207938" lon="-3.423107">
        <ele>121.943008</ele>
        <time>2023-07-21T20:05:03.239Z</time>
      </trkpt>
      <trkpt lat="56.208150" lon="-3.423277">
        <ele>121.967232</ele>
        <time>2023-07-21T20:05:06.295Z</time>
      </trkpt>
      <trkpt lat="56.208430" lon="-3.423484">
        <ele>121.998825</ele>
        <time>2023-07-21T20:05:10.198Z</time>
      </trkpt>
      <trkpt lat="56.208698" lon="-3.423691">
        <ele>122.029264</ele>
        <time>2023-07-21T20:05:13.810Z</time>
      </trkpt>
      <trkpt lat="56.209462" lon="-3.424284">
        <ele>121.846285</ele>
        <time>2023-07-21T20:05:22.716Z</time>
      </trkpt>
      <trkpt lat="56.209551" lon="-3.424354">
        <ele>121.777870</ele>
        <time>2023-07-21T20:05:23.698Z</time>
      </trkpt>
      <trkpt lat="56.210049" lon="-3.424735">
        <ele>121.396709</ele>
        <time>2023-07-21T20:05:28.994Z</time>
      </trkpt>
      <trkpt lat="56.210608" lon="-3.425093">
        <ele>120.978789</ele>
        <time>2023-07-21T20:05:34.915Z</time>
      </trkpt>
      <trkpt lat="56.210892" lon="-3.425274">
        <ele>120.816030</ele>
        <time>2023-07-21T20:05:38.076Z</time>
      </trkpt>
      <trkpt lat="56.210958" lon="-3.425317">
        <ele>120.817575</ele>
        <time>2023-07-21T20:05:38.832Z</time>
      </trkpt>
      <trkpt lat="56.211094" lon="-3.425404">
        <ele>120.820752</ele>
        <time>2023-07-21T20:05:40.365Z</time>
      </trkpt>
      <trkpt lat="56.211482" lon="-3.425652">
        <ele>120.829815</ele>
        <time>2023-07-21T20:05:44.886Z</time>
      </trkpt>
      <trkpt lat="56.212392" lon="-3.426206">
        <ele>120.850961</ele>
        <time>2023-07-21T20:05:56.943Z</time>
      </trkpt>
      <trkpt lat="56.212876" lon="-3.426473">
        <ele>120.952430</ele>
        <time>2023-07-21T20:06:04.187Z</time>
      </trkpt>
      <trkpt lat="56.213286" lon="-3.426689">
        <ele>121.068209</ele>
        <time>2023-07-21T20:06:10.247Z</time>
      </trkpt>
      <trkpt lat="56.213342" lon="-3.426720">
        <ele>121.084087</ele>
        <time>2023-07-21T20:06:11.038Z</time>
      </trkpt>
      <trkpt lat="56.213724" lon="-3.426914">
        <ele>121.191657</ele>
        <time>2023-07-21T20:06:16.167Z</time>
      </trkpt>
      <trkpt lat="56.213986" lon="-3.426999">
        <ele>121.263804</ele>
        <time>2023-07-21T20:06:19.327Z</time>
      </trkpt>
      <trkpt lat="56.214295" lon="-3.427052">
        <ele>121.322997</ele>
        <time>2023-07-21T20:06:22.813Z</time>
      </trkpt>
      <trkpt lat="56.214437" lon="-3.427072">
        <ele>121.210755</ele>
        <time>2023-07-21T20:06:24.378Z</time>
      </trkpt>
      <trkpt lat="56.215087" lon="-3.427005">
        <ele>120.697702</ele>
        <time>2023-07-21T20:06:31.148Z</time>
      </trkpt>
      <trkpt lat="56.215539" lon="-3.426857">
        <ele>120.335662</ele>
        <time>2023-07-21T20:06:35.644Z</time>
      </trkpt>
      <trkpt lat="56.216694" lon="-3.426563">
        <ele>119.451175</ele>
        <time>2023-07-21T20:06:46.889Z</time>
      </trkpt>
      <trkpt lat="56.216969" lon="-3.426490">
        <ele>119.247113</ele>
        <time>2023-07-21T20:06:49.626Z</time>
      </trkpt>
      <trkpt lat="56.217203" lon="-3.426424">
        <ele>119.073236</ele>
        <time>2023-07-21T20:06:52.016Z</time>
      </trkpt>
      <trkpt lat="56.218158" lon="-3.426127">
        <ele>118.588431</ele>
        <time>2023-07-21T20:07:02.478Z</time>
      </trkpt>
      <trkpt lat="56.218936" lon="-3.425758">
        <ele>118.550901</ele>
        <time>2023-07-21T20:07:12.499Z</time>
      </trkpt>
      <trkpt lat="56.219346" lon="-3.425561">
        <ele>118.531106</ele>
        <time>2023-07-21T20:07:17.700Z</time>
      </trkpt>
      <trkpt lat="56.219641" lon="-3.425419">
        <ele>118.485017</ele>
        <time>2023-07-21T20:07:21.300Z</time>
      </trkpt>
      <trkpt lat="56.220188" lon="-3.425162">
        <ele>118.183479</ele>
        <time>2023-07-21T20:07:27.571Z</time>
      </trkpt>
      <trkpt lat="56.221094" lon="-3.424734">
        <ele>117.683865</ele>
        <time>2023-07-21T20:07:37.079Z</time>
      </trkpt>
      <trkpt lat="56.221202" lon="-3.424692">
        <ele>117.624931</ele>
        <time>2023-07-21T20:07:38.230Z</time>
      </trkpt>
      <trkpt lat="56.221768" lon="-3.424427">
        <ele>117.326647</ele>
        <time>2023-07-21T20:07:44.154Z</time>
      </trkpt>
      <trkpt lat="56.222423" lon="-3.423965">
        <ele>116.972095</ele>
        <time>2023-07-21T20:07:51.375Z</time>
      </trkpt>
      <trkpt lat="56.222478" lon="-3.423926">
        <ele>116.942303</ele>
        <time>2023-07-21T20:07:52.008Z</time>
      </trkpt>
      <trkpt lat="56.222731" lon="-3.423744">
        <ele>116.804988</ele>
        <time>2023-07-21T20:07:54.918Z</time>
      </trkpt>
      <trkpt lat="56.223052" lon="-3.423484">
        <ele>116.670246</ele>
        <time>2023-07-21T20:07:58.892Z</time>
      </trkpt>
      <trkpt lat="56.223346" lon="-3.423210">
        <ele>116.770962</ele>
        <time>2023-07-21T20:08:02.921Z</time>
      </trkpt>
      <trkpt lat="56.223400" lon="-3.423159">
        <ele>116.789513</ele>
        <time>2023-07-21T20:08:03.664Z</time>
      </trkpt>
      <trkpt lat="56.223925" lon="-3.422671">
        <ele>116.969264</ele>
        <time>2023-07-21T20:08:11.283Z</time>
      </trkpt>
      <trkpt lat="56.224029" lon="-3.422574">
        <ele>117.004897</ele>
        <time>2023-07-21T20:08:12.928Z</time>
      </trkpt>
      <trkpt lat="56.224441" lon="-3.422191">
        <ele>117.145960</ele>
        <time>2023-07-21T20:08:19.099Z</time>
      </trkpt>
      <trkpt lat="56.225216" lon="-3.421470">
        <ele>117.593043</ele>
        <time>2023-07-21T20:08:31.568Z</time>
      </trkpt>
      <trkpt lat="56.226107" lon="-3.420640">
        <ele>118.162200</ele>
        <time>2023-07-21T20:08:45.207Z</time>
      </trkpt>
      <trkpt lat="56.226267" lon="-3.420431">
        <ele>118.263034</ele>
        <time>2023-07-21T20:08:47.896Z</time>
      </trkpt>
      <trkpt lat="56.226669" lon="-3.420017">
        <ele>118.469450</ele>
        <time>2023-07-21T20:08:53.663Z</time>
      </trkpt>
      <trkpt lat="56.226745" lon="-3.420002">
        <ele>118.503520</ele>
        <time>2023-07-21T20:08:54.570Z</time>
      </trkpt>
      <trkpt lat="56.226917" lon="-3.419213">
        <ele>118.713461</ele>
        <time>2023-07-21T20:09:00.629Z</time>
      </trkpt>
      <trkpt lat="56.226984" lon="-3.418693">
        <ele>118.845689</ele>
        <time>2023-07-21T20:09:04.498Z</time>
      </trkpt>
      <trkpt lat="56.227021" lon="-3.418415">
        <ele>118.916500</ele>
        <time>2023-07-21T20:09:06.745Z</time>
      </trkpt>
      <trkpt lat="56.227159" lon="-3.417430">
        <ele>119.536953</ele>
        <time>2023-07-21T20:09:14.512Z</time>
      </trkpt>
      <trkpt lat="56.227284" lon="-3.416495">
        <ele>120.380660</ele>
        <time>2023-07-21T20:09:23.237Z</time>
      </trkpt>
      <trkpt lat="56.227309" lon="-3.416315">
        <ele>120.543436</ele>
        <time>2023-07-21T20:09:25.037Z</time>
      </trkpt>
      <trkpt lat="56.227328" lon="-3.416212">
        <ele>120.638648</ele>
        <time>2023-07-21T20:09:26.093Z</time>
      </trkpt>
      <trkpt lat="56.227374" lon="-3.415990">
        <ele>120.846508</ele>
        <time>2023-07-21T20:09:28.502Z</time>
      </trkpt>
      <trkpt lat="56.228107" lon="-3.413169">
        <ele>123.810960</ele>
        <time>2023-07-21T20:10:01.230Z</time>
      </trkpt>
      <trkpt lat="56.228339" lon="-3.412390">
        <ele>124.691289</ele>
        <time>2023-07-21T20:10:09.339Z</time>
      </trkpt>
      <trkpt lat="56.228717" lon="-3.411314">
        <ele>125.363179</ele>
        <time>2023-07-21T20:10:19.847Z</time>
      </trkpt>
      <trkpt lat="56.229712" lon="-3.409089">
        <ele>126.134552</ele>
        <time>2023-07-21T20:10:40.699Z</time>
      </trkpt>
      <trkpt lat="56.230047" lon="-3.408323">
        <ele>126.180849</ele>
        <time>2023-07-21T20:10:47.074Z</time>
      </trkpt>
      <trkpt lat="56.230334" lon="-3.408695">
        <ele>126.211077</ele>
        <time>2023-07-21T20:10:51.168Z</time>
      </trkpt>
      <trkpt lat="56.230429" lon="-3.408766">
        <ele>126.219867</ele>
        <time>2023-07-21T20:10:52.448Z</time>
      </trkpt>
      <trkpt lat="56.230542" lon="-3.408787">
        <ele>126.229575</ele>
        <time>2023-07-21T20:10:53.819Z</time>
      </trkpt>
      <trkpt lat="56.230688" lon="-3.408756">
        <ele>126.242138</ele>
        <time>2023-07-21T20:10:55.433Z</time>
      </trkpt>
      <trkpt lat="56.230899" lon="-3.408547">
        <ele>126.262721</ele>
        <time>2023-07-21T20:10:58.411Z</time>
      </trkpt>
      <trkpt lat="56.231188" lon="-3.407891">
        <ele>126.329656</ele>
        <time>2023-07-21T20:11:04.163Z</time>
      </trkpt>
      <trkpt lat="56.231236" lon="-3.407769">
        <ele>126.341850</ele>
        <time>2023-07-21T20:11:05.298Z</time>
      </trkpt>
      <trkpt lat="56.231295" lon="-3.407619">
        <ele>126.356841</ele>
        <time>2023-07-21T20:11:06.678Z</time>
      </trkpt>
      <trkpt lat="56.231431" lon="-3.407274">
        <ele>126.391347</ele>
        <time>2023-07-21T20:11:09.653Z</time>
      </trkpt>
      <trkpt lat="56.231643" lon="-3.406873">
        <ele>126.436496</ele>
        <time>2023-07-21T20:11:13.216Z</time>
      </trkpt>
      <trkpt lat="56.231914" lon="-3.406620">
        <ele>126.481307</ele>
        <time>2023-07-21T20:11:16.658Z</time>
      </trkpt>
      <trkpt lat="56.232303" lon="-3.406440">
        <ele>126.562219</ele>
        <time>2023-07-21T20:11:21.652Z</time>
      </trkpt>
      <trkpt lat="56.232884" lon="-3.406189">
        <ele>126.815091</ele>
        <time>2023-07-21T20:11:29.834Z</time>
      </trkpt>
      <trkpt lat="56.234662" lon="-3.405461">
        <ele>127.536903</ele>
        <time>2023-07-21T20:11:54.025Z</time>
      </trkpt>
      <trkpt lat="56.235963" lon="-3.404929">
        <ele>128.097458</ele>
        <time>2023-07-21T20:12:10.954Z</time>
      </trkpt>
      <trkpt lat="56.238139" lon="-3.404066">
        <ele>130.376820</ele>
        <time>2023-07-21T20:12:43.349Z</time>
      </trkpt>
      <trkpt lat="56.238756" lon="-3.403774">
        <ele>131.460121</ele>
        <time>2023-07-21T20:12:54.579Z</time>
      </trkpt>
      <trkpt lat="56.238950" lon="-3.403647">
        <ele>131.810657</ele>
        <time>2023-07-21T20:12:58.494Z</time>
      </trkpt>
      <trkpt lat="56.239195" lon="-3.403446">
        <ele>132.267867</ele>
        <time>2023-07-21T20:13:03.791Z</time>
      </trkpt>
      <trkpt lat="56.239430" lon="-3.403172">
        <ele>133.190170</ele>
        <time>2023-07-21T20:13:09.621Z</time>
      </trkpt>
      <trkpt lat="56.239972" lon="-3.402101">
        <ele>135.930166</ele>
        <time>2023-07-21T20:13:28.300Z</time>
      </trkpt>
      <trkpt lat="56.240524" lon="-3.401148">
        <ele>138.519734</ele>
        <time>2023-07-21T20:13:46.965Z</time>
      </trkpt>
      <trkpt lat="56.240840" lon="-3.400826">
        <ele>139.600556</ele>
        <time>2023-07-21T20:13:55.066Z</time>
      </trkpt>
      <trkpt lat="56.241562" lon="-3.400555">
        <ele>141.795676</ele>
        <time>2023-07-21T20:14:11.077Z</time>
      </trkpt>
      <trkpt lat="56.242373" lon="-3.400321">
        <ele>144.159102</ele>
        <time>2023-07-21T20:14:27.498Z</time>
      </trkpt>
      <trkpt lat="56.245457" lon="-3.399431">
        <ele>152.140023</ele>
        <time>2023-07-21T20:15:28.827Z</time>
      </trkpt>
      <trkpt lat="56.245620" lon="-3.399352">
        <ele>152.589517</ele>
        <time>2023-07-21T20:15:32.553Z</time>
      </trkpt>
      <trkpt lat="56.245732" lon="-3.399180">
        <ele>152.981564</ele>
        <time>2023-07-21T20:15:35.798Z</time>
      </trkpt>
      <trkpt lat="56.246571" lon="-3.396774">
        <ele>158.488279</ele>
        <time>2023-07-21T20:16:13.074Z</time>
      </trkpt>
      <trkpt lat="56.246951" lon="-3.395858">
        <ele>160.325701</ele>
        <time>2023-07-21T20:16:27.396Z</time>
      </trkpt>
      <trkpt lat="56.247148" lon="-3.395384">
        <ele>161.172010</ele>
        <time>2023-07-21T20:16:34.366Z</time>
      </trkpt>
      <trkpt lat="56.248272" lon="-3.392670">
        <ele>165.495612</ele>
        <time>2023-07-21T20:17:09.063Z</time>
      </trkpt>
      <trkpt lat="56.249347" lon="-3.390455">
        <ele>168.629015</ele>
        <time>2023-07-21T20:17:38.330Z</time>
      </trkpt>
      <trkpt lat="56.249828" lon="-3.389628">
        <ele>169.875180</ele>
        <time>2023-07-21T20:17:50.551Z</time>
      </trkpt>
      <trkpt lat="56.250232" lon="-3.389259">
        <ele>170.723912</ele>
        <time>2023-07-21T20:17:58.531Z</time>
      </trkpt>
      <trkpt lat="56.250833" lon="-3.388889">
        <ele>171.464915</ele>
        <time>2023-07-21T20:18:09.241Z</time>
      </trkpt>
      <trkpt lat="56.251879" lon="-3.388836">
        <ele>172.661088</ele>
        <time>2023-07-21T20:18:25.014Z</time>
      </trkpt>
      <trkpt lat="56.254940" lon="-3.388939">
        <ele>173.854552</ele>
        <time>2023-07-21T20:19:04.316Z</time>
      </trkpt>
      <trkpt lat="56.258974" lon="-3.388543">
        <ele>175.696005</ele>
        <time>2023-07-21T20:19:57.672Z</time>
      </trkpt>
      <trkpt lat="56.259263" lon="-3.388515">
        <ele>175.878828</ele>
        <time>2023-07-21T20:20:01.971Z</time>
      </trkpt>
      <trkpt lat="56.259808" lon="-3.388798">
        <ele>176.427847</ele>
        <time>2023-07-21T20:20:10.750Z</time>
      </trkpt>
      <trkpt lat="56.260636" lon="-3.389227">
        <ele>177.261808</ele>
        <time>2023-07-21T20:20:24.031Z</time>
      </trkpt>
      <trkpt lat="56.261266" lon="-3.389737">
        <ele>177.721003</ele>
        <time>2023-07-21T20:20:34.032Z</time>
      </trkpt>
      <trkpt lat="56.262206" lon="-3.390773">
        <ele>178.180172</ele>
        <time>2023-07-21T20:20:48.532Z</time>
      </trkpt>
      <trkpt lat="56.263673" lon="-3.392724">
        <ele>178.162970</ele>
        <time>2023-07-21T20:21:09.613Z</time>
      </trkpt>
      <trkpt lat="56.264477" lon="-3.393777">
        <ele>178.011783</ele>
        <time>2023-07-21T20:21:20.956Z</time>
      </trkpt>
      <trkpt lat="56.264656" lon="-3.393947">
        <ele>177.976548</ele>
        <time>2023-07-21T20:21:23.241Z</time>
      </trkpt>
      <trkpt lat="56.265428" lon="-3.394354">
        <ele>177.836494</ele>
        <time>2023-07-21T20:21:32.246Z</time>
      </trkpt>
      <trkpt lat="56.266465" lon="-3.395084">
        <ele>177.639624</ele>
        <time>2023-07-21T20:21:45.091Z</time>
      </trkpt>
      <trkpt lat="56.267127" lon="-3.395573">
        <ele>177.512939</ele>
        <time>2023-07-21T20:21:53.365Z</time>
      </trkpt>
      <trkpt lat="56.267902" lon="-3.396142">
        <ele>176.731130</ele>
        <time>2023-07-21T20:22:02.160Z</time>
      </trkpt>
      <trkpt lat="56.268394" lon="-3.396471">
        <ele>176.210783</ele>
        <time>2023-07-21T20:22:07.233Z</time>
      </trkpt>
      <trkpt lat="56.268663" lon="-3.396651">
        <ele>175.926262</ele>
        <time>2023-07-21T20:22:09.926Z</time>
      </trkpt>
      <trkpt lat="56.269186" lon="-3.396988">
        <ele>174.865216</ele>
        <time>2023-07-21T20:22:14.908Z</time>
      </trkpt>
      <trkpt lat="56.269374" lon="-3.397147">
        <ele>174.353518</ele>
        <time>2023-07-21T20:22:16.725Z</time>
      </trkpt>
      <trkpt lat="56.270639" lon="-3.398029">
        <ele>170.963817</ele>
        <time>2023-07-21T20:22:27.996Z</time>
      </trkpt>
      <trkpt lat="56.271001" lon="-3.398353">
        <ele>169.795760</ele>
        <time>2023-07-21T20:22:31.318Z</time>
      </trkpt>
      <trkpt lat="56.272357" lon="-3.399564">
        <ele>165.393465</ele>
        <time>2023-07-21T20:22:43.763Z</time>
      </trkpt>
      <trkpt lat="56.272970" lon="-3.400260">
        <ele>163.209280</ele>
        <time>2023-07-21T20:22:49.783Z</time>
      </trkpt>
      <trkpt lat="56.273317" lon="-3.400402">
        <ele>162.136714</ele>
        <time>2023-07-21T20:22:52.675Z</time>
      </trkpt>
      <trkpt lat="56.273528" lon="-3.400647">
        <ele>161.380016</ele>
        <time>2023-07-21T20:22:54.679Z</time>
      </trkpt>
      <trkpt lat="56.273760" lon="-3.401048">
        <ele>160.441130</ele>
        <time>2023-07-21T20:22:57.250Z</time>
      </trkpt>
      <trkpt lat="56.273827" lon="-3.401136">
        <ele>160.220485</ele>
        <time>2023-07-21T20:22:57.941Z</time>
      </trkpt>
      <trkpt lat="56.273966" lon="-3.401197">
        <ele>159.839809</ele>
        <time>2023-07-21T20:22:59.083Z</time>
      </trkpt>
      <trkpt lat="56.275054" lon="-3.401110">
        <ele>156.941972</ele>
        <time>2023-07-21T20:23:08.289Z</time>
      </trkpt>
      <trkpt lat="56.275361" lon="-3.401107">
        <ele>156.125084</ele>
        <time>2023-07-21T20:23:10.912Z</time>
      </trkpt>
      <trkpt lat="56.275759" lon="-3.401158">
        <ele>155.300204</ele>
        <time>2023-07-21T20:23:14.279Z</time>
      </trkpt>
      <trkpt lat="56.276041" lon="-3.401225">
        <ele>154.761879</ele>
        <time>2023-07-21T20:23:16.767Z</time>
      </trkpt>
      <trkpt lat="56.276215" lon="-3.401190">
        <ele>154.430526</ele>
        <time>2023-07-21T20:23:18.322Z</time>
      </trkpt>
      <trkpt lat="56.276705" lon="-3.401007">
        <ele>153.483447</ele>
        <time>2023-07-21T20:23:22.921Z</time>
      </trkpt>
      <trkpt lat="56.276978" lon="-3.400966">
        <ele>152.964985</ele>
        <time>2023-07-21T20:23:25.500Z</time>
      </trkpt>
      <trkpt lat="56.277468" lon="-3.401079">
        <ele>151.993839</ele>
        <time>2023-07-21T20:23:29.959Z</time>
      </trkpt>
      <trkpt lat="56.278619" lon="-3.401429">
        <ele>149.606641</ele>
        <time>2023-07-21T20:23:39.999Z</time>
      </trkpt>
      <trkpt lat="56.278855" lon="-3.401350">
        <ele>149.115737</ele>
        <time>2023-07-21T20:23:42.100Z</time>
      </trkpt>
      <trkpt lat="56.279035" lon="-3.401276">
        <ele>148.750991</ele>
        <time>2023-07-21T20:23:43.735Z</time>
      </trkpt>
      <trkpt lat="56.279259" lon="-3.401171">
        <ele>148.374099</ele>
        <time>2023-07-21T20:23:45.783Z</time>
      </trkpt>
      <trkpt lat="56.279356" lon="-3.401088">
        <ele>148.199237</ele>
        <time>2023-07-21T20:23:47.151Z</time>
      </trkpt>
      <trkpt lat="56.279467" lon="-3.400836">
        <ele>147.908446</ele>
        <time>2023-07-21T20:23:49.427Z</time>
      </trkpt>
      <trkpt lat="56.279895" lon="-3.399964">
        <ele>146.856292</ele>
        <time>2023-07-21T20:23:57.748Z</time>
      </trkpt>
      <trkpt lat="56.280634" lon="-3.398501">
        <ele>145.420816</ele>
        <time>2023-07-21T20:24:12.595Z</time>
      </trkpt>
      <trkpt lat="56.280801" lon="-3.398288">
        <ele>145.233701</ele>
        <time>2023-07-21T20:24:15.498Z</time>
      </trkpt>
      <trkpt lat="56.280917" lon="-3.398188">
        <ele>145.116105</ele>
        <time>2023-07-21T20:24:17.288Z</time>
      </trkpt>
      <trkpt lat="56.281265" lon="-3.397776">
        <ele>144.735307</ele>
        <time>2023-07-21T20:24:23.170Z</time>
      </trkpt>
      <trkpt lat="56.281283" lon="-3.397654">
        <ele>144.671227</ele>
        <time>2023-07-21T20:24:24.204Z</time>
      </trkpt>
      <trkpt lat="56.281759" lon="-3.397467">
        <ele>144.225914</ele>
        <time>2023-07-21T20:24:29.162Z</time>
      </trkpt>
      <trkpt lat="56.282358" lon="-3.397348">
        <ele>143.731015</ele>
        <time>2023-07-21T20:24:35.354Z</time>
      </trkpt>
      <trkpt lat="56.282894" lon="-3.397189">
        <ele>143.284908</ele>
        <time>2023-07-21T20:24:40.872Z</time>
      </trkpt>
      <trkpt lat="56.283894" lon="-3.396784">
        <ele>142.352536</ele>
        <time>2023-07-21T20:24:50.934Z</time>
      </trkpt>
      <trkpt lat="56.284773" lon="-3.396446">
        <ele>141.396705</ele>
        <time>2023-07-21T20:24:59.547Z</time>
      </trkpt>
      <trkpt lat="56.284992" lon="-3.396356">
        <ele>141.157826</ele>
        <time>2023-07-21T20:25:01.699Z</time>
      </trkpt>
      <trkpt lat="56.285295" lon="-3.396180">
        <ele>140.829206</ele>
        <time>2023-07-21T20:25:04.734Z</time>
      </trkpt>
      <trkpt lat="56.286928" lon="-3.395515">
        <ele>140.007063</ele>
        <time>2023-07-21T20:25:21.818Z</time>
      </trkpt>
      <trkpt lat="56.287177" lon="-3.395397">
        <ele>140.401176</ele>
        <time>2023-07-21T20:25:25.365Z</time>
      </trkpt>
      <trkpt lat="56.287377" lon="-3.395247">
        <ele>141.044662</ele>
        <time>2023-07-21T20:25:28.739Z</time>
      </trkpt>
      <trkpt lat="56.287680" lon="-3.394923">
        <ele>142.091250</ele>
        <time>2023-07-21T20:25:35.043Z</time>
      </trkpt>
      <trkpt lat="56.287888" lon="-3.394568">
        <ele>142.942274</ele>
        <time>2023-07-21T20:25:40.895Z</time>
      </trkpt>
      <trkpt lat="56.287957" lon="-3.394426">
        <ele>143.253416</ele>
        <time>2023-07-21T20:25:43.123Z</time>
      </trkpt>
      <trkpt lat="56.289764" lon="-3.396542">
        <ele>152.915010</ele>
        <time>2023-07-21T20:26:44.642Z</time>
      </trkpt>
      <trkpt lat="56.289843" lon="-3.396565">
        <ele>153.330545</ele>
        <time>2023-07-21T20:26:47.072Z</time>
      </trkpt>
      <trkpt lat="56.290109" lon="-3.396449">
        <ele>154.737388</ele>
        <time>2023-07-21T20:26:55.172Z</time>
      </trkpt>
      <trkpt lat="56.290413" lon="-3.396390">
        <ele>156.128075</ele>
        <time>2023-07-21T20:27:04.004Z</time>
      </trkpt>
      <trkpt lat="56.292408" lon="-3.396466">
        <ele>165.216183</ele>
        <time>2023-07-21T20:27:55.278Z</time>
      </trkpt>
      <trkpt lat="56.292677" lon="-3.396537">
        <ele>166.459048</ele>
        <time>2023-07-21T20:28:01.787Z</time>
      </trkpt>
      <trkpt lat="56.294196" lon="-3.397182">
        <ele>174.453160</ele>
        <time>2023-07-21T20:28:44.475Z</time>
      </trkpt>
      <trkpt lat="56.296137" lon="-3.397447">
        <ele>185.626000</ele>
        <time>2023-07-21T20:29:49.567Z</time>
      </trkpt>
      <trkpt lat="56.296774" lon="-3.397441">
        <ele>188.867328</ele>
        <time>2023-07-21T20:30:08.061Z</time>
      </trkpt>
      <trkpt lat="56.296999" lon="-3.397405">
        <ele>190.016712</ele>
        <time>2023-07-21T20:30:13.944Z</time>
      </trkpt>
      <trkpt lat="56.297303" lon="-3.397226">
        <ele>191.121941</ele>
        <time>2023-07-21T20:30:20.918Z</time>
      </trkpt>
      <trkpt lat="56.298288" lon="-3.396144">
        <ele>190.337719</ele>
        <time>2023-07-21T20:30:35.577Z</time>
      </trkpt>
      <trkpt lat="56.300125" lon="-3.394179">
        <ele>182.532074</ele>
        <time>2023-07-21T20:30:52.055Z</time>
      </trkpt>
      <trkpt lat="56.300463" lon="-3.393720">
        <ele>180.172338</ele>
        <time>2023-07-21T20:30:55.126Z</time>
      </trkpt>
      <trkpt lat="56.300615" lon="-3.393349">
        <ele>178.508792</ele>
        <time>2023-07-21T20:30:56.967Z</time>
      </trkpt>
      <trkpt lat="56.300728" lon="-3.392926">
        <ele>176.815347</ele>
        <time>2023-07-21T20:30:58.834Z</time>
      </trkpt>
      <trkpt lat="56.300787" lon="-3.392519">
        <ele>175.297982</ele>
        <time>2023-07-21T20:31:00.504Z</time>
      </trkpt>
      <trkpt lat="56.300733" lon="-3.390921">
        <ele>169.629564</ele>
        <time>2023-07-21T20:31:06.937Z</time>
      </trkpt>
      <trkpt lat="56.300747" lon="-3.390515">
        <ele>168.689326</ele>
        <time>2023-07-21T20:31:08.593Z</time>
      </trkpt>
      <trkpt lat="56.300791" lon="-3.390091">
        <ele>167.692300</ele>
        <time>2023-07-21T20:31:10.372Z</time>
      </trkpt>
      <trkpt lat="56.300849" lon="-3.389810">
        <ele>166.999310</ele>
        <time>2023-07-21T20:31:11.625Z</time>
      </trkpt>
      <trkpt lat="56.301484" lon="-3.388235">
        <ele>162.499250</ele>
        <time>2023-07-21T20:31:20.226Z</time>
      </trkpt>
      <trkpt lat="56.301644" lon="-3.387998">
        <ele>162.191408</ele>
        <time>2023-07-21T20:31:22.073Z</time>
      </trkpt>
      <trkpt lat="56.302266" lon="-3.387451">
        <ele>161.627511</ele>
        <time>2023-07-21T20:31:28.820Z</time>
      </trkpt>
      <trkpt lat="56.303030" lon="-3.386895">
        <ele>160.956197</ele>
        <time>2023-07-21T20:31:38.050Z</time>
      </trkpt>
      <trkpt lat="56.303457" lon="-3.386744">
        <ele>161.214737</ele>
        <time>2023-07-21T20:31:43.613Z</time>
      </trkpt>
      <trkpt lat="56.305754" lon="-3.386576">
        <ele>163.949456</ele>
        <time>2023-07-21T20:32:21.070Z</time>
      </trkpt>
      <trkpt lat="56.306317" lon="-3.386514">
        <ele>164.699060</ele>
        <time>2023-07-21T20:32:31.353Z</time>
      </trkpt>
      <trkpt lat="56.306763" lon="-3.386408">
        <ele>165.195033</ele>
        <time>2023-07-21T20:32:38.479Z</time>
      </trkpt>
      <trkpt lat="56.307226" lon="-3.386191">
        <ele>164.380925</ele>
        <time>2023-07-21T20:32:44.273Z</time>
      </trkpt>
      <trkpt lat="56.307807" lon="-3.385737">
        <ele>163.303311</ele>
        <time>2023-07-21T20:32:50.214Z</time>
      </trkpt>
      <trkpt lat="56.308191" lon="-3.385268">
        <ele>162.513978</ele>
        <time>2023-07-21T20:32:54.003Z</time>
      </trkpt>
      <trkpt lat="56.308568" lon="-3.384694">
        <ele>160.544830</ele>
        <time>2023-07-21T20:32:57.793Z</time>
      </trkpt>
      <trkpt lat="56.309310" lon="-3.383193">
        <ele>154.502359</ele>
        <time>2023-07-21T20:33:06.009Z</time>
      </trkpt>
      <trkpt lat="56.310007" lon="-3.381669">
        <ele>148.520839</ele>
        <time>2023-07-21T20:33:14.072Z</time>
      </trkpt>
      <trkpt lat="56.310463" lon="-3.380314">
        <ele>143.702157</ele>
        <time>2023-07-21T20:33:20.640Z</time>
      </trkpt>
      <trkpt lat="56.310758" lon="-3.379799">
        <ele>141.580834</ele>
        <time>2023-07-21T20:33:23.742Z</time>
      </trkpt>
      <trkpt lat="56.311730" lon="-3.378479">
        <ele>135.670936</ele>
        <time>2023-07-21T20:33:32.984Z</time>
      </trkpt>
      <trkpt lat="56.311975" lon="-3.378038">
        <ele>133.989589</ele>
        <time>2023-07-21T20:33:35.620Z</time>
      </trkpt>
      <trkpt lat="56.312362" lon="-3.377084">
        <ele>130.679612</ele>
        <time>2023-07-21T20:33:40.571Z</time>
      </trkpt>
      <trkpt lat="56.312572" lon="-3.376448">
        <ele>128.603234</ele>
        <time>2023-07-21T20:33:43.655Z</time>
      </trkpt>
      <trkpt lat="56.312847" lon="-3.375433">
        <ele>125.434329</ele>
        <time>2023-07-21T20:33:48.338Z</time>
      </trkpt>
      <trkpt lat="56.313033" lon="-3.375080">
        <ele>124.155389</ele>
        <time>2023-07-21T20:33:50.373Z</time>
      </trkpt>
      <trkpt lat="56.313283" lon="-3.374753">
        <ele>122.790859</ele>
        <time>2023-07-21T20:33:52.711Z</time>
      </trkpt>
      <trkpt lat="56.313620" lon="-3.374417">
        <ele>121.089527</ele>
        <time>2023-07-21T20:33:55.655Z</time>
      </trkpt>
      <trkpt lat="56.313924" lon="-3.374232">
        <ele>119.672035</ele>
        <time>2023-07-21T20:33:58.106Z</time>
      </trkpt>
      <trkpt lat="56.314122" lon="-3.374175">
        <ele>118.786205</ele>
        <time>2023-07-21T20:33:59.646Z</time>
      </trkpt>
      <trkpt lat="56.314820" lon="-3.373967">
        <ele>116.144756</ele>
        <time>2023-07-21T20:34:05.195Z</time>
      </trkpt>
      <trkpt lat="56.315070" lon="-3.373769">
        <ele>115.446794</ele>
        <time>2023-07-21T20:34:07.521Z</time>
      </trkpt>
      <trkpt lat="56.315382" lon="-3.373265">
        <ele>114.376028</ele>
        <time>2023-07-21T20:34:11.310Z</time>
      </trkpt>
      <trkpt lat="56.315540" lon="-3.372821">
        <ele>113.628158</ele>
        <time>2023-07-21T20:34:13.889Z</time>
      </trkpt>
      <trkpt lat="56.315630" lon="-3.372381">
        <ele>112.963315</ele>
        <time>2023-07-21T20:34:16.167Z</time>
      </trkpt>
      <trkpt lat="56.315854" lon="-3.371232">
        <ele>110.440638</ele>
        <time>2023-07-21T20:34:21.866Z</time>
      </trkpt>
      <trkpt lat="56.316138" lon="-3.370417">
        <ele>107.962148</ele>
        <time>2023-07-21T20:34:26.080Z</time>
      </trkpt>
      <trkpt lat="56.316329" lon="-3.369985">
        <ele>106.539534</ele>
        <time>2023-07-21T20:34:28.440Z</time>
      </trkpt>
      <trkpt lat="56.316411" lon="-3.369854">
        <ele>106.030877</ele>
        <time>2023-07-21T20:34:29.278Z</time>
      </trkpt>
      <trkpt lat="56.316481" lon="-3.369746">
        <ele>105.603133</ele>
        <time>2023-07-21T20:34:29.966Z</time>
      </trkpt>
      <trkpt lat="56.316691" lon="-3.369543">
        <ele>104.496843</ele>
        <time>2023-07-21T20:34:31.700Z</time>
      </trkpt>
      <trkpt lat="56.317000" lon="-3.369402">
        <ele>102.064225</ele>
        <time>2023-07-21T20:34:33.954Z</time>
      </trkpt>
      <trkpt lat="56.317196" lon="-3.369367">
        <ele>100.117462</ele>
        <time>2023-07-21T20:34:35.328Z</time>
      </trkpt>
      <trkpt lat="56.317411" lon="-3.369464">
        <ele>97.926866</ele>
        <time>2023-07-21T20:34:36.872Z</time>
      </trkpt>
      <trkpt lat="56.319383" lon="-3.371115">
        <ele>75.170660</ele>
        <time>2023-07-21T20:34:51.711Z</time>
      </trkpt>
      <trkpt lat="56.321554" lon="-3.372766">
        <ele>50.403281</ele>
        <time>2023-07-21T20:35:07.719Z</time>
      </trkpt>
      <trkpt lat="56.325878" lon="-3.377273">
        <ele>22.996565</ele>
        <time>2023-07-21T20:35:45.142Z</time>
      </trkpt>
      <trkpt lat="56.325936" lon="-3.377334">
        <ele>22.687008</ele>
        <time>2023-07-21T20:35:45.667Z</time>
      </trkpt>
      <trkpt lat="56.326798" lon="-3.378247">
        <ele>18.856986</ele>
        <time>2023-07-21T20:35:53.610Z</time>
      </trkpt>
      <trkpt lat="56.327438" lon="-3.378859">
        <ele>16.928055</ele>
        <time>2023-07-21T20:35:59.582Z</time>
      </trkpt>
      <trkpt lat="56.328632" lon="-3.379754">
        <ele>14.576690</ele>
        <time>2023-07-21T20:36:11.150Z</time>
      </trkpt>
      <trkpt lat="56.328874" lon="-3.380036">
        <ele>14.317898</ele>
        <time>2023-07-21T20:36:14.026Z</time>
      </trkpt>
      <trkpt lat="56.329608" lon="-3.381590">
        <ele>13.585965</ele>
        <time>2023-07-21T20:36:26.466Z</time>
      </trkpt>
      <trkpt lat="56.329768" lon="-3.381891">
        <ele>13.652598</ele>
        <time>2023-07-21T20:36:29.340Z</time>
      </trkpt>
      <trkpt lat="56.329792" lon="-3.381937">
        <ele>13.662691</ele>
        <time>2023-07-21T20:36:29.777Z</time>
      </trkpt>
      <trkpt lat="56.331023" lon="-3.384376">
        <ele>14.273372</ele>
        <time>2023-07-21T20:36:54.295Z</time>
      </trkpt>
      <trkpt lat="56.331412" lon="-3.385298">
        <ele>14.558715</ele>
        <time>2023-07-21T20:37:02.975Z</time>
      </trkpt>
      <trkpt lat="56.331796" lon="-3.386488">
        <ele>14.834541</ele>
        <time>2023-07-21T20:37:13.074Z</time>
      </trkpt>
      <trkpt lat="56.331878" lon="-3.386825">
        <ele>14.835008</ele>
        <time>2023-07-21T20:37:15.751Z</time>
      </trkpt>
      <trkpt lat="56.332532" lon="-3.390130">
        <ele>14.687096</ele>
        <time>2023-07-21T20:37:38.038Z</time>
      </trkpt>
      <trkpt lat="56.332637" lon="-3.390567">
        <ele>14.606259</ele>
        <time>2023-07-21T20:37:40.905Z</time>
      </trkpt>
      <trkpt lat="56.332791" lon="-3.390999">
        <ele>14.519087</ele>
        <time>2023-07-21T20:37:43.995Z</time>
      </trkpt>
      <trkpt lat="56.333150" lon="-3.391787">
        <ele>14.345976</ele>
        <time>2023-07-21T20:37:50.096Z</time>
      </trkpt>
      <trkpt lat="56.334233" lon="-3.393777">
        <ele>13.975354</ele>
        <time>2023-07-21T20:38:07.361Z</time>
      </trkpt>
      <trkpt lat="56.334859" lon="-3.394986">
        <ele>13.952985</ele>
        <time>2023-07-21T20:38:17.822Z</time>
      </trkpt>
      <trkpt lat="56.335767" lon="-3.396803">
        <ele>14.201916</ele>
        <time>2023-07-21T20:38:34.448Z</time>
      </trkpt>
      <trkpt lat="56.336299" lon="-3.397863">
        <ele>14.859894</ele>
        <time>2023-07-21T20:38:46.482Z</time>
      </trkpt>
      <trkpt lat="56.336881" lon="-3.398795">
        <ele>15.505900</ele>
        <time>2023-07-21T20:38:58.423Z</time>
      </trkpt>
      <trkpt lat="56.337442" lon="-3.399487">
        <ele>15.507214</ele>
        <time>2023-07-21T20:39:07.984Z</time>
      </trkpt>
      <trkpt lat="56.338043" lon="-3.400003">
        <ele>15.284378</ele>
        <time>2023-07-21T20:39:15.910Z</time>
      </trkpt>
      <trkpt lat="56.339230" lon="-3.400593">
        <ele>14.153680</ele>
        <time>2023-07-21T20:39:27.211Z</time>
      </trkpt>
      <trkpt lat="56.340731" lon="-3.401330">
        <ele>12.025045</ele>
        <time>2023-07-21T20:39:41.251Z</time>
      </trkpt>
      <trkpt lat="56.340968" lon="-3.401452">
        <ele>11.867291</ele>
        <time>2023-07-21T20:39:43.711Z</time>
      </trkpt>
      <trkpt lat="56.341036" lon="-3.401487">
        <ele>11.822028</ele>
        <time>2023-07-21T20:39:44.415Z</time>
      </trkpt>
      <trkpt lat="56.341854" lon="-3.401879">
        <ele>11.280283</ele>
        <time>2023-07-21T20:39:53.547Z</time>
      </trkpt>
      <trkpt lat="56.342123" lon="-3.402012">
        <ele>11.101752</ele>
        <time>2023-07-21T20:39:56.819Z</time>
      </trkpt>
      <trkpt lat="56.342336" lon="-3.402117">
        <ele>11.116079</ele>
        <time>2023-07-21T20:39:59.586Z</time>
      </trkpt>
      <trkpt lat="56.342809" lon="-3.402324">
        <ele>11.177973</ele>
        <time>2023-07-21T20:40:06.013Z</time>
      </trkpt>
      <trkpt lat="56.343383" lon="-3.402586">
        <ele>11.253266</ele>
        <time>2023-07-21T20:40:13.701Z</time>
      </trkpt>
      <trkpt lat="56.344423" lon="-3.403099">
        <ele>11.182393</ele>
        <time>2023-07-21T20:40:25.980Z</time>
      </trkpt>
      <trkpt lat="56.344757" lon="-3.403245">
        <ele>11.098734</ele>
        <time>2023-07-21T20:40:29.725Z</time>
      </trkpt>
      <trkpt lat="56.344965" lon="-3.403318">
        <ele>11.047151</ele>
        <time>2023-07-21T20:40:32.031Z</time>
      </trkpt>
      <trkpt lat="56.345174" lon="-3.403254">
        <ele>10.995545</ele>
        <time>2023-07-21T20:40:34.327Z</time>
      </trkpt>
      <trkpt lat="56.345253" lon="-3.403381">
        <ele>10.969789</ele>
        <time>2023-07-21T20:40:35.481Z</time>
      </trkpt>
      <trkpt lat="56.345815" lon="-3.404288">
        <ele>10.868710</ele>
        <time>2023-07-21T20:40:43.938Z</time>
      </trkpt>
      <trkpt lat="56.346210" lon="-3.404848">
        <ele>10.852676</ele>
        <time>2023-07-21T20:40:49.592Z</time>
      </trkpt>
      <trkpt lat="56.346381" lon="-3.405072">
        <ele>10.845931</ele>
        <time>2023-07-21T20:40:52.032Z</time>
      </trkpt>
      <trkpt lat="56.346877" lon="-3.405568">
        <ele>10.827830</ele>
        <time>2023-07-21T20:40:58.923Z</time>
      </trkpt>
      <trkpt lat="56.347054" lon="-3.405714">
        <ele>10.852950</ele>
        <time>2023-07-21T20:41:01.519Z</time>
      </trkpt>
      <trkpt lat="56.347300" lon="-3.405862">
        <ele>10.966727</ele>
        <time>2023-07-21T20:41:04.938Z</time>
      </trkpt>
      <trkpt lat="56.347792" lon="-3.406060">
        <ele>11.187903</ele>
        <time>2023-07-21T20:41:11.928Z</time>
      </trkpt>
      <trkpt lat="56.347928" lon="-3.406107">
        <ele>11.248659</ele>
        <time>2023-07-21T20:41:13.820Z</time>
      </trkpt>
      <trkpt lat="56.348414" lon="-3.406274">
        <ele>11.465731</ele>
        <time>2023-07-21T20:41:20.688Z</time>
      </trkpt>
      <trkpt lat="56.348554" lon="-3.406323">
        <ele>11.528303</ele>
        <time>2023-07-21T20:41:22.545Z</time>
      </trkpt>
      <trkpt lat="56.348600" lon="-3.406338">
        <ele>11.548813</ele>
        <time>2023-07-21T20:41:23.132Z</time>
      </trkpt>
      <trkpt lat="56.349377" lon="-3.406711">
        <ele>11.348553</ele>
        <time>2023-07-21T20:41:33.193Z</time>
      </trkpt>
      <trkpt lat="56.350012" lon="-3.407064">
        <ele>11.081552</ele>
        <time>2023-07-21T20:41:40.463Z</time>
      </trkpt>
      <trkpt lat="56.350048" lon="-3.407083">
        <ele>11.066480</ele>
        <time>2023-07-21T20:41:40.835Z</time>
      </trkpt>
      <trkpt lat="56.350078" lon="-3.407097">
        <ele>11.054028</ele>
        <time>2023-07-21T20:41:41.132Z</time>
      </trkpt>
      <trkpt lat="56.350369" lon="-3.407230">
        <ele>10.933400</ele>
        <time>2023-07-21T20:41:44.018Z</time>
      </trkpt>
      <trkpt lat="56.350577" lon="-3.407300">
        <ele>10.777556</ele>
        <time>2023-07-21T20:41:45.967Z</time>
      </trkpt>
      <trkpt lat="56.350871" lon="-3.407315">
        <ele>10.459025</ele>
        <time>2023-07-21T20:41:48.626Z</time>
      </trkpt>
      <trkpt lat="56.350989" lon="-3.407289">
        <ele>10.330282</ele>
        <time>2023-07-21T20:41:49.694Z</time>
      </trkpt>
      <trkpt lat="56.351392" lon="-3.407123">
        <ele>9.882607</ele>
        <time>2023-07-21T20:41:53.357Z</time>
      </trkpt>
      <trkpt lat="56.351994" lon="-3.406715">
        <ele>9.186182</ele>
        <time>2023-07-21T20:41:59.623Z</time>
      </trkpt>
      <trkpt lat="56.352110" lon="-3.406636">
        <ele>9.051906</ele>
        <time>2023-07-21T20:42:00.939Z</time>
      </trkpt>
      <trkpt lat="56.352754" lon="-3.406098">
        <ele>9.371290</ele>
        <time>2023-07-21T20:42:10.503Z</time>
      </trkpt>
      <trkpt lat="56.353093" lon="-3.405916">
        <ele>9.620739</ele>
        <time>2023-07-21T20:42:15.596Z</time>
      </trkpt>
      <trkpt lat="56.353274" lon="-3.405918">
        <ele>9.748399</ele>
        <time>2023-07-21T20:42:18.434Z</time>
      </trkpt>
      <trkpt lat="56.353400" lon="-3.405965">
        <ele>9.839144</ele>
        <time>2023-07-21T20:42:20.948Z</time>
      </trkpt>
      <trkpt lat="56.353640" lon="-3.406138">
        <ele>10.021415</ele>
        <time>2023-07-21T20:42:26.244Z</time>
      </trkpt>
      <trkpt lat="56.353753" lon="-3.406299">
        <ele>10.122954</ele>
        <time>2023-07-21T20:42:29.165Z</time>
      </trkpt>
      <trkpt lat="56.354007" lon="-3.406741">
        <ele>10.269410</ele>
        <time>2023-07-21T20:42:36.488Z</time>
      </trkpt>
      <trkpt lat="56.355212" lon="-3.409681">
        <ele>10.600076</ele>
        <time>2023-07-21T20:43:09.453Z</time>
      </trkpt>
      <trkpt lat="56.355361" lon="-3.409963">
        <ele>10.565702</ele>
        <time>2023-07-21T20:43:12.618Z</time>
      </trkpt>
      <trkpt lat="56.355590" lon="-3.410395">
        <ele>10.512961</ele>
        <time>2023-07-21T20:43:17.506Z</time>
      </trkpt>
      <trkpt lat="56.355843" lon="-3.410875">
        <ele>10.454519</ele>
        <time>2023-07-21T20:43:23.030Z</time>
      </trkpt>
      <trkpt lat="56.356097" lon="-3.411357">
        <ele>10.395840</ele>
        <time>2023-07-21T20:43:28.813Z</time>
      </trkpt>
      <trkpt lat="56.356954" lon="-3.412774">
        <ele>11.118578</ele>
        <time>2023-07-21T20:43:49.597Z</time>
      </trkpt>
      <trkpt lat="56.357431" lon="-3.413442">
        <ele>11.519710</ele>
        <time>2023-07-21T20:44:01.866Z</time>
      </trkpt>
      <trkpt lat="56.358404" lon="-3.414592">
        <ele>12.175025</ele>
        <time>2023-07-21T20:44:23.510Z</time>
      </trkpt>
      <trkpt lat="56.359100" lon="-3.415458">
        <ele>12.609686</ele>
        <time>2023-07-21T20:44:37.717Z</time>
      </trkpt>
      <trkpt lat="56.359467" lon="-3.416011">
        <ele>12.734883</ele>
        <time>2023-07-21T20:44:45.072Z</time>
      </trkpt>
      <trkpt lat="56.361413" lon="-3.419756">
        <ele>14.079821</ele>
        <time>2023-07-21T20:45:35.006Z</time>
      </trkpt>
      <trkpt lat="56.362119" lon="-3.420963">
        <ele>15.580466</ele>
        <time>2023-07-21T20:45:55.365Z</time>
      </trkpt>
      <trkpt lat="56.363059" lon="-3.422587">
        <ele>17.919720</ele>
        <time>2023-07-21T20:46:25.223Z</time>
      </trkpt>
      <trkpt lat="56.363265" lon="-3.423004">
        <ele>18.550324</ele>
        <time>2023-07-21T20:46:32.057Z</time>
      </trkpt>
      <trkpt lat="56.363514" lon="-3.423600">
        <ele>19.392848</ele>
        <time>2023-07-21T20:46:41.001Z</time>
      </trkpt>
      <trkpt lat="56.363844" lon="-3.424515">
        <ele>20.625118</ele>
        <time>2023-07-21T20:46:54.400Z</time>
      </trkpt>
      <trkpt lat="56.364086" lon="-3.425429">
        <ele>22.404435</ele>
        <time>2023-07-21T20:47:07.949Z</time>
      </trkpt>
      <trkpt lat="56.364374" lon="-3.426894">
        <ele>25.503373</ele>
        <time>2023-07-21T20:47:30.855Z</time>
      </trkpt>
      <trkpt lat="56.364466" lon="-3.427114">
        <ele>26.052889</ele>
        <time>2023-07-21T20:47:35.375Z</time>
      </trkpt>
      <trkpt lat="56.364671" lon="-3.427472">
        <ele>27.079357</ele>
        <time>2023-07-21T20:47:44.411Z</time>
      </trkpt>
      <trkpt lat="56.364987" lon="-3.427764">
        <ele>29.192564</ele>
        <time>2023-07-21T20:47:56.459Z</time>
      </trkpt>
      <trkpt lat="56.365280" lon="-3.427894">
        <ele>31.238432</ele>
        <time>2023-07-21T20:48:07.195Z</time>
      </trkpt>
      <trkpt lat="56.365751" lon="-3.428036">
        <ele>34.476375</ele>
        <time>2023-07-21T20:48:25.110Z</time>
      </trkpt>
      <trkpt lat="56.365969" lon="-3.428047">
        <ele>35.955150</ele>
        <time>2023-07-21T20:48:33.839Z</time>
      </trkpt>
      <trkpt lat="56.366205" lon="-3.428014">
        <ele>37.560192</ele>
        <time>2023-07-21T20:48:42.632Z</time>
      </trkpt>
      <trkpt lat="56.366312" lon="-3.427927">
        <ele>38.355911</ele>
        <time>2023-07-21T20:48:47.030Z</time>
      </trkpt>
      <trkpt lat="56.366428" lon="-3.427806">
        <ele>39.264315</ele>
        <time>2023-07-21T20:48:52.054Z</time>
      </trkpt>
      <trkpt lat="56.366619" lon="-3.427513">
        <ele>41.072608</ele>
        <time>2023-07-21T20:49:01.954Z</time>
      </trkpt>
      <trkpt lat="56.366816" lon="-3.427112">
        <ele>43.247223</ele>
        <time>2023-07-21T20:49:13.484Z</time>
      </trkpt>
      <trkpt lat="56.366927" lon="-3.426780">
        <ele>44.820529</ele>
        <time>2023-07-21T20:49:21.324Z</time>
      </trkpt>
      <trkpt lat="56.367066" lon="-3.426241">
        <ele>47.232670</ele>
        <time>2023-07-21T20:49:33.224Z</time>
      </trkpt>
      <trkpt lat="56.367105" lon="-3.426064">
        <ele>48.005496</ele>
        <time>2023-07-21T20:49:37.116Z</time>
      </trkpt>
      <trkpt lat="56.367271" lon="-3.425355">
        <ele>51.128347</ele>
        <time>2023-07-21T20:49:53.178Z</time>
      </trkpt>
      <trkpt lat="56.367358" lon="-3.425136">
        <ele>52.221734</ele>
        <time>2023-07-21T20:49:58.457Z</time>
      </trkpt>
      <trkpt lat="56.367623" lon="-3.424757">
        <ele>53.756872</ele>
        <time>2023-07-21T20:50:10.648Z</time>
      </trkpt>
      <trkpt lat="56.367750" lon="-3.424658">
        <ele>54.272261</ele>
        <time>2023-07-21T20:50:15.539Z</time>
      </trkpt>
      <trkpt lat="56.367994" lon="-3.424549">
        <ele>55.208757</ele>
        <time>2023-07-21T20:50:24.171Z</time>
      </trkpt>
      <trkpt lat="56.369549" lon="-3.423945">
        <ele>59.666837</ele>
        <time>2023-07-21T20:51:02.361Z</time>
      </trkpt>
      <trkpt lat="56.370012" lon="-3.423780">
        <ele>59.861664</ele>
        <time>2023-07-21T20:51:10.338Z</time>
      </trkpt>
      <trkpt lat="56.370213" lon="-3.423668">
        <ele>59.948505</ele>
        <time>2023-07-21T20:51:13.833Z</time>
      </trkpt>
      <trkpt lat="56.370343" lon="-3.423645">
        <ele>60.002429</ele>
        <time>2023-07-21T20:51:15.831Z</time>
      </trkpt>
      <trkpt lat="56.370855" lon="-3.423518">
        <ele>60.215783</ele>
        <time>2023-07-21T20:51:23.389Z</time>
      </trkpt>
      <trkpt lat="56.371478" lon="-3.423452">
        <ele>59.144772</ele>
        <time>2023-07-21T20:51:31.565Z</time>
      </trkpt>
      <trkpt lat="56.371983" lon="-3.423526">
        <ele>58.228722</ele>
        <time>2023-07-21T20:51:38.031Z</time>
      </trkpt>
      <trkpt lat="56.372481" lon="-3.423677">
        <ele>57.315725</ele>
        <time>2023-07-21T20:51:44.279Z</time>
      </trkpt>
      <trkpt lat="56.372819" lon="-3.423846">
        <ele>56.601880</ele>
        <time>2023-07-21T20:51:48.525Z</time>
      </trkpt>
      <trkpt lat="56.372823" lon="-3.423998">
        <ele>56.408029</ele>
        <time>2023-07-21T20:51:49.281Z</time>
      </trkpt>
      <trkpt lat="56.373510" lon="-3.424441">
        <ele>54.729958</ele>
        <time>2023-07-21T20:51:55.457Z</time>
      </trkpt>
      <trkpt lat="56.373966" lon="-3.424992">
        <ele>53.467828</ele>
        <time>2023-07-21T20:52:00.129Z</time>
      </trkpt>
      <trkpt lat="56.374386" lon="-3.426962">
        <ele>50.980012</ele>
        <time>2023-07-21T20:52:10.476Z</time>
      </trkpt>
      <trkpt lat="56.374600" lon="-3.427618">
        <ele>50.104976</ele>
        <time>2023-07-21T20:52:14.236Z</time>
      </trkpt>
      <trkpt lat="56.375119" lon="-3.428570">
        <ele>48.399438</ele>
        <time>2023-07-21T20:52:20.537Z</time>
      </trkpt>
      <trkpt lat="56.375544" lon="-3.429055">
        <ele>47.023762</ele>
        <time>2023-07-21T20:52:24.808Z</time>
      </trkpt>
      <trkpt lat="56.375935" lon="-3.429411">
        <ele>45.825571</ele>
        <time>2023-07-21T20:52:28.461Z</time>
      </trkpt>
      <trkpt lat="56.376347" lon="-3.429915">
        <ele>44.463906</ele>
        <time>2023-07-21T20:52:32.529Z</time>
      </trkpt>
      <trkpt lat="56.376509" lon="-3.430274">
        <ele>43.548217</ele>
        <time>2023-07-21T20:52:34.617Z</time>
      </trkpt>
      <trkpt lat="56.376740" lon="-3.431001">
        <ele>41.631358</ele>
        <time>2023-07-21T20:52:38.332Z</time>
      </trkpt>
      <trkpt lat="56.377413" lon="-3.432865">
        <ele>36.479821</ele>
        <time>2023-07-21T20:52:47.836Z</time>
      </trkpt>
      <trkpt lat="56.377446" lon="-3.432792">
        <ele>36.200439</ele>
        <time>2023-07-21T20:52:48.379Z</time>
      </trkpt>
      <trkpt lat="56.378018" lon="-3.433716">
        <ele>32.091567</ele>
        <time>2023-07-21T20:52:54.056Z</time>
      </trkpt>
      <trkpt lat="56.378260" lon="-3.434071">
        <ele>30.422317</ele>
        <time>2023-07-21T20:52:56.364Z</time>
      </trkpt>
      <trkpt lat="56.378493" lon="-3.434385">
        <ele>28.865793</ele>
        <time>2023-07-21T20:52:58.529Z</time>
      </trkpt>
      <trkpt lat="56.378770" lon="-3.434628">
        <ele>27.217018</ele>
        <time>2023-07-21T20:53:00.814Z</time>
      </trkpt>
      <trkpt lat="56.379149" lon="-3.434769">
        <ele>25.461665</ele>
        <time>2023-07-21T20:53:03.726Z</time>
      </trkpt>
      <trkpt lat="56.379729" lon="-3.434814">
        <ele>22.850525</ele>
        <time>2023-07-21T20:53:08.143Z</time>
      </trkpt>
      <trkpt lat="56.379761" lon="-3.434811">
        <ele>22.706401</ele>
        <time>2023-07-21T20:53:08.390Z</time>
      </trkpt>
      <trkpt lat="56.379827" lon="-3.434860">
        <ele>22.385443</ele>
        <time>2023-07-21T20:53:09.161Z</time>
      </trkpt>
      <trkpt lat="56.380203" lon="-3.434861">
        <ele>20.694262</ele>
        <time>2023-07-21T20:53:13.356Z</time>
      </trkpt>
      <trkpt lat="56.380460" lon="-3.434753">
        <ele>19.507446</ele>
        <time>2023-07-21T20:53:16.350Z</time>
      </trkpt>
      <trkpt lat="56.380604" lon="-3.434728">
        <ele>18.917937</ele>
        <time>2023-07-21T20:53:17.504Z</time>
      </trkpt>
      <trkpt lat="56.380762" lon="-3.434673">
        <ele>18.444035</ele>
        <time>2023-07-21T20:53:18.785Z</time>
      </trkpt>
      <trkpt lat="56.380972" lon="-3.434655">
        <ele>17.824852</ele>
        <time>2023-07-21T20:53:20.467Z</time>
      </trkpt>
      <trkpt lat="56.381240" lon="-3.434638">
        <ele>17.035059</ele>
        <time>2023-07-21T20:53:22.621Z</time>
      </trkpt>
      <trkpt lat="56.381502" lon="-3.434622">
        <ele>16.262982</ele>
        <time>2023-07-21T20:53:24.767Z</time>
      </trkpt>
      <trkpt lat="56.381684" lon="-3.434621">
        <ele>15.726957</ele>
        <time>2023-07-21T20:53:26.257Z</time>
      </trkpt>
      <trkpt lat="56.382580" lon="-3.434271">
        <ele>13.424181</ele>
        <time>2023-07-21T20:53:34.040Z</time>
      </trkpt>
      <trkpt lat="56.383155" lon="-3.433833">
        <ele>12.614861</ele>
        <time>2023-07-21T20:53:39.851Z</time>
      </trkpt>
      <trkpt lat="56.383639" lon="-3.433457">
        <ele>11.931567</ele>
        <time>2023-07-21T20:53:45.020Z</time>
      </trkpt>
      <trkpt lat="56.384127" lon="-3.433104">
        <ele>11.345306</ele>
        <time>2023-07-21T20:53:50.400Z</time>
      </trkpt>
      <trkpt lat="56.385060" lon="-3.432537">
        <ele>10.859441</ele>
        <time>2023-07-21T20:54:00.826Z</time>
      </trkpt>
      <trkpt lat="56.385421" lon="-3.432297">
        <ele>10.669578</ele>
        <time>2023-07-21T20:54:05.042Z</time>
      </trkpt>
      <trkpt lat="56.385876" lon="-3.432001">
        <ele>10.387379</ele>
        <time>2023-07-21T20:54:10.336Z</time>
      </trkpt>
      <trkpt lat="56.386095" lon="-3.431876">
        <ele>10.216228</ele>
        <time>2023-07-21T20:54:12.817Z</time>
      </trkpt>
      <trkpt lat="56.386347" lon="-3.431729">
        <ele>10.018890</ele>
        <time>2023-07-21T20:54:15.558Z</time>
      </trkpt>
      <trkpt lat="56.386429" lon="-3.431679">
        <ele>9.954396</ele>
        <time>2023-07-21T20:54:16.448Z</time>
      </trkpt>
      <trkpt lat="56.386736" lon="-3.431469">
        <ele>9.709768</ele>
        <time>2023-07-21T20:54:19.746Z</time>
      </trkpt>
      <trkpt lat="56.387122" lon="-3.431186">
        <ele>9.399334</ele>
        <time>2023-07-21T20:54:23.842Z</time>
      </trkpt>
      <trkpt lat="56.387166" lon="-3.431368">
        <ele>9.317408</ele>
        <time>2023-07-21T20:54:24.898Z</time>
      </trkpt>
      <trkpt lat="56.389785" lon="-3.433049">
        <ele>6.964317</ele>
        <time>2023-07-21T20:54:51.806Z</time>
      </trkpt>
      <trkpt lat="56.390412" lon="-3.433442">
        <ele>6.719411</ele>
        <time>2023-07-21T20:54:59.334Z</time>
      </trkpt>
      <trkpt lat="56.391737" lon="-3.434297">
        <ele>7.352155</ele>
        <time>2023-07-21T20:55:19.671Z</time>
      </trkpt>
      <trkpt lat="56.391851" lon="-3.434337">
        <ele>7.435167</ele>
        <time>2023-07-21T20:55:21.381Z</time>
      </trkpt>
      <trkpt lat="56.391937" lon="-3.434477">
        <ele>7.517917</ele>
        <time>2023-07-21T20:55:23.047Z</time>
      </trkpt>
      <trkpt lat="56.392004" lon="-3.434408">
        <ele>7.573044</ele>
        <time>2023-07-21T20:55:30.020Z</time>
      </trkpt>
      <trkpt lat="56.392079" lon="-3.434415">
        <ele>7.626727</ele>
        <time>2023-07-21T20:55:36.898Z</time>
      </trkpt>
      <trkpt lat="56.392842" lon="-3.434410">
        <ele>8.073540</ele>
        <time>2023-07-21T20:55:50.706Z</time>
      </trkpt>
      <trkpt lat="56.393366" lon="-3.434403">
        <ele>8.322500</ele>
        <time>2023-07-21T20:56:00.230Z</time>
      </trkpt>
      <trkpt lat="56.393687" lon="-3.434426">
        <ele>8.475128</ele>
        <time>2023-07-21T20:56:04.356Z</time>
      </trkpt>
      <trkpt lat="56.394212" lon="-3.434417">
        <ele>8.724569</ele>
        <time>2023-07-21T20:56:10.881Z</time>
      </trkpt>
      <trkpt lat="56.394341" lon="-3.434427">
        <ele>8.815059</ele>
        <time>2023-07-21T20:56:12.482Z</time>
      </trkpt>
      <trkpt lat="56.394642" lon="-3.434406">
        <ele>9.036504</ele>
        <time>2023-07-21T20:56:16.329Z</time>
      </trkpt>
      <trkpt lat="56.395101" lon="-3.434396">
        <ele>9.373962</ele>
        <time>2023-07-21T20:56:22.731Z</time>
      </trkpt>
      <trkpt lat="56.395236" lon="-3.434397">
        <ele>9.473208</ele>
        <time>2023-07-21T20:56:24.836Z</time>
      </trkpt>
      <trkpt lat="56.395316" lon="-3.434406">
        <ele>9.532133</ele>
        <time>2023-07-21T20:56:26.106Z</time>
      </trkpt>
      <trkpt lat="56.395657" lon="-3.434425">
        <ele>9.782938</ele>
        <time>2023-07-21T20:56:31.584Z</time>
      </trkpt>
      <trkpt lat="56.395941" lon="-3.434452">
        <ele>9.992009</ele>
        <time>2023-07-21T20:56:35.912Z</time>
      </trkpt>
      <trkpt lat="56.396393" lon="-3.434464">
        <ele>10.314728</ele>
        <time>2023-07-21T20:56:42.335Z</time>
      </trkpt>
      <trkpt lat="56.396679" lon="-3.434474">
        <ele>10.517522</ele>
        <time>2023-07-21T20:56:46.263Z</time>
      </trkpt>
      <trkpt lat="56.397138" lon="-3.434483">
        <ele>10.842944</ele>
        <time>2023-07-21T20:56:52.604Z</time>
      </trkpt>
      <trkpt lat="56.397536" lon="-3.434541">
        <ele>11.126017</ele>
        <time>2023-07-21T20:56:58.187Z</time>
      </trkpt>
      <trkpt lat="56.397674" lon="-3.434561">
        <ele>11.224165</ele>
        <time>2023-07-21T20:57:00.145Z</time>
      </trkpt>
      <trkpt lat="56.397961" lon="-3.434604">
        <ele>11.382896</ele>
        <time>2023-07-21T20:57:05.605Z</time>
      </trkpt>
      <trkpt lat="56.398299" lon="-3.434649">
        <ele>11.512081</ele>
        <time>2023-07-21T20:57:11.871Z</time>
      </trkpt>
      <trkpt lat="56.398684" lon="-3.434710">
        <ele>11.659396</ele>
        <time>2023-07-21T20:57:18.617Z</time>
      </trkpt>
      <trkpt lat="56.398822" lon="-3.434725">
        <ele>11.712092</ele>
        <time>2023-07-21T20:57:20.909Z</time>
      </trkpt>
      <trkpt lat="56.399364" lon="-3.434800">
        <ele>11.919292</ele>
        <time>2023-07-21T20:57:29.787Z</time>
      </trkpt>
      <trkpt lat="56.399351" lon="-3.435100">
        <ele>11.982768</ele>
        <time>2023-07-21T20:57:31.920Z</time>
      </trkpt>
      <trkpt lat="56.399307" lon="-3.436043">
        <ele>12.004034</ele>
        <time>2023-07-21T20:57:38.609Z</time>
      </trkpt>
      <trkpt lat="56.399291" lon="-3.436223">
        <ele>12.001354</ele>
        <time>2023-07-21T20:57:39.912Z</time>
      </trkpt>
      <trkpt lat="56.399283" lon="-3.436488">
        <ele>11.997453</ele>
        <time>2023-07-21T20:57:41.767Z</time>
      </trkpt>
      <trkpt lat="56.399296" lon="-3.436722">
        <ele>11.993996</ele>
        <time>2023-07-21T20:57:43.379Z</time>
      </trkpt>
      <trkpt lat="56.399628" lon="-3.436803">
        <ele>11.985097</ele>
        <time>2023-07-21T20:57:47.304Z</time>
      </trkpt>
      <trkpt lat="56.399858" lon="-3.437033">
        <ele>11.978114</ele>
        <time>2023-07-21T20:57:50.180Z</time>
      </trkpt>
      <trkpt lat="56.399993" lon="-3.437206">
        <ele>11.973718</ele>
        <time>2023-07-21T20:57:51.966Z</time>
      </trkpt>
      <trkpt lat="56.400138" lon="-3.437417">
        <ele>11.968773</ele>
        <time>2023-07-21T20:57:53.940Z</time>
      </trkpt>
      <trkpt lat="56.400171" lon="-3.437463">
        <ele>11.969624</ele>
        <time>2023-07-21T20:57:54.393Z</time>
      </trkpt>
      <trkpt lat="56.400575" lon="-3.438057">
        <ele>12.084384</ele>
        <time>2023-07-21T20:58:00.229Z</time>
      </trkpt>
      <trkpt lat="56.400608" lon="-3.438103">
        <ele>12.093568</ele>
        <time>2023-07-21T20:58:00.735Z</time>
      </trkpt>
      <trkpt lat="56.400696" lon="-3.438264">
        <ele>12.121160</ele>
        <time>2023-07-21T20:58:02.250Z</time>
      </trkpt>
      <trkpt lat="56.401013" lon="-3.438745">
        <ele>12.212366</ele>
        <time>2023-07-21T20:58:07.647Z</time>
      </trkpt>
      <trkpt lat="56.401483" lon="-3.439424">
        <ele>12.344952</ele>
        <time>2023-07-21T20:58:15.950Z</time>
      </trkpt>
      <trkpt lat="56.401567" lon="-3.439544">
        <ele>12.372712</ele>
        <time>2023-07-21T20:58:17.395Z</time>
      </trkpt>
      <trkpt lat="56.401784" lon="-3.439857">
        <ele>12.492422</ele>
        <time>2023-07-21T20:58:21.159Z</time>
      </trkpt>
      <trkpt lat="56.401940" lon="-3.440083">
        <ele>12.578629</ele>
        <time>2023-07-21T20:58:23.907Z</time>
      </trkpt>
      <trkpt lat="56.402128" lon="-3.440358">
        <ele>12.682914</ele>
        <time>2023-07-21T20:58:27.152Z</time>
      </trkpt>
      <trkpt lat="56.402477" lon="-3.440872">
        <ele>12.877031</ele>
        <time>2023-07-21T20:58:33.352Z</time>
      </trkpt>
      <trkpt lat="56.402694" lon="-3.441197">
        <ele>12.998548</ele>
        <time>2023-07-21T20:58:37.012Z</time>
      </trkpt>
      <trkpt lat="56.403216" lon="-3.441959">
        <ele>13.015528</ele>
        <time>2023-07-21T20:58:45.408Z</time>
      </trkpt>
      <trkpt lat="56.403300" lon="-3.442083">
        <ele>12.976340</ele>
        <time>2023-07-21T20:58:46.718Z</time>
      </trkpt>
      <trkpt lat="56.403425" lon="-3.442373">
        <ele>12.902846</ele>
        <time>2023-07-21T20:58:48.933Z</time>
      </trkpt>
      <trkpt lat="56.403497" lon="-3.442868">
        <ele>12.800521</ele>
        <time>2023-07-21T20:58:51.930Z</time>
      </trkpt>
      <trkpt lat="56.403493" lon="-3.442914">
        <ele>12.791211</ele>
        <time>2023-07-21T20:58:52.187Z</time>
      </trkpt>
      <trkpt lat="56.403504" lon="-3.443029">
        <ele>12.767879</ele>
        <time>2023-07-21T20:58:52.830Z</time>
      </trkpt>
      <trkpt lat="56.403583" lon="-3.443176">
        <ele>12.726910</ele>
        <time>2023-07-21T20:58:54.011Z</time>
      </trkpt>
      <trkpt lat="56.403650" lon="-3.443198">
        <ele>12.702306</ele>
        <time>2023-07-21T20:58:54.702Z</time>
      </trkpt>
      <trkpt lat="56.403717" lon="-3.443163">
        <ele>12.677107</ele>
        <time>2023-07-21T20:58:55.399Z</time>
      </trkpt>
      <trkpt lat="56.403729" lon="-3.443153">
        <ele>12.672333</ele>
        <time>2023-07-21T20:58:55.534Z</time>
      </trkpt>
      <trkpt lat="56.404105" lon="-3.443328">
        <ele>12.532048</ele>
        <time>2023-07-21T20:58:59.522Z</time>
      </trkpt>
      <trkpt lat="56.404263" lon="-3.443499">
        <ele>12.471052</ele>
        <time>2023-07-21T20:59:01.476Z</time>
      </trkpt>
      <trkpt lat="56.404410" lon="-3.443784">
        <ele>12.410915</ele>
        <time>2023-07-21T20:59:03.758Z</time>
      </trkpt>
      <trkpt lat="56.404745" lon="-3.444249">
        <ele>12.293087</ele>
        <time>2023-07-21T20:59:08.200Z</time>
      </trkpt>
      <trkpt lat="56.404939" lon="-3.444519">
        <ele>12.224785</ele>
        <time>2023-07-21T20:59:10.872Z</time>
      </trkpt>
      <trkpt lat="56.405582" lon="-3.445443">
        <ele>11.995635</ele>
        <time>2023-07-21T20:59:20.206Z</time>
      </trkpt>
      <trkpt lat="56.405910" lon="-3.445951">
        <ele>12.122727</ele>
        <time>2023-07-21T20:59:25.632Z</time>
      </trkpt>
      <trkpt lat="56.406021" lon="-3.446071">
        <ele>12.165723</ele>
        <time>2023-07-21T20:59:27.383Z</time>
      </trkpt>
      <trkpt lat="56.406165" lon="-3.446158">
        <ele>12.216195</ele>
        <time>2023-07-21T20:59:29.404Z</time>
      </trkpt>
      <trkpt lat="56.406220" lon="-3.446149">
        <ele>12.234553</ele>
        <time>2023-07-21T20:59:30.123Z</time>
      </trkpt>
      <trkpt lat="56.406295" lon="-3.446264">
        <ele>12.267248</ele>
        <time>2023-07-21T20:59:31.478Z</time>
      </trkpt>
      <trkpt lat="56.406503" lon="-3.446814">
        <ele>12.389779</ele>
        <time>2023-07-21T20:59:36.417Z</time>
      </trkpt>
      <trkpt lat="56.406968" lon="-3.447502">
        <ele>12.585031</ele>
        <time>2023-07-21T20:59:44.332Z</time>
      </trkpt>
      <trkpt lat="56.407115" lon="-3.447714">
        <ele>12.567750</ele>
        <time>2023-07-21T20:59:46.837Z</time>
      </trkpt>
      <trkpt lat="56.407439" lon="-3.448183">
        <ele>12.529608</ele>
        <time>2023-07-21T20:59:52.053Z</time>
      </trkpt>
      <trkpt lat="56.407951" lon="-3.448947">
        <ele>12.468600</ele>
        <time>2023-07-21T20:59:59.675Z</time>
      </trkpt>
      <trkpt lat="56.408493" lon="-3.449751">
        <ele>12.351673</ele>
        <time>2023-07-21T21:00:07.129Z</time>
      </trkpt>
      <trkpt lat="56.408753" lon="-3.450086">
        <ele>12.229349</ele>
        <time>2023-07-21T21:00:10.536Z</time>
      </trkpt>
      <trkpt lat="56.408756" lon="-3.450192">
        <ele>12.206852</ele>
        <time>2023-07-21T21:00:11.217Z</time>
      </trkpt>
      <trkpt lat="56.408793" lon="-3.450275">
        <ele>12.184260</ele>
        <time>2023-07-21T21:00:11.861Z</time>
      </trkpt>
      <trkpt lat="56.408880" lon="-3.450290">
        <ele>12.150778</ele>
        <time>2023-07-21T21:00:12.800Z</time>
      </trkpt>
      <trkpt lat="56.409131" lon="-3.450724">
        <ele>12.017706</ele>
        <time>2023-07-21T21:00:16.504Z</time>
      </trkpt>
      <trkpt lat="56.409511" lon="-3.451237">
        <ele>11.836003</ele>
        <time>2023-07-21T21:00:21.495Z</time>
      </trkpt>
      <trkpt lat="56.409996" lon="-3.451961">
        <ele>11.769357</ele>
        <time>2023-07-21T21:00:28.593Z</time>
      </trkpt>
      <trkpt lat="56.410016" lon="-3.451989">
        <ele>11.772029</ele>
        <time>2023-07-21T21:00:28.884Z</time>
      </trkpt>
      <trkpt lat="56.410489" lon="-3.452651">
        <ele>11.835231</ele>
        <time>2023-07-21T21:00:36.262Z</time>
      </trkpt>
      <trkpt lat="56.410538" lon="-3.452554">
        <ele>11.842908</ele>
        <time>2023-07-21T21:00:42.908Z</time>
      </trkpt>
      <trkpt lat="56.410851" lon="-3.452986">
        <ele>11.884515</ele>
        <time>2023-07-21T21:00:48.198Z</time>
      </trkpt>
      <trkpt lat="56.411930" lon="-3.454676">
        <ele>11.934083</ele>
        <time>2023-07-21T21:01:05.639Z</time>
      </trkpt>
      <trkpt lat="56.412744" lon="-3.455859">
        <ele>11.827165</ele>
        <time>2023-07-21T21:01:17.452Z</time>
      </trkpt>
      <trkpt lat="56.413437" lon="-3.456641">
        <ele>11.534413</ele>
        <time>2023-07-21T21:01:26.295Z</time>
      </trkpt>
      <trkpt lat="56.413810" lon="-3.457144">
        <ele>11.367652</ele>
        <time>2023-07-21T21:01:31.294Z</time>
      </trkpt>
      <trkpt lat="56.413775" lon="-3.457234">
        <ele>11.345844</ele>
        <time>2023-07-21T21:01:31.967Z</time>
      </trkpt>
      <trkpt lat="56.413744" lon="-3.457298">
        <ele>11.328980</ele>
        <time>2023-07-21T21:01:36.111Z</time>
      </trkpt>
      <trkpt lat="56.413828" lon="-3.457429">
        <ele>11.288119</ele>
        <time>2023-07-21T21:01:45.860Z</time>
      </trkpt>
      <trkpt lat="56.413788" lon="-3.457514">
        <ele>11.263164</ele>
        <time>2023-07-21T21:01:51.303Z</time>
      </trkpt>
      <trkpt lat="56.413852" lon="-3.457610">
        <ele>11.229545</ele>
        <time>2023-07-21T21:01:52.166Z</time>
      </trkpt>
      <trkpt lat="56.413992" lon="-3.457820">
        <ele>11.156004</ele>
        <time>2023-07-21T21:01:54.137Z</time>
      </trkpt>
      <trkpt lat="56.413957" lon="-3.457902">
        <ele>11.132843</ele>
        <time>2023-07-21T21:01:54.801Z</time>
      </trkpt>
      <trkpt lat="56.414869" lon="-3.459237">
        <ele>10.658457</ele>
        <time>2023-07-21T21:02:07.633Z</time>
      </trkpt>
      <trkpt lat="56.414923" lon="-3.459187">
        <ele>10.633931</ele>
        <time>2023-07-21T21:02:08.257Z</time>
      </trkpt>
      <trkpt lat="56.415178" lon="-3.459553">
        <ele>10.485615</ele>
        <time>2023-07-21T21:02:11.704Z</time>
      </trkpt>
      <trkpt lat="56.415788" lon="-3.460488">
        <ele>10.083481</ele>
        <time>2023-07-21T21:02:20.190Z</time>
      </trkpt>
      <trkpt lat="56.415950" lon="-3.460731">
        <ele>9.977635</ele>
        <time>2023-07-21T21:02:22.428Z</time>
      </trkpt>
      <trkpt lat="56.416822" lon="-3.462036">
        <ele>9.478911</ele>
        <time>2023-07-21T21:02:34.246Z</time>
      </trkpt>
      <trkpt lat="56.417038" lon="-3.462409">
        <ele>9.369755</ele>
        <time>2023-07-21T21:02:37.426Z</time>
      </trkpt>
      <trkpt lat="56.417054" lon="-3.462584">
        <ele>9.333902</ele>
        <time>2023-07-21T21:02:38.489Z</time>
      </trkpt>
      <trkpt lat="56.417131" lon="-3.462707">
        <ele>9.296353</ele>
        <time>2023-07-21T21:02:39.595Z</time>
      </trkpt>
      <trkpt lat="56.417198" lon="-3.462725">
        <ele>9.271601</ele>
        <time>2023-07-21T21:02:40.323Z</time>
      </trkpt>
      <trkpt lat="56.417513" lon="-3.463066">
        <ele>9.137433</ele>
        <time>2023-07-21T21:02:44.284Z</time>
      </trkpt>
      <trkpt lat="56.417738" lon="-3.463426">
        <ele>9.027636</ele>
        <time>2023-07-21T21:02:47.817Z</time>
      </trkpt>
      <trkpt lat="56.418022" lon="-3.463731">
        <ele>9.014400</ele>
        <time>2023-07-21T21:02:51.750Z</time>
      </trkpt>
      <trkpt lat="56.418466" lon="-3.464297">
        <ele>9.024708</ele>
        <time>2023-07-21T21:02:57.984Z</time>
      </trkpt>
      <trkpt lat="56.418661" lon="-3.464572">
        <ele>9.029401</ele>
        <time>2023-07-21T21:03:00.840Z</time>
      </trkpt>
      <trkpt lat="56.418703" lon="-3.464678">
        <ele>9.030770</ele>
        <time>2023-07-21T21:03:01.751Z</time>
      </trkpt>
      <trkpt lat="56.418735" lon="-3.464873">
        <ele>9.032904</ele>
        <time>2023-07-21T21:03:03.147Z</time>
      </trkpt>
      <trkpt lat="56.418703" lon="-3.465154">
        <ele>9.035915</ele>
        <time>2023-07-21T21:03:05.110Z</time>
      </trkpt>
      <trkpt lat="56.418700" lon="-3.465403">
        <ele>9.038529</ele>
        <time>2023-07-21T21:03:06.896Z</time>
      </trkpt>
      <trkpt lat="56.418729" lon="-3.465657">
        <ele>9.041251</ele>
        <time>2023-07-21T21:03:08.701Z</time>
      </trkpt>
      <trkpt lat="56.418769" lon="-3.465815">
        <ele>9.043075</ele>
        <time>2023-07-21T21:03:09.852Z</time>
      </trkpt>
      <trkpt lat="56.418923" lon="-3.466112">
        <ele>9.068437</ele>
        <time>2023-07-21T21:03:12.769Z</time>
      </trkpt>
      <trkpt lat="56.419055" lon="-3.466198">
        <ele>9.084714</ele>
        <time>2023-07-21T21:03:14.518Z</time>
      </trkpt>
      <trkpt lat="56.419284" lon="-3.466556">
        <ele>9.119834</ele>
        <time>2023-07-21T21:03:18.475Z</time>
      </trkpt>
      <trkpt lat="56.419363" lon="-3.466735">
        <ele>9.134528</ele>
        <time>2023-07-21T21:03:20.616Z</time>
      </trkpt>
      <trkpt lat="56.419623" lon="-3.467046">
        <ele>9.170694</ele>
        <time>2023-07-21T21:03:25.898Z</time>
      </trkpt>
      <trkpt lat="56.419828" lon="-3.467254">
        <ele>9.197965</ele>
        <time>2023-07-21T21:03:29.663Z</time>
      </trkpt>
      <trkpt lat="56.419911" lon="-3.467056">
        <ele>9.213906</ele>
        <time>2023-07-21T21:03:31.722Z</time>
      </trkpt>
      <trkpt lat="56.420009" lon="-3.466991">
        <ele>9.226015</ele>
        <time>2023-07-21T21:03:33.354Z</time>
      </trkpt>
      <trkpt lat="56.420203" lon="-3.466978">
        <ele>9.248536</ele>
        <time>2023-07-21T21:03:36.362Z</time>
      </trkpt>
      <trkpt lat="56.420434" lon="-3.467032">
        <ele>9.316052</ele>
        <time>2023-07-21T21:03:40.051Z</time>
      </trkpt>
      <trkpt lat="56.420586" lon="-3.467115">
        <ele>9.365975</ele>
        <time>2023-07-21T21:03:42.564Z</time>
      </trkpt>
      <trkpt lat="56.420688" lon="-3.467220">
        <ele>9.402880</ele>
        <time>2023-07-21T21:03:44.468Z</time>
      </trkpt>
      <trkpt lat="56.420748" lon="-3.467282">
        <ele>9.424609</ele>
        <time>2023-07-21T21:03:45.596Z</time>
      </trkpt>
      <trkpt lat="56.421716" lon="-3.468406">
        <ele>9.786325</ele>
        <time>2023-07-21T21:04:05.375Z</time>
      </trkpt>
      <trkpt lat="56.421916" lon="-3.468620">
        <ele>9.943280</ele>
        <time>2023-07-21T21:04:09.834Z</time>
      </trkpt>
      <trkpt lat="56.422112" lon="-3.468766">
        <ele>10.143087</ele>
        <time>2023-07-21T21:04:14.118Z</time>
      </trkpt>
      <trkpt lat="56.422202" lon="-3.468824">
        <ele>10.233145</ele>
        <time>2023-07-21T21:04:16.246Z</time>
      </trkpt>
      <trkpt lat="56.422856" lon="-3.469088">
        <ele>10.864759</ele>
        <time>2023-07-21T21:04:30.271Z</time>
      </trkpt>
      <trkpt lat="56.423200" lon="-3.469256">
        <ele>11.200621</ele>
        <time>2023-07-21T21:04:36.965Z</time>
      </trkpt>
      <trkpt lat="56.423518" lon="-3.469324">
        <ele>11.502446</ele>
        <time>2023-07-21T21:04:42.588Z</time>
      </trkpt>
      <trkpt lat="56.423751" lon="-3.469041">
        <ele>11.468011</ele>
        <time>2023-07-21T21:04:47.371Z</time>
      </trkpt>
      <trkpt lat="56.423563" lon="-3.468661">
        <ele>11.421250</ele>
        <time>2023-07-21T21:04:51.807Z</time>
      </trkpt>
      <trkpt lat="56.423336" lon="-3.467717">
        <ele>11.326843</ele>
        <time>2023-07-21T21:05:00.941Z</time>
      </trkpt>
      <trkpt lat="56.422988" lon="-3.467266">
        <ele>11.255840</ele>
        <time>2023-07-21T21:05:07.401Z</time>
      </trkpt>
      <trkpt lat="56.423026" lon="-3.466869">
        <ele>11.218888</ele>
        <time>2023-07-21T21:05:10.614Z</time>
      </trkpt>
      <trkpt lat="56.423174" lon="-3.466647">
        <ele>11.213764</ele>
        <time>2023-07-21T21:05:13.213Z</time>
      </trkpt>
      <trkpt lat="56.423603" lon="-3.466742">
        <ele>11.211918</ele>
        <time>2023-07-21T21:05:19.371Z</time>
      </trkpt>
      <trkpt lat="56.425245" lon="-3.467337">
        <ele>11.473856</ele>
        <time>2023-07-21T21:05:48.759Z</time>
      </trkpt>
      <trkpt lat="56.426395" lon="-3.467681">
        <ele>12.130779</ele>
        <time>2023-07-21T21:06:09.409Z</time>
      </trkpt>
      <trkpt lat="56.428030" lon="-3.468272">
        <ele>13.713847</ele>
        <time>2023-07-21T21:06:41.620Z</time>
      </trkpt>
      <trkpt lat="56.428229" lon="-3.468431">
        <ele>13.929266</ele>
        <time>2023-07-21T21:06:46.085Z</time>
      </trkpt>
      <trkpt lat="56.428902" lon="-3.468833">
        <ele>14.515672</ele>
        <time>2023-07-21T21:07:00.217Z</time>
      </trkpt>
      <trkpt lat="56.431413" lon="-3.471217">
        <ele>16.293440</ele>
        <time>2023-07-21T21:07:51.364Z</time>
      </trkpt>
      <trkpt lat="56.431883" lon="-3.471624">
        <ele>16.488943</ele>
        <time>2023-07-21T21:08:00.042Z</time>
      </trkpt>
      <trkpt lat="56.432736" lon="-3.472255">
        <ele>16.798099</ele>
        <time>2023-07-21T21:08:15.258Z</time>
      </trkpt>
      <trkpt lat="56.433274" lon="-3.472574">
        <ele>17.084703</ele>
        <time>2023-07-21T21:08:25.260Z</time>
      </trkpt>
      <trkpt lat="56.433563" lon="-3.472728">
        <ele>17.529163</ele>
        <time>2023-07-21T21:08:31.053Z</time>
      </trkpt>
      <trkpt lat="56.434030" lon="-3.472889">
        <ele>18.230497</ele>
        <time>2023-07-21T21:08:40.828Z</time>
      </trkpt>
      <trkpt lat="56.434518" lon="-3.472984">
        <ele>18.954566</ele>
        <time>2023-07-21T21:08:51.504Z</time>
      </trkpt>
      <trkpt lat="56.435467" lon="-3.473045">
        <ele>20.136065</ele>
        <time>2023-07-21T21:09:13.271Z</time>
      </trkpt>
      <trkpt lat="56.436352" lon="-3.473018">
        <ele>21.056014</ele>
        <time>2023-07-21T21:09:30.876Z</time>
      </trkpt>
      <trkpt lat="56.436676" lon="-3.472911">
        <ele>21.398327</ele>
        <time>2023-07-21T21:09:36.415Z</time>
      </trkpt>
      <trkpt lat="56.436661" lon="-3.472629">
        <ele>21.396745</ele>
        <time>2023-07-21T21:09:38.110Z</time>
      </trkpt>
      <trkpt lat="56.436649" lon="-3.472315">
        <ele>21.200017</ele>
        <time>2023-07-21T21:09:40.774Z</time>
      </trkpt>
      <trkpt lat="56.436662" lon="-3.471908">
        <ele>20.945204</ele>
        <time>2023-07-21T21:09:43.917Z</time>
      </trkpt>
      <trkpt lat="56.436721" lon="-3.471401">
        <ele>20.621369</ele>
        <time>2023-07-21T21:09:47.826Z</time>
      </trkpt>
      <trkpt lat="56.436906" lon="-3.470567">
        <ele>20.059700</ele>
        <time>2023-07-21T21:09:54.299Z</time>
      </trkpt>
      <trkpt lat="56.437219" lon="-3.469958">
        <ele>19.539984</ele>
        <time>2023-07-21T21:10:00.180Z</time>
      </trkpt>
      <trkpt lat="56.437625" lon="-3.469279">
        <ele>18.929799</ele>
        <time>2023-07-21T21:10:07.559Z</time>
      </trkpt>
      <trkpt lat="56.437767" lon="-3.469154">
        <ele>18.756256</ele>
        <time>2023-07-21T21:10:09.713Z</time>
      </trkpt>
      <trkpt lat="56.438482" lon="-3.468856">
        <ele>17.949947</ele>
        <time>2023-07-21T21:10:19.849Z</time>
      </trkpt>
      <trkpt lat="56.438982" lon="-3.468744">
        <ele>17.457387</ele>
        <time>2023-07-21T21:10:26.894Z</time>
      </trkpt>
      <trkpt lat="56.439637" lon="-3.468573">
        <ele>17.314042</ele>
        <time>2023-07-21T21:10:36.850Z</time>
      </trkpt>
      <trkpt lat="56.439718" lon="-3.468510">
        <ele>17.294944</ele>
        <time>2023-07-21T21:10:38.219Z</time>
      </trkpt>
      <trkpt lat="56.439870" lon="-3.468253">
        <ele>17.249877</ele>
        <time>2023-07-21T21:10:41.432Z</time>
      </trkpt>
      <trkpt lat="56.440061" lon="-3.467890">
        <ele>17.189870</ele>
        <time>2023-07-21T21:10:45.798Z</time>
      </trkpt>
      <trkpt lat="56.440133" lon="-3.467814">
        <ele>17.171814</ele>
        <time>2023-07-21T21:10:47.117Z</time>
      </trkpt>
      <trkpt lat="56.440235" lon="-3.467761">
        <ele>17.148827</ele>
        <time>2023-07-21T21:10:48.857Z</time>
      </trkpt>
      <trkpt lat="56.440670" lon="-3.467700">
        <ele>17.204746</ele>
        <time>2023-07-21T21:10:55.987Z</time>
      </trkpt>
      <trkpt lat="56.443027" lon="-3.467496">
        <ele>20.141190</ele>
        <time>2023-07-21T21:11:42.460Z</time>
      </trkpt>
      <trkpt lat="56.443580" lon="-3.467359">
        <ele>21.261237</ele>
        <time>2023-07-21T21:11:55.563Z</time>
      </trkpt>
      <trkpt lat="56.443886" lon="-3.467525">
        <ele>21.902291</ele>
        <time>2023-07-21T21:12:03.448Z</time>
      </trkpt>
      <trkpt lat="56.445888" lon="-3.468005">
        <ele>27.437680</ele>
        <time>2023-07-21T21:12:55.408Z</time>
      </trkpt>
      <trkpt lat="56.445956" lon="-3.468024">
        <ele>27.542850</ele>
        <time>2023-07-21T21:12:57.037Z</time>
      </trkpt>
      <trkpt lat="56.446603" lon="-3.468188">
        <ele>28.434479</ele>
        <time>2023-07-21T21:13:11.766Z</time>
      </trkpt>
      <trkpt lat="56.447356" lon="-3.468356">
        <ele>29.469933</ele>
        <time>2023-07-21T21:13:26.156Z</time>
      </trkpt>
      <trkpt lat="56.447767" lon="-3.468461">
        <ele>29.934331</ele>
        <time>2023-07-21T21:13:33.500Z</time>
      </trkpt>
      <trkpt lat="56.447820" lon="-3.468521">
        <ele>29.948422</ele>
        <time>2023-07-21T21:13:34.648Z</time>
      </trkpt>
      <trkpt lat="56.447836" lon="-3.468552">
        <ele>29.953706</ele>
        <time>2023-07-21T21:13:35.076Z</time>
      </trkpt>
      <trkpt lat="56.447896" lon="-3.469715">
        <ele>30.099217</ele>
        <time>2023-07-21T21:13:46.219Z</time>
      </trkpt>
      <trkpt lat="56.447931" lon="-3.469905">
        <ele>30.124167</ele>
        <time>2023-07-21T21:13:48.166Z</time>
      </trkpt>
      <trkpt lat="56.448031" lon="-3.470203">
        <ele>30.167597</ele>
        <time>2023-07-21T21:13:51.326Z</time>
      </trkpt>
      <trkpt lat="56.448197" lon="-3.470060">
        <ele>30.209037</ele>
        <time>2023-07-21T21:13:53.616Z</time>
      </trkpt>
      <trkpt lat="56.448447" lon="-3.469967">
        <ele>30.266564</ele>
        <time>2023-07-21T21:13:56.572Z</time>
      </trkpt>
      <trkpt lat="56.448898" lon="-3.470062">
        <ele>30.359548</ele>
        <time>2023-07-21T21:14:01.763Z</time>
      </trkpt>
      <trkpt lat="56.449388" lon="-3.470203">
        <ele>30.450183</ele>
        <time>2023-07-21T21:14:07.848Z</time>
      </trkpt>
      <trkpt lat="56.449603" lon="-3.470458">
        <ele>30.497144</ele>
        <time>2023-07-21T21:14:11.392Z</time>
      </trkpt>
      <trkpt lat="56.449804" lon="-3.470527">
        <ele>30.534516</ele>
        <time>2023-07-21T21:14:14.254Z</time>
      </trkpt>
      <trkpt lat="56.450230" lon="-3.470525">
        <ele>30.612335</ele>
        <time>2023-07-21T21:14:19.696Z</time>
      </trkpt>
      <trkpt lat="56.450602" lon="-3.470524">
        <ele>30.560832</ele>
        <time>2023-07-21T21:14:24.052Z</time>
      </trkpt>
      <trkpt lat="56.450646" lon="-3.470524">
        <ele>30.539035</ele>
        <time>2023-07-21T21:14:24.548Z</time>
      </trkpt>
      <trkpt lat="56.450760" lon="-3.470524">
        <ele>30.482562</ele>
        <time>2023-07-21T21:14:25.870Z</time>
      </trkpt>
      <trkpt lat="56.451251" lon="-3.470342">
        <ele>30.234277</ele>
        <time>2023-07-21T21:14:31.159Z</time>
      </trkpt>
      <trkpt lat="56.451488" lon="-3.470257">
        <ele>30.114587</ele>
        <time>2023-07-21T21:14:33.747Z</time>
      </trkpt>
      <trkpt lat="56.452155" lon="-3.470028">
        <ele>29.778272</ele>
        <time>2023-07-21T21:14:40.771Z</time>
      </trkpt>
      <trkpt lat="56.452739" lon="-3.469815">
        <ele>28.863122</ele>
        <time>2023-07-21T21:14:46.564Z</time>
      </trkpt>
      <trkpt lat="56.452748" lon="-3.470168">
        <ele>28.547422</ele>
        <time>2023-07-21T21:14:49.178Z</time>
      </trkpt>
      <trkpt lat="56.452963" lon="-3.470211">
        <ele>28.197731</ele>
        <time>2023-07-21T21:14:51.177Z</time>
      </trkpt>
      <trkpt lat="56.453428" lon="-3.470309">
        <ele>27.440921</ele>
        <time>2023-07-21T21:14:55.364Z</time>
      </trkpt>
      <trkpt lat="56.453651" lon="-3.470404">
        <ele>27.070559</ele>
        <time>2023-07-21T21:14:57.333Z</time>
      </trkpt>
      <trkpt lat="56.454216" lon="-3.470738">
        <ele>25.550652</ele>
        <time>2023-07-21T21:15:02.293Z</time>
      </trkpt>
      <trkpt lat="56.454348" lon="-3.470813">
        <ele>25.157955</ele>
        <time>2023-07-21T21:15:03.412Z</time>
      </trkpt>
      <trkpt lat="56.454387" lon="-3.470832">
        <ele>25.043318</ele>
        <time>2023-07-21T21:15:03.740Z</time>
      </trkpt>
      <trkpt lat="56.454608" lon="-3.470896">
        <ele>24.408060</ele>
        <time>2023-07-21T21:15:05.542Z</time>
      </trkpt>
      <trkpt lat="56.454772" lon="-3.470942">
        <ele>23.937011</ele>
        <time>2023-07-21T21:15:06.876Z</time>
      </trkpt>
      <trkpt lat="56.454935" lon="-3.470987">
        <ele>23.469005</ele>
        <time>2023-07-21T21:15:08.202Z</time>
      </trkpt>
      <trkpt lat="56.455977" lon="-3.471285">
        <ele>21.220166</ele>
        <time>2023-07-21T21:15:17.030Z</time>
      </trkpt>
      <trkpt lat="56.456370" lon="-3.471389">
        <ele>20.754821</ele>
        <time>2023-07-21T21:15:20.492Z</time>
      </trkpt>
      <trkpt lat="56.456542" lon="-3.471444">
        <ele>20.550179</ele>
        <time>2023-07-21T21:15:22.126Z</time>
      </trkpt>
      <trkpt lat="56.457249" lon="-3.471683">
        <ele>19.707512</ele>
        <time>2023-07-21T21:15:30.101Z</time>
      </trkpt>
      <trkpt lat="56.457969" lon="-3.472137">
        <ele>20.852097</ele>
        <time>2023-07-21T21:15:42.490Z</time>
      </trkpt>
      <trkpt lat="56.458852" lon="-3.472736">
        <ele>22.484271</ele>
        <time>2023-07-21T21:16:00.251Z</time>
      </trkpt>
      <trkpt lat="56.459116" lon="-3.472728">
        <ele>23.023671</ele>
        <time>2023-07-21T21:16:05.266Z</time>
      </trkpt>
      <trkpt lat="56.459187" lon="-3.473206">
        <ele>23.700942</ele>
        <time>2023-07-21T21:16:10.865Z</time>
      </trkpt>
      <trkpt lat="56.459295" lon="-3.473614">
        <ele>24.319969</ele>
        <time>2023-07-21T21:16:16.038Z</time>
      </trkpt>
      <trkpt lat="56.459447" lon="-3.473844">
        <ele>24.810613</ele>
        <time>2023-07-21T21:16:19.899Z</time>
      </trkpt>
      <trkpt lat="56.459559" lon="-3.473906">
        <ele>25.100657</ele>
        <time>2023-07-21T21:16:22.431Z</time>
      </trkpt>
      <trkpt lat="56.459786" lon="-3.473933">
        <ele>25.664020</ele>
        <time>2023-07-21T21:16:26.805Z</time>
      </trkpt>
      <trkpt lat="56.460736" lon="-3.473903">
        <ele>27.798003</ele>
        <time>2023-07-21T21:16:45.608Z</time>
      </trkpt>
      <trkpt lat="56.462070" lon="-3.473769">
        <ele>30.215196</ele>
        <time>2023-07-21T21:17:08.983Z</time>
      </trkpt>
      <trkpt lat="56.462215" lon="-3.473769">
        <ele>30.468376</ele>
        <time>2023-07-21T21:17:11.294Z</time>
      </trkpt>
      <trkpt lat="56.462428" lon="-3.473903">
        <ele>30.681785</ele>
        <time>2023-07-21T21:17:14.827Z</time>
      </trkpt>
      <trkpt lat="56.463867" lon="-3.475464">
        <ele>32.199601</ele>
        <time>2023-07-21T21:17:39.250Z</time>
      </trkpt>
      <trkpt lat="56.464494" lon="-3.475959">
        <ele>32.431696</ele>
        <time>2023-07-21T21:17:48.660Z</time>
      </trkpt>
      <trkpt lat="56.464761" lon="-3.476209">
        <ele>32.533691</ele>
        <time>2023-07-21T21:17:52.736Z</time>
      </trkpt>
      <trkpt lat="56.467037" lon="-3.479126">
        <ele>32.389515</ele>
        <time>2023-07-21T21:18:25.328Z</time>
      </trkpt>
      <trkpt lat="56.468098" lon="-3.480469">
        <ele>31.405220</ele>
        <time>2023-07-21T21:18:38.030Z</time>
      </trkpt>
      <trkpt lat="56.469015" lon="-3.481476">
        <ele>30.907119</ele>
        <time>2023-07-21T21:18:48.762Z</time>
      </trkpt>
      <trkpt lat="56.471064" lon="-3.483587">
        <ele>30.663310</ele>
        <time>2023-07-21T21:19:17.075Z</time>
      </trkpt>
      <trkpt lat="56.472248" lon="-3.484838">
        <ele>31.062660</ele>
        <time>2023-07-21T21:19:34.363Z</time>
      </trkpt>
      <trkpt lat="56.472830" lon="-3.485338">
        <ele>31.300786</ele>
        <time>2023-07-21T21:19:42.725Z</time>
      </trkpt>
      <trkpt lat="56.473626" lon="-3.485921">
        <ele>32.174141</ele>
        <time>2023-07-21T21:19:55.038Z</time>
      </trkpt>
      <trkpt lat="56.474533" lon="-3.486468">
        <ele>33.292146</ele>
        <time>2023-07-21T21:20:11.305Z</time>
      </trkpt>
      <trkpt lat="56.474519" lon="-3.486565">
        <ele>33.356903</ele>
        <time>2023-07-21T21:20:12.212Z</time>
      </trkpt>
      <trkpt lat="56.474605" lon="-3.486686">
        <ele>33.482582</ele>
        <time>2023-07-21T21:20:13.880Z</time>
      </trkpt>
      <trkpt lat="56.474593" lon="-3.486981">
        <ele>33.657119</ele>
        <time>2023-07-21T21:20:16.455Z</time>
      </trkpt>
      <trkpt lat="56.474371" lon="-3.488326">
        <ele>34.485421</ele>
        <time>2023-07-21T21:20:28.040Z</time>
      </trkpt>
      <trkpt lat="56.474204" lon="-3.489521">
        <ele>35.212759</ele>
        <time>2023-07-21T21:20:38.464Z</time>
      </trkpt>
      <trkpt lat="56.474161" lon="-3.490057">
        <ele>35.554264</ele>
        <time>2023-07-21T21:20:42.961Z</time>
      </trkpt>
      <trkpt lat="56.474210" lon="-3.490085">
        <ele>35.617393</ele>
        <time>2023-07-21T21:20:43.775Z</time>
      </trkpt>
      <trkpt lat="56.474246" lon="-3.490099">
        <ele>35.662631</ele>
        <time>2023-07-21T21:20:44.376Z</time>
      </trkpt>
      <trkpt lat="56.474272" lon="-3.489967">
        <ele>35.757729</ele>
        <time>2023-07-21T21:20:45.545Z</time>
      </trkpt>
      <trkpt lat="56.474371" lon="-3.489870">
        <ele>35.896030</ele>
        <time>2023-07-21T21:20:47.112Z</time>
      </trkpt>
      <trkpt lat="56.474732" lon="-3.490000">
        <ele>36.348246</ele>
        <time>2023-07-21T21:20:52.305Z</time>
      </trkpt>
      <trkpt lat="56.474891" lon="-3.489955">
        <ele>36.545967</ele>
        <time>2023-07-21T21:20:54.551Z</time>
      </trkpt>
      <trkpt lat="56.475016" lon="-3.489858">
        <ele>36.713054</ele>
        <time>2023-07-21T21:20:56.680Z</time>
      </trkpt>
      <trkpt lat="56.475140" lon="-3.489687">
        <ele>36.904558</ele>
        <time>2023-07-21T21:20:59.065Z</time>
      </trkpt>
      <trkpt lat="56.475361" lon="-3.489229">
        <ele>37.317243</ele>
        <time>2023-07-21T21:21:04.834Z</time>
      </trkpt>
      <trkpt lat="56.475447" lon="-3.489135">
        <ele>37.440664</ele>
        <time>2023-07-21T21:21:06.677Z</time>
      </trkpt>
      <trkpt lat="56.475530" lon="-3.489073">
        <ele>37.550976</ele>
        <time>2023-07-21T21:21:08.439Z</time>
      </trkpt>
      <trkpt lat="56.475735" lon="-3.489098">
        <ele>37.912988</ele>
        <time>2023-07-21T21:21:12.323Z</time>
      </trkpt>
      <trkpt lat="56.476630" lon="-3.489851">
        <ele>39.766405</ele>
        <time>2023-07-21T21:21:30.102Z</time>
      </trkpt>
      <trkpt lat="56.477405" lon="-3.490547">
        <ele>41.371158</ele>
        <time>2023-07-21T21:21:45.268Z</time>
      </trkpt>
      <trkpt lat="56.477857" lon="-3.491003">
        <ele>42.296532</ele>
        <time>2023-07-21T21:21:54.419Z</time>
      </trkpt>
      <trkpt lat="56.478580" lon="-3.491820">
        <ele>43.820700</ele>
        <time>2023-07-21T21:22:09.329Z</time>
      </trkpt>
      <trkpt lat="56.479026" lon="-3.492460">
        <ele>44.743604</ele>
        <time>2023-07-21T21:22:19.424Z</time>
      </trkpt>
      <trkpt lat="56.479204" lon="-3.492782">
        <ele>45.127698</ele>
        <time>2023-07-21T21:22:23.928Z</time>
      </trkpt>
      <trkpt lat="56.481879" lon="-3.496375">
        <ele>49.952368</ele>
        <time>2023-07-21T21:23:32.306Z</time>
      </trkpt>
      <trkpt lat="56.482851" lon="-3.497474">
        <ele>51.679284</ele>
        <time>2023-07-21T21:23:56.389Z</time>
      </trkpt>
      <trkpt lat="56.484858" lon="-3.499709">
        <ele>55.455119</ele>
        <time>2023-07-21T21:24:47.186Z</time>
      </trkpt>
      <trkpt lat="56.486316" lon="-3.500626">
        <ele>57.520644</ele>
        <time>2023-07-21T21:25:18.517Z</time>
      </trkpt>
      <trkpt lat="56.487029" lon="-3.501067">
        <ele>58.480789</ele>
        <time>2023-07-21T21:25:33.604Z</time>
      </trkpt>
      <trkpt lat="56.487251" lon="-3.501274">
        <ele>58.798911</ele>
        <time>2023-07-21T21:25:38.712Z</time>
      </trkpt>
      <trkpt lat="56.488008" lon="-3.502351">
        <ele>59.877375</ele>
        <time>2023-07-21T21:25:58.488Z</time>
      </trkpt>
      <trkpt lat="56.488259" lon="-3.502658">
        <ele>59.989198</ele>
        <time>2023-07-21T21:26:04.459Z</time>
      </trkpt>
      <trkpt lat="56.488568" lon="-3.502947">
        <ele>60.117597</ele>
        <time>2023-07-21T21:26:11.038Z</time>
      </trkpt>
      <trkpt lat="56.489279" lon="-3.503738">
        <ele>60.425670</ele>
        <time>2023-07-21T21:26:24.347Z</time>
      </trkpt>
      <trkpt lat="56.489737" lon="-3.504514">
        <ele>60.246701</ele>
        <time>2023-07-21T21:26:33.380Z</time>
      </trkpt>
      <trkpt lat="56.489810" lon="-3.504742">
        <ele>60.175214</ele>
        <time>2023-07-21T21:26:35.539Z</time>
      </trkpt>
      <trkpt lat="56.489846" lon="-3.505008">
        <ele>60.100932</ele>
        <time>2023-07-21T21:26:37.724Z</time>
      </trkpt>
      <trkpt lat="56.489959" lon="-3.505461">
        <ele>59.966106</ele>
        <time>2023-07-21T21:26:41.815Z</time>
      </trkpt>
      <trkpt lat="56.490373" lon="-3.506235">
        <ele>59.673809</ele>
        <time>2023-07-21T21:26:50.601Z</time>
      </trkpt>
      <trkpt lat="56.490525" lon="-3.506325">
        <ele>59.598737</ele>
        <time>2023-07-21T21:26:52.925Z</time>
      </trkpt>
      <trkpt lat="56.490622" lon="-3.506304">
        <ele>59.627071</ele>
        <time>2023-07-21T21:26:54.412Z</time>
      </trkpt>
      <trkpt lat="56.490694" lon="-3.506244">
        <ele>59.650058</ele>
        <time>2023-07-21T21:26:55.623Z</time>
      </trkpt>
      <trkpt lat="56.490771" lon="-3.506073">
        <ele>59.685392</ele>
        <time>2023-07-21T21:26:57.460Z</time>
      </trkpt>
      <trkpt lat="56.491322" lon="-3.506754">
        <ele>59.878861</ele>
        <time>2023-07-21T21:27:05.663Z</time>
      </trkpt>
      <trkpt lat="56.491421" lon="-3.506877">
        <ele>59.913680</ele>
        <time>2023-07-21T21:27:07.239Z</time>
      </trkpt>
      <trkpt lat="56.491647" lon="-3.507170">
        <ele>59.994288</ele>
        <time>2023-07-21T21:27:11.260Z</time>
      </trkpt>
      <trkpt lat="56.492170" lon="-3.507821">
        <ele>60.275207</ele>
        <time>2023-07-21T21:27:20.587Z</time>
      </trkpt>
      <trkpt lat="56.493133" lon="-3.508981">
        <ele>61.159273</ele>
        <time>2023-07-21T21:27:36.825Z</time>
      </trkpt>
      <trkpt lat="56.495205" lon="-3.510729">
        <ele>63.227101</ele>
        <time>2023-07-21T21:28:10.218Z</time>
      </trkpt>
      <trkpt lat="56.495867" lon="-3.511292">
        <ele>64.275904</ele>
        <time>2023-07-21T21:28:22.154Z</time>
      </trkpt>
      <trkpt lat="56.496335" lon="-3.511685">
        <ele>65.015675</ele>
        <time>2023-07-21T21:28:30.976Z</time>
      </trkpt>
      <trkpt lat="56.496422" lon="-3.511730">
        <ele>65.145430</ele>
        <time>2023-07-21T21:28:32.537Z</time>
      </trkpt>
      <trkpt lat="56.496976" lon="-3.512023">
        <ele>65.974909</ele>
        <time>2023-07-21T21:28:42.262Z</time>
      </trkpt>
      <trkpt lat="56.497761" lon="-3.512357">
        <ele>67.140164</ele>
        <time>2023-07-21T21:28:55.898Z</time>
      </trkpt>
      <trkpt lat="56.498103" lon="-3.512501">
        <ele>67.647554</ele>
        <time>2023-07-21T21:29:01.731Z</time>
      </trkpt>
      <trkpt lat="56.498319" lon="-3.512617">
        <ele>67.973117</ele>
        <time>2023-07-21T21:29:05.339Z</time>
      </trkpt>
      <trkpt lat="56.498520" lon="-3.512692">
        <ele>68.269675</ele>
        <time>2023-07-21T21:29:08.561Z</time>
      </trkpt>
      <trkpt lat="56.499197" lon="-3.512946">
        <ele>69.011828</ele>
        <time>2023-07-21T21:29:19.069Z</time>
      </trkpt>
      <trkpt lat="56.499328" lon="-3.513021">
        <ele>69.155708</ele>
        <time>2023-07-21T21:29:21.110Z</time>
      </trkpt>
      <trkpt lat="56.499445" lon="-3.513138">
        <ele>69.295664</ele>
        <time>2023-07-21T21:29:23.053Z</time>
      </trkpt>
      <trkpt lat="56.500313" lon="-3.514597">
        <ele>70.548298</ele>
        <time>2023-07-21T21:29:41.108Z</time>
      </trkpt>
      <trkpt lat="56.500343" lon="-3.514642">
        <ele>70.590715</ele>
        <time>2023-07-21T21:29:41.719Z</time>
      </trkpt>
      <trkpt lat="56.502078" lon="-3.517142">
        <ele>72.989003</ele>
        <time>2023-07-21T21:30:15.597Z</time>
      </trkpt>
      <trkpt lat="56.502509" lon="-3.517749">
        <ele>73.572037</ele>
        <time>2023-07-21T21:30:23.969Z</time>
      </trkpt>
      <trkpt lat="56.502579" lon="-3.517859">
        <ele>73.671001</ele>
        <time>2023-07-21T21:30:25.268Z</time>
      </trkpt>
      <trkpt lat="56.502995" lon="-3.518493">
        <ele>74.194634</ele>
        <time>2023-07-21T21:30:33.793Z</time>
      </trkpt>
      <trkpt lat="56.503507" lon="-3.519166">
        <ele>74.617991</ele>
        <time>2023-07-21T21:30:43.381Z</time>
      </trkpt>
      <trkpt lat="56.503977" lon="-3.519684">
        <ele>74.986184</ele>
        <time>2023-07-21T21:30:50.894Z</time>
      </trkpt>
      <trkpt lat="56.504448" lon="-3.519935">
        <ele>75.308310</ele>
        <time>2023-07-21T21:30:57.164Z</time>
      </trkpt>
      <trkpt lat="56.505005" lon="-3.520536">
        <ele>75.506247</ele>
        <time>2023-07-21T21:31:05.069Z</time>
      </trkpt>
      <trkpt lat="56.505232" lon="-3.520883">
        <ele>75.596925</ele>
        <time>2023-07-21T21:31:08.704Z</time>
      </trkpt>
      <trkpt lat="56.505731" lon="-3.521993">
        <ele>75.838161</ele>
        <time>2023-07-21T21:31:18.256Z</time>
      </trkpt>
      <trkpt lat="56.506822" lon="-3.524162">
        <ele>78.474917</ele>
        <time>2023-07-21T21:31:44.638Z</time>
      </trkpt>
      <trkpt lat="56.507112" lon="-3.524697">
        <ele>79.834499</ele>
        <time>2023-07-21T21:31:53.499Z</time>
      </trkpt>
      <trkpt lat="56.507470" lon="-3.525155">
        <ele>82.116393</ele>
        <time>2023-07-21T21:32:04.567Z</time>
      </trkpt>
      <trkpt lat="56.508307" lon="-3.526022">
        <ele>87.136527</ele>
        <time>2023-07-21T21:32:34.800Z</time>
      </trkpt>
      <trkpt lat="56.508494" lon="-3.526112">
        <ele>88.144016</ele>
        <time>2023-07-21T21:32:41.391Z</time>
      </trkpt>
      <trkpt lat="56.508569" lon="-3.526126">
        <ele>88.546962</ele>
        <time>2023-07-21T21:32:43.968Z</time>
      </trkpt>
      <trkpt lat="56.508790" lon="-3.526104">
        <ele>89.736542</ele>
        <time>2023-07-21T21:32:51.502Z</time>
      </trkpt>
      <trkpt lat="56.508951" lon="-3.525996">
        <ele>90.659234</ele>
        <time>2023-07-21T21:32:57.265Z</time>
      </trkpt>
      <trkpt lat="56.509106" lon="-3.525793">
        <ele>91.687075</ele>
        <time>2023-07-21T21:33:03.623Z</time>
      </trkpt>
      <trkpt lat="56.509235" lon="-3.525480">
        <ele>92.845691</ele>
        <time>2023-07-21T21:33:10.592Z</time>
      </trkpt>
      <trkpt lat="56.509534" lon="-3.524593">
        <ele>95.928300</ele>
        <time>2023-07-21T21:33:27.777Z</time>
      </trkpt>
      <trkpt lat="56.509787" lon="-3.523955">
        <ele>97.851273</ele>
        <time>2023-07-21T21:33:38.262Z</time>
      </trkpt>
      <trkpt lat="56.509938" lon="-3.523674">
        <ele>97.756299</ele>
        <time>2023-07-21T21:33:42.169Z</time>
      </trkpt>
      <trkpt lat="56.510095" lon="-3.523463">
        <ele>97.670528</ele>
        <time>2023-07-21T21:33:44.873Z</time>
      </trkpt>
      <trkpt lat="56.510253" lon="-3.523321">
        <ele>97.593138</ele>
        <time>2023-07-21T21:33:46.905Z</time>
      </trkpt>
      <trkpt lat="56.510584" lon="-3.523112">
        <ele>97.439327</ele>
        <time>2023-07-21T21:33:50.280Z</time>
      </trkpt>
      <trkpt lat="56.510818" lon="-3.523048">
        <ele>97.335481</ele>
        <time>2023-07-21T21:33:52.385Z</time>
      </trkpt>
      <trkpt lat="56.511094" lon="-3.523069">
        <ele>97.214262</ele>
        <time>2023-07-21T21:33:54.763Z</time>
      </trkpt>
      <trkpt lat="56.511366" lon="-3.523218">
        <ele>97.080597</ele>
        <time>2023-07-21T21:33:57.144Z</time>
      </trkpt>
      <trkpt lat="56.511524" lon="-3.523391">
        <ele>96.769264</ele>
        <time>2023-07-21T21:33:58.678Z</time>
      </trkpt>
      <trkpt lat="56.511736" lon="-3.523757">
        <ele>96.275456</ele>
        <time>2023-07-21T21:34:01.110Z</time>
      </trkpt>
      <trkpt lat="56.511846" lon="-3.524006">
        <ele>95.978623</ele>
        <time>2023-07-21T21:34:02.574Z</time>
      </trkpt>
      <trkpt lat="56.512409" lon="-3.525431">
        <ele>94.347652</ele>
        <time>2023-07-21T21:34:11.291Z</time>
      </trkpt>
      <trkpt lat="56.512733" lon="-3.526806">
        <ele>94.119020</ele>
        <time>2023-07-21T21:34:22.020Z</time>
      </trkpt>
      <trkpt lat="56.512895" lon="-3.527270">
        <ele>94.146727</ele>
        <time>2023-07-21T21:34:26.027Z</time>
      </trkpt>
      <trkpt lat="56.513119" lon="-3.527905">
        <ele>94.184759</ele>
        <time>2023-07-21T21:34:31.498Z</time>
      </trkpt>
      <trkpt lat="56.513179" lon="-3.528075">
        <ele>94.194942</ele>
        <time>2023-07-21T21:34:32.933Z</time>
      </trkpt>
      <trkpt lat="56.513255" lon="-3.528290">
        <ele>94.207826</ele>
        <time>2023-07-21T21:34:34.707Z</time>
      </trkpt>
      <trkpt lat="56.513704" lon="-3.529561">
        <ele>94.048166</ele>
        <time>2023-07-21T21:34:44.180Z</time>
      </trkpt>
      <trkpt lat="56.514284" lon="-3.530964">
        <ele>93.790512</ele>
        <time>2023-07-21T21:34:54.232Z</time>
      </trkpt>
      <trkpt lat="56.514507" lon="-3.531665">
        <ele>93.966366</ele>
        <time>2023-07-21T21:34:59.485Z</time>
      </trkpt>
      <trkpt lat="56.514689" lon="-3.531988">
        <ele>94.172469</ele>
        <time>2023-07-21T21:35:02.716Z</time>
      </trkpt>
      <trkpt lat="56.515098" lon="-3.532301">
        <ele>94.531696</ele>
        <time>2023-07-21T21:35:08.877Z</time>
      </trkpt>
      <trkpt lat="56.515622" lon="-3.532814">
        <ele>95.013580</ele>
        <time>2023-07-21T21:35:17.787Z</time>
      </trkpt>
      <trkpt lat="56.516129" lon="-3.533192">
        <ele>95.858800</ele>
        <time>2023-07-21T21:35:27.893Z</time>
      </trkpt>
      <trkpt lat="56.516281" lon="-3.533378">
        <ele>96.238909</ele>
        <time>2023-07-21T21:35:31.480Z</time>
      </trkpt>
      <trkpt lat="56.516335" lon="-3.533453">
        <ele>96.379909</ele>
        <time>2023-07-21T21:35:32.950Z</time>
      </trkpt>
      <trkpt lat="56.516499" lon="-3.533794">
        <ele>96.897185</ele>
        <time>2023-07-21T21:35:38.006Z</time>
      </trkpt>
      <trkpt lat="56.516746" lon="-3.534451">
        <ele>97.806278</ele>
        <time>2023-07-21T21:35:46.693Z</time>
      </trkpt>
      <trkpt lat="56.517127" lon="-3.535470">
        <ele>99.049963</ele>
        <time>2023-07-21T21:35:58.726Z</time>
      </trkpt>
      <trkpt lat="56.517254" lon="-3.535749">
        <ele>99.226577</ele>
        <time>2023-07-21T21:36:02.176Z</time>
      </trkpt>
      <trkpt lat="56.517489" lon="-3.536167">
        <ele>99.517978</ele>
        <time>2023-07-21T21:36:07.380Z</time>
      </trkpt>
      <trkpt lat="56.518059" lon="-3.536939">
        <ele>100.147730</ele>
        <time>2023-07-21T21:36:17.867Z</time>
      </trkpt>
      <trkpt lat="56.518725" lon="-3.537609">
        <ele>100.421036</ele>
        <time>2023-07-21T21:36:26.615Z</time>
      </trkpt>
      <trkpt lat="56.519571" lon="-3.538298">
        <ele>100.152858</ele>
        <time>2023-07-21T21:36:36.124Z</time>
      </trkpt>
      <trkpt lat="56.519769" lon="-3.538588">
        <ele>100.079253</ele>
        <time>2023-07-21T21:36:38.971Z</time>
      </trkpt>
      <trkpt lat="56.519850" lon="-3.538771">
        <ele>100.041828</ele>
        <time>2023-07-21T21:36:40.488Z</time>
      </trkpt>
      <trkpt lat="56.520270" lon="-3.540033">
        <ele>100.414231</ele>
        <time>2023-07-21T21:36:50.710Z</time>
      </trkpt>
      <trkpt lat="56.520442" lon="-3.540451">
        <ele>100.592971</ele>
        <time>2023-07-21T21:36:54.307Z</time>
      </trkpt>
      <trkpt lat="56.520541" lon="-3.540617">
        <ele>100.676763</ele>
        <time>2023-07-21T21:36:56.066Z</time>
      </trkpt>
      <trkpt lat="56.521145" lon="-3.541234">
        <ele>101.107533</ele>
        <time>2023-07-21T21:37:06.403Z</time>
      </trkpt>
      <trkpt lat="56.521592" lon="-3.542127">
        <ele>103.098310</ele>
        <time>2023-07-21T21:37:18.817Z</time>
      </trkpt>
      <trkpt lat="56.521863" lon="-3.542520">
        <ele>104.156707</ele>
        <time>2023-07-21T21:37:25.985Z</time>
      </trkpt>
      <trkpt lat="56.523170" lon="-3.543818">
        <ele>109.787617</ele>
        <time>2023-07-21T21:38:03.857Z</time>
      </trkpt>
      <trkpt lat="56.523970" lon="-3.545384">
        <ele>115.187276</ele>
        <time>2023-07-21T21:38:36.295Z</time>
      </trkpt>
      <trkpt lat="56.524256" lon="-3.545826">
        <ele>116.653366</ele>
        <time>2023-07-21T21:38:46.564Z</time>
      </trkpt>
      <trkpt lat="56.524453" lon="-3.545989">
        <ele>117.498141</ele>
        <time>2023-07-21T21:38:52.271Z</time>
      </trkpt>
      <trkpt lat="56.524638" lon="-3.546091">
        <ele>118.252484</ele>
        <time>2023-07-21T21:38:57.378Z</time>
      </trkpt>
      <trkpt lat="56.525130" lon="-3.546305">
        <ele>120.226301</ele>
        <time>2023-07-21T21:39:09.553Z</time>
      </trkpt>
      <trkpt lat="56.525391" lon="-3.546315">
        <ele>121.244722</ele>
        <time>2023-07-21T21:39:15.253Z</time>
      </trkpt>
      <trkpt lat="56.525713" lon="-3.546253">
        <ele>122.075447</ele>
        <time>2023-07-21T21:39:21.645Z</time>
      </trkpt>
      <trkpt lat="56.526120" lon="-3.546073">
        <ele>122.458986</ele>
        <time>2023-07-21T21:39:29.570Z</time>
      </trkpt>
      <trkpt lat="56.526309" lon="-3.545921">
        <ele>122.648278</ele>
        <time>2023-07-21T21:39:33.229Z</time>
      </trkpt>
      <trkpt lat="56.526528" lon="-3.545629">
        <ele>122.897155</ele>
        <time>2023-07-21T21:39:37.548Z</time>
      </trkpt>
      <trkpt lat="56.527266" lon="-3.544269">
        <ele>123.162934</ele>
        <time>2023-07-21T21:39:48.720Z</time>
      </trkpt>
      <trkpt lat="56.527588" lon="-3.543769">
        <ele>122.552051</ele>
        <time>2023-07-21T21:39:52.501Z</time>
      </trkpt>
      <trkpt lat="56.527961" lon="-3.543341">
        <ele>121.915993</ele>
        <time>2023-07-21T21:39:56.414Z</time>
      </trkpt>
      <trkpt lat="56.528158" lon="-3.543171">
        <ele>121.601618</ele>
        <time>2023-07-21T21:39:58.370Z</time>
      </trkpt>
      <trkpt lat="56.528346" lon="-3.543084">
        <ele>121.322038</ele>
        <time>2023-07-21T21:40:00.100Z</time>
      </trkpt>
      <trkpt lat="56.528880" lon="-3.542948">
        <ele>120.821215</ele>
        <time>2023-07-21T21:40:04.982Z</time>
      </trkpt>
      <trkpt lat="56.531250" lon="-3.542796">
        <ele>120.527072</ele>
        <time>2023-07-21T21:40:31.432Z</time>
      </trkpt>
      <trkpt lat="56.531465" lon="-3.542737">
        <ele>120.659446</ele>
        <time>2023-07-21T21:40:34.667Z</time>
      </trkpt>
      <trkpt lat="56.532007" lon="-3.542497">
        <ele>120.999090</ele>
        <time>2023-07-21T21:40:43.720Z</time>
      </trkpt>
      <trkpt lat="56.532604" lon="-3.542251">
        <ele>121.624766</ele>
        <time>2023-07-21T21:40:54.725Z</time>
      </trkpt>
      <trkpt lat="56.533280" lon="-3.542050">
        <ele>122.405859</ele>
        <time>2023-07-21T21:41:07.196Z</time>
      </trkpt>
      <trkpt lat="56.533757" lon="-3.541760">
        <ele>122.979505</ele>
        <time>2023-07-21T21:41:14.390Z</time>
      </trkpt>
      <trkpt lat="56.533999" lon="-3.541658">
        <ele>122.810113</ele>
        <time>2023-07-21T21:41:17.206Z</time>
      </trkpt>
      <trkpt lat="56.534708" lon="-3.541651">
        <ele>120.801253</ele>
        <time>2023-07-21T21:41:23.576Z</time>
      </trkpt>
      <trkpt lat="56.535005" lon="-3.541568">
        <ele>119.949820</ele>
        <time>2023-07-21T21:41:25.995Z</time>
      </trkpt>
      <trkpt lat="56.535586" lon="-3.541073">
        <ele>118.131040</ele>
        <time>2023-07-21T21:41:30.956Z</time>
      </trkpt>
      <trkpt lat="56.535750" lon="-3.540988">
        <ele>117.487117</ele>
        <time>2023-07-21T21:41:32.263Z</time>
      </trkpt>
      <trkpt lat="56.536176" lon="-3.540895">
        <ele>115.769299</ele>
        <time>2023-07-21T21:41:35.365Z</time>
      </trkpt>
      <trkpt lat="56.536384" lon="-3.540880">
        <ele>114.935905</ele>
        <time>2023-07-21T21:41:36.876Z</time>
      </trkpt>
      <trkpt lat="56.536738" lon="-3.540960">
        <ele>113.507693</ele>
        <time>2023-07-21T21:41:39.572Z</time>
      </trkpt>
      <trkpt lat="56.537164" lon="-3.541289">
        <ele>111.653985</ele>
        <time>2023-07-21T21:41:43.447Z</time>
      </trkpt>
      <trkpt lat="56.537302" lon="-3.541336">
        <ele>111.091839</ele>
        <time>2023-07-21T21:41:44.908Z</time>
      </trkpt>
      <trkpt lat="56.537421" lon="-3.541297">
        <ele>110.797815</ele>
        <time>2023-07-21T21:41:45.970Z</time>
      </trkpt>
      <trkpt lat="56.537530" lon="-3.541306">
        <ele>110.725040</ele>
        <time>2023-07-21T21:41:47.190Z</time>
      </trkpt>
      <trkpt lat="56.537763" lon="-3.541555">
        <ele>110.544661</ele>
        <time>2023-07-21T21:41:50.115Z</time>
      </trkpt>
      <trkpt lat="56.537884" lon="-3.541801">
        <ele>110.423427</ele>
        <time>2023-07-21T21:41:52.722Z</time>
      </trkpt>
      <trkpt lat="56.538132" lon="-3.542547">
        <ele>110.103072</ele>
        <time>2023-07-21T21:41:58.576Z</time>
      </trkpt>
      <trkpt lat="56.538305" lon="-3.543375">
        <ele>109.777440</ele>
        <time>2023-07-21T21:42:03.552Z</time>
      </trkpt>
      <trkpt lat="56.538441" lon="-3.544651">
        <ele>108.027012</ele>
        <time>2023-07-21T21:42:10.636Z</time>
      </trkpt>
      <trkpt lat="56.538497" lon="-3.545403">
        <ele>106.693204</ele>
        <time>2023-07-21T21:42:13.986Z</time>
      </trkpt>
      <trkpt lat="56.538529" lon="-3.545631">
        <ele>106.279664</ele>
        <time>2023-07-21T21:42:14.979Z</time>
      </trkpt>
      <trkpt lat="56.538683" lon="-3.546035">
        <ele>105.416367</ele>
        <time>2023-07-21T21:42:17.066Z</time>
      </trkpt>
      <trkpt lat="56.538795" lon="-3.546244">
        <ele>104.904084</ele>
        <time>2023-07-21T21:42:18.278Z</time>
      </trkpt>
      <trkpt lat="56.539351" lon="-3.547034">
        <ele>102.820466</ele>
        <time>2023-07-21T21:42:23.664Z</time>
      </trkpt>
      <trkpt lat="56.539569" lon="-3.547430">
        <ele>101.969088</ele>
        <time>2023-07-21T21:42:26.075Z</time>
      </trkpt>
      <trkpt lat="56.539850" lon="-3.548323">
        <ele>100.404774</ele>
        <time>2023-07-21T21:42:30.784Z</time>
      </trkpt>
      <trkpt lat="56.540729" lon="-3.549964">
        <ele>98.063963</ele>
        <time>2023-07-21T21:42:43.788Z</time>
      </trkpt>
      <trkpt lat="56.541574" lon="-3.551445">
        <ele>96.614039</ele>
        <time>2023-07-21T21:42:54.687Z</time>
      </trkpt>
      <trkpt lat="56.542510" lon="-3.552926">
        <ele>94.639686</ele>
        <time>2023-07-21T21:43:05.723Z</time>
      </trkpt>
      <trkpt lat="56.544350" lon="-3.556950">
        <ele>90.989918</ele>
        <time>2023-07-21T21:43:33.413Z</time>
      </trkpt>
      <trkpt lat="56.545039" lon="-3.558434">
        <ele>89.588010</ele>
        <time>2023-07-21T21:43:43.417Z</time>
      </trkpt>
      <trkpt lat="56.545082" lon="-3.558527">
        <ele>89.500306</ele>
        <time>2023-07-21T21:43:44.018Z</time>
      </trkpt>
      <trkpt lat="56.545122" lon="-3.558612">
        <ele>89.394882</ele>
        <time>2023-07-21T21:43:44.562Z</time>
      </trkpt>
      <trkpt lat="56.545690" lon="-3.559822">
        <ele>87.595508</ele>
        <time>2023-07-21T21:43:52.752Z</time>
      </trkpt>
      <trkpt lat="56.546427" lon="-3.561019">
        <ele>85.365417</ele>
        <time>2023-07-21T21:44:01.082Z</time>
      </trkpt>
      <trkpt lat="56.546954" lon="-3.561628">
        <ele>82.841388</ele>
        <time>2023-07-21T21:44:06.067Z</time>
      </trkpt>
      <trkpt lat="56.547241" lon="-3.561895">
        <ele>81.538508</ele>
        <time>2023-07-21T21:44:08.565Z</time>
      </trkpt>
      <trkpt lat="56.547875" lon="-3.562357">
        <ele>78.778609</ele>
        <time>2023-07-21T21:44:13.699Z</time>
      </trkpt>
      <trkpt lat="56.548948" lon="-3.562891">
        <ele>75.591300</ele>
        <time>2023-07-21T21:44:22.357Z</time>
      </trkpt>
      <trkpt lat="56.549422" lon="-3.563036">
        <ele>74.251121</ele>
        <time>2023-07-21T21:44:26.802Z</time>
      </trkpt>
      <trkpt lat="56.549584" lon="-3.563047">
        <ele>73.799145</ele>
        <time>2023-07-21T21:44:28.328Z</time>
      </trkpt>
      <trkpt lat="56.549659" lon="-3.563159">
        <ele>73.528314</ele>
        <time>2023-07-21T21:44:29.734Z</time>
      </trkpt>
      <trkpt lat="56.550512" lon="-3.563291">
        <ele>73.945886</ele>
        <time>2023-07-21T21:44:40.755Z</time>
      </trkpt>
      <trkpt lat="56.550933" lon="-3.563495">
        <ele>74.182446</ele>
        <time>2023-07-21T21:44:48.132Z</time>
      </trkpt>
      <trkpt lat="56.552146" lon="-3.565196">
        <ele>74.467173</ele>
        <time>2023-07-21T21:45:09.305Z</time>
      </trkpt>
      <trkpt lat="56.552243" lon="-3.565449">
        <ele>74.467494</ele>
        <time>2023-07-21T21:45:10.967Z</time>
      </trkpt>
      <trkpt lat="56.552607" lon="-3.565947">
        <ele>74.468358</ele>
        <time>2023-07-21T21:45:15.281Z</time>
      </trkpt>
      <trkpt lat="56.553106" lon="-3.566786">
        <ele>75.103989</ele>
        <time>2023-07-21T21:45:22.789Z</time>
      </trkpt>
      <trkpt lat="56.553486" lon="-3.567215">
        <ele>75.651237</ele>
        <time>2023-07-21T21:45:28.803Z</time>
      </trkpt>
      <trkpt lat="56.553922" lon="-3.568027">
        <ele>76.415218</ele>
        <time>2023-07-21T21:45:40.170Z</time>
      </trkpt>
      <trkpt lat="56.554391" lon="-3.569131">
        <ele>78.281128</ele>
        <time>2023-07-21T21:45:58.900Z</time>
      </trkpt>
      <trkpt lat="56.554740" lon="-3.570444">
        <ele>80.589097</ele>
        <time>2023-07-21T21:46:17.943Z</time>
      </trkpt>
      <trkpt lat="56.554743" lon="-3.570725">
        <ele>81.034078</ele>
        <time>2023-07-21T21:46:20.907Z</time>
      </trkpt>
      <trkpt lat="56.554788" lon="-3.570929">
        <ele>81.381973</ele>
        <time>2023-07-21T21:46:23.152Z</time>
      </trkpt>
      <trkpt lat="56.554951" lon="-3.571173">
        <ele>81.741736</ele>
        <time>2023-07-21T21:46:26.607Z</time>
      </trkpt>
      <trkpt lat="56.555075" lon="-3.571492">
        <ele>81.367981</ele>
        <time>2023-07-21T21:46:29.567Z</time>
      </trkpt>
      <trkpt lat="56.555125" lon="-3.571831">
        <ele>81.031982</ele>
        <time>2023-07-21T21:46:31.595Z</time>
      </trkpt>
      <trkpt lat="56.555201" lon="-3.572823">
        <ele>80.073053</ele>
        <time>2023-07-21T21:46:36.486Z</time>
      </trkpt>
      <trkpt lat="56.555431" lon="-3.573687">
        <ele>79.154371</ele>
        <time>2023-07-21T21:46:40.698Z</time>
      </trkpt>
      <trkpt lat="56.555545" lon="-3.573872">
        <ele>78.888671</ele>
        <time>2023-07-21T21:46:41.918Z</time>
      </trkpt>
      <trkpt lat="56.555815" lon="-3.574666">
        <ele>77.643996</ele>
        <time>2023-07-21T21:46:46.025Z</time>
      </trkpt>
      <trkpt lat="56.556318" lon="-3.575635">
        <ele>75.742989</ele>
        <time>2023-07-21T21:46:52.186Z</time>
      </trkpt>
      <trkpt lat="56.556653" lon="-3.576622">
        <ele>74.087610</ele>
        <time>2023-07-21T21:46:57.828Z</time>
      </trkpt>
      <trkpt lat="56.556694" lon="-3.576856">
        <ele>73.699572</ele>
        <time>2023-07-21T21:46:59.053Z</time>
      </trkpt>
      <trkpt lat="56.556671" lon="-3.577235">
        <ele>73.089925</ele>
        <time>2023-07-21T21:47:00.940Z</time>
      </trkpt>
      <trkpt lat="56.556696" lon="-3.577327">
        <ele>72.925916</ele>
        <time>2023-07-21T21:47:01.412Z</time>
      </trkpt>
      <trkpt lat="56.556737" lon="-3.577499">
        <ele>72.626282</ele>
        <time>2023-07-21T21:47:02.329Z</time>
      </trkpt>
      <trkpt lat="56.556835" lon="-3.577585">
        <ele>72.310456</ele>
        <time>2023-07-21T21:47:03.302Z</time>
      </trkpt>
      <trkpt lat="56.556942" lon="-3.577868">
        <ele>71.761719</ele>
        <time>2023-07-21T21:47:04.834Z</time>
      </trkpt>
      <trkpt lat="56.557183" lon="-3.578508">
        <ele>70.522366</ele>
        <time>2023-07-21T21:47:08.446Z</time>
      </trkpt>
      <trkpt lat="56.557216" lon="-3.578603">
        <ele>70.342816</ele>
        <time>2023-07-21T21:47:08.995Z</time>
      </trkpt>
      <trkpt lat="56.557426" lon="-3.578861">
        <ele>69.607044</ele>
        <time>2023-07-21T21:47:40.313Z</time>
      </trkpt>
      <trkpt lat="56.557460" lon="-3.578947">
        <ele>69.437818</ele>
        <time>2023-07-21T21:47:40.802Z</time>
      </trkpt>
      <trkpt lat="56.557476" lon="-3.579001">
        <ele>69.339792</ele>
        <time>2023-07-21T21:47:41.085Z</time>
      </trkpt>
      <trkpt lat="56.557482" lon="-3.579040">
        <ele>69.275051</ele>
        <time>2023-07-21T21:47:41.273Z</time>
      </trkpt>
      <trkpt lat="56.557635" lon="-3.578893">
        <ele>68.743853</ele>
        <time>2023-07-21T21:47:42.591Z</time>
      </trkpt>
      <trkpt lat="56.557969" lon="-3.578565">
        <ele>67.096529</ele>
        <time>2023-07-21T21:47:46.703Z</time>
      </trkpt>
      <trkpt lat="56.558174" lon="-3.578433">
        <ele>66.152992</ele>
        <time>2023-07-21T21:47:49.111Z</time>
      </trkpt>
      <trkpt lat="56.558663" lon="-3.578492">
        <ele>64.027213</ele>
        <time>2023-07-21T21:47:54.358Z</time>
      </trkpt>
      <trkpt lat="56.558732" lon="-3.578503">
        <ele>63.726765</ele>
        <time>2023-07-21T21:47:55.111Z</time>
      </trkpt>
      <trkpt lat="56.559103" lon="-3.578343">
        <ele>62.072685</ele>
        <time>2023-07-21T21:47:59.261Z</time>
      </trkpt>
      <trkpt lat="56.559250" lon="-3.578223">
        <ele>61.373506</ele>
        <time>2023-07-21T21:48:01.093Z</time>
      </trkpt>
      <trkpt lat="56.559278" lon="-3.578305">
        <ele>61.142919</ele>
        <time>2023-07-21T21:48:01.511Z</time>
      </trkpt>
      <trkpt lat="56.559401" lon="-3.578674">
        <ele>60.783981</ele>
        <time>2023-07-21T21:48:03.472Z</time>
      </trkpt>
      <trkpt lat="56.559618" lon="-3.579111">
        <ele>60.407825</ele>
        <time>2023-07-21T21:48:06.351Z</time>
      </trkpt>
      <trkpt lat="56.559785" lon="-3.579270">
        <ele>60.188987</ele>
        <time>2023-07-21T21:48:08.140Z</time>
      </trkpt>
      <trkpt lat="56.560105" lon="-3.579651">
        <ele>59.744872</ele>
        <time>2023-07-21T21:48:11.980Z</time>
      </trkpt>
      <trkpt lat="56.560322" lon="-3.580031">
        <ele>59.394945</ele>
        <time>2023-07-21T21:48:15.208Z</time>
      </trkpt>
      <trkpt lat="56.560451" lon="-3.580376">
        <ele>59.128346</ele>
        <time>2023-07-21T21:48:17.743Z</time>
      </trkpt>
      <trkpt lat="56.560670" lon="-3.581312">
        <ele>59.101745</ele>
        <time>2023-07-21T21:48:25.749Z</time>
      </trkpt>
      <trkpt lat="56.560789" lon="-3.582124">
        <ele>59.286375</ele>
        <time>2023-07-21T21:48:33.546Z</time>
      </trkpt>
      <trkpt lat="56.560833" lon="-3.582429">
        <ele>59.355654</ele>
        <time>2023-07-21T21:48:36.390Z</time>
      </trkpt>
      <trkpt lat="56.560927" lon="-3.583056">
        <ele>59.498438</ele>
        <time>2023-07-21T21:48:41.688Z</time>
      </trkpt>
      <trkpt lat="56.561092" lon="-3.584115">
        <ele>59.254160</ele>
        <time>2023-07-21T21:48:47.592Z</time>
      </trkpt>
      <trkpt lat="56.561151" lon="-3.584176">
        <ele>59.118304</ele>
        <time>2023-07-21T21:48:48.177Z</time>
      </trkpt>
      <trkpt lat="56.561533" lon="-3.584819">
        <ele>58.075876</ele>
        <time>2023-07-21T21:48:52.891Z</time>
      </trkpt>
      <trkpt lat="56.561633" lon="-3.584963">
        <ele>57.820469</ele>
        <time>2023-07-21T21:48:54.018Z</time>
      </trkpt>
      <trkpt lat="56.561699" lon="-3.585078">
        <ele>57.637409</ele>
        <time>2023-07-21T21:48:54.795Z</time>
      </trkpt>
      <trkpt lat="56.561716" lon="-3.585120">
        <ele>57.579956</ele>
        <time>2023-07-21T21:48:55.054Z</time>
      </trkpt>
      <trkpt lat="56.562012" lon="-3.585135">
        <ele>56.987511</ele>
        <time>2023-07-21T21:48:57.632Z</time>
      </trkpt>
      <trkpt lat="56.562135" lon="-3.585146">
        <ele>56.741123</ele>
        <time>2023-07-21T21:48:58.680Z</time>
      </trkpt>
      <trkpt lat="56.562362" lon="-3.585167">
        <ele>56.286369</ele>
        <time>2023-07-21T21:49:00.559Z</time>
      </trkpt>
      <trkpt lat="56.562927" lon="-3.585199">
        <ele>55.405930</ele>
        <time>2023-07-21T21:49:05.121Z</time>
      </trkpt>
      <trkpt lat="56.562982" lon="-3.585207">
        <ele>55.326080</ele>
        <time>2023-07-21T21:49:05.551Z</time>
      </trkpt>
      <trkpt lat="56.563111" lon="-3.585218">
        <ele>55.139187</ele>
        <time>2023-07-21T21:49:06.575Z</time>
      </trkpt>
      <trkpt lat="56.563499" lon="-3.585251">
        <ele>54.577064</ele>
        <time>2023-07-21T21:49:09.833Z</time>
      </trkpt>
      <trkpt lat="56.563772" lon="-3.585273">
        <ele>54.181594</ele>
        <time>2023-07-21T21:49:12.694Z</time>
      </trkpt>
      <trkpt lat="56.564063" lon="-3.585298">
        <ele>53.759992</ele>
        <time>2023-07-21T21:49:16.427Z</time>
      </trkpt>
      <trkpt lat="56.564330" lon="-3.585320">
        <ele>53.626831</ele>
        <time>2023-07-21T21:49:20.402Z</time>
      </trkpt>
      <trkpt lat="56.564718" lon="-3.585352">
        <ele>54.747312</ele>
        <time>2023-07-21T21:49:27.099Z</time>
      </trkpt>
      <trkpt lat="56.565014" lon="-3.585387">
        <ele>55.603041</ele>
        <time>2023-07-21T21:49:33.375Z</time>
      </trkpt>
      <trkpt lat="56.565037" lon="-3.585390">
        <ele>55.669563</ele>
        <time>2023-07-21T21:49:33.851Z</time>
      </trkpt>
      <trkpt lat="56.565073" lon="-3.585395">
        <ele>55.773722</ele>
        <time>2023-07-21T21:49:34.614Z</time>
      </trkpt>
      <trkpt lat="56.565592" lon="-3.585497">
        <ele>57.279717</ele>
        <time>2023-07-21T21:49:47.764Z</time>
      </trkpt>
      <trkpt lat="56.565620" lon="-3.585504">
        <ele>57.361256</ele>
        <time>2023-07-21T21:49:48.499Z</time>
      </trkpt>
      <trkpt lat="56.565657" lon="-3.585509">
        <ele>57.468291</ele>
        <time>2023-07-21T21:49:49.452Z</time>
      </trkpt>
      <trkpt lat="56.566193" lon="-3.585590">
        <ele>58.820490</ele>
        <time>2023-07-21T21:50:02.790Z</time>
      </trkpt>
      <trkpt lat="56.566910" lon="-3.585718">
        <ele>59.788112</ele>
        <time>2023-07-21T21:50:16.389Z</time>
      </trkpt>
      <trkpt lat="56.567269" lon="-3.585806">
        <ele>60.274648</ele>
        <time>2023-07-21T21:50:21.645Z</time>
      </trkpt>
      <trkpt lat="56.567419" lon="-3.585861">
        <ele>60.480177</ele>
        <time>2023-07-21T21:50:23.543Z</time>
      </trkpt>
      <trkpt lat="56.567566" lon="-3.585954">
        <ele>60.689257</ele>
        <time>2023-07-21T21:50:25.622Z</time>
      </trkpt>
      <trkpt lat="56.567724" lon="-3.586070">
        <ele>60.918163</ele>
        <time>2023-07-21T21:50:27.524Z</time>
      </trkpt>
      <trkpt lat="56.568051" lon="-3.586511">
        <ele>60.567926</ele>
        <time>2023-07-21T21:50:31.660Z</time>
      </trkpt>
      <trkpt lat="56.568226" lon="-3.586808">
        <ele>60.172937</ele>
        <time>2023-07-21T21:50:33.882Z</time>
      </trkpt>
      <trkpt lat="56.568187" lon="-3.586888">
        <ele>60.075909</ele>
        <time>2023-07-21T21:50:34.375Z</time>
      </trkpt>
      <trkpt lat="56.568092" lon="-3.587079">
        <ele>59.842181</ele>
        <time>2023-07-21T21:50:35.533Z</time>
      </trkpt>
      <trkpt lat="56.568071" lon="-3.587120">
        <ele>59.791332</ele>
        <time>2023-07-21T21:50:35.788Z</time>
      </trkpt>
      <trkpt lat="56.567860" lon="-3.587477">
        <ele>59.315767</ele>
        <time>2023-07-21T21:50:38.139Z</time>
      </trkpt>
      <trkpt lat="56.567042" lon="-3.588495">
        <ele>58.270312</ele>
        <time>2023-07-21T21:50:47.008Z</time>
      </trkpt>
      <trkpt lat="56.566899" lon="-3.588698">
        <ele>58.394779</ele>
        <time>2023-07-21T21:50:48.961Z</time>
      </trkpt>
      <trkpt lat="56.566647" lon="-3.589191">
        <ele>58.648807</ele>
        <time>2023-07-21T21:50:54.097Z</time>
      </trkpt>
      <trkpt lat="56.566401" lon="-3.589742">
        <ele>58.916699</ele>
        <time>2023-07-21T21:51:00.147Z</time>
      </trkpt>
      <trkpt lat="56.566124" lon="-3.590549">
        <ele>59.275857</ele>
        <time>2023-07-21T21:51:09.405Z</time>
      </trkpt>
      <trkpt lat="56.565978" lon="-3.591143">
        <ele>60.078268</ele>
        <time>2023-07-21T21:51:16.211Z</time>
      </trkpt>
      <trkpt lat="56.565843" lon="-3.592053">
        <ele>61.470276</ele>
        <time>2023-07-21T21:51:27.320Z</time>
      </trkpt>
      <trkpt lat="56.565733" lon="-3.593112">
        <ele>63.062058</ele>
        <time>2023-07-21T21:51:40.349Z</time>
      </trkpt>
      <trkpt lat="56.565717" lon="-3.593785">
        <ele>64.057059</ele>
        <time>2023-07-21T21:51:48.110Z</time>
      </trkpt>
      <trkpt lat="56.565850" lon="-3.596199">
        <ele>66.998039</ele>
        <time>2023-07-21T21:52:13.558Z</time>
      </trkpt>
      <trkpt lat="56.565786" lon="-3.597120">
        <ele>68.091806</ele>
        <time>2023-07-21T21:52:23.200Z</time>
      </trkpt>
      <trkpt lat="56.565716" lon="-3.597606">
        <ele>68.207986</ele>
        <time>2023-07-21T21:52:27.959Z</time>
      </trkpt>
      <trkpt lat="56.565594" lon="-3.598460">
        <ele>68.412032</ele>
        <time>2023-07-21T21:52:35.012Z</time>
      </trkpt>
      <trkpt lat="56.565517" lon="-3.598739">
        <ele>68.484202</ele>
        <time>2023-07-21T21:52:36.976Z</time>
      </trkpt>
      <trkpt lat="56.565072" lon="-3.599527">
        <ele>68.745178</ele>
        <time>2023-07-21T21:52:43.949Z</time>
      </trkpt>
      <trkpt lat="56.564755" lon="-3.599763">
        <ele>68.795012</ele>
        <time>2023-07-21T21:52:47.758Z</time>
      </trkpt>
      <trkpt lat="56.564185" lon="-3.600075">
        <ele>68.556546</ele>
        <time>2023-07-21T21:52:53.637Z</time>
      </trkpt>
      <trkpt lat="56.564047" lon="-3.600306">
        <ele>68.481351</ele>
        <time>2023-07-21T21:52:55.546Z</time>
      </trkpt>
      <trkpt lat="56.563945" lon="-3.600772">
        <ele>68.370688</ele>
        <time>2023-07-21T21:52:58.573Z</time>
      </trkpt>
      <trkpt lat="56.563926" lon="-3.600858">
        <ele>68.350239</ele>
        <time>2023-07-21T21:52:59.208Z</time>
      </trkpt>
      <trkpt lat="56.563916" lon="-3.600884">
        <ele>68.343241</ele>
        <time>2023-07-21T21:52:59.378Z</time>
      </trkpt>
      <trkpt lat="56.563760" lon="-3.601625">
        <ele>68.168172</ele>
        <time>2023-07-21T21:53:04.373Z</time>
      </trkpt>
      <trkpt lat="56.563732" lon="-3.601926">
        <ele>68.080943</ele>
        <time>2023-07-21T21:53:06.301Z</time>
      </trkpt>
      <trkpt lat="56.563741" lon="-3.602213">
        <ele>67.953476</ele>
        <time>2023-07-21T21:53:08.137Z</time>
      </trkpt>
      <trkpt lat="56.563895" lon="-3.603169">
        <ele>67.511827</ele>
        <time>2023-07-21T21:53:15.002Z</time>
      </trkpt>
      <trkpt lat="56.564132" lon="-3.603616">
        <ele>67.236762</ele>
        <time>2023-07-21T21:53:18.941Z</time>
      </trkpt>
      <trkpt lat="56.564251" lon="-3.603814">
        <ele>67.106844</ele>
        <time>2023-07-21T21:53:20.630Z</time>
      </trkpt>
      <trkpt lat="56.564357" lon="-3.604104">
        <ele>66.952534</ele>
        <time>2023-07-21T21:53:22.439Z</time>
      </trkpt>
      <trkpt lat="56.564429" lon="-3.604560">
        <ele>66.742202</ele>
        <time>2023-07-21T21:53:24.770Z</time>
      </trkpt>
      <trkpt lat="56.564451" lon="-3.605078">
        <ele>66.092158</ele>
        <time>2023-07-21T21:53:27.171Z</time>
      </trkpt>
      <trkpt lat="56.564380" lon="-3.606324">
        <ele>64.090778</ele>
        <time>2023-07-21T21:53:32.600Z</time>
      </trkpt>
      <trkpt lat="56.564222" lon="-3.606620">
        <ele>63.432324</ele>
        <time>2023-07-21T21:53:34.354Z</time>
      </trkpt>
      <trkpt lat="56.564302" lon="-3.607525">
        <ele>61.967889</ele>
        <time>2023-07-21T21:53:38.488Z</time>
      </trkpt>
      <trkpt lat="56.564305" lon="-3.608429">
        <ele>61.373053</ele>
        <time>2023-07-21T21:53:42.974Z</time>
      </trkpt>
      <trkpt lat="56.564245" lon="-3.610945">
        <ele>61.009050</ele>
        <time>2023-07-21T21:54:00.224Z</time>
      </trkpt>
      <trkpt lat="56.564235" lon="-3.611236">
        <ele>61.029406</ele>
        <time>2023-07-21T21:54:02.780Z</time>
      </trkpt>
      <trkpt lat="56.564060" lon="-3.612586">
        <ele>61.494664</ele>
        <time>2023-07-21T21:54:13.569Z</time>
      </trkpt>
      <trkpt lat="56.564064" lon="-3.613094">
        <ele>61.665103</ele>
        <time>2023-07-21T21:54:17.011Z</time>
      </trkpt>
      <trkpt lat="56.564322" lon="-3.613840">
        <ele>61.960581</ele>
        <time>2023-07-21T21:54:22.353Z</time>
      </trkpt>
      <trkpt lat="56.565407" lon="-3.615656">
        <ele>65.341066</ele>
        <time>2023-07-21T21:54:48.828Z</time>
      </trkpt>
      <trkpt lat="56.565586" lon="-3.615917">
        <ele>65.926606</ele>
        <time>2023-07-21T21:54:54.658Z</time>
      </trkpt>
      <trkpt lat="56.565762" lon="-3.615926">
        <ele>66.375608</ele>
        <time>2023-07-21T21:54:59.209Z</time>
      </trkpt>
      <trkpt lat="56.565866" lon="-3.616057">
        <ele>66.714011</ele>
        <time>2023-07-21T21:55:02.686Z</time>
      </trkpt>
      <trkpt lat="56.565896" lon="-3.616174">
        <ele>66.986936</ele>
        <time>2023-07-21T21:55:04.521Z</time>
      </trkpt>
      <trkpt lat="56.566015" lon="-3.616355">
        <ele>67.582902</ele>
        <time>2023-07-21T21:55:08.728Z</time>
      </trkpt>
      <trkpt lat="56.566752" lon="-3.617286">
        <ele>71.029577</ele>
        <time>2023-07-21T21:55:33.082Z</time>
      </trkpt>
      <trkpt lat="56.567042" lon="-3.617548">
        <ele>72.273004</ele>
        <time>2023-07-21T21:55:40.779Z</time>
      </trkpt>
      <trkpt lat="56.567199" lon="-3.617755">
        <ele>73.017859</ele>
        <time>2023-07-21T21:55:44.887Z</time>
      </trkpt>
      <trkpt lat="56.567777" lon="-3.618219">
        <ele>74.249308</ele>
        <time>2023-07-21T21:55:55.838Z</time>
      </trkpt>
      <trkpt lat="56.568222" lon="-3.618676">
        <ele>74.959738</ele>
        <time>2023-07-21T21:56:02.700Z</time>
      </trkpt>
      <trkpt lat="56.568450" lon="-3.618729">
        <ele>75.279126</ele>
        <time>2023-07-21T21:56:06.023Z</time>
      </trkpt>
      <trkpt lat="56.568560" lon="-3.618767">
        <ele>75.434713</ele>
        <time>2023-07-21T21:56:07.518Z</time>
      </trkpt>
      <trkpt lat="56.568759" lon="-3.619143">
        <ele>75.833842</ele>
        <time>2023-07-21T21:56:11.838Z</time>
      </trkpt>
      <trkpt lat="56.569097" lon="-3.619667">
        <ele>76.845342</ele>
        <time>2023-07-21T21:56:19.540Z</time>
      </trkpt>
      <trkpt lat="56.569287" lon="-3.619818">
        <ele>77.431698</ele>
        <time>2023-07-21T21:56:23.737Z</time>
      </trkpt>
      <trkpt lat="56.569624" lon="-3.619928">
        <ele>78.399674</ele>
        <time>2023-07-21T21:56:31.715Z</time>
      </trkpt>
      <trkpt lat="56.569733" lon="-3.619931">
        <ele>78.707850</ele>
        <time>2023-07-21T21:56:34.462Z</time>
      </trkpt>
      <trkpt lat="56.569778" lon="-3.619988">
        <ele>78.862977</ele>
        <time>2023-07-21T21:56:35.812Z</time>
      </trkpt>
      <trkpt lat="56.569911" lon="-3.619998">
        <ele>79.239289</ele>
        <time>2023-07-21T21:56:38.607Z</time>
      </trkpt>
      <trkpt lat="56.570322" lon="-3.619692">
        <ele>80.495120</ele>
        <time>2023-07-21T21:56:48.835Z</time>
      </trkpt>
      <trkpt lat="56.570980" lon="-3.618996">
        <ele>80.921982</ele>
        <time>2023-07-21T21:57:05.043Z</time>
      </trkpt>
      <trkpt lat="56.571530" lon="-3.618534">
        <ele>80.653936</ele>
        <time>2023-07-21T21:57:12.475Z</time>
      </trkpt>
      <trkpt lat="56.571990" lon="-3.618267">
        <ele>80.440332</ele>
        <time>2023-07-21T21:57:16.521Z</time>
      </trkpt>
      <trkpt lat="56.572368" lon="-3.618200">
        <ele>79.177643</ele>
        <time>2023-07-21T21:57:19.431Z</time>
      </trkpt>
      <trkpt lat="56.572693" lon="-3.618192">
        <ele>77.237773</ele>
        <time>2023-07-21T21:57:21.825Z</time>
      </trkpt>
      <trkpt lat="56.573336" lon="-3.618417">
        <ele>73.329519</ele>
        <time>2023-07-21T21:57:26.542Z</time>
      </trkpt>
      <trkpt lat="56.573648" lon="-3.618551">
        <ele>71.416009</ele>
        <time>2023-07-21T21:57:28.840Z</time>
      </trkpt>
      <trkpt lat="56.575607" lon="-3.620435">
        <ele>59.425566</ele>
        <time>2023-07-21T21:57:45.207Z</time>
      </trkpt>
      <trkpt lat="56.576133" lon="-3.620855">
        <ele>58.560816</ele>
        <time>2023-07-21T21:57:49.958Z</time>
      </trkpt>
      <trkpt lat="56.576395" lon="-3.621157">
        <ele>58.093777</ele>
        <time>2023-07-21T21:57:52.831Z</time>
      </trkpt>
      <trkpt lat="56.576546" lon="-3.621249">
        <ele>57.854084</ele>
        <time>2023-07-21T21:57:54.422Z</time>
      </trkpt>
      <trkpt lat="56.576609" lon="-3.621369">
        <ele>57.716669</ele>
        <time>2023-07-21T21:57:55.442Z</time>
      </trkpt>
      <trkpt lat="56.576721" lon="-3.621660">
        <ele>57.422401</ele>
        <time>2023-07-21T21:57:57.631Z</time>
      </trkpt>
      <trkpt lat="56.576799" lon="-3.621767">
        <ele>57.275279</ele>
        <time>2023-07-21T21:57:58.942Z</time>
      </trkpt>
      <trkpt lat="56.576950" lon="-3.621811">
        <ele>57.045133</ele>
        <time>2023-07-21T21:58:01.128Z</time>
      </trkpt>
      <trkpt lat="56.577117" lon="-3.621739">
        <ele>57.013973</ele>
        <time>2023-07-21T21:58:04.007Z</time>
      </trkpt>
      <trkpt lat="56.577283" lon="-3.621721">
        <ele>57.281042</ele>
        <time>2023-07-21T21:58:07.267Z</time>
      </trkpt>
      <trkpt lat="56.577480" lon="-3.621774">
        <ele>57.600876</ele>
        <time>2023-07-21T21:58:11.782Z</time>
      </trkpt>
      <trkpt lat="56.578372" lon="-3.621740">
        <ele>59.033731</ele>
        <time>2023-07-21T21:58:28.335Z</time>
      </trkpt>
      <trkpt lat="56.578443" lon="-3.621634">
        <ele>59.181357</ele>
        <time>2023-07-21T21:58:29.828Z</time>
      </trkpt>
      <trkpt lat="56.578461" lon="-3.621501">
        <ele>59.302505</ele>
        <time>2023-07-21T21:58:31.186Z</time>
      </trkpt>
      <trkpt lat="56.578393" lon="-3.621145">
        <ele>59.635810</ele>
        <time>2023-07-21T21:58:33.653Z</time>
      </trkpt>
      <trkpt lat="56.578238" lon="-3.620949">
        <ele>59.893011</ele>
        <time>2023-07-21T21:58:36.762Z</time>
      </trkpt>
      <trkpt lat="56.576988" lon="-3.621398">
        <ele>61.325537</ele>
        <time>2023-07-21T21:58:59.088Z</time>
      </trkpt>
      <trkpt lat="56.574523" lon="-3.622491">
        <ele>66.617649</ele>
        <time>2023-07-21T22:00:00.778Z</time>
      </trkpt>
      <trkpt lat="56.574500" lon="-3.622503">
        <ele>66.647940</ele>
        <time>2023-07-21T22:00:01.383Z</time>
      </trkpt>
      <trkpt lat="56.574338" lon="-3.622663">
        <ele>66.881378</ele>
        <time>2023-07-21T22:00:05.902Z</time>
      </trkpt>
      <trkpt lat="56.574309" lon="-3.622787">
        <ele>66.975308</ele>
        <time>2023-07-21T22:00:07.718Z</time>
      </trkpt>
      <trkpt lat="56.574310" lon="-3.622920">
        <ele>67.068051</ele>
        <time>2023-07-21T22:00:09.635Z</time>
      </trkpt>
      <trkpt lat="56.574276" lon="-3.623009">
        <ele>67.143570</ele>
        <time>2023-07-21T22:00:10.906Z</time>
      </trkpt>
      <trkpt lat="56.574748" lon="-3.623843">
        <ele>67.977291</ele>
        <time>2023-07-21T22:00:20.752Z</time>
      </trkpt>
      <trkpt lat="56.574871" lon="-3.624028">
        <ele>68.179474</ele>
        <time>2023-07-21T22:00:22.505Z</time>
      </trkpt>
      <trkpt lat="56.575253" lon="-3.624480">
        <ele>68.316027</ele>
        <time>2023-07-21T22:00:27.444Z</time>
      </trkpt>
      <trkpt lat="56.575508" lon="-3.624690">
        <ele>68.057971</ele>
        <time>2023-07-21T22:00:30.737Z</time>
      </trkpt>
      <trkpt lat="56.575818" lon="-3.624787">
        <ele>67.768065</ele>
        <time>2023-07-21T22:00:33.955Z</time>
      </trkpt>
      <trkpt lat="56.576381" lon="-3.624870">
        <ele>67.247501</ele>
        <time>2023-07-21T22:00:38.842Z</time>
      </trkpt>
      <trkpt lat="56.577462" lon="-3.625668">
        <ele>66.283513</ele>
        <time>2023-07-21T22:00:50.853Z</time>
      </trkpt>
      <trkpt lat="56.578216" lon="-3.625869">
        <ele>65.697674</ele>
        <time>2023-07-21T22:01:00.441Z</time>
      </trkpt>
      <trkpt lat="56.578489" lon="-3.626132">
        <ele>65.456590</ele>
        <time>2023-07-21T22:01:03.330Z</time>
      </trkpt>
      <trkpt lat="56.578860" lon="-3.626738">
        <ele>64.023645</ele>
        <time>2023-07-21T22:01:07.436Z</time>
      </trkpt>
      <trkpt lat="56.579049" lon="-3.626864">
        <ele>63.445531</ele>
        <time>2023-07-21T22:01:09.015Z</time>
      </trkpt>
      <trkpt lat="56.580473" lon="-3.627214">
        <ele>59.848325</ele>
        <time>2023-07-21T22:01:20.645Z</time>
      </trkpt>
      <trkpt lat="56.580749" lon="-3.627280">
        <ele>59.481522</ele>
        <time>2023-07-21T22:01:22.947Z</time>
      </trkpt>
      <trkpt lat="56.582001" lon="-3.627573">
        <ele>57.986566</ele>
        <time>2023-07-21T22:01:35.963Z</time>
      </trkpt>
      <trkpt lat="56.582283" lon="-3.627627">
        <ele>58.191575</ele>
        <time>2023-07-21T22:01:40.689Z</time>
      </trkpt>
      <trkpt lat="56.582481" lon="-3.627680">
        <ele>58.336272</ele>
        <time>2023-07-21T22:01:43.917Z</time>
      </trkpt>
      <trkpt lat="56.582570" lon="-3.627700">
        <ele>58.401107</ele>
        <time>2023-07-21T22:01:45.348Z</time>
      </trkpt>
      <trkpt lat="56.583008" lon="-3.627787">
        <ele>58.719659</ele>
        <time>2023-07-21T22:01:52.122Z</time>
      </trkpt>
      <trkpt lat="56.583540" lon="-3.628109">
        <ele>59.125087</ele>
        <time>2023-07-21T22:02:00.062Z</time>
      </trkpt>
      <trkpt lat="56.584203" lon="-3.628496">
        <ele>59.979765</ele>
        <time>2023-07-21T22:02:09.433Z</time>
      </trkpt>
      <trkpt lat="56.584530" lon="-3.628512">
        <ele>60.423240</ele>
        <time>2023-07-21T22:02:14.324Z</time>
      </trkpt>
      <trkpt lat="56.584736" lon="-3.628458">
        <ele>60.705409</ele>
        <time>2023-07-21T22:02:17.706Z</time>
      </trkpt>
      <trkpt lat="56.585187" lon="-3.628271">
        <ele>61.332567</ele>
        <time>2023-07-21T22:02:25.703Z</time>
      </trkpt>
      <trkpt lat="56.585330" lon="-3.628246">
        <ele>61.527329</ele>
        <time>2023-07-21T22:02:28.524Z</time>
      </trkpt>
      <trkpt lat="56.585689" lon="-3.628294">
        <ele>62.226276</ele>
        <time>2023-07-21T22:02:35.900Z</time>
      </trkpt>
      <trkpt lat="56.585931" lon="-3.628432">
        <ele>62.777616</ele>
        <time>2023-07-21T22:02:41.368Z</time>
      </trkpt>
      <trkpt lat="56.586589" lon="-3.628785">
        <ele>64.268960</ele>
        <time>2023-07-21T22:02:55.033Z</time>
      </trkpt>
      <trkpt lat="56.586808" lon="-3.628999">
        <ele>64.809522</ele>
        <time>2023-07-21T22:02:59.302Z</time>
      </trkpt>
      <trkpt lat="56.587060" lon="-3.629672">
        <ele>65.731323</ele>
        <time>2023-07-21T22:03:06.563Z</time>
      </trkpt>
      <trkpt lat="56.587140" lon="-3.629789">
        <ele>65.898523</ele>
        <time>2023-07-21T22:03:08.171Z</time>
      </trkpt>
      <trkpt lat="56.587268" lon="-3.629875">
        <ele>66.120680</ele>
        <time>2023-07-21T22:03:10.610Z</time>
      </trkpt>
      <trkpt lat="56.587395" lon="-3.629898">
        <ele>66.328431</ele>
        <time>2023-07-21T22:03:12.685Z</time>
      </trkpt>
      <trkpt lat="56.587866" lon="-3.629795">
        <ele>67.100647</ele>
        <time>2023-07-21T22:03:20.606Z</time>
      </trkpt>
      <trkpt lat="56.588024" lon="-3.629799">
        <ele>67.357859</ele>
        <time>2023-07-21T22:03:23.463Z</time>
      </trkpt>
      <trkpt lat="56.588177" lon="-3.629868">
        <ele>67.614471</ele>
        <time>2023-07-21T22:03:25.892Z</time>
      </trkpt>
      <trkpt lat="56.588584" lon="-3.630263">
        <ele>68.365642</ele>
        <time>2023-07-21T22:03:33.565Z</time>
      </trkpt>
      <trkpt lat="56.589171" lon="-3.630852">
        <ele>69.460339</ele>
        <time>2023-07-21T22:03:46.025Z</time>
      </trkpt>
      <trkpt lat="56.589851" lon="-3.631427">
        <ele>70.685225</ele>
        <time>2023-07-21T22:04:01.709Z</time>
      </trkpt>
      <trkpt lat="56.589981" lon="-3.631604">
        <ele>70.950545</ele>
        <time>2023-07-21T22:04:04.024Z</time>
      </trkpt>
      <trkpt lat="56.590412" lon="-3.632473">
        <ele>71.441201</ele>
        <time>2023-07-21T22:04:10.798Z</time>
      </trkpt>
      <trkpt lat="56.590542" lon="-3.632665">
        <ele>71.441704</ele>
        <time>2023-07-21T22:04:12.573Z</time>
      </trkpt>
      <trkpt lat="56.590917" lon="-3.633020">
        <ele>71.442973</ele>
        <time>2023-07-21T22:04:17.260Z</time>
      </trkpt>
      <trkpt lat="56.591279" lon="-3.633179">
        <ele>71.444090</ele>
        <time>2023-07-21T22:04:22.345Z</time>
      </trkpt>
      <trkpt lat="56.591639" lon="-3.633302">
        <ele>71.445189</ele>
        <time>2023-07-21T22:04:27.431Z</time>
      </trkpt>
      <trkpt lat="56.591729" lon="-3.633389">
        <ele>71.445495</ele>
        <time>2023-07-21T22:04:28.796Z</time>
      </trkpt>
      <trkpt lat="56.591786" lon="-3.633513">
        <ele>71.373126</ele>
        <time>2023-07-21T22:04:29.904Z</time>
      </trkpt>
      <trkpt lat="56.591842" lon="-3.633695">
        <ele>71.246358</ele>
        <time>2023-07-21T22:04:31.135Z</time>
      </trkpt>
      <trkpt lat="56.591876" lon="-3.633916">
        <ele>71.106837</ele>
        <time>2023-07-21T22:04:32.307Z</time>
      </trkpt>
      <trkpt lat="56.591894" lon="-3.634349">
        <ele>70.842813</ele>
        <time>2023-07-21T22:04:34.638Z</time>
      </trkpt>
      <trkpt lat="56.591981" lon="-3.635095">
        <ele>70.379164</ele>
        <time>2023-07-21T22:04:38.503Z</time>
      </trkpt>
      <trkpt lat="56.592057" lon="-3.635456">
        <ele>70.144170</ele>
        <time>2023-07-21T22:04:40.858Z</time>
      </trkpt>
      <trkpt lat="56.592138" lon="-3.635712">
        <ele>69.964645</ele>
        <time>2023-07-21T22:04:42.499Z</time>
      </trkpt>
      <trkpt lat="56.592253" lon="-3.635953">
        <ele>69.770740</ele>
        <time>2023-07-21T22:04:44.258Z</time>
      </trkpt>
      <trkpt lat="56.592370" lon="-3.636084">
        <ele>69.618958</ele>
        <time>2023-07-21T22:04:45.579Z</time>
      </trkpt>
      <trkpt lat="56.592951" lon="-3.636570">
        <ele>68.226246</ele>
        <time>2023-07-21T22:04:50.911Z</time>
      </trkpt>
      <trkpt lat="56.593411" lon="-3.636758">
        <ele>67.051946</ele>
        <time>2023-07-21T22:04:54.708Z</time>
      </trkpt>
      <trkpt lat="56.593657" lon="-3.636808">
        <ele>66.435447</ele>
        <time>2023-07-21T22:04:56.687Z</time>
      </trkpt>
      <trkpt lat="56.593913" lon="-3.636809">
        <ele>65.797864</ele>
        <time>2023-07-21T22:04:58.818Z</time>
      </trkpt>
      <trkpt lat="56.594108" lon="-3.636801">
        <ele>65.312083</ele>
        <time>2023-07-21T22:05:00.509Z</time>
      </trkpt>
      <trkpt lat="56.594355" lon="-3.636882">
        <ele>64.920270</ele>
        <time>2023-07-21T22:05:02.759Z</time>
      </trkpt>
      <trkpt lat="56.594491" lon="-3.636961">
        <ele>64.848058</ele>
        <time>2023-07-21T22:05:04.227Z</time>
      </trkpt>
      <trkpt lat="56.594884" lon="-3.637333">
        <ele>64.623931</ele>
        <time>2023-07-21T22:05:08.837Z</time>
      </trkpt>
      <trkpt lat="56.595253" lon="-3.637559">
        <ele>64.426989</ele>
        <time>2023-07-21T22:05:13.253Z</time>
      </trkpt>
      <trkpt lat="56.595515" lon="-3.637627">
        <ele>64.293140</ele>
        <time>2023-07-21T22:05:16.670Z</time>
      </trkpt>
      <trkpt lat="56.595979" lon="-3.637651">
        <ele>64.044768</ele>
        <time>2023-07-21T22:05:22.868Z</time>
      </trkpt>
      <trkpt lat="56.596425" lon="-3.637758">
        <ele>63.552275</ele>
        <time>2023-07-21T22:05:27.696Z</time>
      </trkpt>
      <trkpt lat="56.596734" lon="-3.637907">
        <ele>63.202284</ele>
        <time>2023-07-21T22:05:30.733Z</time>
      </trkpt>
      <trkpt lat="56.597129" lon="-3.638158">
        <ele>62.744166</ele>
        <time>2023-07-21T22:05:34.427Z</time>
      </trkpt>
      <trkpt lat="56.598347" lon="-3.638834">
        <ele>61.889120</ele>
        <time>2023-07-21T22:05:46.316Z</time>
      </trkpt>
      <trkpt lat="56.598591" lon="-3.638907">
        <ele>61.812744</ele>
        <time>2023-07-21T22:05:49.000Z</time>
      </trkpt>
      <trkpt lat="56.598764" lon="-3.638937">
        <ele>61.759069</ele>
        <time>2023-07-21T22:05:51.087Z</time>
      </trkpt>
      <trkpt lat="56.598991" lon="-3.638898">
        <ele>61.688645</ele>
        <time>2023-07-21T22:05:53.886Z</time>
      </trkpt>
      <trkpt lat="56.599609" lon="-3.638660">
        <ele>61.725892</ele>
        <time>2023-07-21T22:06:02.961Z</time>
      </trkpt>
      <trkpt lat="56.599752" lon="-3.638641">
        <ele>61.879589</ele>
        <time>2023-07-21T22:06:05.107Z</time>
      </trkpt>
      <trkpt lat="56.600076" lon="-3.638700">
        <ele>62.228639</ele>
        <time>2023-07-21T22:06:10.135Z</time>
      </trkpt>
      <trkpt lat="56.600392" lon="-3.638854">
        <ele>62.579351</ele>
        <time>2023-07-21T22:06:15.274Z</time>
      </trkpt>
      <trkpt lat="56.600780" lon="-3.639083">
        <ele>63.016665</ele>
        <time>2023-07-21T22:06:21.834Z</time>
      </trkpt>
      <trkpt lat="56.601940" lon="-3.639865">
        <ele>63.576198</ele>
        <time>2023-07-21T22:06:41.018Z</time>
      </trkpt>
      <trkpt lat="56.602401" lon="-3.640281">
        <ele>63.641344</ele>
        <time>2023-07-21T22:06:46.845Z</time>
      </trkpt>
      <trkpt lat="56.602526" lon="-3.640351">
        <ele>63.657898</ele>
        <time>2023-07-21T22:06:48.138Z</time>
      </trkpt>
      <trkpt lat="56.602760" lon="-3.640368">
        <ele>63.687537</ele>
        <time>2023-07-21T22:06:50.532Z</time>
      </trkpt>
      <trkpt lat="56.603045" lon="-3.640333">
        <ele>63.414395</ele>
        <time>2023-07-21T22:06:53.258Z</time>
      </trkpt>
      <trkpt lat="56.603232" lon="-3.640369">
        <ele>63.111095</ele>
        <time>2023-07-21T22:06:54.949Z</time>
      </trkpt>
      <trkpt lat="56.603655" lon="-3.640545">
        <ele>62.411179</ele>
        <time>2023-07-21T22:06:58.789Z</time>
      </trkpt>
      <trkpt lat="56.603797" lon="-3.640601">
        <ele>62.176815</ele>
        <time>2023-07-21T22:07:00.065Z</time>
      </trkpt>
      <trkpt lat="56.604237" lon="-3.640773">
        <ele>61.450902</ele>
        <time>2023-07-21T22:07:03.888Z</time>
      </trkpt>
      <trkpt lat="56.604889" lon="-3.641176">
        <ele>60.724414</ele>
        <time>2023-07-21T22:07:10.267Z</time>
      </trkpt>
      <trkpt lat="56.605497" lon="-3.641459">
        <ele>60.557722</ele>
        <time>2023-07-21T22:07:17.247Z</time>
      </trkpt>
      <trkpt lat="56.606015" lon="-3.641631">
        <ele>60.417870</ele>
        <time>2023-07-21T22:07:23.957Z</time>
      </trkpt>
      <trkpt lat="56.606544" lon="-3.641806">
        <ele>60.319748</ele>
        <time>2023-07-21T22:07:31.280Z</time>
      </trkpt>
      <trkpt lat="56.607518" lon="-3.642150">
        <ele>60.304592</ele>
        <time>2023-07-21T22:07:44.445Z</time>
      </trkpt>
      <trkpt lat="56.607974" lon="-3.642405">
        <ele>60.297304</ele>
        <time>2023-07-21T22:07:49.457Z</time>
      </trkpt>
      <trkpt lat="56.609348" lon="-3.643264">
        <ele>59.044940</ele>
        <time>2023-07-21T22:08:03.182Z</time>
      </trkpt>
      <trkpt lat="56.609961" lon="-3.643528">
        <ele>58.679592</ele>
        <time>2023-07-21T22:08:09.437Z</time>
      </trkpt>
      <trkpt lat="56.610221" lon="-3.643564">
        <ele>58.896488</ele>
        <time>2023-07-21T22:08:12.385Z</time>
      </trkpt>
      <trkpt lat="56.611482" lon="-3.643509">
        <ele>59.945696</ele>
        <time>2023-07-21T22:08:31.625Z</time>
      </trkpt>
      <trkpt lat="56.611949" lon="-3.643624">
        <ele>60.684871</ele>
        <time>2023-07-21T22:08:40.703Z</time>
      </trkpt>
      <trkpt lat="56.612248" lon="-3.643793">
        <ele>61.276417</ele>
        <time>2023-07-21T22:08:47.036Z</time>
      </trkpt>
      <trkpt lat="56.612478" lon="-3.643990">
        <ele>61.756765</ele>
        <time>2023-07-21T22:08:52.364Z</time>
      </trkpt>
      <trkpt lat="56.613987" lon="-3.645479">
        <ele>63.316961</ele>
        <time>2023-07-21T22:09:20.959Z</time>
      </trkpt>
      <trkpt lat="56.614474" lon="-3.645627">
        <ele>63.228723</ele>
        <time>2023-07-21T22:09:25.881Z</time>
      </trkpt>
      <trkpt lat="56.614848" lon="-3.645675">
        <ele>63.161720</ele>
        <time>2023-07-21T22:09:29.255Z</time>
      </trkpt>
      <trkpt lat="56.615013" lon="-3.645680">
        <ele>63.060007</ele>
        <time>2023-07-21T22:09:30.689Z</time>
      </trkpt>
      <trkpt lat="56.615485" lon="-3.645800">
        <ele>62.276412</ele>
        <time>2023-07-21T22:09:34.653Z</time>
      </trkpt>
      <trkpt lat="56.615608" lon="-3.645774">
        <ele>62.072818</ele>
        <time>2023-07-21T22:09:35.655Z</time>
      </trkpt>
      <trkpt lat="56.616530" lon="-3.645050">
        <ele>60.421461</ele>
        <time>2023-07-21T22:09:44.738Z</time>
      </trkpt>
      <trkpt lat="56.617000" lon="-3.644760">
        <ele>60.597423</ele>
        <time>2023-07-21T22:09:50.589Z</time>
      </trkpt>
      <trkpt lat="56.617239" lon="-3.644793">
        <ele>60.879230</ele>
        <time>2023-07-21T22:09:53.842Z</time>
      </trkpt>
      <trkpt lat="56.617876" lon="-3.645060">
        <ele>61.647826</ele>
        <time>2023-07-21T22:10:04.012Z</time>
      </trkpt>
      <trkpt lat="56.618234" lon="-3.645304">
        <ele>62.097358</ele>
        <time>2023-07-21T22:10:11.244Z</time>
      </trkpt>
      <trkpt lat="56.618638" lon="-3.645687">
        <ele>63.352317</ele>
        <time>2023-07-21T22:10:20.991Z</time>
      </trkpt>
      <trkpt lat="56.618817" lon="-3.645848">
        <ele>64.091911</ele>
        <time>2023-07-21T22:10:25.650Z</time>
      </trkpt>
      <trkpt lat="56.618885" lon="-3.645909">
        <ele>64.372727</ele>
        <time>2023-07-21T22:10:27.447Z</time>
      </trkpt>
      <trkpt lat="56.619280" lon="-3.646265">
        <ele>66.005440</ele>
        <time>2023-07-21T22:10:38.226Z</time>
      </trkpt>
      <trkpt lat="56.619633" lon="-3.646400">
        <ele>67.341279</ele>
        <time>2023-07-21T22:10:47.208Z</time>
      </trkpt>
      <trkpt lat="56.620502" lon="-3.646624">
        <ele>70.616864</ele>
        <time>2023-07-21T22:11:09.274Z</time>
      </trkpt>
      <trkpt lat="56.620650" lon="-3.646715">
        <ele>71.204423</ele>
        <time>2023-07-21T22:11:13.232Z</time>
      </trkpt>
      <trkpt lat="56.620888" lon="-3.646897">
        <ele>72.175446</ele>
        <time>2023-07-21T22:11:19.941Z</time>
      </trkpt>
      <trkpt lat="56.621614" lon="-3.647493">
        <ele>75.171232</ele>
        <time>2023-07-21T22:11:39.024Z</time>
      </trkpt>
      <trkpt lat="56.622402" lon="-3.647983">
        <ele>76.968120</ele>
        <time>2023-07-21T22:11:55.317Z</time>
      </trkpt>
      <trkpt lat="56.623938" lon="-3.649500">
        <ele>79.529795</ele>
        <time>2023-07-21T22:12:23.170Z</time>
      </trkpt>
      <trkpt lat="56.625049" lon="-3.651023">
        <ele>80.852992</ele>
        <time>2023-07-21T22:12:42.395Z</time>
      </trkpt>
      <trkpt lat="56.625779" lon="-3.651578">
        <ele>81.995412</ele>
        <time>2023-07-21T22:12:54.206Z</time>
      </trkpt>
      <trkpt lat="56.626672" lon="-3.652623">
        <ele>83.955111</ele>
        <time>2023-07-21T22:13:13.866Z</time>
      </trkpt>
      <trkpt lat="56.626806" lon="-3.653043">
        <ele>84.743085</ele>
        <time>2023-07-21T22:13:19.421Z</time>
      </trkpt>
      <trkpt lat="56.627037" lon="-3.654853">
        <ele>87.758574</ele>
        <time>2023-07-21T22:13:41.897Z</time>
      </trkpt>
      <trkpt lat="56.627163" lon="-3.655459">
        <ele>88.936407</ele>
        <time>2023-07-21T22:13:50.125Z</time>
      </trkpt>
      <trkpt lat="56.627559" lon="-3.656262">
        <ele>91.263897</ele>
        <time>2023-07-21T22:14:03.897Z</time>
      </trkpt>
      <trkpt lat="56.628493" lon="-3.658532">
        <ele>97.300096</ele>
        <time>2023-07-21T22:14:43.336Z</time>
      </trkpt>
      <trkpt lat="56.628934" lon="-3.659605">
        <ele>100.066408</ele>
        <time>2023-07-21T22:15:03.701Z</time>
      </trkpt>
      <trkpt lat="56.629320" lon="-3.660368">
        <ele>102.207327</ele>
        <time>2023-07-21T22:15:17.768Z</time>
      </trkpt>
      <trkpt lat="56.629888" lon="-3.661899">
        <ele>100.956987</ele>
        <time>2023-07-21T22:15:27.646Z</time>
      </trkpt>
      <trkpt lat="56.630078" lon="-3.662133">
        <ele>100.665653</ele>
        <time>2023-07-21T22:15:29.522Z</time>
      </trkpt>
      <trkpt lat="56.630291" lon="-3.662221">
        <ele>100.388360</ele>
        <time>2023-07-21T22:15:31.563Z</time>
      </trkpt>
      <trkpt lat="56.630573" lon="-3.662173">
        <ele>100.028801</ele>
        <time>2023-07-21T22:15:33.962Z</time>
      </trkpt>
      <trkpt lat="56.630814" lon="-3.662053">
        <ele>99.335886</ele>
        <time>2023-07-21T22:15:35.914Z</time>
      </trkpt>
      <trkpt lat="56.631050" lon="-3.662036">
        <ele>98.569924</ele>
        <time>2023-07-21T22:15:37.780Z</time>
      </trkpt>
      <trkpt lat="56.631131" lon="-3.662076">
        <ele>98.297718</ele>
        <time>2023-07-21T22:15:38.393Z</time>
      </trkpt>
      <trkpt lat="56.631435" lon="-3.662304">
        <ele>97.231237</ele>
        <time>2023-07-21T22:15:40.876Z</time>
      </trkpt>
      <trkpt lat="56.631718" lon="-3.662594">
        <ele>96.177711</ele>
        <time>2023-07-21T22:15:43.325Z</time>
      </trkpt>
      <trkpt lat="56.631878" lon="-3.662615">
        <ele>95.657472</ele>
        <time>2023-07-21T22:15:44.552Z</time>
      </trkpt>
      <trkpt lat="56.632795" lon="-3.662371">
        <ele>93.910869</ele>
        <time>2023-07-21T22:15:54.001Z</time>
      </trkpt>
      <trkpt lat="56.632973" lon="-3.662454">
        <ele>93.825924</ele>
        <time>2023-07-21T22:15:56.103Z</time>
      </trkpt>
      <trkpt lat="56.633238" lon="-3.662760">
        <ele>93.680807</ele>
        <time>2023-07-21T22:15:59.532Z</time>
      </trkpt>
      <trkpt lat="56.633695" lon="-3.663485">
        <ele>93.400444</ele>
        <time>2023-07-21T22:16:06.044Z</time>
      </trkpt>
      <trkpt lat="56.634154" lon="-3.663917">
        <ele>93.209789</ele>
        <time>2023-07-21T22:16:12.475Z</time>
      </trkpt>
      <trkpt lat="56.634951" lon="-3.665535">
        <ele>92.867134</ele>
        <time>2023-07-21T22:16:26.595Z</time>
      </trkpt>
      <trkpt lat="56.636146" lon="-3.666969">
        <ele>92.253841</ele>
        <time>2023-07-21T22:16:40.184Z</time>
      </trkpt>
      <trkpt lat="56.636405" lon="-3.667138">
        <ele>92.124361</ele>
        <time>2023-07-21T22:16:43.130Z</time>
      </trkpt>
      <trkpt lat="56.636917" lon="-3.667465">
        <ele>92.236439</ele>
        <time>2023-07-21T22:16:50.630Z</time>
      </trkpt>
      <trkpt lat="56.637230" lon="-3.667797">
        <ele>93.156765</ele>
        <time>2023-07-21T22:16:56.879Z</time>
      </trkpt>
      <trkpt lat="56.637327" lon="-3.667958">
        <ele>93.490326</ele>
        <time>2023-07-21T22:16:59.421Z</time>
      </trkpt>
      <trkpt lat="56.637403" lon="-3.668097">
        <ele>93.764099</ele>
        <time>2023-07-21T22:17:01.571Z</time>
      </trkpt>
      <trkpt lat="56.637504" lon="-3.668388">
        <ele>94.244727</ele>
        <time>2023-07-21T22:17:05.364Z</time>
      </trkpt>
      <trkpt lat="56.637613" lon="-3.669139">
        <ele>95.329587</ele>
        <time>2023-07-21T22:17:15.158Z</time>
      </trkpt>
      <trkpt lat="56.637687" lon="-3.669493">
        <ele>95.858543</ele>
        <time>2023-07-21T22:17:20.047Z</time>
      </trkpt>
      <trkpt lat="56.637961" lon="-3.670281">
        <ele>97.073757</ele>
        <time>2023-07-21T22:17:32.537Z</time>
      </trkpt>
      <trkpt lat="56.638410" lon="-3.671268">
        <ele>98.629282</ele>
        <time>2023-07-21T22:17:47.430Z</time>
      </trkpt>
      <trkpt lat="56.638616" lon="-3.671601">
        <ele>99.237932</ele>
        <time>2023-07-21T22:17:52.489Z</time>
      </trkpt>
      <trkpt lat="56.639365" lon="-3.672657">
        <ele>100.452634</ele>
        <time>2023-07-21T22:18:06.013Z</time>
      </trkpt>
      <trkpt lat="56.639808" lon="-3.673542">
        <ele>100.429329</ele>
        <time>2023-07-21T22:18:12.884Z</time>
      </trkpt>
      <trkpt lat="56.640088" lon="-3.674025">
        <ele>100.415661</ele>
        <time>2023-07-21T22:18:16.935Z</time>
      </trkpt>
      <trkpt lat="56.640239" lon="-3.674208">
        <ele>100.409235</ele>
        <time>2023-07-21T22:18:18.951Z</time>
      </trkpt>
      <trkpt lat="56.640531" lon="-3.674428">
        <ele>100.447375</ele>
        <time>2023-07-21T22:18:22.792Z</time>
      </trkpt>
      <trkpt lat="56.640634" lon="-3.674557">
        <ele>100.488884</ele>
        <time>2023-07-21T22:18:24.480Z</time>
      </trkpt>
      <trkpt lat="56.640994" lon="-3.675179">
        <ele>100.653699</ele>
        <time>2023-07-21T22:18:30.690Z</time>
      </trkpt>
      <trkpt lat="56.641527" lon="-3.675964">
        <ele>100.881342</ele>
        <time>2023-07-21T22:18:38.997Z</time>
      </trkpt>
      <trkpt lat="56.641711" lon="-3.676610">
        <ele>101.029436</ele>
        <time>2023-07-21T22:18:45.031Z</time>
      </trkpt>
      <trkpt lat="56.641834" lon="-3.676750">
        <ele>101.129031</ele>
        <time>2023-07-21T22:18:47.195Z</time>
      </trkpt>
      <trkpt lat="56.642236" lon="-3.676750">
        <ele>101.404952</ele>
        <time>2023-07-21T22:18:53.543Z</time>
      </trkpt>
      <trkpt lat="56.642394" lon="-3.677017">
        <ele>101.552989</ele>
        <time>2023-07-21T22:18:57.138Z</time>
      </trkpt>
      <trkpt lat="56.642808" lon="-3.678027">
        <ele>102.028430</ele>
        <time>2023-07-21T22:19:07.689Z</time>
      </trkpt>
      <trkpt lat="56.643826" lon="-3.682012">
        <ele>98.551966</ele>
        <time>2023-07-21T22:19:32.580Z</time>
      </trkpt>
      <trkpt lat="56.644424" lon="-3.685202">
        <ele>85.723070</ele>
        <time>2023-07-21T22:19:45.718Z</time>
      </trkpt>
      <trkpt lat="56.645734" lon="-3.684553">
        <ele>72.771731</ele>
        <time>2023-07-21T22:21:20.898Z</time>
      </trkpt>
      <trkpt lat="56.645867" lon="-3.684508">
        <ele>71.766585</ele>
        <time>2023-07-21T22:21:30.586Z</time>
      </trkpt>
      <trkpt lat="56.646118" lon="-3.684526">
        <ele>70.450879</ele>
        <time>2023-07-21T22:21:48.727Z</time>
      </trkpt>
      <trkpt lat="56.646259" lon="-3.684804">
        <ele>69.361682</ele>
        <time>2023-07-21T22:22:04.056Z</time>
      </trkpt>
      <trkpt lat="56.646442" lon="-3.684974">
        <ele>68.285383</ele>
        <time>2023-07-21T22:22:19.415Z</time>
      </trkpt>
      <trkpt lat="56.646501" lon="-3.684696">
        <ele>67.427237</ele>
        <time>2023-07-21T22:22:31.941Z</time>
      </trkpt>
      <trkpt lat="56.646561" lon="-3.684422">
        <ele>66.577905</ele>
        <time>2023-07-21T22:22:44.485Z</time>
      </trkpt>
      <trkpt lat="56.646617" lon="-3.684119">
        <ele>65.657362</ele>
        <time>2023-07-21T22:22:45.863Z</time>
      </trkpt>
      <trkpt lat="56.646952" lon="-3.682530">
        <ele>62.615472</ele>
        <time>2023-07-21T22:23:09.651Z</time>
      </trkpt>
      <trkpt lat="56.647397" lon="-3.680391">
        <ele>62.351465</ele>
        <time>2023-07-21T22:23:24.919Z</time>
      </trkpt>
      <trkpt lat="56.647471" lon="-3.679900">
        <ele>62.689320</ele>
        <time>2023-07-21T22:23:28.950Z</time>
      </trkpt>
      <trkpt lat="56.647633" lon="-3.679838">
        <ele>63.260460</ele>
        <time>2023-07-21T22:23:31.574Z</time>
      </trkpt>
      <trkpt lat="56.647673" lon="-3.679859">
        <ele>63.404095</ele>
        <time>2023-07-21T22:23:32.242Z</time>
      </trkpt>
      <trkpt lat="56.647584" lon="-3.680829">
        <ele>65.269410</ele>
        <time>2023-07-21T22:23:42.624Z</time>
      </trkpt>
      <trkpt lat="56.647578" lon="-3.681349">
        <ele>66.255950</ele>
        <time>2023-07-21T22:23:49.892Z</time>
      </trkpt>
      <trkpt lat="56.647611" lon="-3.682040">
        <ele>67.571556</ele>
        <time>2023-07-21T22:24:00.641Z</time>
      </trkpt>
      <trkpt lat="56.647753" lon="-3.682262">
        <ele>68.217555</ele>
        <time>2023-07-21T22:24:07.294Z</time>
      </trkpt>
      <trkpt lat="56.647936" lon="-3.682439">
        <ele>69.215074</ele>
        <time>2023-07-21T22:24:14.266Z</time>
      </trkpt>
      <trkpt lat="56.648097" lon="-3.682423">
        <ele>70.152884</ele>
        <time>2023-07-21T22:24:19.484Z</time>
      </trkpt>
      <trkpt lat="56.648667" lon="-3.682105">
        <ele>73.620574</ele>
        <time>2023-07-21T22:24:38.165Z</time>
      </trkpt>
      <trkpt lat="56.648847" lon="-3.681962">
        <ele>74.762995</ele>
        <time>2023-07-21T22:24:44.468Z</time>
      </trkpt>
      <trkpt lat="56.649320" lon="-3.681456">
        <ele>77.954585</ele>
        <time>2023-07-21T22:25:01.432Z</time>
      </trkpt>
      <trkpt lat="56.649563" lon="-3.681131">
        <ele>79.501045</ele>
        <time>2023-07-21T22:25:10.608Z</time>
      </trkpt>
      <trkpt lat="56.649755" lon="-3.680708">
        <ele>80.753465</ele>
        <time>2023-07-21T22:25:18.934Z</time>
      </trkpt>
      <trkpt lat="56.650270" lon="-3.679062">
        <ele>85.077536</ele>
        <time>2023-07-21T22:25:44.187Z</time>
      </trkpt>
      <trkpt lat="56.650328" lon="-3.678935">
        <ele>85.454494</ele>
        <time>2023-07-21T22:25:46.230Z</time>
      </trkpt>
      <trkpt lat="56.650444" lon="-3.678825">
        <ele>85.997781</ele>
        <time>2023-07-21T22:25:49.100Z</time>
      </trkpt>
      <trkpt lat="56.650558" lon="-3.678791">
        <ele>86.475195</ele>
        <time>2023-07-21T22:25:51.650Z</time>
      </trkpt>
      <trkpt lat="56.650945" lon="-3.678752">
        <ele>87.936629</ele>
        <time>2023-07-21T22:26:00.053Z</time>
      </trkpt>
      <trkpt lat="56.651267" lon="-3.678661">
        <ele>89.165306</ele>
        <time>2023-07-21T22:26:07.286Z</time>
      </trkpt>
      <trkpt lat="56.652224" lon="-3.678412">
        <ele>92.810430</ele>
        <time>2023-07-21T22:26:30.655Z</time>
      </trkpt>
      <trkpt lat="56.652924" lon="-3.678241">
        <ele>95.557279</ele>
        <time>2023-07-21T22:26:50.098Z</time>
      </trkpt>
      <trkpt lat="56.653043" lon="-3.678261">
        <ele>96.024740</ele>
        <time>2023-07-21T22:26:53.346Z</time>
      </trkpt>
      <trkpt lat="56.653148" lon="-3.678406">
        <ele>96.540391</ele>
        <time>2023-07-21T22:26:56.713Z</time>
      </trkpt>
      <trkpt lat="56.653429" lon="-3.679041">
        <ele>98.293223</ele>
        <time>2023-07-21T22:27:07.819Z</time>
      </trkpt>
      <trkpt lat="56.653871" lon="-3.679660">
        <ele>100.334004</ele>
        <time>2023-07-21T22:27:20.565Z</time>
      </trkpt>
      <trkpt lat="56.654674" lon="-3.680139">
        <ele>101.372414</ele>
        <time>2023-07-21T22:27:35.288Z</time>
      </trkpt>
      <trkpt lat="56.654989" lon="-3.680254">
        <ele>101.767201</ele>
        <time>2023-07-21T22:27:40.313Z</time>
      </trkpt>
      <trkpt lat="56.655270" lon="-3.680295">
        <ele>102.113600</ele>
        <time>2023-07-21T22:27:44.097Z</time>
      </trkpt>
      <trkpt lat="56.655558" lon="-3.680210">
        <ele>102.472119</ele>
        <time>2023-07-21T22:27:47.114Z</time>
      </trkpt>
      <trkpt lat="56.655799" lon="-3.680191">
        <ele>102.389405</ele>
        <time>2023-07-21T22:27:49.596Z</time>
      </trkpt>
      <trkpt lat="56.656033" lon="-3.680281">
        <ele>102.297755</ele>
        <time>2023-07-21T22:27:52.096Z</time>
      </trkpt>
      <trkpt lat="56.656479" lon="-3.680776">
        <ele>102.097557</ele>
        <time>2023-07-21T22:27:57.347Z</time>
      </trkpt>
      <trkpt lat="56.656956" lon="-3.680906">
        <ele>101.912733</ele>
        <time>2023-07-21T22:28:02.783Z</time>
      </trkpt>
      <trkpt lat="56.657177" lon="-3.680928">
        <ele>101.827920</ele>
        <time>2023-07-21T22:28:05.509Z</time>
      </trkpt>
      <trkpt lat="56.657542" lon="-3.680838">
        <ele>101.671569</ele>
        <time>2023-07-21T22:28:10.174Z</time>
      </trkpt>
      <trkpt lat="56.657868" lon="-3.680883">
        <ele>101.527885</ele>
        <time>2023-07-21T22:28:13.608Z</time>
      </trkpt>
      <trkpt lat="56.658386" lon="-3.681080">
        <ele>101.295313</ele>
        <time>2023-07-21T22:28:18.813Z</time>
      </trkpt>
      <trkpt lat="56.658629" lon="-3.681252">
        <ele>101.180721</ele>
        <time>2023-07-21T22:28:21.395Z</time>
      </trkpt>
      <trkpt lat="56.658732" lon="-3.681260">
        <ele>101.135413</ele>
        <time>2023-07-21T22:28:22.445Z</time>
      </trkpt>
      <trkpt lat="56.658821" lon="-3.681215">
        <ele>101.094817</ele>
        <time>2023-07-21T22:28:23.382Z</time>
      </trkpt>
      <trkpt lat="56.659054" lon="-3.680997">
        <ele>101.029110</ele>
        <time>2023-07-21T22:28:26.324Z</time>
      </trkpt>
      <trkpt lat="56.659473" lon="-3.680847">
        <ele>101.301849</ele>
        <time>2023-07-21T22:28:31.673Z</time>
      </trkpt>
      <trkpt lat="56.660682" lon="-3.681143">
        <ele>102.080977</ele>
        <time>2023-07-21T22:28:49.610Z</time>
      </trkpt>
      <trkpt lat="56.660955" lon="-3.681269">
        <ele>102.206188</ele>
        <time>2023-07-21T22:28:54.030Z</time>
      </trkpt>
      <trkpt lat="56.661290" lon="-3.681574">
        <ele>102.328933</ele>
        <time>2023-07-21T22:28:59.946Z</time>
      </trkpt>
      <trkpt lat="56.661497" lon="-3.681619">
        <ele>102.397243</ele>
        <time>2023-07-21T22:29:03.010Z</time>
      </trkpt>
      <trkpt lat="56.662741" lon="-3.681431">
        <ele>102.861905</ele>
        <time>2023-07-21T22:29:17.366Z</time>
      </trkpt>
      <trkpt lat="56.663022" lon="-3.681449">
        <ele>103.029066</ele>
        <time>2023-07-21T22:29:20.229Z</time>
      </trkpt>
      <trkpt lat="56.663309" lon="-3.681592">
        <ele>103.205971</ele>
        <time>2023-07-21T22:29:23.384Z</time>
      </trkpt>
      <trkpt lat="56.663712" lon="-3.681869">
        <ele>103.462082</ele>
        <time>2023-07-21T22:29:28.684Z</time>
      </trkpt>
      <trkpt lat="56.664010" lon="-3.682167">
        <ele>103.664236</ele>
        <time>2023-07-21T22:29:34.073Z</time>
      </trkpt>
      <trkpt lat="56.664818" lon="-3.683118">
        <ele>106.504791</ele>
        <time>2023-07-21T22:29:54.084Z</time>
      </trkpt>
      <trkpt lat="56.665111" lon="-3.683659">
        <ele>108.064974</ele>
        <time>2023-07-21T22:30:04.268Z</time>
      </trkpt>
      <trkpt lat="56.665624" lon="-3.684503">
        <ele>110.661532</ele>
        <time>2023-07-21T22:30:22.988Z</time>
      </trkpt>
      <trkpt lat="56.666113" lon="-3.685222">
        <ele>113.239348</ele>
        <time>2023-07-21T22:30:41.665Z</time>
      </trkpt>
      <trkpt lat="56.666404" lon="-3.685824">
        <ele>115.045927</ele>
        <time>2023-07-21T22:30:54.798Z</time>
      </trkpt>
      <trkpt lat="56.666745" lon="-3.686803">
        <ele>117.657645</ele>
        <time>2023-07-21T22:31:08.761Z</time>
      </trkpt>
      <trkpt lat="56.666942" lon="-3.687458">
        <ele>117.373717</ele>
        <time>2023-07-21T22:31:14.263Z</time>
      </trkpt>
      <trkpt lat="56.667080" lon="-3.688312">
        <ele>116.630652</ele>
        <time>2023-07-21T22:31:19.444Z</time>
      </trkpt>
      <trkpt lat="56.667161" lon="-3.688479">
        <ele>116.444711</ele>
        <time>2023-07-21T22:31:20.620Z</time>
      </trkpt>
      <trkpt lat="56.667273" lon="-3.688518">
        <ele>116.271484</ele>
        <time>2023-07-21T22:31:21.624Z</time>
      </trkpt>
      <trkpt lat="56.667386" lon="-3.688474">
        <ele>116.095940</ele>
        <time>2023-07-21T22:31:22.671Z</time>
      </trkpt>
      <trkpt lat="56.667658" lon="-3.688150">
        <ele>115.602100</ele>
        <time>2023-07-21T22:31:25.385Z</time>
      </trkpt>
      <trkpt lat="56.667786" lon="-3.688087">
        <ele>115.400668</ele>
        <time>2023-07-21T22:31:26.470Z</time>
      </trkpt>
      <trkpt lat="56.667890" lon="-3.688168">
        <ele>115.228821</ele>
        <time>2023-07-21T22:31:27.354Z</time>
      </trkpt>
      <trkpt lat="56.668047" lon="-3.688319">
        <ele>114.270162</ele>
        <time>2023-07-21T22:31:28.703Z</time>
      </trkpt>
      <trkpt lat="56.668971" lon="-3.689992">
        <ele>105.912904</ele>
        <time>2023-07-21T22:31:37.981Z</time>
      </trkpt>
      <trkpt lat="56.669213" lon="-3.690252">
        <ele>104.111020</ele>
        <time>2023-07-21T22:31:40.034Z</time>
      </trkpt>
      <trkpt lat="56.669529" lon="-3.690414">
        <ele>102.835293</ele>
        <time>2023-07-21T22:31:42.463Z</time>
      </trkpt>
      <trkpt lat="56.669781" lon="-3.690720">
        <ele>101.878522</ele>
        <time>2023-07-21T22:31:44.739Z</time>
      </trkpt>
      <trkpt lat="56.670200" lon="-3.691142">
        <ele>100.366091</ele>
        <time>2023-07-21T22:31:48.453Z</time>
      </trkpt>
      <trkpt lat="56.670925" lon="-3.691654">
        <ele>98.029898</ele>
        <time>2023-07-21T22:31:55.346Z</time>
      </trkpt>
      <trkpt lat="56.671258" lon="-3.691960">
        <ele>99.695739</ele>
        <time>2023-07-21T22:32:02.512Z</time>
      </trkpt>
      <trkpt lat="56.671463" lon="-3.692318">
        <ele>100.964444</ele>
        <time>2023-07-21T22:32:09.618Z</time>
      </trkpt>
      <trkpt lat="56.671575" lon="-3.692855">
        <ele>102.373752</ele>
        <time>2023-07-21T22:32:18.635Z</time>
      </trkpt>
      <trkpt lat="56.671676" lon="-3.693199">
        <ele>103.330732</ele>
        <time>2023-07-21T22:32:25.164Z</time>
      </trkpt>
      <trkpt lat="56.671942" lon="-3.693648">
        <ele>104.950803</ele>
        <time>2023-07-21T22:32:37.089Z</time>
      </trkpt>
      <trkpt lat="56.672080" lon="-3.693989">
        <ele>105.989923</ele>
        <time>2023-07-21T22:32:45.270Z</time>
      </trkpt>
      <trkpt lat="56.672179" lon="-3.694582">
        <ele>108.324658</ele>
        <time>2023-07-21T22:32:57.601Z</time>
      </trkpt>
      <trkpt lat="56.672700" lon="-3.696283">
        <ele>115.663902</ele>
        <time>2023-07-21T22:33:35.924Z</time>
      </trkpt>
      <trkpt lat="56.672800" lon="-3.697234">
        <ele>118.700051</ele>
        <time>2023-07-21T22:33:52.278Z</time>
      </trkpt>
      <trkpt lat="56.672903" lon="-3.697725">
        <ele>119.447013</ele>
        <time>2023-07-21T22:33:59.954Z</time>
      </trkpt>
      <trkpt lat="56.672969" lon="-3.698274">
        <ele>120.245730</ele>
        <time>2023-07-21T22:34:07.209Z</time>
      </trkpt>
      <trkpt lat="56.673052" lon="-3.698692">
        <ele>120.877412</ele>
        <time>2023-07-21T22:34:12.204Z</time>
      </trkpt>
      <trkpt lat="56.673248" lon="-3.699267">
        <ele>121.839121</ele>
        <time>2023-07-21T22:34:18.412Z</time>
      </trkpt>
      <trkpt lat="56.673469" lon="-3.699775">
        <ele>122.760031</ele>
        <time>2023-07-21T22:34:22.938Z</time>
      </trkpt>
      <trkpt lat="56.673760" lon="-3.700152">
        <ele>122.735799</ele>
        <time>2023-07-21T22:34:26.699Z</time>
      </trkpt>
      <trkpt lat="56.674301" lon="-3.700572">
        <ele>122.202994</ele>
        <time>2023-07-21T22:34:32.421Z</time>
      </trkpt>
      <trkpt lat="56.674743" lon="-3.701302">
        <ele>121.662326</ele>
        <time>2023-07-21T22:34:38.087Z</time>
      </trkpt>
      <trkpt lat="56.675078" lon="-3.701670">
        <ele>121.295140</ele>
        <time>2023-07-21T22:34:41.796Z</time>
      </trkpt>
      <trkpt lat="56.675220" lon="-3.701941">
        <ele>121.055432</ele>
        <time>2023-07-21T22:34:43.749Z</time>
      </trkpt>
      <trkpt lat="56.675384" lon="-3.702493">
        <ele>120.653754</ele>
        <time>2023-07-21T22:34:47.001Z</time>
      </trkpt>
      <trkpt lat="56.675906" lon="-3.703570">
        <ele>119.734468</ele>
        <time>2023-07-21T22:34:54.623Z</time>
      </trkpt>
      <trkpt lat="56.676555" lon="-3.704675">
        <ele>118.940893</ele>
        <time>2023-07-21T22:35:03.092Z</time>
      </trkpt>
      <trkpt lat="56.677337" lon="-3.705894">
        <ele>118.261433</ele>
        <time>2023-07-21T22:35:13.497Z</time>
      </trkpt>
      <trkpt lat="56.677976" lon="-3.707148">
        <ele>118.035652</ele>
        <time>2023-07-21T22:35:25.516Z</time>
      </trkpt>
      <trkpt lat="56.678510" lon="-3.708035">
        <ele>117.997668</ele>
        <time>2023-07-21T22:35:35.352Z</time>
      </trkpt>
      <trkpt lat="56.679406" lon="-3.709305">
        <ele>116.373483</ele>
        <time>2023-07-21T22:35:46.452Z</time>
      </trkpt>
      <trkpt lat="56.679845" lon="-3.709836">
        <ele>115.182758</ele>
        <time>2023-07-21T22:35:50.867Z</time>
      </trkpt>
      <trkpt lat="56.680141" lon="-3.710137">
        <ele>114.416799</ele>
        <time>2023-07-21T22:35:53.619Z</time>
      </trkpt>
      <trkpt lat="56.680484" lon="-3.710378">
        <ele>113.300042</ele>
        <time>2023-07-21T22:35:56.544Z</time>
      </trkpt>
      <trkpt lat="56.681273" lon="-3.711667">
        <ele>108.800675</ele>
        <time>2023-07-21T22:36:04.684Z</time>
      </trkpt>
      <trkpt lat="56.681903" lon="-3.712696">
        <ele>105.429677</ele>
        <time>2023-07-21T22:36:11.180Z</time>
      </trkpt>
      <trkpt lat="56.682133" lon="-3.712998">
        <ele>104.475059</ele>
        <time>2023-07-21T22:36:13.381Z</time>
      </trkpt>
      <trkpt lat="56.682404" lon="-3.713196">
        <ele>103.492067</ele>
        <time>2023-07-21T22:36:15.666Z</time>
      </trkpt>
      <trkpt lat="56.683311" lon="-3.713470">
        <ele>100.397075</ele>
        <time>2023-07-21T22:36:23.157Z</time>
      </trkpt>
      <trkpt lat="56.683879" lon="-3.713326">
        <ele>99.741780</ele>
        <time>2023-07-21T22:36:28.524Z</time>
      </trkpt>
      <trkpt lat="56.684229" lon="-3.713259">
        <ele>99.417067</ele>
        <time>2023-07-21T22:36:32.263Z</time>
      </trkpt>
      <trkpt lat="56.684333" lon="-3.713274">
        <ele>99.320809</ele>
        <time>2023-07-21T22:36:33.365Z</time>
      </trkpt>
      <trkpt lat="56.684507" lon="-3.713352">
        <ele>99.155470</ele>
        <time>2023-07-21T22:36:35.408Z</time>
      </trkpt>
      <trkpt lat="56.684616" lon="-3.713457">
        <ele>99.041690</ele>
        <time>2023-07-21T22:36:36.820Z</time>
      </trkpt>
      <trkpt lat="56.684708" lon="-3.713643">
        <ele>98.914842</ele>
        <time>2023-07-21T22:36:38.328Z</time>
      </trkpt>
      <trkpt lat="56.684970" lon="-3.714466">
        <ele>98.275811</ele>
        <time>2023-07-21T22:36:44.064Z</time>
      </trkpt>
      <trkpt lat="56.685130" lon="-3.714822">
        <ele>97.763270</ele>
        <time>2023-07-21T22:36:46.587Z</time>
      </trkpt>
      <trkpt lat="56.685211" lon="-3.714937">
        <ele>97.554895</ele>
        <time>2023-07-21T22:36:47.606Z</time>
      </trkpt>
      <trkpt lat="56.685597" lon="-3.715208">
        <ele>96.715631</ele>
        <time>2023-07-21T22:36:51.455Z</time>
      </trkpt>
      <trkpt lat="56.685929" lon="-3.715342">
        <ele>96.025766</ele>
        <time>2023-07-21T22:36:54.390Z</time>
      </trkpt>
      <trkpt lat="56.686248" lon="-3.715522">
        <ele>95.348258</ele>
        <time>2023-07-21T22:36:57.109Z</time>
      </trkpt>
      <trkpt lat="56.686417" lon="-3.715692">
        <ele>94.956571</ele>
        <time>2023-07-21T22:36:58.633Z</time>
      </trkpt>
      <trkpt lat="56.686682" lon="-3.716106">
        <ele>93.563743</ele>
        <time>2023-07-21T22:37:01.344Z</time>
      </trkpt>
      <trkpt lat="56.686983" lon="-3.716663">
        <ele>91.799252</ele>
        <time>2023-07-21T22:37:04.625Z</time>
      </trkpt>
      <trkpt lat="56.687135" lon="-3.716874">
        <ele>91.013407</ele>
        <time>2023-07-21T22:37:06.080Z</time>
      </trkpt>
      <trkpt lat="56.687595" lon="-3.717323">
        <ele>88.867532</ele>
        <time>2023-07-21T22:37:10.087Z</time>
      </trkpt>
      <trkpt lat="56.687836" lon="-3.718043">
        <ele>87.271336</ele>
        <time>2023-07-21T22:37:13.747Z</time>
      </trkpt>
      <trkpt lat="56.687933" lon="-3.718217">
        <ele>87.021202</ele>
        <time>2023-07-21T22:37:14.825Z</time>
      </trkpt>
      <trkpt lat="56.688467" lon="-3.719186">
        <ele>85.636301</ele>
        <time>2023-07-21T22:37:21.115Z</time>
      </trkpt>
      <trkpt lat="56.688730" lon="-3.719742">
        <ele>84.895999</ele>
        <time>2023-07-21T22:37:24.786Z</time>
      </trkpt>
      <trkpt lat="56.688842" lon="-3.719917">
        <ele>84.624890</ele>
        <time>2023-07-21T22:37:26.443Z</time>
      </trkpt>
      <trkpt lat="56.689300" lon="-3.720419">
        <ele>84.900543</ele>
        <time>2023-07-21T22:37:34.068Z</time>
      </trkpt>
      <trkpt lat="56.689503" lon="-3.720717">
        <ele>85.473066</ele>
        <time>2023-07-21T22:37:39.360Z</time>
      </trkpt>
      <trkpt lat="56.689579" lon="-3.720750">
        <ele>85.644615</ele>
        <time>2023-07-21T22:37:40.936Z</time>
      </trkpt>
      <trkpt lat="56.689887" lon="-3.720757">
        <ele>86.320930</ele>
        <time>2023-07-21T22:37:48.225Z</time>
      </trkpt>
      <trkpt lat="56.690044" lon="-3.720838">
        <ele>86.679217</ele>
        <time>2023-07-21T22:37:51.966Z</time>
      </trkpt>
      <trkpt lat="56.690233" lon="-3.721157">
        <ele>87.245043</ele>
        <time>2023-07-21T22:37:57.440Z</time>
      </trkpt>
      <trkpt lat="56.690630" lon="-3.722274">
        <ele>88.464455</ele>
        <time>2023-07-21T22:38:10.945Z</time>
      </trkpt>
      <trkpt lat="56.690709" lon="-3.722440">
        <ele>88.580353</ele>
        <time>2023-07-21T22:38:13.095Z</time>
      </trkpt>
      <trkpt lat="56.690807" lon="-3.722607">
        <ele>88.709308</ele>
        <time>2023-07-21T22:38:15.544Z</time>
      </trkpt>
      <trkpt lat="56.691132" lon="-3.722874">
        <ele>89.051870</ele>
        <time>2023-07-21T22:38:21.886Z</time>
      </trkpt>
      <trkpt lat="56.691546" lon="-3.723087">
        <ele>89.465205</ele>
        <time>2023-07-21T22:38:28.274Z</time>
      </trkpt>
      <trkpt lat="56.691740" lon="-3.723266">
        <ele>89.674158</ele>
        <time>2023-07-21T22:38:30.993Z</time>
      </trkpt>
      <trkpt lat="56.691980" lon="-3.723607">
        <ele>89.798723</ele>
        <time>2023-07-21T22:38:34.059Z</time>
      </trkpt>
      <trkpt lat="56.692192" lon="-3.724254">
        <ele>89.288582</ele>
        <time>2023-07-21T22:38:37.712Z</time>
      </trkpt>
      <trkpt lat="56.692720" lon="-3.725107">
        <ele>88.418287</ele>
        <time>2023-07-21T22:38:43.986Z</time>
      </trkpt>
      <trkpt lat="56.693259" lon="-3.725574">
        <ele>87.682307</ele>
        <time>2023-07-21T22:38:49.964Z</time>
      </trkpt>
      <trkpt lat="56.693480" lon="-3.725727">
        <ele>87.612553</ele>
        <time>2023-07-21T22:38:52.417Z</time>
      </trkpt>
      <trkpt lat="56.694284" lon="-3.725969">
        <ele>87.390846</ele>
        <time>2023-07-21T22:39:00.845Z</time>
      </trkpt>
      <trkpt lat="56.695330" lon="-3.726562">
        <ele>87.785856</ele>
        <time>2023-07-21T22:39:14.635Z</time>
      </trkpt>
      <trkpt lat="56.695414" lon="-3.726611">
        <ele>87.940313</ele>
        <time>2023-07-21T22:39:15.880Z</time>
      </trkpt>
      <trkpt lat="56.695571" lon="-3.726724">
        <ele>88.235933</ele>
        <time>2023-07-21T22:39:18.518Z</time>
      </trkpt>
      <trkpt lat="56.695670" lon="-3.726841">
        <ele>88.442598</ele>
        <time>2023-07-21T22:39:20.528Z</time>
      </trkpt>
      <trkpt lat="56.695813" lon="-3.726885">
        <ele>88.696560</ele>
        <time>2023-07-21T22:39:22.655Z</time>
      </trkpt>
      <trkpt lat="56.695877" lon="-3.727299">
        <ele>89.110105</ele>
        <time>2023-07-21T22:39:26.924Z</time>
      </trkpt>
      <trkpt lat="56.696198" lon="-3.728224">
        <ele>90.162251</ele>
        <time>2023-07-21T22:39:38.632Z</time>
      </trkpt>
      <trkpt lat="56.696795" lon="-3.729392">
        <ele>92.230781</ele>
        <time>2023-07-21T22:40:00.129Z</time>
      </trkpt>
      <trkpt lat="56.697179" lon="-3.730488">
        <ele>93.971544</ele>
        <time>2023-07-21T22:40:15.339Z</time>
      </trkpt>
      <trkpt lat="56.697263" lon="-3.730856">
        <ele>94.505144</ele>
        <time>2023-07-21T22:40:18.599Z</time>
      </trkpt>
      <trkpt lat="56.697345" lon="-3.731994">
        <ele>93.203597</ele>
        <time>2023-07-21T22:40:24.721Z</time>
      </trkpt>
      <trkpt lat="56.697379" lon="-3.732247">
        <ele>92.802564</ele>
        <time>2023-07-21T22:40:25.977Z</time>
      </trkpt>
      <trkpt lat="56.697529" lon="-3.732330">
        <ele>92.362954</ele>
        <time>2023-07-21T22:40:27.795Z</time>
      </trkpt>
      <trkpt lat="56.697865" lon="-3.732719">
        <ele>91.246506</ele>
        <time>2023-07-21T22:40:32.288Z</time>
      </trkpt>
      <trkpt lat="56.698005" lon="-3.732956">
        <ele>90.710529</ele>
        <time>2023-07-21T22:40:34.390Z</time>
      </trkpt>
      <trkpt lat="56.698046" lon="-3.733042">
        <ele>90.535171</ele>
        <time>2023-07-21T22:40:35.070Z</time>
      </trkpt>
      <trkpt lat="56.698303" lon="-3.732832">
        <ele>89.745294</ele>
        <time>2023-07-21T22:40:37.189Z</time>
      </trkpt>
      <trkpt lat="56.698967" lon="-3.732279">
        <ele>88.221787</ele>
        <time>2023-07-21T22:40:42.696Z</time>
      </trkpt>
      <trkpt lat="56.699033" lon="-3.732248">
        <ele>88.081225</ele>
        <time>2023-07-21T22:40:43.248Z</time>
      </trkpt>
      <trkpt lat="56.699167" lon="-3.732273">
        <ele>87.803437</ele>
        <time>2023-07-21T22:40:44.333Z</time>
      </trkpt>
      <trkpt lat="56.699351" lon="-3.732301">
        <ele>87.422660</ele>
        <time>2023-07-21T22:40:45.973Z</time>
      </trkpt>
      <trkpt lat="56.699433" lon="-3.732231">
        <ele>87.235903</ele>
        <time>2023-07-21T22:40:46.901Z</time>
      </trkpt>
      <trkpt lat="56.699478" lon="-3.732193">
        <ele>87.133612</ele>
        <time>2023-07-21T22:40:47.389Z</time>
      </trkpt>
      <trkpt lat="56.699713" lon="-3.732081">
        <ele>86.632666</ele>
        <time>2023-07-21T22:40:50.352Z</time>
      </trkpt>
      <trkpt lat="56.699994" lon="-3.732150">
        <ele>86.047929</ele>
        <time>2023-07-21T22:40:54.939Z</time>
      </trkpt>
      <trkpt lat="56.700235" lon="-3.731042">
        <ele>88.045061</ele>
        <time>2023-07-21T22:41:10.363Z</time>
      </trkpt>
      <trkpt lat="56.700401" lon="-3.730585">
        <ele>89.059239</ele>
        <time>2023-07-21T22:41:19.007Z</time>
      </trkpt>
      <trkpt lat="56.700552" lon="-3.730518">
        <ele>89.583162</ele>
        <time>2023-07-21T22:41:23.942Z</time>
      </trkpt>
      <trkpt lat="56.700672" lon="-3.730552">
        <ele>89.992559</ele>
        <time>2023-07-21T22:41:27.789Z</time>
      </trkpt>
      <trkpt lat="56.700886" lon="-3.730736">
        <ele>90.790312</ele>
        <time>2023-07-21T22:41:35.089Z</time>
      </trkpt>
      <trkpt lat="56.701063" lon="-3.730958">
        <ele>91.514776</ele>
        <time>2023-07-21T22:41:41.475Z</time>
      </trkpt>
      <trkpt lat="56.701108" lon="-3.731054">
        <ele>91.748400</ele>
        <time>2023-07-21T22:41:43.433Z</time>
      </trkpt>
      <trkpt lat="56.701161" lon="-3.731291">
        <ele>92.215350</ele>
        <time>2023-07-21T22:41:47.450Z</time>
      </trkpt>
      <trkpt lat="56.701276" lon="-3.731937">
        <ele>93.428048</ele>
        <time>2023-07-21T22:41:58.455Z</time>
      </trkpt>
      <trkpt lat="56.701381" lon="-3.732418">
        <ele>94.352381</ele>
        <time>2023-07-21T22:42:06.435Z</time>
      </trkpt>
      <trkpt lat="56.701476" lon="-3.732594">
        <ele>94.793125</ele>
        <time>2023-07-21T22:42:09.910Z</time>
      </trkpt>
      <trkpt lat="56.701524" lon="-3.732626">
        <ele>94.959380</ele>
        <time>2023-07-21T22:42:11.194Z</time>
      </trkpt>
      <trkpt lat="56.701721" lon="-3.732566">
        <ele>95.609044</ele>
        <time>2023-07-21T22:42:15.757Z</time>
      </trkpt>
      <trkpt lat="56.701929" lon="-3.732446">
        <ele>96.318715</ele>
        <time>2023-07-21T22:42:21.024Z</time>
      </trkpt>
      <trkpt lat="56.701968" lon="-3.732400">
        <ele>96.469840</ele>
        <time>2023-07-21T22:42:22.125Z</time>
      </trkpt>
      <trkpt lat="56.702149" lon="-3.732229">
        <ele>97.133043</ele>
        <time>2023-07-21T22:42:27.164Z</time>
      </trkpt>
      <trkpt lat="56.702326" lon="-3.732024">
        <ele>97.815281</ele>
        <time>2023-07-21T22:42:32.778Z</time>
      </trkpt>
      <trkpt lat="56.702574" lon="-3.732742">
        <ele>99.072336</ele>
        <time>2023-07-21T22:42:43.080Z</time>
      </trkpt>
      <trkpt lat="56.702628" lon="-3.732905">
        <ele>99.351768</ele>
        <time>2023-07-21T22:42:45.222Z</time>
      </trkpt>
      <trkpt lat="56.702849" lon="-3.733483">
        <ele>100.385617</ele>
        <time>2023-07-21T22:42:52.867Z</time>
      </trkpt>
      <trkpt lat="56.703068" lon="-3.734092">
        <ele>101.454176</ele>
        <time>2023-07-21T22:43:01.132Z</time>
      </trkpt>
      <trkpt lat="56.703168" lon="-3.734348">
        <ele>101.915330</ele>
        <time>2023-07-21T22:43:04.660Z</time>
      </trkpt>
      <trkpt lat="56.703470" lon="-3.735118">
        <ele>103.089842</ele>
        <time>2023-07-21T22:43:14.678Z</time>
      </trkpt>
      <trkpt lat="56.703549" lon="-3.735337">
        <ele>103.339902</ele>
        <time>2023-07-21T22:43:17.552Z</time>
      </trkpt>
      <trkpt lat="56.703624" lon="-3.735644">
        <ele>103.660554</ele>
        <time>2023-07-21T22:43:20.989Z</time>
      </trkpt>
      <trkpt lat="56.703823" lon="-3.736466">
        <ele>104.517828</ele>
        <time>2023-07-21T22:43:30.123Z</time>
      </trkpt>
      <trkpt lat="56.703882" lon="-3.736733">
        <ele>104.792477</ele>
        <time>2023-07-21T22:43:32.779Z</time>
      </trkpt>
      <trkpt lat="56.703962" lon="-3.737167">
        <ele>105.229340</ele>
        <time>2023-07-21T22:43:36.777Z</time>
      </trkpt>
      <trkpt lat="56.704079" lon="-3.737983">
        <ele>105.978942</ele>
        <time>2023-07-21T22:43:43.578Z</time>
      </trkpt>
      <trkpt lat="56.704149" lon="-3.738502">
        <ele>106.358832</ele>
        <time>2023-07-21T22:43:47.674Z</time>
      </trkpt>
      <trkpt lat="56.704209" lon="-3.738992">
        <ele>106.715696</ele>
        <time>2023-07-21T22:43:51.646Z</time>
      </trkpt>
      <trkpt lat="56.704251" lon="-3.739420">
        <ele>107.024751</ele>
        <time>2023-07-21T22:43:55.180Z</time>
      </trkpt>
      <trkpt lat="56.704279" lon="-3.739723">
        <ele>107.243161</ele>
        <time>2023-07-21T22:43:57.824Z</time>
      </trkpt>
      <trkpt lat="56.704351" lon="-3.740385">
        <ele>107.722871</ele>
        <time>2023-07-21T22:44:03.895Z</time>
      </trkpt>
      <trkpt lat="56.704441" lon="-3.741083">
        <ele>108.288599</ele>
        <time>2023-07-21T22:44:10.916Z</time>
      </trkpt>
      <trkpt lat="56.704494" lon="-3.741438">
        <ele>108.721134</ele>
        <time>2023-07-21T22:44:14.741Z</time>
      </trkpt>
      <trkpt lat="56.704582" lon="-3.741933">
        <ele>109.332862</ele>
        <time>2023-07-21T22:44:20.471Z</time>
      </trkpt>
      <trkpt lat="56.704734" lon="-3.742355">
        <ele>109.926271</ele>
        <time>2023-07-21T22:44:26.406Z</time>
      </trkpt>
      <trkpt lat="56.705846" lon="-3.744331">
        <ele>112.529108</ele>
        <time>2023-07-21T22:44:54.739Z</time>
      </trkpt>
      <trkpt lat="56.706018" lon="-3.744631">
        <ele>112.744669</ele>
        <time>2023-07-21T22:44:58.070Z</time>
      </trkpt>
      <trkpt lat="56.706203" lon="-3.744955">
        <ele>112.976978</ele>
        <time>2023-07-21T22:45:01.560Z</time>
      </trkpt>
      <trkpt lat="56.706244" lon="-3.745026">
        <ele>113.028186</ele>
        <time>2023-07-21T22:45:02.286Z</time>
      </trkpt>
      <trkpt lat="56.706982" lon="-3.746313">
        <ele>113.531752</ele>
        <time>2023-07-21T22:45:15.104Z</time>
      </trkpt>
      <trkpt lat="56.707406" lon="-3.747036">
        <ele>113.377852</ele>
        <time>2023-07-21T22:45:22.133Z</time>
      </trkpt>
      <trkpt lat="56.707648" lon="-3.747521">
        <ele>113.282511</ele>
        <time>2023-07-21T22:45:26.298Z</time>
      </trkpt>
      <trkpt lat="56.707771" lon="-3.747830">
        <ele>113.226989</ele>
        <time>2023-07-21T22:45:28.486Z</time>
      </trkpt>
      <trkpt lat="56.707990" lon="-3.748661">
        <ele>112.742495</ele>
        <time>2023-07-21T22:45:33.451Z</time>
      </trkpt>
      <trkpt lat="56.708474" lon="-3.750576">
        <ele>110.570402</ele>
        <time>2023-07-21T22:45:43.675Z</time>
      </trkpt>
      <trkpt lat="56.708588" lon="-3.751082">
        <ele>110.006879</ele>
        <time>2023-07-21T22:45:46.209Z</time>
      </trkpt>
      <trkpt lat="56.708656" lon="-3.751522">
        <ele>109.756161</ele>
        <time>2023-07-21T22:45:48.288Z</time>
      </trkpt>
      <trkpt lat="56.708707" lon="-3.752309">
        <ele>109.693453</ele>
        <time>2023-07-21T22:45:51.970Z</time>
      </trkpt>
      <trkpt lat="56.708655" lon="-3.753140">
        <ele>109.627269</ele>
        <time>2023-07-21T22:45:56.289Z</time>
      </trkpt>
      <trkpt lat="56.708555" lon="-3.753847">
        <ele>109.569496</ele>
        <time>2023-07-21T22:46:02.084Z</time>
      </trkpt>
      <trkpt lat="56.708525" lon="-3.754524">
        <ele>109.515751</ele>
        <time>2023-07-21T22:46:09.660Z</time>
      </trkpt>
      <trkpt lat="56.708581" lon="-3.755056">
        <ele>110.812242</ele>
        <time>2023-07-21T22:46:16.536Z</time>
      </trkpt>
      <trkpt lat="56.708693" lon="-3.755541">
        <ele>112.088978</ele>
        <time>2023-07-21T22:46:23.769Z</time>
      </trkpt>
      <trkpt lat="56.708780" lon="-3.755748">
        <ele>112.721583</ele>
        <time>2023-07-21T22:46:27.608Z</time>
      </trkpt>
      <trkpt lat="56.708893" lon="-3.755968">
        <ele>113.452669</ele>
        <time>2023-07-21T22:46:31.943Z</time>
      </trkpt>
      <trkpt lat="56.709049" lon="-3.756172">
        <ele>114.301539</ele>
        <time>2023-07-21T22:46:37.120Z</time>
      </trkpt>
      <trkpt lat="56.709245" lon="-3.756387">
        <ele>115.312905</ele>
        <time>2023-07-21T22:46:43.374Z</time>
      </trkpt>
      <trkpt lat="56.709611" lon="-3.756705">
        <ele>117.105411</ele>
        <time>2023-07-21T22:46:55.177Z</time>
      </trkpt>
      <trkpt lat="56.709704" lon="-3.756809">
        <ele>117.579034</ele>
        <time>2023-07-21T22:46:58.616Z</time>
      </trkpt>
      <trkpt lat="56.710030" lon="-3.757265">
        <ele>119.264944</ele>
        <time>2023-07-21T22:47:11.240Z</time>
      </trkpt>
      <trkpt lat="56.710242" lon="-3.757789">
        <ele>120.730584</ele>
        <time>2023-07-21T22:47:21.316Z</time>
      </trkpt>
      <trkpt lat="56.710347" lon="-3.758135">
        <ele>121.620731</ele>
        <time>2023-07-21T22:47:26.866Z</time>
      </trkpt>
      <trkpt lat="56.710580" lon="-3.759206">
        <ele>124.214547</ele>
        <time>2023-07-21T22:47:40.920Z</time>
      </trkpt>
      <trkpt lat="56.710746" lon="-3.759858">
        <ele>125.052611</ele>
        <time>2023-07-21T22:47:48.430Z</time>
      </trkpt>
      <trkpt lat="56.710938" lon="-3.760508">
        <ele>125.402923</ele>
        <time>2023-07-21T22:47:54.975Z</time>
      </trkpt>
      <trkpt lat="56.711480" lon="-3.761829">
        <ele>126.185641</ele>
        <time>2023-07-21T22:48:06.752Z</time>
      </trkpt>
      <trkpt lat="56.711880" lon="-3.762521">
        <ele>126.495724</ele>
        <time>2023-07-21T22:48:12.843Z</time>
      </trkpt>
      <trkpt lat="56.712483" lon="-3.763362">
        <ele>126.735952</ele>
        <time>2023-07-21T22:48:21.639Z</time>
      </trkpt>
      <trkpt lat="56.712979" lon="-3.763857">
        <ele>126.914854</ele>
        <time>2023-07-21T22:48:29.049Z</time>
      </trkpt>
      <trkpt lat="56.713465" lon="-3.764195">
        <ele>127.697468</ele>
        <time>2023-07-21T22:48:37.219Z</time>
      </trkpt>
      <trkpt lat="56.715608" lon="-3.765014">
        <ele>132.265378</ele>
        <time>2023-07-21T22:49:20.417Z</time>
      </trkpt>
      <trkpt lat="56.715939" lon="-3.764970">
        <ele>132.962817</ele>
        <time>2023-07-21T22:49:27.213Z</time>
      </trkpt>
      <trkpt lat="56.716317" lon="-3.764785">
        <ele>133.785331</ele>
        <time>2023-07-21T22:49:34.618Z</time>
      </trkpt>
      <trkpt lat="56.716797" lon="-3.764425">
        <ele>134.282922</ele>
        <time>2023-07-21T22:49:43.071Z</time>
      </trkpt>
      <trkpt lat="56.717265" lon="-3.764293">
        <ele>133.763346</ele>
        <time>2023-07-21T22:49:49.088Z</time>
      </trkpt>
      <trkpt lat="56.717559" lon="-3.764261">
        <ele>133.440213</ele>
        <time>2023-07-21T22:49:52.123Z</time>
      </trkpt>
      <trkpt lat="56.717997" lon="-3.764425">
        <ele>132.949627</ele>
        <time>2023-07-21T22:49:56.152Z</time>
      </trkpt>
      <trkpt lat="56.718412" lon="-3.764785">
        <ele>132.286778</ele>
        <time>2023-07-21T22:49:59.878Z</time>
      </trkpt>
      <trkpt lat="56.719078" lon="-3.765582">
        <ele>129.364352</ele>
        <time>2023-07-21T22:50:05.957Z</time>
      </trkpt>
      <trkpt lat="56.719678" lon="-3.766422">
        <ele>126.589186</ele>
        <time>2023-07-21T22:50:11.888Z</time>
      </trkpt>
      <trkpt lat="56.720051" lon="-3.767132">
        <ele>125.713463</ele>
        <time>2023-07-21T22:50:16.469Z</time>
      </trkpt>
      <trkpt lat="56.720223" lon="-3.767459">
        <ele>125.572072</ele>
        <time>2023-07-21T22:50:18.799Z</time>
      </trkpt>
      <trkpt lat="56.721334" lon="-3.769642">
        <ele>125.201788</ele>
        <time>2023-07-21T22:50:40.284Z</time>
      </trkpt>
      <trkpt lat="56.721628" lon="-3.770301">
        <ele>125.529562</ele>
        <time>2023-07-21T22:50:47.699Z</time>
      </trkpt>
      <trkpt lat="56.722624" lon="-3.772533">
        <ele>126.232547</ele>
        <time>2023-07-21T22:51:09.422Z</time>
      </trkpt>
      <trkpt lat="56.722898" lon="-3.772963">
        <ele>126.272017</ele>
        <time>2023-07-21T22:51:13.664Z</time>
      </trkpt>
      <trkpt lat="56.723157" lon="-3.773297">
        <ele>126.306651</ele>
        <time>2023-07-21T22:51:17.224Z</time>
      </trkpt>
      <trkpt lat="56.723418" lon="-3.773500">
        <ele>126.337627</ele>
        <time>2023-07-21T22:51:20.288Z</time>
      </trkpt>
      <trkpt lat="56.723664" lon="-3.773691">
        <ele>126.403894</ele>
        <time>2023-07-21T22:51:23.197Z</time>
      </trkpt>
      <trkpt lat="56.724361" lon="-3.774143">
        <ele>126.719465</ele>
        <time>2023-07-21T22:51:31.501Z</time>
      </trkpt>
      <trkpt lat="56.724811" lon="-3.774412">
        <ele>126.921477</ele>
        <time>2023-07-21T22:51:37.335Z</time>
      </trkpt>
      <trkpt lat="56.724942" lon="-3.774471">
        <ele>126.979037</ele>
        <time>2023-07-21T22:51:39.288Z</time>
      </trkpt>
      <trkpt lat="56.725487" lon="-3.774717">
        <ele>127.963621</ele>
        <time>2023-07-21T22:51:48.695Z</time>
      </trkpt>
      <trkpt lat="56.725947" lon="-3.774871">
        <ele>129.691694</ele>
        <time>2023-07-21T22:51:59.090Z</time>
      </trkpt>
      <trkpt lat="56.726191" lon="-3.774864">
        <ele>130.593353</ele>
        <time>2023-07-21T22:52:05.222Z</time>
      </trkpt>
      <trkpt lat="56.726527" lon="-3.774783">
        <ele>131.845641</ele>
        <time>2023-07-21T22:52:14.359Z</time>
      </trkpt>
      <trkpt lat="56.726867" lon="-3.774614">
        <ele>133.147771</ele>
        <time>2023-07-21T22:52:23.855Z</time>
      </trkpt>
      <trkpt lat="56.727333" lon="-3.774447">
        <ele>135.073896</ele>
        <time>2023-07-21T22:52:36.894Z</time>
      </trkpt>
      <trkpt lat="56.727612" lon="-3.774395">
        <ele>136.266514</ele>
        <time>2023-07-21T22:52:44.664Z</time>
      </trkpt>
      <trkpt lat="56.727886" lon="-3.774419">
        <ele>137.433028</ele>
        <time>2023-07-21T22:52:52.240Z</time>
      </trkpt>
      <trkpt lat="56.728301" lon="-3.774476">
        <ele>139.202795</ele>
        <time>2023-07-21T22:53:03.133Z</time>
      </trkpt>
      <trkpt lat="56.728698" lon="-3.774467">
        <ele>140.891145</ele>
        <time>2023-07-21T22:53:12.716Z</time>
      </trkpt>
      <trkpt lat="56.729979" lon="-3.774311">
        <ele>144.561672</ele>
        <time>2023-07-21T22:53:38.139Z</time>
      </trkpt>
      <trkpt lat="56.730906" lon="-3.774183">
        <ele>147.323445</ele>
        <time>2023-07-21T22:53:57.254Z</time>
      </trkpt>
      <trkpt lat="56.731093" lon="-3.774100">
        <ele>148.004686</ele>
        <time>2023-07-21T22:54:01.320Z</time>
      </trkpt>
      <trkpt lat="56.731655" lon="-3.773734">
        <ele>150.117068</ele>
        <time>2023-07-21T22:54:14.209Z</time>
      </trkpt>
      <trkpt lat="56.732916" lon="-3.772927">
        <ele>155.789612</ele>
        <time>2023-07-21T22:54:49.301Z</time>
      </trkpt>
      <trkpt lat="56.733889" lon="-3.772085">
        <ele>161.242277</ele>
        <time>2023-07-21T22:55:20.852Z</time>
      </trkpt>
      <trkpt lat="56.734899" lon="-3.771148">
        <ele>166.084830</ele>
        <time>2023-07-21T22:55:52.944Z</time>
      </trkpt>
      <trkpt lat="56.735429" lon="-3.770878">
        <ele>168.392918</ele>
        <time>2023-07-21T22:56:05.893Z</time>
      </trkpt>
      <trkpt lat="56.735704" lon="-3.770660">
        <ele>169.313873</ele>
        <time>2023-07-21T22:56:12.053Z</time>
      </trkpt>
      <trkpt lat="56.735850" lon="-3.770544">
        <ele>169.325922</ele>
        <time>2023-07-21T22:56:15.137Z</time>
      </trkpt>
      <trkpt lat="56.735893" lon="-3.770510">
        <ele>169.329468</ele>
        <time>2023-07-21T22:56:16.020Z</time>
      </trkpt>
      <trkpt lat="56.736074" lon="-3.770357">
        <ele>169.344562</ele>
        <time>2023-07-21T22:56:19.419Z</time>
      </trkpt>
      <trkpt lat="56.738079" lon="-3.769825">
        <ele>167.415203</ele>
        <time>2023-07-21T22:56:39.413Z</time>
      </trkpt>
      <trkpt lat="56.738558" lon="-3.769869">
        <ele>166.054268</ele>
        <time>2023-07-21T22:56:43.193Z</time>
      </trkpt>
      <trkpt lat="56.738771" lon="-3.769960">
        <ele>165.433489</ele>
        <time>2023-07-21T22:56:44.888Z</time>
      </trkpt>
      <trkpt lat="56.741147" lon="-3.770444">
        <ele>155.967980</ele>
        <time>2023-07-21T22:57:03.239Z</time>
      </trkpt>
      <trkpt lat="56.741671" lon="-3.770612">
        <ele>154.344276</ele>
        <time>2023-07-21T22:57:07.765Z</time>
      </trkpt>
      <trkpt lat="56.742309" lon="-3.771021">
        <ele>152.280367</ele>
        <time>2023-07-21T22:57:13.644Z</time>
      </trkpt>
      <trkpt lat="56.742456" lon="-3.771164">
        <ele>151.771896</ele>
        <time>2023-07-21T22:57:14.986Z</time>
      </trkpt>
      <trkpt lat="56.743105" lon="-3.771870">
        <ele>148.212300</ele>
        <time>2023-07-21T22:57:20.934Z</time>
      </trkpt>
      <trkpt lat="56.743336" lon="-3.772183">
        <ele>146.664536</ele>
        <time>2023-07-21T22:57:23.140Z</time>
      </trkpt>
      <trkpt lat="56.743496" lon="-3.772460">
        <ele>145.478003</ele>
        <time>2023-07-21T22:57:24.796Z</time>
      </trkpt>
      <trkpt lat="56.743595" lon="-3.772866">
        <ele>144.167560</ele>
        <time>2023-07-21T22:57:26.578Z</time>
      </trkpt>
      <trkpt lat="56.743601" lon="-3.773130">
        <ele>143.388285</ele>
        <time>2023-07-21T22:57:27.643Z</time>
      </trkpt>
      <trkpt lat="56.743548" lon="-3.773648">
        <ele>141.834198</ele>
        <time>2023-07-21T22:57:29.703Z</time>
      </trkpt>
      <trkpt lat="56.743490" lon="-3.774456">
        <ele>138.987852</ele>
        <time>2023-07-21T22:57:32.852Z</time>
      </trkpt>
      <trkpt lat="56.743522" lon="-3.775075">
        <ele>136.749137</ele>
        <time>2023-07-21T22:57:35.250Z</time>
      </trkpt>
      <trkpt lat="56.743676" lon="-3.776182">
        <ele>132.636917</ele>
        <time>2023-07-21T22:57:39.777Z</time>
      </trkpt>
      <trkpt lat="56.743717" lon="-3.776411">
        <ele>131.769528</ele>
        <time>2023-07-21T22:57:40.774Z</time>
      </trkpt>
      <trkpt lat="56.743821" lon="-3.776962">
        <ele>129.671328</ele>
        <time>2023-07-21T22:57:43.220Z</time>
      </trkpt>
      <trkpt lat="56.744041" lon="-3.777743">
        <ele>127.752755</ele>
        <time>2023-07-21T22:57:46.919Z</time>
      </trkpt>
      <trkpt lat="56.744194" lon="-3.778011">
        <ele>126.915244</ele>
        <time>2023-07-21T22:57:48.539Z</time>
      </trkpt>
      <trkpt lat="56.744745" lon="-3.778592">
        <ele>124.402590</ele>
        <time>2023-07-21T22:57:53.522Z</time>
      </trkpt>
      <trkpt lat="56.744799" lon="-3.778665">
        <ele>124.137226</ele>
        <time>2023-07-21T22:57:54.043Z</time>
      </trkpt>
      <trkpt lat="56.745108" lon="-3.779157">
        <ele>122.520842</ele>
        <time>2023-07-21T22:57:57.435Z</time>
      </trkpt>
      <trkpt lat="56.745160" lon="-3.779330">
        <ele>122.248086</ele>
        <time>2023-07-21T22:57:58.331Z</time>
      </trkpt>
      <trkpt lat="56.745255" lon="-3.779850">
        <ele>121.490312</ele>
        <time>2023-07-21T22:58:00.831Z</time>
      </trkpt>
      <trkpt lat="56.745266" lon="-3.779993">
        <ele>121.290672</ele>
        <time>2023-07-21T22:58:01.493Z</time>
      </trkpt>
      <trkpt lat="56.745306" lon="-3.780413">
        <ele>120.701311</ele>
        <time>2023-07-21T22:58:03.437Z</time>
      </trkpt>
      <trkpt lat="56.745305" lon="-3.780499">
        <ele>120.582385</ele>
        <time>2023-07-21T22:58:03.823Z</time>
      </trkpt>
      <trkpt lat="56.745276" lon="-3.781679">
        <ele>118.949344</ele>
        <time>2023-07-21T22:58:09.109Z</time>
      </trkpt>
      <trkpt lat="56.745347" lon="-3.782000">
        <ele>118.470806</ele>
        <time>2023-07-21T22:58:10.663Z</time>
      </trkpt>
      <trkpt lat="56.747887" lon="-3.789377">
        <ele>116.236302</ele>
        <time>2023-07-21T22:59:01.945Z</time>
      </trkpt>
      <trkpt lat="56.749336" lon="-3.793833">
        <ele>118.517752</ele>
        <time>2023-07-21T22:59:44.386Z</time>
      </trkpt>
      <trkpt lat="56.750760" lon="-3.797720">
        <ele>121.049768</ele>
        <time>2023-07-21T23:00:25.911Z</time>
      </trkpt>
      <trkpt lat="56.750863" lon="-3.798094">
        <ele>121.167399</ele>
        <time>2023-07-21T23:00:28.703Z</time>
      </trkpt>
      <trkpt lat="56.751233" lon="-3.799617">
        <ele>121.202990</ele>
        <time>2023-07-21T23:00:38.219Z</time>
      </trkpt>
      <trkpt lat="56.751659" lon="-3.801932">
        <ele>120.191120</ele>
        <time>2023-07-21T23:00:51.035Z</time>
      </trkpt>
      <trkpt lat="56.751892" lon="-3.803017">
        <ele>120.505999</ele>
        <time>2023-07-21T23:00:59.282Z</time>
      </trkpt>
      <trkpt lat="56.752058" lon="-3.803587">
        <ele>120.781289</ele>
        <time>2023-07-21T23:01:04.517Z</time>
      </trkpt>
      <trkpt lat="56.752173" lon="-3.803879">
        <ele>120.934637</ele>
        <time>2023-07-21T23:01:07.627Z</time>
      </trkpt>
      <trkpt lat="56.752707" lon="-3.805171">
        <ele>121.609526</ele>
        <time>2023-07-21T23:01:22.194Z</time>
      </trkpt>
      <trkpt lat="56.753470" lon="-3.806588">
        <ele>122.352733</ele>
        <time>2023-07-21T23:01:38.452Z</time>
      </trkpt>
      <trkpt lat="56.754148" lon="-3.807886">
        <ele>122.545965</ele>
        <time>2023-07-21T23:01:49.747Z</time>
      </trkpt>
      <trkpt lat="56.754417" lon="-3.808405">
        <ele>122.380985</ele>
        <time>2023-07-21T23:01:53.807Z</time>
      </trkpt>
      <trkpt lat="56.756345" lon="-3.812898">
        <ele>120.931713</ele>
        <time>2023-07-21T23:02:26.790Z</time>
      </trkpt>
      <trkpt lat="56.757252" lon="-3.814829">
        <ele>120.608399</ele>
        <time>2023-07-21T23:02:42.249Z</time>
      </trkpt>
      <trkpt lat="56.757750" lon="-3.815813">
        <ele>121.170685</ele>
        <time>2023-07-21T23:02:51.993Z</time>
      </trkpt>
      <trkpt lat="56.757933" lon="-3.816151">
        <ele>121.389025</ele>
        <time>2023-07-21T23:02:55.860Z</time>
      </trkpt>
      <trkpt lat="56.758400" lon="-3.817050">
        <ele>121.958250</ele>
        <time>2023-07-21T23:03:06.364Z</time>
      </trkpt>
      <trkpt lat="56.758841" lon="-3.818155">
        <ele>122.881199</ele>
        <time>2023-07-21T23:03:18.799Z</time>
      </trkpt>
      <trkpt lat="56.759584" lon="-3.819597">
        <ele>124.347453</ele>
        <time>2023-07-21T23:03:37.517Z</time>
      </trkpt>
      <trkpt lat="56.759875" lon="-3.820057">
        <ele>124.678327</ele>
        <time>2023-07-21T23:03:42.764Z</time>
      </trkpt>
      <trkpt lat="56.760076" lon="-3.820307">
        <ele>124.819382</ele>
        <time>2023-07-21T23:03:45.654Z</time>
      </trkpt>
      <trkpt lat="56.760488" lon="-3.821037">
        <ele>125.152399</ele>
        <time>2023-07-21T23:03:52.698Z</time>
      </trkpt>
      <trkpt lat="56.760526" lon="-3.821106">
        <ele>125.183486</ele>
        <time>2023-07-21T23:03:53.449Z</time>
      </trkpt>
      <trkpt lat="56.760558" lon="-3.821158">
        <ele>125.208334</ele>
        <time>2023-07-21T23:03:54.042Z</time>
      </trkpt>
      <trkpt lat="56.760959" lon="-3.821823">
        <ele>125.522552</ele>
        <time>2023-07-21T23:04:01.610Z</time>
      </trkpt>
      <trkpt lat="56.761199" lon="-3.822336">
        <ele>125.880253</ele>
        <time>2023-07-21T23:04:07.262Z</time>
      </trkpt>
      <trkpt lat="56.761679" lon="-3.824091">
        <ele>127.068844</ele>
        <time>2023-07-21T23:04:23.163Z</time>
      </trkpt>
      <trkpt lat="56.761879" lon="-3.825103">
        <ele>127.741883</ele>
        <time>2023-07-21T23:04:33.261Z</time>
      </trkpt>
      <trkpt lat="56.762103" lon="-3.825848">
        <ele>128.327733</ele>
        <time>2023-07-21T23:04:41.180Z</time>
      </trkpt>
      <trkpt lat="56.762331" lon="-3.827076">
        <ele>129.221635</ele>
        <time>2023-07-21T23:04:52.203Z</time>
      </trkpt>
      <trkpt lat="56.762592" lon="-3.827616">
        <ele>129.718012</ele>
        <time>2023-07-21T23:04:57.839Z</time>
      </trkpt>
      <trkpt lat="56.763576" lon="-3.829448">
        <ele>131.641409</ele>
        <time>2023-07-21T23:05:20.737Z</time>
      </trkpt>
      <trkpt lat="56.764376" lon="-3.830777">
        <ele>133.044754</ele>
        <time>2023-07-21T23:05:38.669Z</time>
      </trkpt>
      <trkpt lat="56.764533" lon="-3.830968">
        <ele>133.277629</ele>
        <time>2023-07-21T23:05:41.535Z</time>
      </trkpt>
      <trkpt lat="56.764743" lon="-3.831143">
        <ele>133.562543</ele>
        <time>2023-07-21T23:05:45.017Z</time>
      </trkpt>
      <trkpt lat="56.764931" lon="-3.831377">
        <ele>133.843398</ele>
        <time>2023-07-21T23:05:48.535Z</time>
      </trkpt>
      <trkpt lat="56.765150" lon="-3.831795">
        <ele>134.234524</ele>
        <time>2023-07-21T23:05:53.590Z</time>
      </trkpt>
      <trkpt lat="56.765571" lon="-3.833014">
        <ele>135.286239</ele>
        <time>2023-07-21T23:06:05.810Z</time>
      </trkpt>
      <trkpt lat="56.765592" lon="-3.833068">
        <ele>135.336066</ele>
        <time>2023-07-21T23:06:06.374Z</time>
      </trkpt>
      <trkpt lat="56.765898" lon="-3.833950">
        <ele>136.121594</ele>
        <time>2023-07-21T23:06:15.433Z</time>
      </trkpt>
      <trkpt lat="56.766708" lon="-3.836303">
        <ele>137.770263</ele>
        <time>2023-07-21T23:06:41.729Z</time>
      </trkpt>
      <trkpt lat="56.766923" lon="-3.836921">
        <ele>138.121276</ele>
        <time>2023-07-21T23:06:47.945Z</time>
      </trkpt>
      <trkpt lat="56.767179" lon="-3.837674">
        <ele>138.546191</ele>
        <time>2023-07-21T23:06:53.898Z</time>
      </trkpt>
      <trkpt lat="56.767259" lon="-3.837907">
        <ele>138.355489</ele>
        <time>2023-07-21T23:06:55.335Z</time>
      </trkpt>
      <trkpt lat="56.767568" lon="-3.838811">
        <ele>137.381614</ele>
        <time>2023-07-21T23:07:00.675Z</time>
      </trkpt>
      <trkpt lat="56.767740" lon="-3.839425">
        <ele>136.751306</ele>
        <time>2023-07-21T23:07:03.988Z</time>
      </trkpt>
      <trkpt lat="56.767804" lon="-3.839857">
        <ele>136.342255</ele>
        <time>2023-07-21T23:07:06.129Z</time>
      </trkpt>
      <trkpt lat="56.767803" lon="-3.840187">
        <ele>136.040608</ele>
        <time>2023-07-21T23:07:07.691Z</time>
      </trkpt>
      <trkpt lat="56.767742" lon="-3.840567">
        <ele>135.678668</ele>
        <time>2023-07-21T23:07:09.580Z</time>
      </trkpt>
      <trkpt lat="56.767541" lon="-3.841342">
        <ele>134.874959</ele>
        <time>2023-07-21T23:07:13.595Z</time>
      </trkpt>
      <trkpt lat="56.767251" lon="-3.842464">
        <ele>133.707317</ele>
        <time>2023-07-21T23:07:19.348Z</time>
      </trkpt>
      <trkpt lat="56.767221" lon="-3.842584">
        <ele>133.583170</ele>
        <time>2023-07-21T23:07:19.989Z</time>
      </trkpt>
      <trkpt lat="56.767077" lon="-3.843132">
        <ele>133.011134</ele>
        <time>2023-07-21T23:07:23.163Z</time>
      </trkpt>
      <trkpt lat="56.767007" lon="-3.843383">
        <ele>132.746048</ele>
        <time>2023-07-21T23:07:24.801Z</time>
      </trkpt>
      <trkpt lat="56.766732" lon="-3.844369">
        <ele>132.370146</ele>
        <time>2023-07-21T23:07:31.916Z</time>
      </trkpt>
      <trkpt lat="56.766658" lon="-3.844642">
        <ele>132.330182</ele>
        <time>2023-07-21T23:07:33.741Z</time>
      </trkpt>
      <trkpt lat="56.766591" lon="-3.844882">
        <ele>132.294839</ele>
        <time>2023-07-21T23:07:35.519Z</time>
      </trkpt>
      <trkpt lat="56.766570" lon="-3.844955">
        <ele>132.284021</ele>
        <time>2023-07-21T23:07:36.049Z</time>
      </trkpt>
      <trkpt lat="56.766448" lon="-3.845375">
        <ele>132.221647</ele>
        <time>2023-07-21T23:07:38.902Z</time>
      </trkpt>
      <trkpt lat="56.766272" lon="-3.846168">
        <ele>132.109382</ele>
        <time>2023-07-21T23:07:44.068Z</time>
      </trkpt>
      <trkpt lat="56.766006" lon="-3.848048">
        <ele>131.998086</ele>
        <time>2023-07-21T23:07:56.433Z</time>
      </trkpt>
      <trkpt lat="56.765952" lon="-3.848527">
        <ele>131.981698</ele>
        <time>2023-07-21T23:07:59.454Z</time>
      </trkpt>
      <trkpt lat="56.765909" lon="-3.848911">
        <ele>131.968564</ele>
        <time>2023-07-21T23:08:01.906Z</time>
      </trkpt>
      <trkpt lat="56.765820" lon="-3.849631">
        <ele>131.943829</ele>
        <time>2023-07-21T23:08:06.568Z</time>
      </trkpt>
      <trkpt lat="56.765798" lon="-3.850065">
        <ele>131.954874</ele>
        <time>2023-07-21T23:08:09.508Z</time>
      </trkpt>
      <trkpt lat="56.765817" lon="-3.851195">
        <ele>132.037033</ele>
        <time>2023-07-21T23:08:17.672Z</time>
      </trkpt>
      <trkpt lat="56.765910" lon="-3.852949">
        <ele>132.165095</ele>
        <time>2023-07-21T23:08:29.673Z</time>
      </trkpt>
      <trkpt lat="56.765953" lon="-3.853383">
        <ele>132.140524</ele>
        <time>2023-07-21T23:08:32.321Z</time>
      </trkpt>
      <trkpt lat="56.765989" lon="-3.853666">
        <ele>132.105590</ele>
        <time>2023-07-21T23:08:34.192Z</time>
      </trkpt>
      <trkpt lat="56.766275" lon="-3.855853">
        <ele>131.835232</ele>
        <time>2023-07-21T23:08:47.445Z</time>
      </trkpt>
      <trkpt lat="56.767112" lon="-3.863754">
        <ele>132.262966</ele>
        <time>2023-07-21T23:09:40.977Z</time>
      </trkpt>
      <trkpt lat="56.767364" lon="-3.869333">
        <ele>133.620643</ele>
        <time>2023-07-21T23:10:22.395Z</time>
      </trkpt>
      <trkpt lat="56.767405" lon="-3.870239">
        <ele>133.875060</ele>
        <time>2023-07-21T23:10:29.299Z</time>
      </trkpt>
      <trkpt lat="56.768767" lon="-3.881519">
        <ele>137.063109</ele>
        <time>2023-07-21T23:11:54.565Z</time>
      </trkpt>
      <trkpt lat="56.769985" lon="-3.891361">
        <ele>139.358173</ele>
        <time>2023-07-21T23:13:06.978Z</time>
      </trkpt>
      <trkpt lat="56.769943" lon="-3.891579">
        <ele>139.413152</ele>
        <time>2023-07-21T23:13:08.754Z</time>
      </trkpt>
      <trkpt lat="56.769880" lon="-3.891728">
        <ele>139.468756</ele>
        <time>2023-07-21T23:13:10.184Z</time>
      </trkpt>
      <trkpt lat="56.769757" lon="-3.891932">
        <ele>139.593626</ele>
        <time>2023-07-21T23:13:12.465Z</time>
      </trkpt>
      <trkpt lat="56.769687" lon="-3.892117">
        <ele>139.686181</ele>
        <time>2023-07-21T23:13:14.229Z</time>
      </trkpt>
      <trkpt lat="56.769678" lon="-3.892212">
        <ele>139.725873</ele>
        <time>2023-07-21T23:13:14.976Z</time>
      </trkpt>
      <trkpt lat="56.769685" lon="-3.892594">
        <ele>139.883229</ele>
        <time>2023-07-21T23:13:17.920Z</time>
      </trkpt>
      <trkpt lat="56.770072" lon="-3.895287">
        <ele>141.093970</ele>
        <time>2023-07-21T23:13:40.066Z</time>
      </trkpt>
      <trkpt lat="56.770146" lon="-3.896638">
        <ele>141.806457</ele>
        <time>2023-07-21T23:13:51.619Z</time>
      </trkpt>
      <trkpt lat="56.770290" lon="-3.898245">
        <ele>142.570232</ele>
        <time>2023-07-21T23:14:04.923Z</time>
      </trkpt>
      <trkpt lat="56.770296" lon="-3.898712">
        <ele>142.661163</ele>
        <time>2023-07-21T23:14:08.437Z</time>
      </trkpt>
      <trkpt lat="56.770265" lon="-3.899164">
        <ele>142.749836</ele>
        <time>2023-07-21T23:14:11.683Z</time>
      </trkpt>
      <trkpt lat="56.770081" lon="-3.900571">
        <ele>143.031414</ele>
        <time>2023-07-21T23:14:21.886Z</time>
      </trkpt>
      <trkpt lat="56.769930" lon="-3.902112">
        <ele>143.029513</ele>
        <time>2023-07-21T23:14:31.851Z</time>
      </trkpt>
      <trkpt lat="56.769790" lon="-3.903428">
        <ele>142.847138</ele>
        <time>2023-07-21T23:14:39.626Z</time>
      </trkpt>
      <trkpt lat="56.769606" lon="-3.905154">
        <ele>142.694389</ele>
        <time>2023-07-21T23:14:50.426Z</time>
      </trkpt>
      <trkpt lat="56.769618" lon="-3.905838">
        <ele>142.680824</ele>
        <time>2023-07-21T23:14:54.902Z</time>
      </trkpt>
      <trkpt lat="56.769756" lon="-3.907258">
        <ele>142.652238</ele>
        <time>2023-07-21T23:15:04.169Z</time>
      </trkpt>
      <trkpt lat="56.769908" lon="-3.908827">
        <ele>143.092777</ele>
        <time>2023-07-21T23:15:15.480Z</time>
      </trkpt>
      <trkpt lat="56.770800" lon="-3.919587">
        <ele>147.940149</ele>
        <time>2023-07-21T23:16:40.513Z</time>
      </trkpt>
      <trkpt lat="56.771302" lon="-3.925374">
        <ele>154.394718</ele>
        <time>2023-07-21T23:17:42.389Z</time>
      </trkpt>
      <trkpt lat="56.771359" lon="-3.926138">
        <ele>155.212987</ele>
        <time>2023-07-21T23:17:50.232Z</time>
      </trkpt>
      <trkpt lat="56.771357" lon="-3.926531">
        <ele>155.630073</ele>
        <time>2023-07-21T23:17:54.064Z</time>
      </trkpt>
      <trkpt lat="56.771328" lon="-3.926899">
        <ele>156.024627</ele>
        <time>2023-07-21T23:17:57.421Z</time>
      </trkpt>
      <trkpt lat="56.771229" lon="-3.927424">
        <ele>156.416405</ele>
        <time>2023-07-21T23:18:01.879Z</time>
      </trkpt>
      <trkpt lat="56.771188" lon="-3.927576">
        <ele>156.491905</ele>
        <time>2023-07-21T23:18:03.178Z</time>
      </trkpt>
      <trkpt lat="56.771068" lon="-3.927955">
        <ele>156.686972</ele>
        <time>2023-07-21T23:18:06.685Z</time>
      </trkpt>
      <trkpt lat="56.770937" lon="-3.928199">
        <ele>156.839202</ele>
        <time>2023-07-21T23:18:09.310Z</time>
      </trkpt>
      <trkpt lat="56.770895" lon="-3.928261">
        <ele>156.883135</ele>
        <time>2023-07-21T23:18:10.097Z</time>
      </trkpt>
      <trkpt lat="56.770754" lon="-3.928468">
        <ele>157.030305</ele>
        <time>2023-07-21T23:18:12.610Z</time>
      </trkpt>
      <trkpt lat="56.770588" lon="-3.928623">
        <ele>157.181950</ele>
        <time>2023-07-21T23:18:15.361Z</time>
      </trkpt>
      <trkpt lat="56.770498" lon="-3.928685">
        <ele>157.260184</ele>
        <time>2023-07-21T23:18:16.718Z</time>
      </trkpt>
      <trkpt lat="56.770470" lon="-3.928701">
        <ele>157.284046</ele>
        <time>2023-07-21T23:18:17.116Z</time>
      </trkpt>
      <trkpt lat="56.770389" lon="-3.928732">
        <ele>157.351352</ele>
        <time>2023-07-21T23:18:18.246Z</time>
      </trkpt>
      <trkpt lat="56.770034" lon="-3.928776">
        <ele>157.640721</ele>
        <time>2023-07-21T23:18:23.316Z</time>
      </trkpt>
      <trkpt lat="56.770015" lon="-3.929377">
        <ele>157.896562</ele>
        <time>2023-07-21T23:18:27.949Z</time>
      </trkpt>
      <trkpt lat="56.769764" lon="-3.930261">
        <ele>158.308308</ele>
        <time>2023-07-21T23:18:35.177Z</time>
      </trkpt>
      <trkpt lat="56.769639" lon="-3.930724">
        <ele>158.521763</ele>
        <time>2023-07-21T23:18:38.854Z</time>
      </trkpt>
      <trkpt lat="56.769368" lon="-3.932087">
        <ele>159.153180</ele>
        <time>2023-07-21T23:18:50.755Z</time>
      </trkpt>
      <trkpt lat="56.768969" lon="-3.934058">
        <ele>161.015058</ele>
        <time>2023-07-21T23:19:09.591Z</time>
      </trkpt>
      <trkpt lat="56.768747" lon="-3.935187">
        <ele>162.109349</ele>
        <time>2023-07-21T23:19:21.720Z</time>
      </trkpt>
      <trkpt lat="56.768723" lon="-3.935788">
        <ele>162.863961</ele>
        <time>2023-07-21T23:19:28.287Z</time>
      </trkpt>
      <trkpt lat="56.768848" lon="-3.939844">
        <ele>166.043216</ele>
        <time>2023-07-21T23:20:11.096Z</time>
      </trkpt>
      <trkpt lat="56.768794" lon="-3.940645">
        <ele>166.005434</ele>
        <time>2023-07-21T23:20:15.477Z</time>
      </trkpt>
      <trkpt lat="56.768731" lon="-3.941020">
        <ele>165.987072</ele>
        <time>2023-07-21T23:20:17.365Z</time>
      </trkpt>
      <trkpt lat="56.768630" lon="-3.941367">
        <ele>165.968677</ele>
        <time>2023-07-21T23:20:19.199Z</time>
      </trkpt>
      <trkpt lat="56.767915" lon="-3.943070">
        <ele>163.011524</ele>
        <time>2023-07-21T23:20:28.610Z</time>
      </trkpt>
      <trkpt lat="56.767728" lon="-3.943705">
        <ele>161.907494</ele>
        <time>2023-07-21T23:20:31.765Z</time>
      </trkpt>
      <trkpt lat="56.767667" lon="-3.944023">
        <ele>161.391497</ele>
        <time>2023-07-21T23:20:33.278Z</time>
      </trkpt>
      <trkpt lat="56.767603" lon="-3.944560">
        <ele>161.031357</ele>
        <time>2023-07-21T23:20:35.839Z</time>
      </trkpt>
      <trkpt lat="56.767317" lon="-3.947878">
        <ele>163.057127</ele>
        <time>2023-07-21T23:21:04.207Z</time>
      </trkpt>
      <trkpt lat="56.767310" lon="-3.948433">
        <ele>164.446243</ele>
        <time>2023-07-21T23:21:12.154Z</time>
      </trkpt>
      <trkpt lat="56.767353" lon="-3.948996">
        <ele>165.868623</ele>
        <time>2023-07-21T23:21:21.026Z</time>
      </trkpt>
      <trkpt lat="56.767392" lon="-3.949238">
        <ele>166.499805</ele>
        <time>2023-07-21T23:21:25.070Z</time>
      </trkpt>
      <trkpt lat="56.767488" lon="-3.949628">
        <ele>167.569595</ele>
        <time>2023-07-21T23:21:31.812Z</time>
      </trkpt>
      <trkpt lat="56.767578" lon="-3.949878">
        <ele>168.318048</ele>
        <time>2023-07-21T23:21:36.771Z</time>
      </trkpt>
      <trkpt lat="56.767901" lon="-3.950587">
        <ele>170.632728</ele>
        <time>2023-07-21T23:21:51.844Z</time>
      </trkpt>
      <trkpt lat="56.767968" lon="-3.950713">
        <ele>171.091633</ele>
        <time>2023-07-21T23:21:54.794Z</time>
      </trkpt>
      <trkpt lat="56.768050" lon="-3.950843">
        <ele>171.609739</ele>
        <time>2023-07-21T23:21:58.192Z</time>
      </trkpt>
      <trkpt lat="56.768126" lon="-3.951141">
        <ele>172.468893</ele>
        <time>2023-07-21T23:22:03.442Z</time>
      </trkpt>
      <trkpt lat="56.768077" lon="-3.952452">
        <ele>175.903662</ele>
        <time>2023-07-21T23:22:23.747Z</time>
      </trkpt>
      <trkpt lat="56.768082" lon="-3.952770">
        <ele>176.735221</ele>
        <time>2023-07-21T23:22:28.331Z</time>
      </trkpt>
      <trkpt lat="56.768180" lon="-3.954045">
        <ele>179.864012</ele>
        <time>2023-07-21T23:22:45.104Z</time>
      </trkpt>
      <trkpt lat="56.768240" lon="-3.954502">
        <ele>180.820493</ele>
        <time>2023-07-21T23:22:51.092Z</time>
      </trkpt>
      <trkpt lat="56.768243" lon="-3.954957">
        <ele>181.746649</ele>
        <time>2023-07-21T23:22:56.896Z</time>
      </trkpt>
      <trkpt lat="56.768216" lon="-3.955186">
        <ele>182.223412</ele>
        <time>2023-07-21T23:22:59.995Z</time>
      </trkpt>
      <trkpt lat="56.768141" lon="-3.955520">
        <ele>182.958078</ele>
        <time>2023-07-21T23:23:04.560Z</time>
      </trkpt>
      <trkpt lat="56.767999" lon="-3.956161">
        <ele>184.365311</ele>
        <time>2023-07-21T23:23:13.486Z</time>
      </trkpt>
      <trkpt lat="56.767978" lon="-3.956600">
        <ele>185.262238</ele>
        <time>2023-07-21T23:23:19.197Z</time>
      </trkpt>
      <trkpt lat="56.768023" lon="-3.956960">
        <ele>186.032204</ele>
        <time>2023-07-21T23:23:24.127Z</time>
      </trkpt>
      <trkpt lat="56.768192" lon="-3.957698">
        <ele>187.759481</ele>
        <time>2023-07-21T23:23:34.778Z</time>
      </trkpt>
      <trkpt lat="56.768268" lon="-3.958042">
        <ele>188.560452</ele>
        <time>2023-07-21T23:23:39.753Z</time>
      </trkpt>
      <trkpt lat="56.768275" lon="-3.958082">
        <ele>188.651130</ele>
        <time>2023-07-21T23:23:40.348Z</time>
      </trkpt>
      <trkpt lat="56.768360" lon="-3.958433">
        <ele>189.479828</ele>
        <time>2023-07-21T23:23:45.616Z</time>
      </trkpt>
      <trkpt lat="56.768461" lon="-3.958899">
        <ele>190.562006</ele>
        <time>2023-07-21T23:23:52.355Z</time>
      </trkpt>
      <trkpt lat="56.768685" lon="-3.959896">
        <ele>192.882738</ele>
        <time>2023-07-21T23:24:06.518Z</time>
      </trkpt>
      <trkpt lat="56.768897" lon="-3.960816">
        <ele>194.888209</ele>
        <time>2023-07-21T23:24:20.416Z</time>
      </trkpt>
      <trkpt lat="56.768798" lon="-3.960967">
        <ele>195.361327</ele>
        <time>2023-07-21T23:24:24.051Z</time>
      </trkpt>
      <trkpt lat="56.768935" lon="-3.961671">
        <ele>196.862516</ele>
        <time>2023-07-21T23:24:35.838Z</time>
      </trkpt>
      <trkpt lat="56.769040" lon="-3.962129">
        <ele>197.860123</ele>
        <time>2023-07-21T23:24:43.356Z</time>
      </trkpt>
      <trkpt lat="56.769399" lon="-3.963053">
        <ele>199.786818</ele>
        <time>2023-07-21T23:24:59.791Z</time>
      </trkpt>
      <trkpt lat="56.769437" lon="-3.963285">
        <ele>200.044135</ele>
        <time>2023-07-21T23:25:02.762Z</time>
      </trkpt>
      <trkpt lat="56.769440" lon="-3.963466">
        <ele>200.236567</ele>
        <time>2023-07-21T23:25:05.359Z</time>
      </trkpt>
      <trkpt lat="56.769312" lon="-3.963882">
        <ele>200.743555</ele>
        <time>2023-07-21T23:25:11.668Z</time>
      </trkpt>
      <trkpt lat="56.769304" lon="-3.964033">
        <ele>200.904768</ele>
        <time>2023-07-21T23:25:13.735Z</time>
      </trkpt>
      <trkpt lat="56.769326" lon="-3.964181">
        <ele>201.067727</ele>
        <time>2023-07-21T23:25:15.712Z</time>
      </trkpt>
      <trkpt lat="56.769787" lon="-3.965949">
        <ele>202.885230</ele>
        <time>2023-07-21T23:25:37.808Z</time>
      </trkpt>
      <trkpt lat="56.770103" lon="-3.968434">
        <ele>202.912206</ele>
        <time>2023-07-21T23:26:00.472Z</time>
      </trkpt>
      <trkpt lat="56.770523" lon="-3.970444">
        <ele>201.856469</ele>
        <time>2023-07-21T23:26:16.748Z</time>
      </trkpt>
      <trkpt lat="56.771119" lon="-3.973567">
        <ele>200.208832</ele>
        <time>2023-07-21T23:26:40.775Z</time>
      </trkpt>
      <trkpt lat="56.771254" lon="-3.974075">
        <ele>200.001082</ele>
        <time>2023-07-21T23:26:45.339Z</time>
      </trkpt>
      <trkpt lat="56.771603" lon="-3.975217">
        <ele>199.847072</ele>
        <time>2023-07-21T23:26:57.226Z</time>
      </trkpt>
      <trkpt lat="56.772209" lon="-3.977376">
        <ele>201.741515</ele>
        <time>2023-07-21T23:27:25.321Z</time>
      </trkpt>
      <trkpt lat="56.772554" lon="-3.978539">
        <ele>202.937948</ele>
        <time>2023-07-21T23:27:41.803Z</time>
      </trkpt>
      <trkpt lat="56.772719" lon="-3.979019">
        <ele>203.503981</ele>
        <time>2023-07-21T23:27:48.869Z</time>
      </trkpt>
      <trkpt lat="56.772990" lon="-3.979606">
        <ele>204.270734</ele>
        <time>2023-07-21T23:27:58.498Z</time>
      </trkpt>
      <trkpt lat="56.774075" lon="-3.981610">
        <ele>206.732183</ele>
        <time>2023-07-21T23:28:30.842Z</time>
      </trkpt>
      <trkpt lat="56.774342" lon="-3.982196">
        <ele>207.327486</ele>
        <time>2023-07-21T23:28:39.409Z</time>
      </trkpt>
      <trkpt lat="56.774602" lon="-3.982576">
        <ele>207.802327</ele>
        <time>2023-07-21T23:28:46.328Z</time>
      </trkpt>
      <trkpt lat="56.774793" lon="-3.982815">
        <ele>208.108800</ele>
        <time>2023-07-21T23:28:51.146Z</time>
      </trkpt>
      <trkpt lat="56.775115" lon="-3.983299">
        <ele>208.564662</ele>
        <time>2023-07-21T23:28:59.510Z</time>
      </trkpt>
      <trkpt lat="56.775270" lon="-3.983591">
        <ele>208.808098</ele>
        <time>2023-07-21T23:29:03.734Z</time>
      </trkpt>
      <trkpt lat="56.775610" lon="-3.984432">
        <ele>209.433903</ele>
        <time>2023-07-21T23:29:14.823Z</time>
      </trkpt>
      <trkpt lat="56.775724" lon="-3.985063">
        <ele>209.831734</ele>
        <time>2023-07-21T23:29:22.289Z</time>
      </trkpt>
      <trkpt lat="56.775841" lon="-3.985489">
        <ele>210.088449</ele>
        <time>2023-07-21T23:29:27.399Z</time>
      </trkpt>
      <trkpt lat="56.776051" lon="-3.986032">
        <ele>210.391836</ele>
        <time>2023-07-21T23:29:34.311Z</time>
      </trkpt>
      <trkpt lat="56.776179" lon="-3.986496">
        <ele>210.628966</ele>
        <time>2023-07-21T23:29:39.611Z</time>
      </trkpt>
      <trkpt lat="56.776415" lon="-3.988247">
        <ele>211.452062</ele>
        <time>2023-07-21T23:29:57.784Z</time>
      </trkpt>
      <trkpt lat="56.776665" lon="-3.989517">
        <ele>212.082454</ele>
        <time>2023-07-21T23:30:11.898Z</time>
      </trkpt>
      <trkpt lat="56.777310" lon="-3.992342">
        <ele>213.500540</ele>
        <time>2023-07-21T23:30:43.576Z</time>
      </trkpt>
      <trkpt lat="56.777494" lon="-3.992806">
        <ele>213.760791</ele>
        <time>2023-07-21T23:30:49.460Z</time>
      </trkpt>
      <trkpt lat="56.777906" lon="-3.993445">
        <ele>214.209156</ele>
        <time>2023-07-21T23:30:59.578Z</time>
      </trkpt>
      <trkpt lat="56.778084" lon="-3.993817">
        <ele>214.433561</ele>
        <time>2023-07-21T23:31:04.634Z</time>
      </trkpt>
      <trkpt lat="56.778412" lon="-3.994870">
        <ele>214.991757</ele>
        <time>2023-07-21T23:31:17.174Z</time>
      </trkpt>
      <trkpt lat="56.778828" lon="-3.995995">
        <ele>215.618917</ele>
        <time>2023-07-21T23:31:31.209Z</time>
      </trkpt>
      <trkpt lat="56.779133" lon="-3.996997">
        <ele>216.159803</ele>
        <time>2023-07-21T23:31:43.102Z</time>
      </trkpt>
      <trkpt lat="56.779213" lon="-3.997410">
        <ele>216.383114</ele>
        <time>2023-07-21T23:31:47.589Z</time>
      </trkpt>
      <trkpt lat="56.779311" lon="-3.997711">
        <ele>216.561607</ele>
        <time>2023-07-21T23:31:51.180Z</time>
      </trkpt>
      <trkpt lat="56.779458" lon="-3.997999">
        <ele>216.762264</ele>
        <time>2023-07-21T23:31:55.238Z</time>
      </trkpt>
      <trkpt lat="56.780083" lon="-3.998768">
        <ele>217.463601</ele>
        <time>2023-07-21T23:32:09.576Z</time>
      </trkpt>
      <trkpt lat="56.780729" lon="-3.999749">
        <ele>218.453328</ele>
        <time>2023-07-21T23:32:26.252Z</time>
      </trkpt>
      <trkpt lat="56.781315" lon="-4.000688">
        <ele>219.462255</ele>
        <time>2023-07-21T23:32:42.415Z</time>
      </trkpt>
      <trkpt lat="56.781578" lon="-4.001221">
        <ele>219.970725</ele>
        <time>2023-07-21T23:32:50.548Z</time>
      </trkpt>
      <trkpt lat="56.781704" lon="-4.001496">
        <ele>220.258513</ele>
        <time>2023-07-21T23:32:54.591Z</time>
      </trkpt>
      <trkpt lat="56.782136" lon="-4.002400">
        <ele>221.264282</ele>
        <time>2023-07-21T23:33:07.919Z</time>
      </trkpt>
      <trkpt lat="56.782314" lon="-4.002918">
        <ele>221.776946</ele>
        <time>2023-07-21T23:33:14.849Z</time>
      </trkpt>
      <trkpt lat="56.782536" lon="-4.003946">
        <ele>222.703376</ele>
        <time>2023-07-21T23:33:27.871Z</time>
      </trkpt>
      <trkpt lat="56.782688" lon="-4.004838">
        <ele>223.991536</ele>
        <time>2023-07-21T23:33:39.387Z</time>
      </trkpt>
      <trkpt lat="56.782869" lon="-4.005489">
        <ele>225.049477</ele>
        <time>2023-07-21T23:33:48.870Z</time>
      </trkpt>
      <trkpt lat="56.782978" lon="-4.005764">
        <ele>225.541363</ele>
        <time>2023-07-21T23:33:53.469Z</time>
      </trkpt>
      <trkpt lat="56.783313" lon="-4.006283">
        <ele>226.703674</ele>
        <time>2023-07-21T23:34:04.738Z</time>
      </trkpt>
      <trkpt lat="56.784220" lon="-4.007364">
        <ele>230.184488</ele>
        <time>2023-07-21T23:34:35.051Z</time>
      </trkpt>
      <trkpt lat="56.785972" lon="-4.009361">
        <ele>236.944655</ele>
        <time>2023-07-21T23:35:30.474Z</time>
      </trkpt>
      <trkpt lat="56.786214" lon="-4.009747">
        <ele>237.938492</ele>
        <time>2023-07-21T23:35:38.267Z</time>
      </trkpt>
      <trkpt lat="56.786830" lon="-4.011060">
        <ele>240.987420</ele>
        <time>2023-07-21T23:36:02.275Z</time>
      </trkpt>
      <trkpt lat="56.787128" lon="-4.011614">
        <ele>242.405283</ele>
        <time>2023-07-21T23:36:13.877Z</time>
      </trkpt>
      <trkpt lat="56.787522" lon="-4.012218">
        <ele>244.120414</ele>
        <time>2023-07-21T23:36:28.072Z</time>
      </trkpt>
      <trkpt lat="56.787897" lon="-4.012560">
        <ele>245.464966</ele>
        <time>2023-07-21T23:36:39.790Z</time>
      </trkpt>
      <trkpt lat="56.788262" lon="-4.012803">
        <ele>246.415198</ele>
        <time>2023-07-21T23:36:50.628Z</time>
      </trkpt>
      <trkpt lat="56.788446" lon="-4.012863">
        <ele>246.872353</ele>
        <time>2023-07-21T23:36:55.752Z</time>
      </trkpt>
      <trkpt lat="56.789510" lon="-4.013007">
        <ele>249.481859</ele>
        <time>2023-07-21T23:37:21.058Z</time>
      </trkpt>
      <trkpt lat="56.791340" lon="-4.013122">
        <ele>249.725639</ele>
        <time>2023-07-21T23:37:50.025Z</time>
      </trkpt>
      <trkpt lat="56.791652" lon="-4.013167">
        <ele>249.566818</ele>
        <time>2023-07-21T23:37:54.410Z</time>
      </trkpt>
      <trkpt lat="56.791830" lon="-4.013277">
        <ele>249.446601</ele>
        <time>2023-07-21T23:37:57.043Z</time>
      </trkpt>
      <trkpt lat="56.792005" lon="-4.013481">
        <ele>249.313779</ele>
        <time>2023-07-21T23:37:59.958Z</time>
      </trkpt>
      <trkpt lat="56.792494" lon="-4.014214">
        <ele>248.909040</ele>
        <time>2023-07-21T23:38:08.974Z</time>
      </trkpt>
      <trkpt lat="56.793008" lon="-4.015156">
        <ele>248.589393</ele>
        <time>2023-07-21T23:38:19.743Z</time>
      </trkpt>
      <trkpt lat="56.793462" lon="-4.015917">
        <ele>248.631542</ele>
        <time>2023-07-21T23:38:29.457Z</time>
      </trkpt>
      <trkpt lat="56.794049" lon="-4.017029">
        <ele>248.689390</ele>
        <time>2023-07-21T23:38:43.552Z</time>
      </trkpt>
      <trkpt lat="56.794145" lon="-4.017286">
        <ele>248.744984</ele>
        <time>2023-07-21T23:38:46.706Z</time>
      </trkpt>
      <trkpt lat="56.794243" lon="-4.017559">
        <ele>248.951815</ele>
        <time>2023-07-21T23:38:50.051Z</time>
      </trkpt>
      <trkpt lat="56.794486" lon="-4.018630">
        <ele>249.686368</ele>
        <time>2023-07-21T23:39:02.455Z</time>
      </trkpt>
      <trkpt lat="56.794719" lon="-4.019379">
        <ele>250.232176</ele>
        <time>2023-07-21T23:39:12.084Z</time>
      </trkpt>
      <trkpt lat="56.794959" lon="-4.019926">
        <ele>250.676284</ele>
        <time>2023-07-21T23:39:20.076Z</time>
      </trkpt>
      <trkpt lat="56.795844" lon="-4.021734">
        <ele>252.629762</ele>
        <time>2023-07-21T23:39:48.592Z</time>
      </trkpt>
      <trkpt lat="56.796288" lon="-4.022700">
        <ele>253.553654</ele>
        <time>2023-07-21T23:40:03.146Z</time>
      </trkpt>
      <trkpt lat="56.797352" lon="-4.025378">
        <ele>254.639812</ele>
        <time>2023-07-21T23:40:35.997Z</time>
      </trkpt>
      <trkpt lat="56.797735" lon="-4.026542">
        <ele>254.465474</ele>
        <time>2023-07-21T23:40:47.313Z</time>
      </trkpt>
      <trkpt lat="56.798085" lon="-4.027980">
        <ele>254.263449</ele>
        <time>2023-07-21T23:40:59.856Z</time>
      </trkpt>
      <trkpt lat="56.798675" lon="-4.030592">
        <ele>254.168402</ele>
        <time>2023-07-21T23:41:23.839Z</time>
      </trkpt>
      <trkpt lat="56.798989" lon="-4.031860">
        <ele>254.590608</ele>
        <time>2023-07-21T23:41:37.973Z</time>
      </trkpt>
      <trkpt lat="56.799116" lon="-4.032195">
        <ele>254.802869</ele>
        <time>2023-07-21T23:41:42.422Z</time>
      </trkpt>
      <trkpt lat="56.799228" lon="-4.032395">
        <ele>254.951896</ele>
        <time>2023-07-21T23:41:45.606Z</time>
      </trkpt>
      <trkpt lat="56.799822" lon="-4.033273">
        <ele>255.678915</ele>
        <time>2023-07-21T23:42:00.978Z</time>
      </trkpt>
      <trkpt lat="56.800143" lon="-4.033830">
        <ele>255.886532</ele>
        <time>2023-07-21T23:42:09.386Z</time>
      </trkpt>
      <trkpt lat="56.800331" lon="-4.034461">
        <ele>255.923921</ele>
        <time>2023-07-21T23:42:16.397Z</time>
      </trkpt>
      <trkpt lat="56.800433" lon="-4.035032">
        <ele>255.955182</ele>
        <time>2023-07-21T23:42:21.826Z</time>
      </trkpt>
      <trkpt lat="56.800687" lon="-4.038721">
        <ele>256.375393</ele>
        <time>2023-07-21T23:42:52.397Z</time>
      </trkpt>
      <trkpt lat="56.800692" lon="-4.038926">
        <ele>256.407143</ele>
        <time>2023-07-21T23:42:54.455Z</time>
      </trkpt>
      <trkpt lat="56.800701" lon="-4.039263">
        <ele>256.459347</ele>
        <time>2023-07-21T23:42:57.987Z</time>
      </trkpt>
      <trkpt lat="56.800711" lon="-4.039652">
        <ele>256.519602</ele>
        <time>2023-07-21T23:43:02.321Z</time>
      </trkpt>
      <trkpt lat="56.800830" lon="-4.041271">
        <ele>258.614805</ele>
        <time>2023-07-21T23:43:23.590Z</time>
      </trkpt>
      <trkpt lat="56.800939" lon="-4.042595">
        <ele>260.479216</ele>
        <time>2023-07-21T23:43:43.012Z</time>
      </trkpt>
      <trkpt lat="56.801062" lon="-4.044028">
        <ele>261.576628</ele>
        <time>2023-07-21T23:44:02.936Z</time>
      </trkpt>
      <trkpt lat="56.802185" lon="-4.056455">
        <ele>267.016070</ele>
        <time>2023-07-21T23:46:07.650Z</time>
      </trkpt>
      <trkpt lat="56.802550" lon="-4.060762">
        <ele>268.884756</ele>
        <time>2023-07-21T23:46:53.610Z</time>
      </trkpt>
      <trkpt lat="56.802945" lon="-4.064915">
        <ele>270.016709</ele>
        <time>2023-07-21T23:47:32.898Z</time>
      </trkpt>
      <trkpt lat="56.802994" lon="-4.065748">
        <ele>270.212707</ele>
        <time>2023-07-21T23:47:41.253Z</time>
      </trkpt>
      <trkpt lat="56.803087" lon="-4.066467">
        <ele>270.828769</ele>
        <time>2023-07-21T23:47:49.080Z</time>
      </trkpt>
      <trkpt lat="56.803194" lon="-4.066897">
        <ele>271.222630</ele>
        <time>2023-07-21T23:47:54.291Z</time>
      </trkpt>
      <trkpt lat="56.803369" lon="-4.067341">
        <ele>271.678826</ele>
        <time>2023-07-21T23:48:00.540Z</time>
      </trkpt>
      <trkpt lat="56.805730" lon="-4.072134">
        <ele>278.466570</ele>
        <time>2023-07-21T23:49:21.041Z</time>
      </trkpt>
      <trkpt lat="56.805849" lon="-4.072461">
        <ele>278.885268</ele>
        <time>2023-07-21T23:49:25.779Z</time>
      </trkpt>
      <trkpt lat="56.805923" lon="-4.072878">
        <ele>279.352705</ele>
        <time>2023-07-21T23:49:31.090Z</time>
      </trkpt>
      <trkpt lat="56.805942" lon="-4.073410">
        <ele>279.921200</ele>
        <time>2023-07-21T23:49:37.585Z</time>
      </trkpt>
      <trkpt lat="56.805939" lon="-4.074834">
        <ele>281.508799</ele>
        <time>2023-07-21T23:49:54.918Z</time>
      </trkpt>
      <trkpt lat="56.806283" lon="-4.079119">
        <ele>286.511800</ele>
        <time>2023-07-21T23:50:49.646Z</time>
      </trkpt>
      <trkpt lat="56.806302" lon="-4.079980">
        <ele>287.531183</ele>
        <time>2023-07-21T23:51:00.446Z</time>
      </trkpt>
      <trkpt lat="56.806244" lon="-4.080564">
        <ele>288.272835</ele>
        <time>2023-07-21T23:51:07.906Z</time>
      </trkpt>
      <trkpt lat="56.805779" lon="-4.083472">
        <ele>292.213987</ele>
        <time>2023-07-21T23:51:47.097Z</time>
      </trkpt>
      <trkpt lat="56.805771" lon="-4.086203">
        <ele>296.358194</ele>
        <time>2023-07-21T23:52:24.731Z</time>
      </trkpt>
      <trkpt lat="56.805867" lon="-4.088555">
        <ele>300.310707</ele>
        <time>2023-07-21T23:52:57.707Z</time>
      </trkpt>
      <trkpt lat="56.806333" lon="-4.092761">
        <ele>308.266661</ele>
        <time>2023-07-21T23:53:51.181Z</time>
      </trkpt>
      <trkpt lat="56.806441" lon="-4.092827">
        <ele>308.666171</ele>
        <time>2023-07-21T23:53:54.238Z</time>
      </trkpt>
      <trkpt lat="56.806595" lon="-4.093218">
        <ele>309.590394</ele>
        <time>2023-07-21T23:54:01.680Z</time>
      </trkpt>
      <trkpt lat="56.806671" lon="-4.094284">
        <ele>311.652094</ele>
        <time>2023-07-21T23:54:18.611Z</time>
      </trkpt>
      <trkpt lat="56.806789" lon="-4.094801">
        <ele>312.726342</ele>
        <time>2023-07-21T23:54:27.346Z</time>
      </trkpt>
      <trkpt lat="56.806814" lon="-4.095166">
        <ele>313.431814</ele>
        <time>2023-07-21T23:54:32.890Z</time>
      </trkpt>
      <trkpt lat="56.806984" lon="-4.095842">
        <ele>314.858517</ele>
        <time>2023-07-21T23:54:43.840Z</time>
      </trkpt>
      <trkpt lat="56.807097" lon="-4.097207">
        <ele>316.225449</ele>
        <time>2023-07-21T23:55:01.950Z</time>
      </trkpt>
      <trkpt lat="56.807343" lon="-4.098793">
        <ele>317.564791</ele>
        <time>2023-07-21T23:55:20.181Z</time>
      </trkpt>
      <trkpt lat="56.807537" lon="-4.099707">
        <ele>317.768431</ele>
        <time>2023-07-21T23:55:29.045Z</time>
      </trkpt>
      <trkpt lat="56.807813" lon="-4.100603">
        <ele>317.389389</ele>
        <time>2023-07-21T23:55:37.299Z</time>
      </trkpt>
      <trkpt lat="56.808276" lon="-4.101696">
        <ele>316.879874</ele>
        <time>2023-07-21T23:55:47.694Z</time>
      </trkpt>
      <trkpt lat="56.808825" lon="-4.102899">
        <ele>316.366448</ele>
        <time>2023-07-21T23:55:59.218Z</time>
      </trkpt>
      <trkpt lat="56.809446" lon="-4.105315">
        <ele>316.010843</ele>
        <time>2023-07-21T23:56:21.740Z</time>
      </trkpt>
      <trkpt lat="56.809523" lon="-4.105765">
        <ele>316.259369</ele>
        <time>2023-07-21T23:56:26.646Z</time>
      </trkpt>
      <trkpt lat="56.809431" lon="-4.105963">
        <ele>316.396268</ele>
        <time>2023-07-21T23:56:29.360Z</time>
      </trkpt>
      <trkpt lat="56.809439" lon="-4.106319">
        <ele>316.584084</ele>
        <time>2023-07-21T23:56:32.950Z</time>
      </trkpt>
      <trkpt lat="56.809407" lon="-4.106890">
        <ele>316.886648</ele>
        <time>2023-07-21T23:56:39.091Z</time>
      </trkpt>
      <trkpt lat="56.809307" lon="-4.107520">
        <ele>317.232419</ele>
        <time>2023-07-21T23:56:46.474Z</time>
      </trkpt>
      <trkpt lat="56.809302" lon="-4.108049">
        <ele>317.639995</ele>
        <time>2023-07-21T23:56:52.857Z</time>
      </trkpt>
      <trkpt lat="56.809328" lon="-4.108479">
        <ele>318.274362</ele>
        <time>2023-07-21T23:56:58.296Z</time>
      </trkpt>
      <trkpt lat="56.809344" lon="-4.108679">
        <ele>318.570747</ele>
        <time>2023-07-21T23:57:00.979Z</time>
      </trkpt>
      <trkpt lat="56.809403" lon="-4.108887">
        <ele>318.914262</ele>
        <time>2023-07-21T23:57:03.977Z</time>
      </trkpt>
      <trkpt lat="56.809426" lon="-4.109478">
        <ele>319.783061</ele>
        <time>2023-07-21T23:57:12.126Z</time>
      </trkpt>
      <trkpt lat="56.809531" lon="-4.110520">
        <ele>321.336666</ele>
        <time>2023-07-21T23:57:27.174Z</time>
      </trkpt>
      <trkpt lat="56.809727" lon="-4.111815">
        <ele>323.526747</ele>
        <time>2023-07-21T23:57:46.735Z</time>
      </trkpt>
      <trkpt lat="56.810068" lon="-4.113781">
        <ele>327.184303</ele>
        <time>2023-07-21T23:58:16.993Z</time>
      </trkpt>
      <trkpt lat="56.810190" lon="-4.114726">
        <ele>328.794463</ele>
        <time>2023-07-21T23:58:30.786Z</time>
      </trkpt>
      <trkpt lat="56.810378" lon="-4.115810">
        <ele>330.536909</ele>
        <time>2023-07-21T23:58:46.603Z</time>
      </trkpt>
      <trkpt lat="56.810920" lon="-4.117753">
        <ele>333.849659</ele>
        <time>2023-07-21T23:59:15.706Z</time>
      </trkpt>
      <trkpt lat="56.811125" lon="-4.118656">
        <ele>335.290676</ele>
        <time>2023-07-21T23:59:29.408Z</time>
      </trkpt>
      <trkpt lat="56.811203" lon="-4.118901">
        <ele>335.708461</ele>
        <time>2023-07-21T23:59:33.337Z</time>
      </trkpt>
      <trkpt lat="56.811407" lon="-4.119351">
        <ele>336.569727</ele>
        <time>2023-07-21T23:59:41.274Z</time>
      </trkpt>
      <trkpt lat="56.811516" lon="-4.119671">
        <ele>337.125292</ele>
        <time>2023-07-21T23:59:46.365Z</time>
      </trkpt>
      <trkpt lat="56.811529" lon="-4.119870">
        <ele>337.420710</ele>
        <time>2023-07-21T23:59:49.019Z</time>
      </trkpt>
      <trkpt lat="56.811647" lon="-4.120309">
        <ele>338.131642</ele>
        <time>2023-07-21T23:59:55.490Z</time>
      </trkpt>
      <trkpt lat="56.811722" lon="-4.120694">
        <ele>338.700442</ele>
        <time>2023-07-22T00:00:00.870Z</time>
      </trkpt>
      <trkpt lat="56.811884" lon="-4.121174">
        <ele>339.485328</ele>
        <time>2023-07-22T00:00:08.402Z</time>
      </trkpt>
      <trkpt lat="56.812107" lon="-4.121702">
        <ele>340.413565</ele>
        <time>2023-07-22T00:00:17.542Z</time>
      </trkpt>
      <trkpt lat="56.812373" lon="-4.122548">
        <ele>341.771518</ele>
        <time>2023-07-22T00:00:30.935Z</time>
      </trkpt>
      <trkpt lat="56.813271" lon="-4.124791">
        <ele>344.981453</ele>
        <time>2023-07-22T00:01:05.665Z</time>
      </trkpt>
      <trkpt lat="56.813432" lon="-4.125307">
        <ele>345.632866</ele>
        <time>2023-07-22T00:01:12.925Z</time>
      </trkpt>
      <trkpt lat="56.813665" lon="-4.125854">
        <ele>346.361010</ele>
        <time>2023-07-22T00:01:21.080Z</time>
      </trkpt>
      <trkpt lat="56.813812" lon="-4.126461">
        <ele>346.996849</ele>
        <time>2023-07-22T00:01:28.839Z</time>
      </trkpt>
      <trkpt lat="56.813892" lon="-4.126651">
        <ele>347.226477</ele>
        <time>2023-07-22T00:01:31.639Z</time>
      </trkpt>
      <trkpt lat="56.814087" lon="-4.127038">
        <ele>347.730360</ele>
        <time>2023-07-22T00:01:37.735Z</time>
      </trkpt>
      <trkpt lat="56.814228" lon="-4.127106">
        <ele>347.985577</ele>
        <time>2023-07-22T00:01:40.866Z</time>
      </trkpt>
      <trkpt lat="56.814376" lon="-4.127398">
        <ele>348.366796</ele>
        <time>2023-07-22T00:01:45.405Z</time>
      </trkpt>
      <trkpt lat="56.814583" lon="-4.127945">
        <ele>349.003818</ele>
        <time>2023-07-22T00:01:53.230Z</time>
      </trkpt>
      <trkpt lat="56.815197" lon="-4.129920">
        <ele>351.911614</ele>
        <time>2023-07-22T00:02:22.696Z</time>
      </trkpt>
      <trkpt lat="56.816412" lon="-4.134373">
        <ele>359.026255</ele>
        <time>2023-07-22T00:03:30.402Z</time>
      </trkpt>
      <trkpt lat="56.816856" lon="-4.135913">
        <ele>361.396925</ele>
        <time>2023-07-22T00:03:53.555Z</time>
      </trkpt>
      <trkpt lat="56.817257" lon="-4.137941">
        <ele>363.982675</ele>
        <time>2023-07-22T00:04:21.618Z</time>
      </trkpt>
      <trkpt lat="56.817583" lon="-4.139977">
        <ele>366.118730</ele>
        <time>2023-07-22T00:04:46.374Z</time>
      </trkpt>
      <trkpt lat="56.817724" lon="-4.141640">
        <ele>367.595635</ele>
        <time>2023-07-22T00:05:05.316Z</time>
      </trkpt>
      <trkpt lat="56.817803" lon="-4.144425">
        <ele>370.416972</ele>
        <time>2023-07-22T00:05:38.204Z</time>
      </trkpt>
      <trkpt lat="56.817613" lon="-4.147189">
        <ele>373.942883</ele>
        <time>2023-07-22T00:06:15.909Z</time>
      </trkpt>
      <trkpt lat="56.817504" lon="-4.149393">
        <ele>376.653616</ele>
        <time>2023-07-22T00:06:44.612Z</time>
      </trkpt>
      <trkpt lat="56.817484" lon="-4.151072">
        <ele>378.275806</ele>
        <time>2023-07-22T00:07:03.870Z</time>
      </trkpt>
      <trkpt lat="56.817441" lon="-4.151282">
        <ele>378.462942</ele>
        <time>2023-07-22T00:07:06.408Z</time>
      </trkpt>
      <trkpt lat="56.817445" lon="-4.152068">
        <ele>379.118990</ele>
        <time>2023-07-22T00:07:15.272Z</time>
      </trkpt>
      <trkpt lat="56.817545" lon="-4.153644">
        <ele>380.446514</ele>
        <time>2023-07-22T00:07:33.533Z</time>
      </trkpt>
      <trkpt lat="56.817573" lon="-4.155493">
        <ele>382.004868</ele>
        <time>2023-07-22T00:07:55.633Z</time>
      </trkpt>
      <trkpt lat="56.817517" lon="-4.157472">
        <ele>383.137763</ele>
        <time>2023-07-22T00:08:17.620Z</time>
      </trkpt>
      <trkpt lat="56.817398" lon="-4.159330">
        <ele>383.678759</ele>
        <time>2023-07-22T00:08:34.836Z</time>
      </trkpt>
      <trkpt lat="56.817267" lon="-4.160531">
        <ele>384.089829</ele>
        <time>2023-07-22T00:08:45.808Z</time>
      </trkpt>
      <trkpt lat="56.817232" lon="-4.161629">
        <ele>384.488282</ele>
        <time>2023-07-22T00:08:56.515Z</time>
      </trkpt>
      <trkpt lat="56.817295" lon="-4.162243">
        <ele>384.714593</ele>
        <time>2023-07-22T00:09:02.939Z</time>
      </trkpt>
      <trkpt lat="56.817382" lon="-4.164172">
        <ele>385.877873</ele>
        <time>2023-07-22T00:09:24.371Z</time>
      </trkpt>
      <trkpt lat="56.817487" lon="-4.168169">
        <ele>389.039446</ele>
        <time>2023-07-22T00:10:10.108Z</time>
      </trkpt>
      <trkpt lat="56.817482" lon="-4.170881">
        <ele>391.164037</ele>
        <time>2023-07-22T00:10:41.564Z</time>
      </trkpt>
      <trkpt lat="56.817532" lon="-4.171566">
        <ele>391.677076</ele>
        <time>2023-07-22T00:10:49.542Z</time>
      </trkpt>
      <trkpt lat="56.817600" lon="-4.173767">
        <ele>393.014434</ele>
        <time>2023-07-22T00:11:13.296Z</time>
      </trkpt>
      <trkpt lat="56.817755" lon="-4.175695">
        <ele>393.815165</ele>
        <time>2023-07-22T00:11:32.759Z</time>
      </trkpt>
      <trkpt lat="56.818169" lon="-4.179402">
        <ele>395.006901</ele>
        <time>2023-07-22T00:12:09.452Z</time>
      </trkpt>
      <trkpt lat="56.818335" lon="-4.180271">
        <ele>395.620755</ele>
        <time>2023-07-22T00:12:18.937Z</time>
      </trkpt>
      <trkpt lat="56.818468" lon="-4.181400">
        <ele>396.390966</ele>
        <time>2023-07-22T00:12:31.645Z</time>
      </trkpt>
      <trkpt lat="56.818584" lon="-4.182484">
        <ele>397.127607</ele>
        <time>2023-07-22T00:12:44.650Z</time>
      </trkpt>
      <trkpt lat="56.818622" lon="-4.182637">
        <ele>397.261028</ele>
        <time>2023-07-22T00:12:46.605Z</time>
      </trkpt>
      <trkpt lat="56.818758" lon="-4.182919">
        <ele>397.576754</ele>
        <time>2023-07-22T00:12:51.027Z</time>
      </trkpt>
      <trkpt lat="56.819018" lon="-4.183653">
        <ele>398.311184</ele>
        <time>2023-07-22T00:13:01.337Z</time>
      </trkpt>
      <trkpt lat="56.819217" lon="-4.184052">
        <ele>398.764635</ele>
        <time>2023-07-22T00:13:07.842Z</time>
      </trkpt>
      <trkpt lat="56.819325" lon="-4.184333">
        <ele>399.053062</ele>
        <time>2023-07-22T00:13:11.931Z</time>
      </trkpt>
      <trkpt lat="56.819394" lon="-4.184623">
        <ele>399.318682</ele>
        <time>2023-07-22T00:13:15.579Z</time>
      </trkpt>
      <trkpt lat="56.819560" lon="-4.185322">
        <ele>399.937335</ele>
        <time>2023-07-22T00:13:24.145Z</time>
      </trkpt>
      <trkpt lat="56.819990" lon="-4.186436">
        <ele>400.481758</ele>
        <time>2023-07-22T00:13:38.166Z</time>
      </trkpt>
      <trkpt lat="56.820343" lon="-4.187232">
        <ele>400.890920</ele>
        <time>2023-07-22T00:13:47.840Z</time>
      </trkpt>
      <trkpt lat="56.820727" lon="-4.188247">
        <ele>401.463149</ele>
        <time>2023-07-22T00:14:00.189Z</time>
      </trkpt>
      <trkpt lat="56.820944" lon="-4.188960">
        <ele>401.957912</ele>
        <time>2023-07-22T00:14:08.596Z</time>
      </trkpt>
      <trkpt lat="56.821152" lon="-4.189323">
        <ele>402.276642</ele>
        <time>2023-07-22T00:14:14.140Z</time>
      </trkpt>
      <trkpt lat="56.821457" lon="-4.190037">
        <ele>402.825932</ele>
        <time>2023-07-22T00:14:24.095Z</time>
      </trkpt>
      <trkpt lat="56.821623" lon="-4.190505">
        <ele>403.164144</ele>
        <time>2023-07-22T00:14:30.510Z</time>
      </trkpt>
      <trkpt lat="56.821675" lon="-4.190809">
        <ele>403.417861</ele>
        <time>2023-07-22T00:14:34.259Z</time>
      </trkpt>
      <trkpt lat="56.821818" lon="-4.191206">
        <ele>403.836710</ele>
        <time>2023-07-22T00:14:39.876Z</time>
      </trkpt>
      <trkpt lat="56.822180" lon="-4.192329">
        <ele>404.985301</ele>
        <time>2023-07-22T00:14:55.372Z</time>
      </trkpt>
      <trkpt lat="56.822592" lon="-4.193881">
        <ele>406.519965</ele>
        <time>2023-07-22T00:15:15.284Z</time>
      </trkpt>
      <trkpt lat="56.822896" lon="-4.195258">
        <ele>407.877802</ele>
        <time>2023-07-22T00:15:32.773Z</time>
      </trkpt>
      <trkpt lat="56.823055" lon="-4.196216">
        <ele>408.793266</ele>
        <time>2023-07-22T00:15:44.599Z</time>
      </trkpt>
      <trkpt lat="56.823291" lon="-4.197241">
        <ele>409.915081</ele>
        <time>2023-07-22T00:15:57.862Z</time>
      </trkpt>
      <trkpt lat="56.823892" lon="-4.199484">
        <ele>412.548967</ele>
        <time>2023-07-22T00:16:28.377Z</time>
      </trkpt>
      <trkpt lat="56.824179" lon="-4.200824">
        <ele>414.662073</ele>
        <time>2023-07-22T00:16:46.787Z</time>
      </trkpt>
      <trkpt lat="56.824395" lon="-4.201690">
        <ele>416.071204</ele>
        <time>2023-07-22T00:17:00.119Z</time>
      </trkpt>
      <trkpt lat="56.824501" lon="-4.201932">
        <ele>416.530165</ele>
        <time>2023-07-22T00:17:04.559Z</time>
      </trkpt>
      <trkpt lat="56.824556" lon="-4.202189">
        <ele>416.938746</ele>
        <time>2023-07-22T00:17:08.542Z</time>
      </trkpt>
      <trkpt lat="56.824702" lon="-4.202678">
        <ele>417.816363</ele>
        <time>2023-07-22T00:17:16.657Z</time>
      </trkpt>
      <trkpt lat="56.824889" lon="-4.203084">
        <ele>418.738413</ele>
        <time>2023-07-22T00:17:24.460Z</time>
      </trkpt>
      <trkpt lat="56.824935" lon="-4.203510">
        <ele>419.492854</ele>
        <time>2023-07-22T00:17:30.895Z</time>
      </trkpt>
      <trkpt lat="56.825144" lon="-4.203917">
        <ele>420.462627</ele>
        <time>2023-07-22T00:17:39.176Z</time>
      </trkpt>
      <trkpt lat="56.825457" lon="-4.204678">
        <ele>422.116703</ele>
        <time>2023-07-22T00:17:53.371Z</time>
      </trkpt>
      <trkpt lat="56.826919" lon="-4.209395">
        <ele>429.662344</ele>
        <time>2023-07-22T00:19:05.749Z</time>
      </trkpt>
      <trkpt lat="56.827198" lon="-4.210159">
        <ele>430.747391</ele>
        <time>2023-07-22T00:19:17.125Z</time>
      </trkpt>
      <trkpt lat="56.827561" lon="-4.211404">
        <ele>432.202250</ele>
        <time>2023-07-22T00:19:33.680Z</time>
      </trkpt>
      <trkpt lat="56.828167" lon="-4.213713">
        <ele>434.276429</ele>
        <time>2023-07-22T00:20:03.008Z</time>
      </trkpt>
      <trkpt lat="56.828319" lon="-4.214100">
        <ele>434.548471</ele>
        <time>2023-07-22T00:20:08.181Z</time>
      </trkpt>
      <trkpt lat="56.828965" lon="-4.215402">
        <ele>435.346742</ele>
        <time>2023-07-22T00:20:26.689Z</time>
      </trkpt>
      <trkpt lat="56.829351" lon="-4.216620">
        <ele>435.869779</ele>
        <time>2023-07-22T00:20:40.829Z</time>
      </trkpt>
      <trkpt lat="56.830079" lon="-4.218081">
        <ele>435.605532</ele>
        <time>2023-07-22T00:20:57.901Z</time>
      </trkpt>
      <trkpt lat="56.830691" lon="-4.219217">
        <ele>435.231404</ele>
        <time>2023-07-22T00:21:10.211Z</time>
      </trkpt>
      <trkpt lat="56.831001" lon="-4.219911">
        <ele>434.811622</ele>
        <time>2023-07-22T00:21:17.345Z</time>
      </trkpt>
      <trkpt lat="56.831182" lon="-4.220486">
        <ele>434.500801</ele>
        <time>2023-07-22T00:21:22.540Z</time>
      </trkpt>
      <trkpt lat="56.831204" lon="-4.220625">
        <ele>434.433003</ele>
        <time>2023-07-22T00:21:23.562Z</time>
      </trkpt>
      <trkpt lat="56.831272" lon="-4.220741">
        <ele>434.353346</ele>
        <time>2023-07-22T00:21:24.858Z</time>
      </trkpt>
      <trkpt lat="56.831345" lon="-4.221041">
        <ele>434.199508</ele>
        <time>2023-07-22T00:21:27.573Z</time>
      </trkpt>
      <trkpt lat="56.831368" lon="-4.221322">
        <ele>434.066384</ele>
        <time>2023-07-22T00:21:29.608Z</time>
      </trkpt>
      <trkpt lat="56.831356" lon="-4.221786">
        <ele>433.807800</ele>
        <time>2023-07-22T00:21:33.185Z</time>
      </trkpt>
      <trkpt lat="56.831377" lon="-4.221910">
        <ele>433.710113</ele>
        <time>2023-07-22T00:21:34.089Z</time>
      </trkpt>
      <trkpt lat="56.831414" lon="-4.222002">
        <ele>433.624183</ele>
        <time>2023-07-22T00:21:34.935Z</time>
      </trkpt>
      <trkpt lat="56.831580" lon="-4.222075">
        <ele>433.389326</ele>
        <time>2023-07-22T00:21:37.385Z</time>
      </trkpt>
      <trkpt lat="56.831670" lon="-4.222436">
        <ele>433.090772</ele>
        <time>2023-07-22T00:21:40.164Z</time>
      </trkpt>
      <trkpt lat="56.831936" lon="-4.223262">
        <ele>432.369464</ele>
        <time>2023-07-22T00:21:47.213Z</time>
      </trkpt>
      <trkpt lat="56.832835" lon="-4.225677">
        <ele>430.357077</ele>
        <time>2023-07-22T00:22:08.164Z</time>
      </trkpt>
      <trkpt lat="56.833328" lon="-4.226899">
        <ele>429.381549</ele>
        <time>2023-07-22T00:22:19.670Z</time>
      </trkpt>
      <trkpt lat="56.833758" lon="-4.227656">
        <ele>429.401463</ele>
        <time>2023-07-22T00:22:28.770Z</time>
      </trkpt>
      <trkpt lat="56.834212" lon="-4.228369">
        <ele>429.479033</ele>
        <time>2023-07-22T00:22:38.852Z</time>
      </trkpt>
      <trkpt lat="56.835699" lon="-4.230397">
        <ele>430.238118</ele>
        <time>2023-07-22T00:23:12.937Z</time>
      </trkpt>
      <trkpt lat="56.836705" lon="-4.231936">
        <ele>430.871108</ele>
        <time>2023-07-22T00:23:35.327Z</time>
      </trkpt>
      <trkpt lat="56.837193" lon="-4.232826">
        <ele>431.160631</ele>
        <time>2023-07-22T00:23:46.914Z</time>
      </trkpt>
      <trkpt lat="56.837690" lon="-4.234022">
        <ele>432.194613</ele>
        <time>2023-07-22T00:24:02.323Z</time>
      </trkpt>
      <trkpt lat="56.838083" lon="-4.234641">
        <ele>433.236792</ele>
        <time>2023-07-22T00:24:13.263Z</time>
      </trkpt>
      <trkpt lat="56.839176" lon="-4.236111">
        <ele>436.603360</ele>
        <time>2023-07-22T00:24:48.239Z</time>
      </trkpt>
      <trkpt lat="56.839534" lon="-4.236467">
        <ele>437.933358</ele>
        <time>2023-07-22T00:24:59.765Z</time>
      </trkpt>
      <trkpt lat="56.839829" lon="-4.236653">
        <ele>438.951748</ele>
        <time>2023-07-22T00:25:08.447Z</time>
      </trkpt>
      <trkpt lat="56.841047" lon="-4.237115">
        <ele>442.338543</ele>
        <time>2023-07-22T00:25:40.755Z</time>
      </trkpt>
      <trkpt lat="56.842031" lon="-4.237607">
        <ele>444.651563</ele>
        <time>2023-07-22T00:26:03.663Z</time>
      </trkpt>
      <trkpt lat="56.842729" lon="-4.238117">
        <ele>445.596203</ele>
        <time>2023-07-22T00:26:18.747Z</time>
      </trkpt>
      <trkpt lat="56.843191" lon="-4.238491">
        <ele>446.150015</ele>
        <time>2023-07-22T00:26:28.382Z</time>
      </trkpt>
      <trkpt lat="56.845065" lon="-4.240569">
        <ele>448.320040</ele>
        <time>2023-07-22T00:27:09.943Z</time>
      </trkpt>
      <trkpt lat="56.845387" lon="-4.240865">
        <ele>448.619276</ele>
        <time>2023-07-22T00:27:17.455Z</time>
      </trkpt>
      <trkpt lat="56.845671" lon="-4.241079">
        <ele>448.792007</ele>
        <time>2023-07-22T00:27:23.747Z</time>
      </trkpt>
      <trkpt lat="56.846479" lon="-4.241312">
        <ele>449.251985</ele>
        <time>2023-07-22T00:27:38.910Z</time>
      </trkpt>
      <trkpt lat="56.846737" lon="-4.241421">
        <ele>449.400887</ele>
        <time>2023-07-22T00:27:43.311Z</time>
      </trkpt>
      <trkpt lat="56.847059" lon="-4.241613">
        <ele>449.551555</ele>
        <time>2023-07-22T00:27:48.662Z</time>
      </trkpt>
      <trkpt lat="56.847428" lon="-4.241920">
        <ele>449.362268</ele>
        <time>2023-07-22T00:27:54.666Z</time>
      </trkpt>
      <trkpt lat="56.847731" lon="-4.242217">
        <ele>449.201749</ele>
        <time>2023-07-22T00:27:59.447Z</time>
      </trkpt>
      <trkpt lat="56.848021" lon="-4.242580">
        <ele>449.037659</ele>
        <time>2023-07-22T00:28:04.297Z</time>
      </trkpt>
      <trkpt lat="56.848340" lon="-4.243129">
        <ele>448.833122</ele>
        <time>2023-07-22T00:28:10.490Z</time>
      </trkpt>
      <trkpt lat="56.848915" lon="-4.243961">
        <ele>449.705772</ele>
        <time>2023-07-22T00:28:23.233Z</time>
      </trkpt>
      <trkpt lat="56.849513" lon="-4.244416">
        <ele>450.940598</ele>
        <time>2023-07-22T00:29:24.976Z</time>
      </trkpt>
      <trkpt lat="56.849954" lon="-4.244639">
        <ele>451.812909</ele>
        <time>2023-07-22T00:30:09.947Z</time>
      </trkpt>
      <trkpt lat="56.850405" lon="-4.244764">
        <ele>453.002718</ele>
        <time>2023-07-22T00:30:56.174Z</time>
      </trkpt>
      <trkpt lat="56.850497" lon="-4.244785">
        <ele>453.287542</ele>
        <time>2023-07-22T00:31:05.738Z</time>
      </trkpt>
      <trkpt lat="56.851610" lon="-4.244887">
        <ele>456.711047</ele>
        <time>2023-07-22T00:32:57.073Z</time>
      </trkpt>
      <trkpt lat="56.851737" lon="-4.244816">
        <ele>457.119023</ele>
        <time>2023-07-22T00:33:09.728Z</time>
      </trkpt>
      <trkpt lat="56.851785" lon="-4.244670">
        <ele>457.405195</ele>
        <time>2023-07-22T00:33:18.758Z</time>
      </trkpt>
      <trkpt lat="56.851861" lon="-4.244553">
        <ele>457.690816</ele>
        <time>2023-07-22T00:33:20.590Z</time>
      </trkpt>
      <trkpt lat="56.852324" lon="-4.244705">
        <ele>458.046192</ele>
        <time>2023-07-22T00:33:28.291Z</time>
      </trkpt>
      <trkpt lat="56.852434" lon="-4.244829">
        <ele>458.143812</ele>
        <time>2023-07-22T00:33:30.313Z</time>
      </trkpt>
      <trkpt lat="56.852779" lon="-4.245042">
        <ele>458.418902</ele>
        <time>2023-07-22T00:33:35.668Z</time>
      </trkpt>
      <trkpt lat="56.854328" lon="-4.245518">
        <ele>458.693932</ele>
        <time>2023-07-22T00:33:53.770Z</time>
      </trkpt>
      <trkpt lat="56.854527" lon="-4.245619">
        <ele>458.596999</ele>
        <time>2023-07-22T00:33:55.930Z</time>
      </trkpt>
      <trkpt lat="56.854568" lon="-4.245642">
        <ele>458.576870</ele>
        <time>2023-07-22T00:33:56.543Z</time>
      </trkpt>
      <trkpt lat="56.855344" lon="-4.246357">
        <ele>458.145130</ele>
        <time>2023-07-22T00:34:05.330Z</time>
      </trkpt>
      <trkpt lat="56.855427" lon="-4.246412">
        <ele>458.070691</ele>
        <time>2023-07-22T00:34:06.270Z</time>
      </trkpt>
      <trkpt lat="56.855589" lon="-4.246616">
        <ele>457.904843</ele>
        <time>2023-07-22T00:34:08.255Z</time>
      </trkpt>
      <trkpt lat="56.855995" lon="-4.246951">
        <ele>457.529271</ele>
        <time>2023-07-22T00:34:12.875Z</time>
      </trkpt>
      <trkpt lat="56.856332" lon="-4.247156">
        <ele>457.229802</ele>
        <time>2023-07-22T00:34:16.438Z</time>
      </trkpt>
      <trkpt lat="56.856458" lon="-4.247215">
        <ele>457.120130</ele>
        <time>2023-07-22T00:34:17.732Z</time>
      </trkpt>
      <trkpt lat="56.856698" lon="-4.247197">
        <ele>456.917587</ele>
        <time>2023-07-22T00:34:20.052Z</time>
      </trkpt>
      <trkpt lat="56.857347" lon="-4.247515">
        <ele>456.337630</ele>
        <time>2023-07-22T00:34:26.465Z</time>
      </trkpt>
      <trkpt lat="56.857486" lon="-4.247531">
        <ele>456.215437</ele>
        <time>2023-07-22T00:34:27.813Z</time>
      </trkpt>
      <trkpt lat="56.857581" lon="-4.247590">
        <ele>456.127415</ele>
        <time>2023-07-22T00:34:28.810Z</time>
      </trkpt>
      <trkpt lat="56.857665" lon="-4.247736">
        <ele>456.025751</ele>
        <time>2023-07-22T00:34:29.970Z</time>
      </trkpt>
      <trkpt lat="56.858819" lon="-4.248549">
        <ele>455.078023</ele>
        <time>2023-07-22T00:34:42.526Z</time>
      </trkpt>
      <trkpt lat="56.859248" lon="-4.248796">
        <ele>455.014503</ele>
        <time>2023-07-22T00:34:47.263Z</time>
      </trkpt>
      <trkpt lat="56.859524" lon="-4.249018">
        <ele>454.971921</ele>
        <time>2023-07-22T00:34:50.589Z</time>
      </trkpt>
      <trkpt lat="56.861465" lon="-4.250311">
        <ele>455.183155</ele>
        <time>2023-07-22T00:35:16.988Z</time>
      </trkpt>
      <trkpt lat="56.862945" lon="-4.251433">
        <ele>455.274258</ele>
        <time>2023-07-22T00:35:37.165Z</time>
      </trkpt>
      <trkpt lat="56.863857" lon="-4.252310">
        <ele>454.990616</ele>
        <time>2023-07-22T00:35:48.339Z</time>
      </trkpt>
      <trkpt lat="56.863947" lon="-4.252274">
        <ele>454.903643</ele>
        <time>2023-07-22T00:35:49.269Z</time>
      </trkpt>
      <trkpt lat="56.864582" lon="-4.252901">
        <ele>454.222420</ele>
        <time>2023-07-22T00:35:56.403Z</time>
      </trkpt>
      <trkpt lat="56.865370" lon="-4.253893">
        <ele>453.274728</ele>
        <time>2023-07-22T00:36:05.483Z</time>
      </trkpt>
      <trkpt lat="56.866050" lon="-4.254493">
        <ele>452.402551</ele>
        <time>2023-07-22T00:36:12.624Z</time>
      </trkpt>
      <trkpt lat="56.867303" lon="-4.255424">
        <ele>450.902211</ele>
        <time>2023-07-22T00:36:25.822Z</time>
      </trkpt>
      <trkpt lat="56.868672" lon="-4.256185">
        <ele>449.360476</ele>
        <time>2023-07-22T00:36:39.788Z</time>
      </trkpt>
      <trkpt lat="56.869835" lon="-4.256570">
        <ele>447.674955</ele>
        <time>2023-07-22T00:36:50.799Z</time>
      </trkpt>
      <trkpt lat="56.870963" lon="-4.256874">
        <ele>445.805347</ele>
        <time>2023-07-22T00:37:01.122Z</time>
      </trkpt>
      <trkpt lat="56.871402" lon="-4.257068">
        <ele>444.998481</ele>
        <time>2023-07-22T00:37:05.141Z</time>
      </trkpt>
      <trkpt lat="56.872130" lon="-4.257046">
        <ele>443.688189</ele>
        <time>2023-07-22T00:37:11.573Z</time>
      </trkpt>
      <trkpt lat="56.873804" lon="-4.257332">
        <ele>440.404003</ele>
        <time>2023-07-22T00:37:26.417Z</time>
      </trkpt>
      <trkpt lat="56.874676" lon="-4.257420">
        <ele>438.807468</ele>
        <time>2023-07-22T00:37:34.128Z</time>
      </trkpt>
      <trkpt lat="56.875249" lon="-4.257393">
        <ele>437.764963</ele>
        <time>2023-07-22T00:37:39.233Z</time>
      </trkpt>
      <trkpt lat="56.877382" lon="-4.256322">
        <ele>434.048028</ele>
        <time>2023-07-22T00:37:59.297Z</time>
      </trkpt>
      <trkpt lat="56.880337" lon="-4.254710">
        <ele>429.837600</ele>
        <time>2023-07-22T00:38:27.804Z</time>
      </trkpt>
      <trkpt lat="56.882216" lon="-4.253600">
        <ele>428.468361</ele>
        <time>2023-07-22T00:38:48.332Z</time>
      </trkpt>
      <trkpt lat="56.883558" lon="-4.252680">
        <ele>428.187605</ele>
        <time>2023-07-22T00:39:04.681Z</time>
      </trkpt>
      <trkpt lat="56.883737" lon="-4.252485">
        <ele>428.167378</ele>
        <time>2023-07-22T00:39:07.170Z</time>
      </trkpt>
      <trkpt lat="56.884026" lon="-4.252289">
        <ele>428.137452</ele>
        <time>2023-07-22T00:39:10.753Z</time>
      </trkpt>
      <trkpt lat="56.884214" lon="-4.252289">
        <ele>428.119922</ele>
        <time>2023-07-22T00:39:12.966Z</time>
      </trkpt>
      <trkpt lat="56.884750" lon="-4.252031">
        <ele>428.351283</ele>
        <time>2023-07-22T00:39:19.772Z</time>
      </trkpt>
      <trkpt lat="56.885448" lon="-4.251602">
        <ele>428.658650</ele>
        <time>2023-07-22T00:39:29.558Z</time>
      </trkpt>
      <trkpt lat="56.886024" lon="-4.251145">
        <ele>428.907583</ele>
        <time>2023-07-22T00:39:38.477Z</time>
      </trkpt>
      <trkpt lat="56.886628" lon="-4.250609">
        <ele>429.114970</ele>
        <time>2023-07-22T00:39:48.253Z</time>
      </trkpt>
      <trkpt lat="56.886732" lon="-4.250548">
        <ele>429.148712</ele>
        <time>2023-07-22T00:39:50.378Z</time>
      </trkpt>
      <trkpt lat="56.886866" lon="-4.250600">
        <ele>429.191033</ele>
        <time>2023-07-22T00:39:52.265Z</time>
      </trkpt>
      <trkpt lat="56.888506" lon="-4.249780">
        <ele>428.193355</ele>
        <time>2023-07-22T00:40:10.934Z</time>
      </trkpt>
      <trkpt lat="56.888878" lon="-4.249546">
        <ele>427.677549</ele>
        <time>2023-07-22T00:40:14.393Z</time>
      </trkpt>
      <trkpt lat="56.889362" lon="-4.249312">
        <ele>426.958360</ele>
        <time>2023-07-22T00:40:18.633Z</time>
      </trkpt>
      <trkpt lat="56.889813" lon="-4.249244">
        <ele>425.558795</ele>
        <time>2023-07-22T00:40:22.348Z</time>
      </trkpt>
      <trkpt lat="56.891025" lon="-4.249427">
        <ele>421.797622</ele>
        <time>2023-07-22T00:40:32.121Z</time>
      </trkpt>
      <trkpt lat="56.891726" lon="-4.249533">
        <ele>420.223084</ele>
        <time>2023-07-22T00:40:37.920Z</time>
      </trkpt>
      <trkpt lat="56.892267" lon="-4.249541">
        <ele>419.083984</ele>
        <time>2023-07-22T00:40:42.599Z</time>
      </trkpt>
      <trkpt lat="56.892854" lon="-4.249395">
        <ele>417.836715</ele>
        <time>2023-07-22T00:40:48.063Z</time>
      </trkpt>
      <trkpt lat="56.893751" lon="-4.248964">
        <ele>417.514444</ele>
        <time>2023-07-22T00:40:57.657Z</time>
      </trkpt>
      <trkpt lat="56.893818" lon="-4.248899">
        <ele>417.496763</ele>
        <time>2023-07-22T00:40:58.848Z</time>
      </trkpt>
      <trkpt lat="56.896431" lon="-4.246767">
        <ele>417.795772</ele>
        <time>2023-07-22T00:41:48.491Z</time>
      </trkpt>
      <trkpt lat="56.897009" lon="-4.246024">
        <ele>417.511123</ele>
        <time>2023-07-22T00:41:59.727Z</time>
      </trkpt>
      <trkpt lat="56.897125" lon="-4.245833">
        <ele>417.448244</ele>
        <time>2023-07-22T00:42:02.085Z</time>
      </trkpt>
      <trkpt lat="56.897234" lon="-4.245652">
        <ele>417.388935</ele>
        <time>2023-07-22T00:42:04.275Z</time>
      </trkpt>
      <trkpt lat="56.897430" lon="-4.245327">
        <ele>417.282355</ele>
        <time>2023-07-22T00:42:07.038Z</time>
      </trkpt>
      <trkpt lat="56.899357" lon="-4.243548">
        <ele>414.428487</ele>
        <time>2023-07-22T00:42:27.105Z</time>
      </trkpt>
      <trkpt lat="56.902746" lon="-4.240139">
        <ele>406.582245</ele>
        <time>2023-07-22T00:43:00.622Z</time>
      </trkpt>
      <trkpt lat="56.903833" lon="-4.239270">
        <ele>404.815566</ele>
        <time>2023-07-22T00:43:11.776Z</time>
      </trkpt>
      <trkpt lat="56.904034" lon="-4.239166">
        <ele>404.504450</ele>
        <time>2023-07-22T00:43:13.777Z</time>
      </trkpt>
      <trkpt lat="56.904089" lon="-4.239081">
        <ele>404.397253</ele>
        <time>2023-07-22T00:43:14.499Z</time>
      </trkpt>
      <trkpt lat="56.904190" lon="-4.239018">
        <ele>404.254872</ele>
        <time>2023-07-22T00:43:15.539Z</time>
      </trkpt>
      <trkpt lat="56.904263" lon="-4.238973">
        <ele>404.154481</ele>
        <time>2023-07-22T00:43:16.287Z</time>
      </trkpt>
      <trkpt lat="56.907113" lon="-4.237230">
        <ele>400.086891</ele>
        <time>2023-07-22T00:43:44.492Z</time>
      </trkpt>
      <trkpt lat="56.907198" lon="-4.237281">
        <ele>399.960443</ele>
        <time>2023-07-22T00:43:45.303Z</time>
      </trkpt>
      <trkpt lat="56.907750" lon="-4.237060">
        <ele>399.116154</ele>
        <time>2023-07-22T00:43:50.426Z</time>
      </trkpt>
      <trkpt lat="56.908821" lon="-4.236805">
        <ele>397.373621</ele>
        <time>2023-07-22T00:44:00.213Z</time>
      </trkpt>
      <trkpt lat="56.910172" lon="-4.236236">
        <ele>395.100953</ele>
        <time>2023-07-22T00:44:18.290Z</time>
      </trkpt>
      <trkpt lat="56.911506" lon="-4.236142">
        <ele>392.894360</ele>
        <time>2023-07-22T00:44:35.597Z</time>
      </trkpt>
      <trkpt lat="56.912494" lon="-4.236255">
        <ele>391.259735</ele>
        <time>2023-07-22T00:44:48.396Z</time>
      </trkpt>
      <trkpt lat="56.912571" lon="-4.236262">
        <ele>391.132432</ele>
        <time>2023-07-22T00:44:49.396Z</time>
      </trkpt>
      <trkpt lat="56.915514" lon="-4.236511">
        <ele>386.100899</ele>
        <time>2023-07-22T00:45:27.898Z</time>
      </trkpt>
      <trkpt lat="56.916187" lon="-4.236562">
        <ele>384.732540</ele>
        <time>2023-07-22T00:45:36.195Z</time>
      </trkpt>
      <trkpt lat="56.917087" lon="-4.236626">
        <ele>382.719906</ele>
        <time>2023-07-22T00:45:47.115Z</time>
      </trkpt>
      <trkpt lat="56.917166" lon="-4.236827">
        <ele>382.405574</ele>
        <time>2023-07-22T00:45:48.226Z</time>
      </trkpt>
      <trkpt lat="56.917293" lon="-4.236966">
        <ele>382.061621</ele>
        <time>2023-07-22T00:45:49.497Z</time>
      </trkpt>
      <trkpt lat="56.917770" lon="-4.237099">
        <ele>380.939839</ele>
        <time>2023-07-22T00:45:53.674Z</time>
      </trkpt>
      <trkpt lat="56.918329" lon="-4.237444">
        <ele>379.667390</ele>
        <time>2023-07-22T00:45:58.795Z</time>
      </trkpt>
      <trkpt lat="56.918533" lon="-4.237572">
        <ele>379.284544</ele>
        <time>2023-07-22T00:46:00.658Z</time>
      </trkpt>
      <trkpt lat="56.919215" lon="-4.237971">
        <ele>378.013441</ele>
        <time>2023-07-22T00:46:07.152Z</time>
      </trkpt>
      <trkpt lat="56.922380" lon="-4.239609">
        <ele>372.521676</ele>
        <time>2023-07-22T00:46:37.089Z</time>
      </trkpt>
      <trkpt lat="56.923755" lon="-4.240484">
        <ele>370.067885</ele>
        <time>2023-07-22T00:46:50.110Z</time>
      </trkpt>
      <trkpt lat="56.924341" lon="-4.240795">
        <ele>369.069316</ele>
        <time>2023-07-22T00:46:55.593Z</time>
      </trkpt>
      <trkpt lat="56.924540" lon="-4.240846">
        <ele>368.740429</ele>
        <time>2023-07-22T00:46:57.419Z</time>
      </trkpt>
      <trkpt lat="56.924785" lon="-4.240823">
        <ele>368.338894</ele>
        <time>2023-07-22T00:46:59.653Z</time>
      </trkpt>
      <trkpt lat="56.925349" lon="-4.240602">
        <ele>367.628431</ele>
        <time>2023-07-22T00:47:05.008Z</time>
      </trkpt>
      <trkpt lat="56.926248" lon="-4.239999">
        <ele>366.820401</ele>
        <time>2023-07-22T00:47:14.456Z</time>
      </trkpt>
      <trkpt lat="56.926432" lon="-4.239919">
        <ele>366.660786</ele>
        <time>2023-07-22T00:47:16.451Z</time>
      </trkpt>
      <trkpt lat="56.926615" lon="-4.239903">
        <ele>366.506151</ele>
        <time>2023-07-22T00:47:18.433Z</time>
      </trkpt>
      <trkpt lat="56.926906" lon="-4.239968">
        <ele>366.290873</ele>
        <time>2023-07-22T00:47:21.716Z</time>
      </trkpt>
      <trkpt lat="56.927847" lon="-4.240630">
        <ele>365.713006</ele>
        <time>2023-07-22T00:47:33.183Z</time>
      </trkpt>
      <trkpt lat="56.928577" lon="-4.241109">
        <ele>365.112629</ele>
        <time>2023-07-22T00:47:40.861Z</time>
      </trkpt>
      <trkpt lat="56.928798" lon="-4.241263">
        <ele>364.620967</ele>
        <time>2023-07-22T00:47:43.051Z</time>
      </trkpt>
      <trkpt lat="56.928963" lon="-4.241371">
        <ele>364.256628</ele>
        <time>2023-07-22T00:47:44.604Z</time>
      </trkpt>
      <trkpt lat="56.929418" lon="-4.241665">
        <ele>363.253387</ele>
        <time>2023-07-22T00:47:48.792Z</time>
      </trkpt>
      <trkpt lat="56.929360" lon="-4.241749">
        <ele>363.099662</ele>
        <time>2023-07-22T00:47:55.106Z</time>
      </trkpt>
      <trkpt lat="56.930395" lon="-4.242343">
        <ele>360.819414</ele>
        <time>2023-07-22T00:48:04.176Z</time>
      </trkpt>
      <trkpt lat="56.930827" lon="-4.242498">
        <ele>359.873313</ele>
        <time>2023-07-22T00:48:07.917Z</time>
      </trkpt>
      <trkpt lat="56.931350" lon="-4.242571">
        <ele>358.746002</ele>
        <time>2023-07-22T00:48:12.474Z</time>
      </trkpt>
      <trkpt lat="56.931818" lon="-4.242546">
        <ele>357.739727</ele>
        <time>2023-07-22T00:48:16.673Z</time>
      </trkpt>
      <trkpt lat="56.932288" lon="-4.242417">
        <ele>357.191399</ele>
        <time>2023-07-22T00:48:21.074Z</time>
      </trkpt>
      <trkpt lat="56.933798" lon="-4.241777">
        <ele>355.627693</ele>
        <time>2023-07-22T00:48:36.270Z</time>
      </trkpt>
      <trkpt lat="56.934213" lon="-4.241623">
        <ele>355.529133</ele>
        <time>2023-07-22T00:48:40.746Z</time>
      </trkpt>
      <trkpt lat="56.934554" lon="-4.241488">
        <ele>355.447928</ele>
        <time>2023-07-22T00:48:44.578Z</time>
      </trkpt>
      <trkpt lat="56.934798" lon="-4.241372">
        <ele>355.389253</ele>
        <time>2023-07-22T00:48:47.482Z</time>
      </trkpt>
      <trkpt lat="56.934865" lon="-4.241935">
        <ele>355.316073</ele>
        <time>2023-07-22T00:48:52.608Z</time>
      </trkpt>
      <trkpt lat="56.934883" lon="-4.242110">
        <ele>355.293456</ele>
        <time>2023-07-22T00:48:54.190Z</time>
      </trkpt>
      <trkpt lat="56.935197" lon="-4.245197">
        <ele>355.259800</ele>
        <time>2023-07-22T00:49:24.971Z</time>
      </trkpt>
      <trkpt lat="56.935210" lon="-4.245487">
        <ele>355.259800</ele>
        <time>2023-07-22T00:49:28.028Z</time>
      </trkpt>
      <trkpt lat="56.935128" lon="-4.245561">
        <ele>355.259800</ele>
        <time>2023-07-22T00:49:29.649Z</time>
      </trkpt>
    </trkseg>
  </trk>
</gpx>