<?xml version='1.0' encoding='UTF-8'?>
<gpx version="1.1" creator="https://www.komoot.de" xmlns="http://www.topografix.com/GPX/1/1" xmlns:xsi="http://www.w3.org/2001/XMLSchema-instance" xsi:schemaLocation="http://www.topografix.com/GPX/1/1 http://www.topografix.com/GPX/1/1/gpx.xsd">
  <metadata>
    <name>Inverness to Brora</name>
    <author>
      <link href="https://www.komoot.de">
        <text>komoot</text>
        <type>text/html</type>
      </link>
    </author>
  </metadata>
  <trk>
    <name>Inverness to Brora</name>
    <trkseg>
      <trkpt lat="57.472647" lon="-4.224130">
        <ele>29.348891</ele>
        <time>2023-07-24T17:51:13.063Z</time>
      </trkpt>
      <trkpt lat="57.472707" lon="-4.224148">
        <ele>29.348891</ele>
        <time>2023-07-24T17:51:14.145Z</time>
      </trkpt>
      <trkpt lat="57.473294" lon="-4.224266">
        <ele>29.348891</ele>
        <time>2023-07-24T17:51:24.408Z</time>
      </trkpt>
      <trkpt lat="57.473724" lon="-4.224552">
        <ele>29.015440</ele>
        <time>2023-07-24T17:51:31.605Z</time>
      </trkpt>
      <trkpt lat="57.474184" lon="-4.224759">
        <ele>28.258700</ele>
        <time>2023-07-24T17:51:38.990Z</time>
      </trkpt>
      <trkpt lat="57.474354" lon="-4.224793">
        <ele>27.985312</ele>
        <time>2023-07-24T17:51:41.755Z</time>
      </trkpt>
      <trkpt lat="57.474412" lon="-4.224802">
        <ele>27.892251</ele>
        <time>2023-07-24T17:51:42.702Z</time>
      </trkpt>
      <trkpt lat="57.474707" lon="-4.224900">
        <ele>27.413095</ele>
        <time>2023-07-24T17:51:47.551Z</time>
      </trkpt>
      <trkpt lat="57.475105" lon="-4.225028">
        <ele>26.767270</ele>
        <time>2023-07-24T17:51:54.151Z</time>
      </trkpt>
      <trkpt lat="57.475213" lon="-4.225054">
        <ele>26.593143</ele>
        <time>2023-07-24T17:51:55.875Z</time>
      </trkpt>
      <trkpt lat="57.475324" lon="-4.225055">
        <ele>26.390412</ele>
        <time>2023-07-24T17:51:57.643Z</time>
      </trkpt>
      <trkpt lat="57.476389" lon="-4.224504">
        <ele>23.844083</ele>
        <time>2023-07-24T17:52:14.314Z</time>
      </trkpt>
      <trkpt lat="57.476618" lon="-4.224422">
        <ele>23.306904</ele>
        <time>2023-07-24T17:52:17.914Z</time>
      </trkpt>
      <trkpt lat="57.476682" lon="-4.224405">
        <ele>23.157986</ele>
        <time>2023-07-24T17:52:18.988Z</time>
      </trkpt>
      <trkpt lat="57.477018" lon="-4.224414">
        <ele>22.383943</ele>
        <time>2023-07-24T17:52:24.016Z</time>
      </trkpt>
      <trkpt lat="57.477105" lon="-4.224451">
        <ele>22.046484</ele>
        <time>2023-07-24T17:52:25.298Z</time>
      </trkpt>
      <trkpt lat="57.477323" lon="-4.224585">
        <ele>21.057152</ele>
        <time>2023-07-24T17:52:28.480Z</time>
      </trkpt>
      <trkpt lat="57.477567" lon="-4.224817">
        <ele>19.876341</ele>
        <time>2023-07-24T17:52:32.207Z</time>
      </trkpt>
      <trkpt lat="57.477590" lon="-4.224872">
        <ele>19.714919</ele>
        <time>2023-07-24T17:52:32.711Z</time>
      </trkpt>
      <trkpt lat="57.477588" lon="-4.225000">
        <ele>19.418262</ele>
        <time>2023-07-24T17:52:33.640Z</time>
      </trkpt>
      <trkpt lat="57.477486" lon="-4.225342">
        <ele>18.512219</ele>
        <time>2023-07-24T17:52:36.418Z</time>
      </trkpt>
      <trkpt lat="57.477476" lon="-4.225378">
        <ele>18.418346</ele>
        <time>2023-07-24T17:52:36.706Z</time>
      </trkpt>
      <trkpt lat="57.477388" lon="-4.225682">
        <ele>17.618484</ele>
        <time>2023-07-24T17:52:39.143Z</time>
      </trkpt>
      <trkpt lat="57.477087" lon="-4.226851">
        <ele>14.615722</ele>
        <time>2023-07-24T17:52:48.342Z</time>
      </trkpt>
      <trkpt lat="57.477707" lon="-4.227330">
        <ele>12.228465</ele>
        <time>2023-07-24T17:52:57.472Z</time>
      </trkpt>
      <trkpt lat="57.477938" lon="-4.227520">
        <ele>11.332746</ele>
        <time>2023-07-24T17:53:00.860Z</time>
      </trkpt>
      <trkpt lat="57.478034" lon="-4.227602">
        <ele>10.958119</ele>
        <time>2023-07-24T17:53:02.276Z</time>
      </trkpt>
      <trkpt lat="57.478067" lon="-4.227631">
        <ele>10.828687</ele>
        <time>2023-07-24T17:53:02.776Z</time>
      </trkpt>
      <trkpt lat="57.478698" lon="-4.228231">
        <ele>8.315524</ele>
        <time>2023-07-24T17:53:12.849Z</time>
      </trkpt>
      <trkpt lat="57.479247" lon="-4.228859">
        <ele>8.000634</ele>
        <time>2023-07-24T17:53:24.413Z</time>
      </trkpt>
      <trkpt lat="57.479368" lon="-4.229017">
        <ele>7.952269</ele>
        <time>2023-07-24T17:53:27.822Z</time>
      </trkpt>
      <trkpt lat="57.479419" lon="-4.229085">
        <ele>7.931741</ele>
        <time>2023-07-24T17:53:29.191Z</time>
      </trkpt>
      <trkpt lat="57.479447" lon="-4.229121">
        <ele>7.920605</ele>
        <time>2023-07-24T17:53:29.911Z</time>
      </trkpt>
      <trkpt lat="57.479758" lon="-4.229640">
        <ele>7.783917</ele>
        <time>2023-07-24T17:53:39.304Z</time>
      </trkpt>
      <trkpt lat="57.479861" lon="-4.229747">
        <ele>7.745322</ele>
        <time>2023-07-24T17:53:42.046Z</time>
      </trkpt>
      <trkpt lat="57.479922" lon="-4.229717">
        <ele>7.724681</ele>
        <time>2023-07-24T17:53:43.590Z</time>
      </trkpt>
      <trkpt lat="57.480193" lon="-4.229355">
        <ele>7.615532</ele>
        <time>2023-07-24T17:53:51.161Z</time>
      </trkpt>
      <trkpt lat="57.480551" lon="-4.228748">
        <ele>7.539020</ele>
        <time>2023-07-24T17:54:02.135Z</time>
      </trkpt>
      <trkpt lat="57.480622" lon="-4.228690">
        <ele>7.527029</ele>
        <time>2023-07-24T17:54:03.788Z</time>
      </trkpt>
      <trkpt lat="57.480711" lon="-4.228665">
        <ele>7.513110</ele>
        <time>2023-07-24T17:54:05.849Z</time>
      </trkpt>
      <trkpt lat="57.480774" lon="-4.228580">
        <ele>7.501076</ele>
        <time>2023-07-24T17:54:07.753Z</time>
      </trkpt>
      <trkpt lat="57.480832" lon="-4.228556">
        <ele>7.491888</ele>
        <time>2023-07-24T17:54:09.072Z</time>
      </trkpt>
      <trkpt lat="57.480948" lon="-4.228577">
        <ele>7.473865</ele>
        <time>2023-07-24T17:54:11.551Z</time>
      </trkpt>
      <trkpt lat="57.480994" lon="-4.228664">
        <ele>7.463721</ele>
        <time>2023-07-24T17:54:12.946Z</time>
      </trkpt>
      <trkpt lat="57.481258" lon="-4.229145">
        <ele>7.406578</ele>
        <time>2023-07-24T17:54:20.745Z</time>
      </trkpt>
      <trkpt lat="57.481321" lon="-4.229256">
        <ele>7.393160</ele>
        <time>2023-07-24T17:54:22.441Z</time>
      </trkpt>
      <trkpt lat="57.481909" lon="-4.230301">
        <ele>6.841187</ele>
        <time>2023-07-24T17:54:35.949Z</time>
      </trkpt>
      <trkpt lat="57.481995" lon="-4.230429">
        <ele>6.715721</ele>
        <time>2023-07-24T17:54:37.727Z</time>
      </trkpt>
      <trkpt lat="57.482108" lon="-4.230474">
        <ele>6.584079</ele>
        <time>2023-07-24T17:54:39.604Z</time>
      </trkpt>
      <trkpt lat="57.482374" lon="-4.230480">
        <ele>6.281040</ele>
        <time>2023-07-24T17:54:43.941Z</time>
      </trkpt>
      <trkpt lat="57.482455" lon="-4.230543">
        <ele>6.181027</ele>
        <time>2023-07-24T17:54:45.393Z</time>
      </trkpt>
      <trkpt lat="57.482466" lon="-4.230772">
        <ele>6.040237</ele>
        <time>2023-07-24T17:54:47.433Z</time>
      </trkpt>
      <trkpt lat="57.482503" lon="-4.230883">
        <ele>5.960257</ele>
        <time>2023-07-24T17:54:48.599Z</time>
      </trkpt>
      <trkpt lat="57.482601" lon="-4.230995">
        <ele>5.829235</ele>
        <time>2023-07-24T17:54:50.526Z</time>
      </trkpt>
      <trkpt lat="57.482671" lon="-4.231006">
        <ele>5.749209</ele>
        <time>2023-07-24T17:54:51.707Z</time>
      </trkpt>
      <trkpt lat="57.482765" lon="-4.230944">
        <ele>5.635597</ele>
        <time>2023-07-24T17:54:53.372Z</time>
      </trkpt>
      <trkpt lat="57.482835" lon="-4.230792">
        <ele>5.513031</ele>
        <time>2023-07-24T17:54:55.214Z</time>
      </trkpt>
      <trkpt lat="57.482853" lon="-4.230666">
        <ele>5.433196</ele>
        <time>2023-07-24T17:54:56.408Z</time>
      </trkpt>
      <trkpt lat="57.482833" lon="-4.230472">
        <ele>5.312233</ele>
        <time>2023-07-24T17:54:58.247Z</time>
      </trkpt>
      <trkpt lat="57.483222" lon="-4.230271">
        <ele>4.965904</ele>
        <time>2023-07-24T17:55:05.271Z</time>
      </trkpt>
      <trkpt lat="57.483592" lon="-4.230073">
        <ele>4.642344</ele>
        <time>2023-07-24T17:55:12.003Z</time>
      </trkpt>
      <trkpt lat="57.483674" lon="-4.230023">
        <ele>4.569823</ele>
        <time>2023-07-24T17:55:13.508Z</time>
      </trkpt>
      <trkpt lat="57.483849" lon="-4.229941">
        <ele>4.418158</ele>
        <time>2023-07-24T17:55:16.653Z</time>
      </trkpt>
      <trkpt lat="57.484138" lon="-4.229859">
        <ele>4.172472</ele>
        <time>2023-07-24T17:55:21.778Z</time>
      </trkpt>
      <trkpt lat="57.484181" lon="-4.229844">
        <ele>4.135705</ele>
        <time>2023-07-24T17:55:22.564Z</time>
      </trkpt>
      <trkpt lat="57.484469" lon="-4.229751">
        <ele>3.890049</ele>
        <time>2023-07-24T17:55:27.760Z</time>
      </trkpt>
      <trkpt lat="57.485349" lon="-4.229418">
        <ele>3.575669</ele>
        <time>2023-07-24T17:55:44.268Z</time>
      </trkpt>
      <trkpt lat="57.485694" lon="-4.229267">
        <ele>3.483231</ele>
        <time>2023-07-24T17:55:51.105Z</time>
      </trkpt>
      <trkpt lat="57.485944" lon="-4.228955">
        <ele>3.404714</ele>
        <time>2023-07-24T17:55:57.191Z</time>
      </trkpt>
      <trkpt lat="57.486046" lon="-4.228729">
        <ele>3.363343</ele>
        <time>2023-07-24T17:56:00.559Z</time>
      </trkpt>
      <trkpt lat="57.486140" lon="-4.228728">
        <ele>3.338826</ele>
        <time>2023-07-24T17:56:02.518Z</time>
      </trkpt>
      <trkpt lat="57.486328" lon="-4.228514">
        <ele>3.306567</ele>
        <time>2023-07-24T17:56:07.257Z</time>
      </trkpt>
      <trkpt lat="57.486487" lon="-4.228420">
        <ele>3.310049</ele>
        <time>2023-07-24T17:56:10.990Z</time>
      </trkpt>
      <trkpt lat="57.486739" lon="-4.228461">
        <ele>3.315328</ele>
        <time>2023-07-24T17:56:16.870Z</time>
      </trkpt>
      <trkpt lat="57.487099" lon="-4.228779">
        <ele>3.323645</ele>
        <time>2023-07-24T17:56:26.020Z</time>
      </trkpt>
      <trkpt lat="57.487354" lon="-4.229035">
        <ele>3.329692</ele>
        <time>2023-07-24T17:56:32.224Z</time>
      </trkpt>
      <trkpt lat="57.487682" lon="-4.229363">
        <ele>3.337463</ele>
        <time>2023-07-24T17:56:39.479Z</time>
      </trkpt>
      <trkpt lat="57.487887" lon="-4.229579">
        <ele>3.338704</ele>
        <time>2023-07-24T17:56:43.867Z</time>
      </trkpt>
      <trkpt lat="57.488037" lon="-4.229834">
        <ele>3.235330</ele>
        <time>2023-07-24T17:56:47.541Z</time>
      </trkpt>
      <trkpt lat="57.488128" lon="-4.230082">
        <ele>3.153217</ele>
        <time>2023-07-24T17:56:50.516Z</time>
      </trkpt>
      <trkpt lat="57.488479" lon="-4.231343">
        <ele>2.764899</ele>
        <time>2023-07-24T17:57:04.457Z</time>
      </trkpt>
      <trkpt lat="57.488566" lon="-4.231572">
        <ele>2.688216</ele>
        <time>2023-07-24T17:57:07.184Z</time>
      </trkpt>
      <trkpt lat="57.488719" lon="-4.231854">
        <ele>2.578646</ele>
        <time>2023-07-24T17:57:11.178Z</time>
      </trkpt>
      <trkpt lat="57.488883" lon="-4.232051">
        <ele>2.479329</ele>
        <time>2023-07-24T17:57:14.732Z</time>
      </trkpt>
      <trkpt lat="57.489136" lon="-4.232321">
        <ele>2.455832</ele>
        <time>2023-07-24T17:57:20.214Z</time>
      </trkpt>
      <trkpt lat="57.489378" lon="-4.232522">
        <ele>2.496047</ele>
        <time>2023-07-24T17:57:25.426Z</time>
      </trkpt>
      <trkpt lat="57.489783" lon="-4.232709">
        <ele>2.559367</ele>
        <time>2023-07-24T17:57:34.363Z</time>
      </trkpt>
      <trkpt lat="57.489915" lon="-4.232721">
        <ele>2.579421</ele>
        <time>2023-07-24T17:57:37.285Z</time>
      </trkpt>
      <trkpt lat="57.490287" lon="-4.232748">
        <ele>2.635912</ele>
        <time>2023-07-24T17:57:46.164Z</time>
      </trkpt>
      <trkpt lat="57.490709" lon="-4.232736">
        <ele>2.699955</ele>
        <time>2023-07-24T17:57:56.275Z</time>
      </trkpt>
      <trkpt lat="57.491080" lon="-4.232641">
        <ele>2.796397</ele>
        <time>2023-07-24T17:58:04.775Z</time>
      </trkpt>
      <trkpt lat="57.491272" lon="-4.232537">
        <ele>2.847938</ele>
        <time>2023-07-24T17:58:09.168Z</time>
      </trkpt>
      <trkpt lat="57.491634" lon="-4.232228">
        <ele>2.950590</ele>
        <time>2023-07-24T17:58:17.775Z</time>
      </trkpt>
      <trkpt lat="57.492274" lon="-4.231577">
        <ele>3.138583</ele>
        <time>2023-07-24T17:58:33.903Z</time>
      </trkpt>
      <trkpt lat="57.492695" lon="-4.231092">
        <ele>3.208909</ele>
        <time>2023-07-24T17:58:44.576Z</time>
      </trkpt>
      <trkpt lat="57.493143" lon="-4.230491">
        <ele>3.271724</ele>
        <time>2023-07-24T17:58:56.336Z</time>
      </trkpt>
      <trkpt lat="57.493019" lon="-4.230167">
        <ele>3.296036</ele>
        <time>2023-07-24T17:59:02.439Z</time>
      </trkpt>
      <trkpt lat="57.492875" lon="-4.229955">
        <ele>3.316920</ele>
        <time>2023-07-24T17:59:07.671Z</time>
      </trkpt>
      <trkpt lat="57.493135" lon="-4.228488">
        <ele>3.354144</ele>
        <time>2023-07-24T17:59:31.628Z</time>
      </trkpt>
      <trkpt lat="57.493314" lon="-4.227715">
        <ele>3.337338</ele>
        <time>2023-07-24T17:59:44.997Z</time>
      </trkpt>
      <trkpt lat="57.493585" lon="-4.227030">
        <ele>3.320353</ele>
        <time>2023-07-24T17:59:58.227Z</time>
      </trkpt>
      <trkpt lat="57.493730" lon="-4.226740">
        <ele>3.312444</ele>
        <time>2023-07-24T18:00:04.102Z</time>
      </trkpt>
      <trkpt lat="57.494180" lon="-4.225841">
        <ele>3.206117</ele>
        <time>2023-07-24T18:00:21.194Z</time>
      </trkpt>
      <trkpt lat="57.494472" lon="-4.225257">
        <ele>3.093575</ele>
        <time>2023-07-24T18:00:32.130Z</time>
      </trkpt>
      <trkpt lat="57.494980" lon="-4.223854">
        <ele>2.854895</ele>
        <time>2023-07-24T18:00:57.367Z</time>
      </trkpt>
      <trkpt lat="57.494664" lon="-4.223318">
        <ele>2.962324</ele>
        <time>2023-07-24T18:01:09.431Z</time>
      </trkpt>
      <trkpt lat="57.494810" lon="-4.223002">
        <ele>3.052781</ele>
        <time>2023-07-24T18:01:14.217Z</time>
      </trkpt>
      <trkpt lat="57.495077" lon="-4.221805">
        <ele>3.334091</ele>
        <time>2023-07-24T18:01:29.776Z</time>
      </trkpt>
      <trkpt lat="57.494958" lon="-4.220982">
        <ele>3.519082</ele>
        <time>2023-07-24T18:01:41.033Z</time>
      </trkpt>
      <trkpt lat="57.494859" lon="-4.220475">
        <ele>3.804071</ele>
        <time>2023-07-24T18:01:48.985Z</time>
      </trkpt>
      <trkpt lat="57.494658" lon="-4.219932">
        <ele>4.245770</ele>
        <time>2023-07-24T18:01:58.898Z</time>
      </trkpt>
      <trkpt lat="57.494671" lon="-4.219877">
        <ele>4.286021</ele>
        <time>2023-07-24T18:01:59.847Z</time>
      </trkpt>
      <trkpt lat="57.494720" lon="-4.219893">
        <ele>4.348037</ele>
        <time>2023-07-24T18:02:01.250Z</time>
      </trkpt>
      <trkpt lat="57.495122" lon="-4.220653">
        <ele>5.062412</ele>
        <time>2023-07-24T18:02:17.026Z</time>
      </trkpt>
      <trkpt lat="57.495907" lon="-4.222303">
        <ele>6.545699</ele>
        <time>2023-07-24T18:02:50.597Z</time>
      </trkpt>
      <trkpt lat="57.500013" lon="-4.231475">
        <ele>14.597233</ele>
        <time>2023-07-24T18:05:48.520Z</time>
      </trkpt>
      <trkpt lat="57.501175" lon="-4.234174">
        <ele>17.086268</ele>
        <time>2023-07-24T18:06:40.293Z</time>
      </trkpt>
      <trkpt lat="57.501677" lon="-4.236194">
        <ele>19.432727</ele>
        <time>2023-07-24T18:07:17.813Z</time>
      </trkpt>
      <trkpt lat="57.501762" lon="-4.236888">
        <ele>20.210759</ele>
        <time>2023-07-24T18:07:31.214Z</time>
      </trkpt>
      <trkpt lat="57.501855" lon="-4.238488">
        <ele>21.572476</ele>
        <time>2023-07-24T18:08:00.278Z</time>
      </trkpt>
      <trkpt lat="57.501893" lon="-4.239723">
        <ele>22.414981</ele>
        <time>2023-07-24T18:08:20.671Z</time>
      </trkpt>
      <trkpt lat="57.501978" lon="-4.243429">
        <ele>22.815145</ele>
        <time>2023-07-24T18:09:01.128Z</time>
      </trkpt>
      <trkpt lat="57.502040" lon="-4.244677">
        <ele>22.736256</ele>
        <time>2023-07-24T18:09:12.390Z</time>
      </trkpt>
      <trkpt lat="57.502066" lon="-4.244716">
        <ele>22.741236</ele>
        <time>2023-07-24T18:09:13.104Z</time>
      </trkpt>
      <trkpt lat="57.502135" lon="-4.244861">
        <ele>22.756759</ele>
        <time>2023-07-24T18:09:15.324Z</time>
      </trkpt>
      <trkpt lat="57.502318" lon="-4.246462">
        <ele>22.887927</ele>
        <time>2023-07-24T18:09:32.308Z</time>
      </trkpt>
      <trkpt lat="57.502356" lon="-4.246663">
        <ele>22.905002</ele>
        <time>2023-07-24T18:09:35.184Z</time>
      </trkpt>
      <trkpt lat="57.502461" lon="-4.246823">
        <ele>22.925242</ele>
        <time>2023-07-24T18:09:38.957Z</time>
      </trkpt>
      <trkpt lat="57.502527" lon="-4.247048">
        <ele>22.945785</ele>
        <time>2023-07-24T18:09:42.179Z</time>
      </trkpt>
      <trkpt lat="57.502974" lon="-4.248791">
        <ele>25.220346</ele>
        <time>2023-07-24T18:10:16.092Z</time>
      </trkpt>
      <trkpt lat="57.503457" lon="-4.250133">
        <ele>27.403699</ele>
        <time>2023-07-24T18:10:50.262Z</time>
      </trkpt>
      <trkpt lat="57.504581" lon="-4.252762">
        <ele>32.211969</ele>
        <time>2023-07-24T18:11:56.156Z</time>
      </trkpt>
      <trkpt lat="57.505293" lon="-4.254314">
        <ele>33.239586</ele>
        <time>2023-07-24T18:12:26.066Z</time>
      </trkpt>
      <trkpt lat="57.506774" lon="-4.257647">
        <ele>33.754815</ele>
        <time>2023-07-24T18:13:14.385Z</time>
      </trkpt>
      <trkpt lat="57.507467" lon="-4.259588">
        <ele>32.933490</ele>
        <time>2023-07-24T18:13:37.852Z</time>
      </trkpt>
      <trkpt lat="57.507716" lon="-4.260658">
        <ele>32.452161</ele>
        <time>2023-07-24T18:13:48.479Z</time>
      </trkpt>
      <trkpt lat="57.508091" lon="-4.262715">
        <ele>31.225339</ele>
        <time>2023-07-24T18:14:06.908Z</time>
      </trkpt>
      <trkpt lat="57.508077" lon="-4.262867">
        <ele>31.135398</ele>
        <time>2023-07-24T18:14:08.347Z</time>
      </trkpt>
      <trkpt lat="57.507996" lon="-4.263065">
        <ele>30.990249</ele>
        <time>2023-07-24T18:14:10.796Z</time>
      </trkpt>
      <trkpt lat="57.507791" lon="-4.263213">
        <ele>30.751532</ele>
        <time>2023-07-24T18:14:14.878Z</time>
      </trkpt>
      <trkpt lat="57.507559" lon="-4.263489">
        <ele>30.452612</ele>
        <time>2023-07-24T18:14:20.181Z</time>
      </trkpt>
      <trkpt lat="57.507622" lon="-4.263645">
        <ele>30.430622</ele>
        <time>2023-07-24T18:14:22.424Z</time>
      </trkpt>
      <trkpt lat="57.507853" lon="-4.263966">
        <ele>30.569334</ele>
        <time>2023-07-24T18:14:28.115Z</time>
      </trkpt>
      <trkpt lat="57.508113" lon="-4.264449">
        <ele>30.746085</ele>
        <time>2023-07-24T18:14:35.719Z</time>
      </trkpt>
      <trkpt lat="57.508194" lon="-4.264416">
        <ele>30.785985</ele>
        <time>2023-07-24T18:14:37.633Z</time>
      </trkpt>
      <trkpt lat="57.508563" lon="-4.264277">
        <ele>30.967146</ele>
        <time>2023-07-24T18:14:46.099Z</time>
      </trkpt>
      <trkpt lat="57.508577" lon="-4.264129">
        <ele>31.005991</ele>
        <time>2023-07-24T18:14:48.054Z</time>
      </trkpt>
      <trkpt lat="57.508501" lon="-4.263881">
        <ele>31.079794</ele>
        <time>2023-07-24T18:14:51.827Z</time>
      </trkpt>
      <trkpt lat="57.508575" lon="-4.265664">
        <ele>32.093727</ele>
        <time>2023-07-24T18:15:19.988Z</time>
      </trkpt>
      <trkpt lat="57.508577" lon="-4.266234">
        <ele>32.537590</ele>
        <time>2023-07-24T18:15:28.717Z</time>
      </trkpt>
      <trkpt lat="57.508722" lon="-4.268605">
        <ele>34.283892</ele>
        <time>2023-07-24T18:16:05.844Z</time>
      </trkpt>
      <trkpt lat="57.508848" lon="-4.269520">
        <ele>34.861314</ele>
        <time>2023-07-24T18:16:21.077Z</time>
      </trkpt>
      <trkpt lat="57.509036" lon="-4.270733">
        <ele>35.633060</ele>
        <time>2023-07-24T18:16:38.836Z</time>
      </trkpt>
      <trkpt lat="57.509202" lon="-4.271592">
        <ele>35.951934</ele>
        <time>2023-07-24T18:16:50.582Z</time>
      </trkpt>
      <trkpt lat="57.509550" lon="-4.273142">
        <ele>36.065840</ele>
        <time>2023-07-24T18:17:10.663Z</time>
      </trkpt>
      <trkpt lat="57.509608" lon="-4.273185">
        <ele>36.073720</ele>
        <time>2023-07-24T18:17:11.762Z</time>
      </trkpt>
      <trkpt lat="57.509854" lon="-4.273964">
        <ele>36.134989</ele>
        <time>2023-07-24T18:17:20.683Z</time>
      </trkpt>
      <trkpt lat="57.509951" lon="-4.273882">
        <ele>36.148436</ele>
        <time>2023-07-24T18:17:23.192Z</time>
      </trkpt>
      <trkpt lat="57.510355" lon="-4.275736">
        <ele>36.493443</ele>
        <time>2023-07-24T18:17:45.100Z</time>
      </trkpt>
      <trkpt lat="57.510440" lon="-4.276324">
        <ele>36.598772</ele>
        <time>2023-07-24T18:17:52.266Z</time>
      </trkpt>
      <trkpt lat="57.510503" lon="-4.277011">
        <ele>36.719325</ele>
        <time>2023-07-24T18:18:00.699Z</time>
      </trkpt>
      <trkpt lat="57.510594" lon="-4.278908">
        <ele>39.962794</ele>
        <time>2023-07-24T18:18:35.793Z</time>
      </trkpt>
      <trkpt lat="57.510731" lon="-4.279805">
        <ele>41.591087</ele>
        <time>2023-07-24T18:18:58.640Z</time>
      </trkpt>
      <trkpt lat="57.511096" lon="-4.281525">
        <ele>45.967213</ele>
        <time>2023-07-24T18:19:48.449Z</time>
      </trkpt>
      <trkpt lat="57.511328" lon="-4.282612">
        <ele>49.052920</ele>
        <time>2023-07-24T18:20:20.495Z</time>
      </trkpt>
      <trkpt lat="57.511532" lon="-4.283538">
        <ele>51.582386</ele>
        <time>2023-07-24T18:20:45.750Z</time>
      </trkpt>
      <trkpt lat="57.511979" lon="-4.285520">
        <ele>55.041222</ele>
        <time>2023-07-24T18:21:29.997Z</time>
      </trkpt>
      <trkpt lat="57.512179" lon="-4.286003">
        <ele>56.022514</ele>
        <time>2023-07-24T18:21:40.926Z</time>
      </trkpt>
      <trkpt lat="57.512537" lon="-4.286653">
        <ele>57.042857</ele>
        <time>2023-07-24T18:21:57.321Z</time>
      </trkpt>
      <trkpt lat="57.513846" lon="-4.288270">
        <ele>58.612420</ele>
        <time>2023-07-24T18:22:38.650Z</time>
      </trkpt>
      <trkpt lat="57.514157" lon="-4.288977">
        <ele>58.070245</ele>
        <time>2023-07-24T18:22:47.533Z</time>
      </trkpt>
      <trkpt lat="57.514373" lon="-4.288856">
        <ele>57.821083</ele>
        <time>2023-07-24T18:22:51.395Z</time>
      </trkpt>
      <trkpt lat="57.514802" lon="-4.288810">
        <ele>57.346419</ele>
        <time>2023-07-24T18:22:58.258Z</time>
      </trkpt>
      <trkpt lat="57.515144" lon="-4.288546">
        <ele>56.937461</ele>
        <time>2023-07-24T18:23:03.934Z</time>
      </trkpt>
      <trkpt lat="57.515332" lon="-4.288350">
        <ele>56.699455</ele>
        <time>2023-07-24T18:23:07.270Z</time>
      </trkpt>
      <trkpt lat="57.515520" lon="-4.288940">
        <ele>56.422337</ele>
        <time>2023-07-24T18:23:15.592Z</time>
      </trkpt>
      <trkpt lat="57.515657" lon="-4.289286">
        <ele>56.262395</ele>
        <time>2023-07-24T18:23:20.934Z</time>
      </trkpt>
      <trkpt lat="57.515839" lon="-4.289451">
        <ele>56.122156</ele>
        <time>2023-07-24T18:23:25.811Z</time>
      </trkpt>
      <trkpt lat="57.515927" lon="-4.289531">
        <ele>56.054313</ele>
        <time>2023-07-24T18:23:28.179Z</time>
      </trkpt>
      <trkpt lat="57.516311" lon="-4.289656">
        <ele>55.784249</ele>
        <time>2023-07-24T18:23:38.097Z</time>
      </trkpt>
      <trkpt lat="57.516832" lon="-4.289881">
        <ele>55.413727</ele>
        <time>2023-07-24T18:23:52.888Z</time>
      </trkpt>
      <trkpt lat="57.517582" lon="-4.290368">
        <ele>56.753379</ele>
        <time>2023-07-24T18:24:21.230Z</time>
      </trkpt>
      <trkpt lat="57.517910" lon="-4.290713">
        <ele>57.420775</ele>
        <time>2023-07-24T18:24:37.669Z</time>
      </trkpt>
      <trkpt lat="57.518235" lon="-4.291269">
        <ele>58.202669</ele>
        <time>2023-07-24T18:24:57.847Z</time>
      </trkpt>
      <trkpt lat="57.518602" lon="-4.291962">
        <ele>58.354979</ele>
        <time>2023-07-24T18:25:18.954Z</time>
      </trkpt>
      <trkpt lat="57.519151" lon="-4.293203">
        <ele>57.722565</ele>
        <time>2023-07-24T18:25:41.865Z</time>
      </trkpt>
      <trkpt lat="57.519432" lon="-4.293839">
        <ele>57.398628</ele>
        <time>2023-07-24T18:25:51.416Z</time>
      </trkpt>
      <trkpt lat="57.520156" lon="-4.295475">
        <ele>54.076821</ele>
        <time>2023-07-24T18:26:13.785Z</time>
      </trkpt>
      <trkpt lat="57.520293" lon="-4.295783">
        <ele>53.359702</ele>
        <time>2023-07-24T18:26:17.903Z</time>
      </trkpt>
      <trkpt lat="57.520978" lon="-4.297334">
        <ele>50.805253</ele>
        <time>2023-07-24T18:26:40.597Z</time>
      </trkpt>
      <trkpt lat="57.521438" lon="-4.298373">
        <ele>50.075866</ele>
        <time>2023-07-24T18:26:59.446Z</time>
      </trkpt>
      <trkpt lat="57.521826" lon="-4.299250">
        <ele>49.460387</ele>
        <time>2023-07-24T18:27:16.428Z</time>
      </trkpt>
      <trkpt lat="57.521862" lon="-4.299330">
        <ele>49.422820</ele>
        <time>2023-07-24T18:27:17.962Z</time>
      </trkpt>
      <trkpt lat="57.522635" lon="-4.301079">
        <ele>48.777136</ele>
        <time>2023-07-24T18:27:50.482Z</time>
      </trkpt>
      <trkpt lat="57.522815" lon="-4.301966">
        <ele>48.506856</ele>
        <time>2023-07-24T18:28:02.745Z</time>
      </trkpt>
      <trkpt lat="57.522816" lon="-4.302985">
        <ele>47.987333</ele>
        <time>2023-07-24T18:28:15.954Z</time>
      </trkpt>
      <trkpt lat="57.522665" lon="-4.305642">
        <ele>46.713927</ele>
        <time>2023-07-24T18:28:50.753Z</time>
      </trkpt>
      <trkpt lat="57.522564" lon="-4.307627">
        <ele>46.582059</ele>
        <time>2023-07-24T18:29:18.227Z</time>
      </trkpt>
      <trkpt lat="57.522578" lon="-4.309076">
        <ele>46.898291</ele>
        <time>2023-07-24T18:29:43.234Z</time>
      </trkpt>
      <trkpt lat="57.522857" lon="-4.311268">
        <ele>49.241686</ele>
        <time>2023-07-24T18:30:31.780Z</time>
      </trkpt>
      <trkpt lat="57.523109" lon="-4.312587">
        <ele>50.857093</ele>
        <time>2023-07-24T18:31:03.776Z</time>
      </trkpt>
      <trkpt lat="57.523370" lon="-4.313502">
        <ele>52.178839</ele>
        <time>2023-07-24T18:31:27.141Z</time>
      </trkpt>
      <trkpt lat="57.523485" lon="-4.313783">
        <ele>52.629558</ele>
        <time>2023-07-24T18:31:35.160Z</time>
      </trkpt>
      <trkpt lat="57.523693" lon="-4.314163">
        <ele>53.321796</ele>
        <time>2023-07-24T18:31:47.395Z</time>
      </trkpt>
      <trkpt lat="57.523972" lon="-4.314448">
        <ele>54.077803</ele>
        <time>2023-07-24T18:32:00.352Z</time>
      </trkpt>
      <trkpt lat="57.526325" lon="-4.317347">
        <ele>59.870889</ele>
        <time>2023-07-24T18:33:33.793Z</time>
      </trkpt>
      <trkpt lat="57.526385" lon="-4.317418">
        <ele>59.989713</ele>
        <time>2023-07-24T18:33:35.949Z</time>
      </trkpt>
      <trkpt lat="57.527008" lon="-4.318161">
        <ele>61.226297</ele>
        <time>2023-07-24T18:33:56.105Z</time>
      </trkpt>
      <trkpt lat="57.527225" lon="-4.318371">
        <ele>61.610260</ele>
        <time>2023-07-24T18:34:02.194Z</time>
      </trkpt>
      <trkpt lat="57.527530" lon="-4.318608">
        <ele>62.121503</ele>
        <time>2023-07-24T18:34:10.633Z</time>
      </trkpt>
      <trkpt lat="57.528214" lon="-4.319014">
        <ele>63.232067</ele>
        <time>2023-07-24T18:34:29.773Z</time>
      </trkpt>
      <trkpt lat="57.528513" lon="-4.319191">
        <ele>63.717412</ele>
        <time>2023-07-24T18:34:38.645Z</time>
      </trkpt>
      <trkpt lat="57.531378" lon="-4.320829">
        <ele>74.007873</ele>
        <time>2023-07-24T18:36:38.617Z</time>
      </trkpt>
      <trkpt lat="57.532457" lon="-4.321456">
        <ele>78.513811</ele>
        <time>2023-07-24T18:37:34.882Z</time>
      </trkpt>
      <trkpt lat="57.532517" lon="-4.321493">
        <ele>78.731916</ele>
        <time>2023-07-24T18:37:37.918Z</time>
      </trkpt>
      <trkpt lat="57.533364" lon="-4.321992">
        <ele>81.797516</ele>
        <time>2023-07-24T18:38:16.253Z</time>
      </trkpt>
      <trkpt lat="57.533602" lon="-4.322167">
        <ele>82.680493</ele>
        <time>2023-07-24T18:38:25.385Z</time>
      </trkpt>
      <trkpt lat="57.534703" lon="-4.323111">
        <ele>84.027370</ele>
        <time>2023-07-24T18:38:55.974Z</time>
      </trkpt>
      <trkpt lat="57.536123" lon="-4.324764">
        <ele>84.581319</ele>
        <time>2023-07-24T18:39:27.844Z</time>
      </trkpt>
      <trkpt lat="57.536447" lon="-4.325233">
        <ele>84.710085</ele>
        <time>2023-07-24T18:39:37.849Z</time>
      </trkpt>
      <trkpt lat="57.537334" lon="-4.326504">
        <ele>85.127655</ele>
        <time>2023-07-24T18:40:07.495Z</time>
      </trkpt>
      <trkpt lat="57.537856" lon="-4.327273">
        <ele>85.421507</ele>
        <time>2023-07-24T18:40:24.791Z</time>
      </trkpt>
      <trkpt lat="57.538206" lon="-4.327828">
        <ele>85.624455</ele>
        <time>2023-07-24T18:40:34.232Z</time>
      </trkpt>
      <trkpt lat="57.538770" lon="-4.328657">
        <ele>85.147298</ele>
        <time>2023-07-24T18:40:46.270Z</time>
      </trkpt>
      <trkpt lat="57.538829" lon="-4.328749">
        <ele>85.073015</ele>
        <time>2023-07-24T18:40:47.457Z</time>
      </trkpt>
      <trkpt lat="57.539843" lon="-4.330244">
        <ele>83.940311</ele>
        <time>2023-07-24T18:41:09.398Z</time>
      </trkpt>
      <trkpt lat="57.539906" lon="-4.330339">
        <ele>83.931085</ele>
        <time>2023-07-24T18:41:10.942Z</time>
      </trkpt>
      <trkpt lat="57.540352" lon="-4.330982">
        <ele>83.866890</ele>
        <time>2023-07-24T18:41:21.339Z</time>
      </trkpt>
      <trkpt lat="57.540620" lon="-4.331027">
        <ele>83.836258</ele>
        <time>2023-07-24T18:41:27.140Z</time>
      </trkpt>
      <trkpt lat="57.540714" lon="-4.332418">
        <ele>83.752390</ele>
        <time>2023-07-24T18:41:44.910Z</time>
      </trkpt>
      <trkpt lat="57.540741" lon="-4.332879">
        <ele>83.841534</ele>
        <time>2023-07-24T18:41:50.895Z</time>
      </trkpt>
      <trkpt lat="57.540833" lon="-4.334580">
        <ele>84.170170</ele>
        <time>2023-07-24T18:42:11.038Z</time>
      </trkpt>
      <trkpt lat="57.540869" lon="-4.334585">
        <ele>84.183100</ele>
        <time>2023-07-24T18:42:11.819Z</time>
      </trkpt>
      <trkpt lat="57.540954" lon="-4.335283">
        <ele>84.320686</ele>
        <time>2023-07-24T18:42:20.563Z</time>
      </trkpt>
      <trkpt lat="57.541126" lon="-4.335874">
        <ele>84.538032</ele>
        <time>2023-07-24T18:42:28.939Z</time>
      </trkpt>
      <trkpt lat="57.541208" lon="-4.336318">
        <ele>84.773767</ele>
        <time>2023-07-24T18:42:35.018Z</time>
      </trkpt>
      <trkpt lat="57.541190" lon="-4.336429">
        <ele>84.831982</ele>
        <time>2023-07-24T18:42:36.470Z</time>
      </trkpt>
      <trkpt lat="57.541133" lon="-4.336533">
        <ele>84.906608</ele>
        <time>2023-07-24T18:42:38.344Z</time>
      </trkpt>
      <trkpt lat="57.541137" lon="-4.336622">
        <ele>84.951446</ele>
        <time>2023-07-24T18:42:39.660Z</time>
      </trkpt>
      <trkpt lat="57.541143" lon="-4.336703">
        <ele>84.992497</ele>
        <time>2023-07-24T18:42:40.816Z</time>
      </trkpt>
      <trkpt lat="57.540941" lon="-4.336916">
        <ele>85.209614</ele>
        <time>2023-07-24T18:42:46.276Z</time>
      </trkpt>
      <trkpt lat="57.540945" lon="-4.337084">
        <ele>85.294041</ele>
        <time>2023-07-24T18:42:48.770Z</time>
      </trkpt>
      <trkpt lat="57.540940" lon="-4.338345">
        <ele>85.927135</ele>
        <time>2023-07-24T18:43:07.043Z</time>
      </trkpt>
      <trkpt lat="57.540773" lon="-4.340941">
        <ele>88.269643</ele>
        <time>2023-07-24T18:43:49.696Z</time>
      </trkpt>
      <trkpt lat="57.540613" lon="-4.343113">
        <ele>90.812995</ele>
        <time>2023-07-24T18:44:27.245Z</time>
      </trkpt>
      <trkpt lat="57.540650" lon="-4.343190">
        <ele>90.952652</ele>
        <time>2023-07-24T18:44:29.309Z</time>
      </trkpt>
      <trkpt lat="57.540514" lon="-4.343447">
        <ele>91.440348</ele>
        <time>2023-07-24T18:44:37.120Z</time>
      </trkpt>
      <trkpt lat="57.540464" lon="-4.343698">
        <ele>91.802127</ele>
        <time>2023-07-24T18:44:43.416Z</time>
      </trkpt>
      <trkpt lat="57.540467" lon="-4.344838">
        <ele>93.342603</ele>
        <time>2023-07-24T18:45:10.477Z</time>
      </trkpt>
      <trkpt lat="57.540366" lon="-4.345646">
        <ele>94.533193</ele>
        <time>2023-07-24T18:45:27.408Z</time>
      </trkpt>
      <trkpt lat="57.540153" lon="-4.347810">
        <ele>97.808499</ele>
        <time>2023-07-24T18:46:11.762Z</time>
      </trkpt>
      <trkpt lat="57.539713" lon="-4.350661">
        <ele>101.221091</ele>
        <time>2023-07-24T18:47:04.061Z</time>
      </trkpt>
      <trkpt lat="57.539649" lon="-4.351315">
        <ele>101.923319</ele>
        <time>2023-07-24T18:47:14.283Z</time>
      </trkpt>
      <trkpt lat="57.539319" lon="-4.353226">
        <ele>103.965640</ele>
        <time>2023-07-24T18:47:45.712Z</time>
      </trkpt>
      <trkpt lat="57.538867" lon="-4.356204">
        <ele>107.531151</ele>
        <time>2023-07-24T18:48:40.329Z</time>
      </trkpt>
      <trkpt lat="57.538750" lon="-4.357110">
        <ele>108.769504</ele>
        <time>2023-07-24T18:48:57.839Z</time>
      </trkpt>
      <trkpt lat="57.538578" lon="-4.358190">
        <ele>110.291319</ele>
        <time>2023-07-24T18:49:19.817Z</time>
      </trkpt>
      <trkpt lat="57.538516" lon="-4.358584">
        <ele>110.945871</ele>
        <time>2023-07-24T18:49:28.046Z</time>
      </trkpt>
      <trkpt lat="57.538460" lon="-4.359156">
        <ele>111.872798</ele>
        <time>2023-07-24T18:49:40.038Z</time>
      </trkpt>
      <trkpt lat="57.538358" lon="-4.360585">
        <ele>114.170970</ele>
        <time>2023-07-24T18:50:09.046Z</time>
      </trkpt>
      <trkpt lat="57.538270" lon="-4.361777">
        <ele>116.067803</ele>
        <time>2023-07-24T18:50:33.015Z</time>
      </trkpt>
      <trkpt lat="57.538312" lon="-4.364144">
        <ele>119.709923</ele>
        <time>2023-07-24T18:51:19.579Z</time>
      </trkpt>
      <trkpt lat="57.538362" lon="-4.364822">
        <ele>120.791404</ele>
        <time>2023-07-24T18:51:32.901Z</time>
      </trkpt>
      <trkpt lat="57.538595" lon="-4.366792">
        <ele>124.620030</ele>
        <time>2023-07-24T18:52:14.110Z</time>
      </trkpt>
      <trkpt lat="57.538987" lon="-4.368768">
        <ele>129.187428</ele>
        <time>2023-07-24T18:53:05.003Z</time>
      </trkpt>
      <trkpt lat="57.539187" lon="-4.369522">
        <ele>131.344583</ele>
        <time>2023-07-24T18:53:28.120Z</time>
      </trkpt>
      <trkpt lat="57.539953" lon="-4.371902">
        <ele>137.605975</ele>
        <time>2023-07-24T18:54:38.954Z</time>
      </trkpt>
      <trkpt lat="57.540482" lon="-4.373362">
        <ele>140.775340</ele>
        <time>2023-07-24T18:55:14.334Z</time>
      </trkpt>
      <trkpt lat="57.541145" lon="-4.374742">
        <ele>143.001557</ele>
        <time>2023-07-24T18:55:44.938Z</time>
      </trkpt>
      <trkpt lat="57.541482" lon="-4.375389">
        <ele>143.901477</ele>
        <time>2023-07-24T18:55:59.732Z</time>
      </trkpt>
      <trkpt lat="57.541548" lon="-4.375608">
        <ele>144.152171</ele>
        <time>2023-07-24T18:56:03.911Z</time>
      </trkpt>
      <trkpt lat="57.542921" lon="-4.378536">
        <ele>147.380331</ele>
        <time>2023-07-24T18:57:07.938Z</time>
      </trkpt>
      <trkpt lat="57.544637" lon="-4.382397">
        <ele>147.712364</ele>
        <time>2023-07-24T18:58:02.748Z</time>
      </trkpt>
      <trkpt lat="57.545308" lon="-4.383972">
        <ele>147.643882</ele>
        <time>2023-07-24T18:58:25.115Z</time>
      </trkpt>
      <trkpt lat="57.545354" lon="-4.384094">
        <ele>147.618652</ele>
        <time>2023-07-24T18:58:26.814Z</time>
      </trkpt>
      <trkpt lat="57.546456" lon="-4.386729">
        <ele>146.987565</ele>
        <time>2023-07-24T18:59:01.660Z</time>
      </trkpt>
      <trkpt lat="57.547429" lon="-4.389049">
        <ele>145.400761</ele>
        <time>2023-07-24T18:59:28.421Z</time>
      </trkpt>
      <trkpt lat="57.548879" lon="-4.392564">
        <ele>142.264274</ele>
        <time>2023-07-24T19:00:07.310Z</time>
      </trkpt>
      <trkpt lat="57.549210" lon="-4.393223">
        <ele>141.651966</ele>
        <time>2023-07-24T19:00:15.260Z</time>
      </trkpt>
      <trkpt lat="57.549318" lon="-4.393646">
        <ele>141.334207</ele>
        <time>2023-07-24T19:00:19.428Z</time>
      </trkpt>
      <trkpt lat="57.549683" lon="-4.394673">
        <ele>140.493122</ele>
        <time>2023-07-24T19:00:30.444Z</time>
      </trkpt>
      <trkpt lat="57.550071" lon="-4.396047">
        <ele>139.357331</ele>
        <time>2023-07-24T19:00:44.482Z</time>
      </trkpt>
      <trkpt lat="57.550385" lon="-4.397513">
        <ele>138.202664</ele>
        <time>2023-07-24T19:00:58.388Z</time>
      </trkpt>
      <trkpt lat="57.550547" lon="-4.398452">
        <ele>136.694887</ele>
        <time>2023-07-24T19:01:06.571Z</time>
      </trkpt>
      <trkpt lat="57.550734" lon="-4.399924">
        <ele>134.219043</ele>
        <time>2023-07-24T19:01:18.313Z</time>
      </trkpt>
      <trkpt lat="57.550896" lon="-4.401822">
        <ele>130.125491</ele>
        <time>2023-07-24T19:01:32.150Z</time>
      </trkpt>
      <trkpt lat="57.551265" lon="-4.404790">
        <ele>122.431236</ele>
        <time>2023-07-24T19:01:53.581Z</time>
      </trkpt>
      <trkpt lat="57.551305" lon="-4.405009">
        <ele>121.940074</ele>
        <time>2023-07-24T19:01:55.281Z</time>
      </trkpt>
      <trkpt lat="57.551372" lon="-4.405182">
        <ele>121.487090</ele>
        <time>2023-07-24T19:01:56.836Z</time>
      </trkpt>
      <trkpt lat="57.551429" lon="-4.405232">
        <ele>121.237809</ele>
        <time>2023-07-24T19:01:57.699Z</time>
      </trkpt>
      <trkpt lat="57.551531" lon="-4.405238">
        <ele>120.833994</ele>
        <time>2023-07-24T19:01:59.115Z</time>
      </trkpt>
      <trkpt lat="57.551566" lon="-4.405284">
        <ele>120.664528</ele>
        <time>2023-07-24T19:01:59.694Z</time>
      </trkpt>
      <trkpt lat="57.551907" lon="-4.405026">
        <ele>119.208252</ele>
        <time>2023-07-24T19:02:04.796Z</time>
      </trkpt>
      <trkpt lat="57.552407" lon="-4.404318">
        <ele>116.723533</ele>
        <time>2023-07-24T19:02:13.628Z</time>
      </trkpt>
      <trkpt lat="57.552491" lon="-4.404174">
        <ele>116.357900</ele>
        <time>2023-07-24T19:02:15.271Z</time>
      </trkpt>
      <trkpt lat="57.554004" lon="-4.407053">
        <ele>109.653641</ele>
        <time>2023-07-24T19:02:46.118Z</time>
      </trkpt>
      <trkpt lat="57.554367" lon="-4.407572">
        <ele>108.286514</ele>
        <time>2023-07-24T19:02:52.666Z</time>
      </trkpt>
      <trkpt lat="57.554508" lon="-4.407712">
        <ele>107.809111</ele>
        <time>2023-07-24T19:02:54.998Z</time>
      </trkpt>
      <trkpt lat="57.555182" lon="-4.408311">
        <ele>105.544802</ele>
        <time>2023-07-24T19:03:05.791Z</time>
      </trkpt>
      <trkpt lat="57.555215" lon="-4.408323">
        <ele>105.410743</ele>
        <time>2023-07-24T19:03:06.266Z</time>
      </trkpt>
      <trkpt lat="57.555852" lon="-4.408719">
        <ele>102.733337</ele>
        <time>2023-07-24T19:03:15.903Z</time>
      </trkpt>
      <trkpt lat="57.556887" lon="-4.409070">
        <ele>98.538798</ele>
        <time>2023-07-24T19:03:30.079Z</time>
      </trkpt>
      <trkpt lat="57.557613" lon="-4.409375">
        <ele>93.811037</ele>
        <time>2023-07-24T19:03:39.668Z</time>
      </trkpt>
      <trkpt lat="57.557749" lon="-4.409499">
        <ele>92.845104</ele>
        <time>2023-07-24T19:03:41.589Z</time>
      </trkpt>
      <trkpt lat="57.557910" lon="-4.409711">
        <ele>91.587471</ele>
        <time>2023-07-24T19:03:44.087Z</time>
      </trkpt>
      <trkpt lat="57.558196" lon="-4.410459">
        <ele>88.443626</ele>
        <time>2023-07-24T19:03:50.268Z</time>
      </trkpt>
      <trkpt lat="57.558371" lon="-4.410826">
        <ele>86.728496</ele>
        <time>2023-07-24T19:03:53.564Z</time>
      </trkpt>
      <trkpt lat="57.559269" lon="-4.412285">
        <ele>78.142113</ele>
        <time>2023-07-24T19:04:08.413Z</time>
      </trkpt>
      <trkpt lat="57.559496" lon="-4.412802">
        <ele>75.558786</ele>
        <time>2023-07-24T19:04:12.913Z</time>
      </trkpt>
      <trkpt lat="57.559721" lon="-4.413312">
        <ele>73.204146</ele>
        <time>2023-07-24T19:04:17.387Z</time>
      </trkpt>
      <trkpt lat="57.560269" lon="-4.414216">
        <ele>68.919101</ele>
        <time>2023-07-24T19:04:26.763Z</time>
      </trkpt>
      <trkpt lat="57.560605" lon="-4.414701">
        <ele>66.430655</ele>
        <time>2023-07-24T19:04:32.286Z</time>
      </trkpt>
      <trkpt lat="57.561571" lon="-4.415729">
        <ele>60.431049</ele>
        <time>2023-07-24T19:04:46.875Z</time>
      </trkpt>
      <trkpt lat="57.561811" lon="-4.416118">
        <ele>58.833556</ele>
        <time>2023-07-24T19:04:51.071Z</time>
      </trkpt>
      <trkpt lat="57.561904" lon="-4.416326">
        <ele>58.103948</ele>
        <time>2023-07-24T19:04:52.987Z</time>
      </trkpt>
      <trkpt lat="57.562315" lon="-4.418000">
        <ele>53.208481</ele>
        <time>2023-07-24T19:05:06.115Z</time>
      </trkpt>
      <trkpt lat="57.562524" lon="-4.418697">
        <ele>51.160312</ele>
        <time>2023-07-24T19:05:11.809Z</time>
      </trkpt>
      <trkpt lat="57.562655" lon="-4.418942">
        <ele>50.272999</ele>
        <time>2023-07-24T19:05:14.263Z</time>
      </trkpt>
      <trkpt lat="57.563251" lon="-4.419685">
        <ele>46.844498</ele>
        <time>2023-07-24T19:05:23.766Z</time>
      </trkpt>
      <trkpt lat="57.563614" lon="-4.420278">
        <ele>44.631607</ele>
        <time>2023-07-24T19:05:30.184Z</time>
      </trkpt>
      <trkpt lat="57.563811" lon="-4.420718">
        <ele>43.264372</ele>
        <time>2023-07-24T19:05:34.306Z</time>
      </trkpt>
      <trkpt lat="57.564532" lon="-4.421581">
        <ele>39.453781</ele>
        <time>2023-07-24T19:05:45.849Z</time>
      </trkpt>
      <trkpt lat="57.565124" lon="-4.422184">
        <ele>36.718589</ele>
        <time>2023-07-24T19:05:55.005Z</time>
      </trkpt>
      <trkpt lat="57.565315" lon="-4.422310">
        <ele>35.983073</ele>
        <time>2023-07-24T19:05:57.771Z</time>
      </trkpt>
      <trkpt lat="57.565547" lon="-4.422403">
        <ele>35.121588</ele>
        <time>2023-07-24T19:06:01.076Z</time>
      </trkpt>
      <trkpt lat="57.565972" lon="-4.422470">
        <ele>33.573189</ele>
        <time>2023-07-24T19:06:07.026Z</time>
      </trkpt>
      <trkpt lat="57.566280" lon="-4.422606">
        <ele>32.424118</ele>
        <time>2023-07-24T19:06:11.512Z</time>
      </trkpt>
      <trkpt lat="57.566388" lon="-4.422695">
        <ele>31.995455</ele>
        <time>2023-07-24T19:06:13.161Z</time>
      </trkpt>
      <trkpt lat="57.566549" lon="-4.422879">
        <ele>31.318269</ele>
        <time>2023-07-24T19:06:15.868Z</time>
      </trkpt>
      <trkpt lat="57.566636" lon="-4.423072">
        <ele>30.900152</ele>
        <time>2023-07-24T19:06:17.768Z</time>
      </trkpt>
      <trkpt lat="57.566677" lon="-4.423077">
        <ele>30.773100</ele>
        <time>2023-07-24T19:06:18.350Z</time>
      </trkpt>
      <trkpt lat="57.566577" lon="-4.423291">
        <ele>30.302385</ele>
        <time>2023-07-24T19:06:20.535Z</time>
      </trkpt>
      <trkpt lat="57.566608" lon="-4.423307">
        <ele>30.202921</ele>
        <time>2023-07-24T19:06:20.985Z</time>
      </trkpt>
      <trkpt lat="57.566563" lon="-4.423570">
        <ele>29.745098</ele>
        <time>2023-07-24T19:06:23.074Z</time>
      </trkpt>
      <trkpt lat="57.566569" lon="-4.423738">
        <ele>29.465867</ele>
        <time>2023-07-24T19:06:24.357Z</time>
      </trkpt>
      <trkpt lat="57.566622" lon="-4.423860">
        <ele>29.205491</ele>
        <time>2023-07-24T19:06:25.572Z</time>
      </trkpt>
      <trkpt lat="57.566809" lon="-4.424076">
        <ele>28.525280</ele>
        <time>2023-07-24T19:06:28.684Z</time>
      </trkpt>
      <trkpt lat="57.570174" lon="-4.427355">
        <ele>17.045839</ele>
        <time>2023-07-24T19:07:23.301Z</time>
      </trkpt>
      <trkpt lat="57.573335" lon="-4.430317">
        <ele>6.573257</ele>
        <time>2023-07-24T19:08:13.217Z</time>
      </trkpt>
      <trkpt lat="57.574312" lon="-4.431277">
        <ele>4.889858</ele>
        <time>2023-07-24T19:08:40.113Z</time>
      </trkpt>
      <trkpt lat="57.574335" lon="-4.431297">
        <ele>4.890825</ele>
        <time>2023-07-24T19:08:40.811Z</time>
      </trkpt>
      <trkpt lat="57.575074" lon="-4.431968">
        <ele>4.922138</ele>
        <time>2023-07-24T19:09:05.163Z</time>
      </trkpt>
      <trkpt lat="57.577248" lon="-4.434071">
        <ele>6.132948</ele>
        <time>2023-07-24T19:10:22.396Z</time>
      </trkpt>
      <trkpt lat="57.577664" lon="-4.434524">
        <ele>6.679612</ele>
        <time>2023-07-24T19:10:38.845Z</time>
      </trkpt>
      <trkpt lat="57.578046" lon="-4.435090">
        <ele>7.233260</ele>
        <time>2023-07-24T19:10:55.836Z</time>
      </trkpt>
      <trkpt lat="57.578164" lon="-4.435276">
        <ele>7.408586</ele>
        <time>2023-07-24T19:11:01.423Z</time>
      </trkpt>
      <trkpt lat="57.578595" lon="-4.435957">
        <ele>8.049612</ele>
        <time>2023-07-24T19:11:17.561Z</time>
      </trkpt>
      <trkpt lat="57.578974" lon="-4.436691">
        <ele>8.475887</ele>
        <time>2023-07-24T19:11:32.582Z</time>
      </trkpt>
      <trkpt lat="57.579119" lon="-4.436905">
        <ele>8.614064</ele>
        <time>2023-07-24T19:11:37.030Z</time>
      </trkpt>
      <trkpt lat="57.579452" lon="-4.437243">
        <ele>8.897376</ele>
        <time>2023-07-24T19:11:46.258Z</time>
      </trkpt>
      <trkpt lat="57.579585" lon="-4.437254">
        <ele>8.996865</ele>
        <time>2023-07-24T19:11:49.605Z</time>
      </trkpt>
      <trkpt lat="57.579892" lon="-4.436955">
        <ele>9.255679</ele>
        <time>2023-07-24T19:11:57.699Z</time>
      </trkpt>
      <trkpt lat="57.580395" lon="-4.436289">
        <ele>9.543918</ele>
        <time>2023-07-24T19:12:11.771Z</time>
      </trkpt>
      <trkpt lat="57.581003" lon="-4.435479">
        <ele>9.745396</ele>
        <time>2023-07-24T19:12:28.349Z</time>
      </trkpt>
      <trkpt lat="57.581810" lon="-4.434485">
        <ele>9.961752</ele>
        <time>2023-07-24T19:12:49.839Z</time>
      </trkpt>
      <trkpt lat="57.583287" lon="-4.432464">
        <ele>10.045284</ele>
        <time>2023-07-24T19:13:28.969Z</time>
      </trkpt>
      <trkpt lat="57.583844" lon="-4.431660">
        <ele>9.857105</ele>
        <time>2023-07-24T19:13:42.564Z</time>
      </trkpt>
      <trkpt lat="57.586266" lon="-4.427990">
        <ele>8.760433</ele>
        <time>2023-07-24T19:14:40.891Z</time>
      </trkpt>
      <trkpt lat="57.587963" lon="-4.426060">
        <ele>8.474400</ele>
        <time>2023-07-24T19:15:21.722Z</time>
      </trkpt>
      <trkpt lat="57.588641" lon="-4.425158">
        <ele>8.402678</ele>
        <time>2023-07-24T19:15:38.722Z</time>
      </trkpt>
      <trkpt lat="57.588905" lon="-4.424847">
        <ele>8.363516</ele>
        <time>2023-07-24T19:15:44.837Z</time>
      </trkpt>
      <trkpt lat="57.589128" lon="-4.424643">
        <ele>8.300237</ele>
        <time>2023-07-24T19:15:49.574Z</time>
      </trkpt>
      <trkpt lat="57.589296" lon="-4.424615">
        <ele>8.257263</ele>
        <time>2023-07-24T19:15:52.934Z</time>
      </trkpt>
      <trkpt lat="57.589849" lon="-4.424311">
        <ele>8.110379</ele>
        <time>2023-07-24T19:16:03.681Z</time>
      </trkpt>
      <trkpt lat="57.590152" lon="-4.424200">
        <ele>8.031705</ele>
        <time>2023-07-24T19:16:09.567Z</time>
      </trkpt>
      <trkpt lat="57.590641" lon="-4.424098">
        <ele>8.016754</ele>
        <time>2023-07-24T19:16:19.293Z</time>
      </trkpt>
      <trkpt lat="57.591323" lon="-4.423951">
        <ele>8.948835</ele>
        <time>2023-07-24T19:16:34.531Z</time>
      </trkpt>
      <trkpt lat="57.591782" lon="-4.423880">
        <ele>9.574138</ele>
        <time>2023-07-24T19:16:47.505Z</time>
      </trkpt>
      <trkpt lat="57.592273" lon="-4.423924">
        <ele>10.241516</ele>
        <time>2023-07-24T19:17:04.395Z</time>
      </trkpt>
      <trkpt lat="57.592503" lon="-4.424050">
        <ele>10.854706</ele>
        <time>2023-07-24T19:17:13.561Z</time>
      </trkpt>
      <trkpt lat="57.592908" lon="-4.424454">
        <ele>12.369770</ele>
        <time>2023-07-24T19:17:32.974Z</time>
      </trkpt>
      <trkpt lat="57.593163" lon="-4.424834">
        <ele>13.446389</ele>
        <time>2023-07-24T19:17:48.813Z</time>
      </trkpt>
      <trkpt lat="57.593233" lon="-4.424960">
        <ele>13.767260</ele>
        <time>2023-07-24T19:17:53.918Z</time>
      </trkpt>
      <trkpt lat="57.593361" lon="-4.425207">
        <ele>14.374738</ele>
        <time>2023-07-24T19:18:01.317Z</time>
      </trkpt>
      <trkpt lat="57.593536" lon="-4.425683">
        <ele>15.395314</ele>
        <time>2023-07-24T19:18:13.230Z</time>
      </trkpt>
      <trkpt lat="57.593592" lon="-4.425891">
        <ele>15.806862</ele>
        <time>2023-07-24T19:18:18.087Z</time>
      </trkpt>
      <trkpt lat="57.593697" lon="-4.426295">
        <ele>16.189798</ele>
        <time>2023-07-24T19:18:25.964Z</time>
      </trkpt>
      <trkpt lat="57.593783" lon="-4.426686">
        <ele>15.917553</ele>
        <time>2023-07-24T19:18:32.878Z</time>
      </trkpt>
      <trkpt lat="57.593859" lon="-4.427394">
        <ele>15.452444</ele>
        <time>2023-07-24T19:18:39.786Z</time>
      </trkpt>
      <trkpt lat="57.593946" lon="-4.427383">
        <ele>15.347636</ele>
        <time>2023-07-24T19:18:41.500Z</time>
      </trkpt>
      <trkpt lat="57.593986" lon="-4.427496">
        <ele>15.260404</ele>
        <time>2023-07-24T19:18:42.696Z</time>
      </trkpt>
      <trkpt lat="57.594221" lon="-4.427867">
        <ele>14.890418</ele>
        <time>2023-07-24T19:18:47.436Z</time>
      </trkpt>
      <trkpt lat="57.594242" lon="-4.427937">
        <ele>14.838745</ele>
        <time>2023-07-24T19:18:48.092Z</time>
      </trkpt>
      <trkpt lat="57.594264" lon="-4.428375">
        <ele>14.555379</ele>
        <time>2023-07-24T19:18:51.783Z</time>
      </trkpt>
      <trkpt lat="57.594293" lon="-4.428792">
        <ele>14.284525</ele>
        <time>2023-07-24T19:18:55.061Z</time>
      </trkpt>
      <trkpt lat="57.594463" lon="-4.428773">
        <ele>13.984701</ele>
        <time>2023-07-24T19:18:57.414Z</time>
      </trkpt>
      <trkpt lat="57.594606" lon="-4.428757">
        <ele>13.529343</ele>
        <time>2023-07-24T19:18:59.385Z</time>
      </trkpt>
      <trkpt lat="57.594729" lon="-4.428744">
        <ele>13.137748</ele>
        <time>2023-07-24T19:19:01.166Z</time>
      </trkpt>
      <trkpt lat="57.594820" lon="-4.428734">
        <ele>12.847993</ele>
        <time>2023-07-24T19:19:02.342Z</time>
      </trkpt>
      <trkpt lat="57.594806" lon="-4.428464">
        <ele>12.385921</ele>
        <time>2023-07-24T19:19:04.245Z</time>
      </trkpt>
      <trkpt lat="57.595003" lon="-4.428420">
        <ele>11.755265</ele>
        <time>2023-07-24T19:19:06.921Z</time>
      </trkpt>
      <trkpt lat="57.595172" lon="-4.428450">
        <ele>11.215655</ele>
        <time>2023-07-24T19:19:09.214Z</time>
      </trkpt>
      <trkpt lat="57.595393" lon="-4.428435">
        <ele>10.512718</ele>
        <time>2023-07-24T19:19:13.686Z</time>
      </trkpt>
      <trkpt lat="57.595432" lon="-4.428432">
        <ele>10.388647</ele>
        <time>2023-07-24T19:19:14.472Z</time>
      </trkpt>
      <trkpt lat="57.595421" lon="-4.428197">
        <ele>9.986825</ele>
        <time>2023-07-24T19:19:16.314Z</time>
      </trkpt>
      <trkpt lat="57.595404" lon="-4.427824">
        <ele>9.349164</ele>
        <time>2023-07-24T19:19:19.160Z</time>
      </trkpt>
      <trkpt lat="57.595489" lon="-4.427836">
        <ele>9.078210</ele>
        <time>2023-07-24T19:19:20.908Z</time>
      </trkpt>
      <trkpt lat="57.595646" lon="-4.427860">
        <ele>8.577497</ele>
        <time>2023-07-24T19:19:24.590Z</time>
      </trkpt>
      <trkpt lat="57.596385" lon="-4.428169">
        <ele>7.643139</ele>
        <time>2023-07-24T19:19:43.263Z</time>
      </trkpt>
      <trkpt lat="57.596501" lon="-4.427333">
        <ele>7.134988</ele>
        <time>2023-07-24T19:19:51.250Z</time>
      </trkpt>
      <trkpt lat="57.596817" lon="-4.427519">
        <ele>6.771148</ele>
        <time>2023-07-24T19:19:56.908Z</time>
      </trkpt>
      <trkpt lat="57.597161" lon="-4.427784">
        <ele>6.403986</ele>
        <time>2023-07-24T19:20:03.342Z</time>
      </trkpt>
      <trkpt lat="57.597327" lon="-4.427940">
        <ele>6.301959</ele>
        <time>2023-07-24T19:20:06.533Z</time>
      </trkpt>
      <trkpt lat="57.598014" lon="-4.428722">
        <ele>5.860216</ele>
        <time>2023-07-24T19:20:20.952Z</time>
      </trkpt>
      <trkpt lat="57.598168" lon="-4.428876">
        <ele>5.764306</ele>
        <time>2023-07-24T19:20:24.214Z</time>
      </trkpt>
      <trkpt lat="57.598330" lon="-4.428974">
        <ele>5.670822</ele>
        <time>2023-07-24T19:20:27.426Z</time>
      </trkpt>
      <trkpt lat="57.598365" lon="-4.428987">
        <ele>5.651232</ele>
        <time>2023-07-24T19:20:28.133Z</time>
      </trkpt>
      <trkpt lat="57.598540" lon="-4.429041">
        <ele>5.553862</ele>
        <time>2023-07-24T19:20:31.613Z</time>
      </trkpt>
      <trkpt lat="57.598676" lon="-4.429067">
        <ele>5.478815</ele>
        <time>2023-07-24T19:20:34.342Z</time>
      </trkpt>
      <trkpt lat="57.598930" lon="-4.429109">
        <ele>5.569958</ele>
        <time>2023-07-24T19:20:39.646Z</time>
      </trkpt>
      <trkpt lat="57.599242" lon="-4.429160">
        <ele>5.731178</ele>
        <time>2023-07-24T19:20:46.383Z</time>
      </trkpt>
      <trkpt lat="57.600023" lon="-4.429266">
        <ele>6.134270</ele>
        <time>2023-07-24T19:21:04.061Z</time>
      </trkpt>
      <trkpt lat="57.600454" lon="-4.429162">
        <ele>6.357979</ele>
        <time>2023-07-24T19:21:15.492Z</time>
      </trkpt>
      <trkpt lat="57.600519" lon="-4.429170">
        <ele>6.434972</ele>
        <time>2023-07-24T19:21:17.304Z</time>
      </trkpt>
      <trkpt lat="57.600653" lon="-4.429313">
        <ele>6.973258</ele>
        <time>2023-07-24T19:21:21.692Z</time>
      </trkpt>
      <trkpt lat="57.600971" lon="-4.428558">
        <ele>8.767656</ele>
        <time>2023-07-24T19:21:38.104Z</time>
      </trkpt>
      <trkpt lat="57.601051" lon="-4.428366">
        <ele>9.222111</ele>
        <time>2023-07-24T19:21:42.967Z</time>
      </trkpt>
      <trkpt lat="57.601140" lon="-4.428495">
        <ele>9.615078</ele>
        <time>2023-07-24T19:21:47.179Z</time>
      </trkpt>
      <trkpt lat="57.601458" lon="-4.428805">
        <ele>10.866173</ele>
        <time>2023-07-24T19:22:02.485Z</time>
      </trkpt>
      <trkpt lat="57.601655" lon="-4.428945">
        <ele>11.601272</ele>
        <time>2023-07-24T19:22:12.610Z</time>
      </trkpt>
      <trkpt lat="57.601818" lon="-4.429051">
        <ele>12.203205</ele>
        <time>2023-07-24T19:22:21.289Z</time>
      </trkpt>
      <trkpt lat="57.602217" lon="-4.429304">
        <ele>14.833807</ele>
        <time>2023-07-24T19:22:44.785Z</time>
      </trkpt>
      <trkpt lat="57.602717" lon="-4.429630">
        <ele>18.790463</ele>
        <time>2023-07-24T19:23:18.132Z</time>
      </trkpt>
      <trkpt lat="57.603041" lon="-4.429840">
        <ele>21.352730</ele>
        <time>2023-07-24T19:23:41.207Z</time>
      </trkpt>
      <trkpt lat="57.603703" lon="-4.430246">
        <ele>26.469830</ele>
        <time>2023-07-24T19:24:28.725Z</time>
      </trkpt>
      <trkpt lat="57.604278" lon="-4.430599">
        <ele>30.130877</ele>
        <time>2023-07-24T19:25:06.803Z</time>
      </trkpt>
      <trkpt lat="57.604541" lon="-4.430762">
        <ele>31.806973</ele>
        <time>2023-07-24T19:25:22.470Z</time>
      </trkpt>
      <trkpt lat="57.604726" lon="-4.430200">
        <ele>33.944367</ele>
        <time>2023-07-24T19:25:40.740Z</time>
      </trkpt>
      <trkpt lat="57.605222" lon="-4.428499">
        <ele>38.683542</ele>
        <time>2023-07-24T19:26:25.217Z</time>
      </trkpt>
      <trkpt lat="57.605770" lon="-4.426692">
        <ele>42.229437</ele>
        <time>2023-07-24T19:27:05.832Z</time>
      </trkpt>
      <trkpt lat="57.605848" lon="-4.426451">
        <ele>42.710421</ele>
        <time>2023-07-24T19:27:11.087Z</time>
      </trkpt>
      <trkpt lat="57.606135" lon="-4.425554">
        <ele>44.550396</ele>
        <time>2023-07-24T19:27:31.026Z</time>
      </trkpt>
      <trkpt lat="57.606835" lon="-4.423178">
        <ele>49.691977</ele>
        <time>2023-07-24T19:28:29.467Z</time>
      </trkpt>
      <trkpt lat="57.606964" lon="-4.422876">
        <ele>50.724071</ele>
        <time>2023-07-24T19:28:38.569Z</time>
      </trkpt>
      <trkpt lat="57.607868" lon="-4.421771">
        <ele>56.113806</ele>
        <time>2023-07-24T19:29:31.436Z</time>
      </trkpt>
      <trkpt lat="57.608943" lon="-4.420405">
        <ele>63.529649</ele>
        <time>2023-07-24T19:30:45.969Z</time>
      </trkpt>
      <trkpt lat="57.609351" lon="-4.419926">
        <ele>66.379614</ele>
        <time>2023-07-24T19:31:12.151Z</time>
      </trkpt>
      <trkpt lat="57.609738" lon="-4.419679">
        <ele>68.540540</ele>
        <time>2023-07-24T19:31:32.497Z</time>
      </trkpt>
      <trkpt lat="57.609938" lon="-4.419436">
        <ele>69.318276</ele>
        <time>2023-07-24T19:31:43.444Z</time>
      </trkpt>
      <trkpt lat="57.610210" lon="-4.418917">
        <ele>70.585911</ele>
        <time>2023-07-24T19:31:59.495Z</time>
      </trkpt>
      <trkpt lat="57.610610" lon="-4.418066">
        <ele>72.562500</ele>
        <time>2023-07-24T19:32:21.171Z</time>
      </trkpt>
      <trkpt lat="57.610787" lon="-4.417617">
        <ele>73.535768</ele>
        <time>2023-07-24T19:32:30.957Z</time>
      </trkpt>
      <trkpt lat="57.610824" lon="-4.417517">
        <ele>73.747950</ele>
        <time>2023-07-24T19:32:33.158Z</time>
      </trkpt>
      <trkpt lat="57.610844" lon="-4.417460">
        <ele>73.866910</ele>
        <time>2023-07-24T19:32:34.406Z</time>
      </trkpt>
      <trkpt lat="57.610957" lon="-4.417155">
        <ele>74.476042</ele>
        <time>2023-07-24T19:32:40.618Z</time>
      </trkpt>
      <trkpt lat="57.611219" lon="-4.416474">
        <ele>75.808805</ele>
        <time>2023-07-24T19:32:55.046Z</time>
      </trkpt>
      <trkpt lat="57.611454" lon="-4.416086">
        <ele>76.739761</ele>
        <time>2023-07-24T19:33:05.827Z</time>
      </trkpt>
      <trkpt lat="57.612260" lon="-4.415027">
        <ele>79.796694</ele>
        <time>2023-07-24T19:33:45.174Z</time>
      </trkpt>
      <trkpt lat="57.612739" lon="-4.414390">
        <ele>82.500418</ele>
        <time>2023-07-24T19:34:13.691Z</time>
      </trkpt>
      <trkpt lat="57.613655" lon="-4.412605">
        <ele>88.238976</ele>
        <time>2023-07-24T19:35:18.153Z</time>
      </trkpt>
      <trkpt lat="57.614275" lon="-4.411420">
        <ele>90.728285</ele>
        <time>2023-07-24T19:35:52.426Z</time>
      </trkpt>
      <trkpt lat="57.614631" lon="-4.410566">
        <ele>92.354457</ele>
        <time>2023-07-24T19:36:09.988Z</time>
      </trkpt>
      <trkpt lat="57.615203" lon="-4.408968">
        <ele>93.683608</ele>
        <time>2023-07-24T19:36:35.880Z</time>
      </trkpt>
      <trkpt lat="57.615599" lon="-4.408004">
        <ele>94.372334</ele>
        <time>2023-07-24T19:36:52.031Z</time>
      </trkpt>
      <trkpt lat="57.615916" lon="-4.407467">
        <ele>95.063103</ele>
        <time>2023-07-24T19:37:04.079Z</time>
      </trkpt>
      <trkpt lat="57.618361" lon="-4.403840">
        <ele>102.720866</ele>
        <time>2023-07-24T19:38:56.510Z</time>
      </trkpt>
      <trkpt lat="57.618850" lon="-4.403142">
        <ele>103.524871</ele>
        <time>2023-07-24T19:39:15.648Z</time>
      </trkpt>
      <trkpt lat="57.619144" lon="-4.402813">
        <ele>103.588450</ele>
        <time>2023-07-24T19:39:24.740Z</time>
      </trkpt>
      <trkpt lat="57.619763" lon="-4.401998">
        <ele>103.728945</ele>
        <time>2023-07-24T19:39:40.056Z</time>
      </trkpt>
      <trkpt lat="57.620026" lon="-4.401517">
        <ele>103.797231</ele>
        <time>2023-07-24T19:39:46.201Z</time>
      </trkpt>
      <trkpt lat="57.620363" lon="-4.400749">
        <ele>102.565420</ele>
        <time>2023-07-24T19:39:54.464Z</time>
      </trkpt>
      <trkpt lat="57.620619" lon="-4.399906">
        <ele>101.320295</ele>
        <time>2023-07-24T19:40:02.120Z</time>
      </trkpt>
      <trkpt lat="57.620838" lon="-4.399316">
        <ele>100.397968</ele>
        <time>2023-07-24T19:40:07.610Z</time>
      </trkpt>
      <trkpt lat="57.621667" lon="-4.397564">
        <ele>97.448622</ele>
        <time>2023-07-24T19:40:25.632Z</time>
      </trkpt>
      <trkpt lat="57.621965" lon="-4.396784">
        <ele>96.249639</ele>
        <time>2023-07-24T19:40:33.531Z</time>
      </trkpt>
      <trkpt lat="57.622263" lon="-4.396149">
        <ele>95.255757</ele>
        <time>2023-07-24T19:40:40.653Z</time>
      </trkpt>
      <trkpt lat="57.622776" lon="-4.395315">
        <ele>94.784553</ele>
        <time>2023-07-24T19:40:51.938Z</time>
      </trkpt>
      <trkpt lat="57.623383" lon="-4.394206">
        <ele>94.196255</ele>
        <time>2023-07-24T19:41:08.824Z</time>
      </trkpt>
      <trkpt lat="57.623614" lon="-4.393940">
        <ele>94.003909</ele>
        <time>2023-07-24T19:41:14.533Z</time>
      </trkpt>
      <trkpt lat="57.623826" lon="-4.393779">
        <ele>93.820672</ele>
        <time>2023-07-24T19:41:19.069Z</time>
      </trkpt>
      <trkpt lat="57.624374" lon="-4.393548">
        <ele>93.370877</ele>
        <time>2023-07-24T19:41:29.250Z</time>
      </trkpt>
      <trkpt lat="57.624523" lon="-4.393446">
        <ele>93.243818</ele>
        <time>2023-07-24T19:41:32.145Z</time>
      </trkpt>
      <trkpt lat="57.624743" lon="-4.393172">
        <ele>93.032097</ele>
        <time>2023-07-24T19:41:36.827Z</time>
      </trkpt>
      <trkpt lat="57.624989" lon="-4.392788">
        <ele>92.775396</ele>
        <time>2023-07-24T19:41:42.459Z</time>
      </trkpt>
      <trkpt lat="57.627046" lon="-4.388377">
        <ele>87.882026</ele>
        <time>2023-07-24T19:42:31.589Z</time>
      </trkpt>
      <trkpt lat="57.627478" lon="-4.387512">
        <ele>86.930854</ele>
        <time>2023-07-24T19:42:42.520Z</time>
      </trkpt>
      <trkpt lat="57.627692" lon="-4.387228">
        <ele>86.363167</ele>
        <time>2023-07-24T19:42:46.987Z</time>
      </trkpt>
      <trkpt lat="57.628131" lon="-4.386540">
        <ele>85.021340</ele>
        <time>2023-07-24T19:42:56.168Z</time>
      </trkpt>
      <trkpt lat="57.628613" lon="-4.385709">
        <ele>83.485444</ele>
        <time>2023-07-24T19:43:05.829Z</time>
      </trkpt>
      <trkpt lat="57.628849" lon="-4.385229">
        <ele>82.668476</ele>
        <time>2023-07-24T19:43:10.765Z</time>
      </trkpt>
      <trkpt lat="57.629228" lon="-4.383848">
        <ele>79.061666</ele>
        <time>2023-07-24T19:43:21.939Z</time>
      </trkpt>
      <trkpt lat="57.629690" lon="-4.382410">
        <ele>75.132850</ele>
        <time>2023-07-24T19:43:33.798Z</time>
      </trkpt>
      <trkpt lat="57.630078" lon="-4.381505">
        <ele>73.104774</ele>
        <time>2023-07-24T19:43:42.299Z</time>
      </trkpt>
      <trkpt lat="57.630537" lon="-4.380526">
        <ele>70.949414</ele>
        <time>2023-07-24T19:43:52.327Z</time>
      </trkpt>
      <trkpt lat="57.630968" lon="-4.379492">
        <ele>68.967747</ele>
        <time>2023-07-24T19:44:02.898Z</time>
      </trkpt>
      <trkpt lat="57.631586" lon="-4.378853">
        <ele>67.760556</ele>
        <time>2023-07-24T19:44:13.934Z</time>
      </trkpt>
      <trkpt lat="57.632524" lon="-4.377712">
        <ele>65.949113</ele>
        <time>2023-07-24T19:44:31.997Z</time>
      </trkpt>
      <trkpt lat="57.634885" lon="-4.374532">
        <ele>62.389066</ele>
        <time>2023-07-24T19:45:21.827Z</time>
      </trkpt>
      <trkpt lat="57.634983" lon="-4.374332">
        <ele>62.186317</ele>
        <time>2023-07-24T19:45:24.089Z</time>
      </trkpt>
      <trkpt lat="57.635034" lon="-4.374089">
        <ele>61.991141</ele>
        <time>2023-07-24T19:45:26.227Z</time>
      </trkpt>
      <trkpt lat="57.635034" lon="-4.373039">
        <ele>60.702985</ele>
        <time>2023-07-24T19:45:34.602Z</time>
      </trkpt>
      <trkpt lat="57.635073" lon="-4.372420">
        <ele>59.718605</ele>
        <time>2023-07-24T19:45:39.452Z</time>
      </trkpt>
      <trkpt lat="57.635179" lon="-4.371535">
        <ele>58.286302</ele>
        <time>2023-07-24T19:45:46.378Z</time>
      </trkpt>
      <trkpt lat="57.635320" lon="-4.370806">
        <ele>57.062095</ele>
        <time>2023-07-24T19:45:52.199Z</time>
      </trkpt>
      <trkpt lat="57.635939" lon="-4.368487">
        <ele>52.482880</ele>
        <time>2023-07-24T19:46:11.656Z</time>
      </trkpt>
      <trkpt lat="57.636718" lon="-4.365814">
        <ele>47.425144</ele>
        <time>2023-07-24T19:46:34.747Z</time>
      </trkpt>
      <trkpt lat="57.637102" lon="-4.364706">
        <ele>45.359208</ele>
        <time>2023-07-24T19:46:44.992Z</time>
      </trkpt>
      <trkpt lat="57.637581" lon="-4.363644">
        <ele>44.490464</ele>
        <time>2023-07-24T19:46:56.363Z</time>
      </trkpt>
      <trkpt lat="57.637949" lon="-4.363098">
        <ele>44.092657</ele>
        <time>2023-07-24T19:47:04.053Z</time>
      </trkpt>
      <trkpt lat="57.640039" lon="-4.360091">
        <ele>45.351097</ele>
        <time>2023-07-24T19:48:09.041Z</time>
      </trkpt>
      <trkpt lat="57.640691" lon="-4.359266">
        <ele>46.973430</ele>
        <time>2023-07-24T19:48:38.171Z</time>
      </trkpt>
      <trkpt lat="57.641341" lon="-4.358552">
        <ele>48.526869</ele>
        <time>2023-07-24T19:49:04.201Z</time>
      </trkpt>
      <trkpt lat="57.642101" lon="-4.357632">
        <ele>48.335115</ele>
        <time>2023-07-24T19:49:28.089Z</time>
      </trkpt>
      <trkpt lat="57.644381" lon="-4.355118">
        <ele>44.788956</ele>
        <time>2023-07-24T19:50:08.702Z</time>
      </trkpt>
      <trkpt lat="57.645503" lon="-4.353838">
        <ele>43.235741</ele>
        <time>2023-07-24T19:50:31.207Z</time>
      </trkpt>
      <trkpt lat="57.647230" lon="-4.351841">
        <ele>41.331242</ele>
        <time>2023-07-24T19:51:05.798Z</time>
      </trkpt>
      <trkpt lat="57.647613" lon="-4.351622">
        <ele>40.984241</ele>
        <time>2023-07-24T19:51:13.044Z</time>
      </trkpt>
      <trkpt lat="57.647801" lon="-4.351583">
        <ele>41.086740</ele>
        <time>2023-07-24T19:51:16.683Z</time>
      </trkpt>
      <trkpt lat="57.648616" lon="-4.351544">
        <ele>41.621052</ele>
        <time>2023-07-24T19:51:34.663Z</time>
      </trkpt>
      <trkpt lat="57.648941" lon="-4.351618">
        <ele>41.835627</ele>
        <time>2023-07-24T19:51:43.168Z</time>
      </trkpt>
      <trkpt lat="57.649110" lon="-4.351696">
        <ele>41.949715</ele>
        <time>2023-07-24T19:51:47.980Z</time>
      </trkpt>
      <trkpt lat="57.650140" lon="-4.352625">
        <ele>43.741553</ele>
        <time>2023-07-24T19:52:24.048Z</time>
      </trkpt>
      <trkpt lat="57.650579" lon="-4.352958">
        <ele>44.642165</ele>
        <time>2023-07-24T19:52:39.831Z</time>
      </trkpt>
      <trkpt lat="57.651296" lon="-4.353400">
        <ele>45.668850</ele>
        <time>2023-07-24T19:53:03.750Z</time>
      </trkpt>
      <trkpt lat="57.651577" lon="-4.353538">
        <ele>45.776588</ele>
        <time>2023-07-24T19:53:12.102Z</time>
      </trkpt>
      <trkpt lat="57.652256" lon="-4.353841">
        <ele>46.035452</ele>
        <time>2023-07-24T19:53:28.903Z</time>
      </trkpt>
      <trkpt lat="57.652683" lon="-4.353894">
        <ele>46.194141</ele>
        <time>2023-07-24T19:53:36.582Z</time>
      </trkpt>
      <trkpt lat="57.653337" lon="-4.353761">
        <ele>45.017572</ele>
        <time>2023-07-24T19:53:46.878Z</time>
      </trkpt>
      <trkpt lat="57.653721" lon="-4.353596">
        <ele>44.132450</ele>
        <time>2023-07-24T19:53:52.709Z</time>
      </trkpt>
      <trkpt lat="57.654057" lon="-4.353391">
        <ele>43.338460</ele>
        <time>2023-07-24T19:53:57.840Z</time>
      </trkpt>
      <trkpt lat="57.654168" lon="-4.353220">
        <ele>43.015326</ele>
        <time>2023-07-24T19:53:59.906Z</time>
      </trkpt>
      <trkpt lat="57.654473" lon="-4.352594">
        <ele>42.017086</ele>
        <time>2023-07-24T19:54:06.500Z</time>
      </trkpt>
      <trkpt lat="57.654916" lon="-4.351555">
        <ele>40.575956</ele>
        <time>2023-07-24T19:54:17.025Z</time>
      </trkpt>
      <trkpt lat="57.656162" lon="-4.348950">
        <ele>37.292535</ele>
        <time>2023-07-24T19:54:46.929Z</time>
      </trkpt>
      <trkpt lat="57.657337" lon="-4.347011">
        <ele>35.054640</ele>
        <time>2023-07-24T19:55:12.658Z</time>
      </trkpt>
      <trkpt lat="57.657585" lon="-4.346491">
        <ele>34.531826</ele>
        <time>2023-07-24T19:55:18.668Z</time>
      </trkpt>
      <trkpt lat="57.657697" lon="-4.346055">
        <ele>34.168848</ele>
        <time>2023-07-24T19:55:22.829Z</time>
      </trkpt>
      <trkpt lat="57.657866" lon="-4.345628">
        <ele>33.770227</ele>
        <time>2023-07-24T19:55:27.444Z</time>
      </trkpt>
      <trkpt lat="57.658703" lon="-4.344177">
        <ele>32.332024</ele>
        <time>2023-07-24T19:55:46.263Z</time>
      </trkpt>
      <trkpt lat="57.659139" lon="-4.343332">
        <ele>31.565209</ele>
        <time>2023-07-24T19:55:56.796Z</time>
      </trkpt>
      <trkpt lat="57.659331" lon="-4.342772">
        <ele>31.122919</ele>
        <time>2023-07-24T19:56:02.813Z</time>
      </trkpt>
      <trkpt lat="57.659699" lon="-4.340841">
        <ele>29.679749</ele>
        <time>2023-07-24T19:56:21.490Z</time>
      </trkpt>
      <trkpt lat="57.659821" lon="-4.340441">
        <ele>29.355583</ele>
        <time>2023-07-24T19:56:25.439Z</time>
      </trkpt>
      <trkpt lat="57.660306" lon="-4.339669">
        <ele>28.563389</ele>
        <time>2023-07-24T19:56:35.265Z</time>
      </trkpt>
      <trkpt lat="57.660416" lon="-4.339415">
        <ele>28.363901</ele>
        <time>2023-07-24T19:56:37.936Z</time>
      </trkpt>
      <trkpt lat="57.660385" lon="-4.339050">
        <ele>28.138305</ele>
        <time>2023-07-24T19:56:41.100Z</time>
      </trkpt>
      <trkpt lat="57.660833" lon="-4.338748">
        <ele>27.594864</ele>
        <time>2023-07-24T19:56:48.768Z</time>
      </trkpt>
      <trkpt lat="57.661187" lon="-4.338455">
        <ele>27.153086</ele>
        <time>2023-07-24T19:56:55.576Z</time>
      </trkpt>
      <trkpt lat="57.661419" lon="-4.338267">
        <ele>26.864546</ele>
        <time>2023-07-24T19:57:00.554Z</time>
      </trkpt>
      <trkpt lat="57.661458" lon="-4.338233">
        <ele>26.815441</ele>
        <time>2023-07-24T19:57:01.362Z</time>
      </trkpt>
      <trkpt lat="57.661827" lon="-4.337915">
        <ele>27.144642</ele>
        <time>2023-07-24T19:57:10.276Z</time>
      </trkpt>
      <trkpt lat="57.662112" lon="-4.337667">
        <ele>27.404050</ele>
        <time>2023-07-24T19:57:17.796Z</time>
      </trkpt>
      <trkpt lat="57.662406" lon="-4.337416">
        <ele>27.670756</ele>
        <time>2023-07-24T19:57:26.352Z</time>
      </trkpt>
      <trkpt lat="57.663077" lon="-4.336838">
        <ele>28.280409</ele>
        <time>2023-07-24T19:57:48.860Z</time>
      </trkpt>
      <trkpt lat="57.663221" lon="-4.336712">
        <ele>28.283320</ele>
        <time>2023-07-24T19:57:53.283Z</time>
      </trkpt>
      <trkpt lat="57.663573" lon="-4.336403">
        <ele>28.247728</ele>
        <time>2023-07-24T19:58:03.311Z</time>
      </trkpt>
      <trkpt lat="57.664191" lon="-4.335898">
        <ele>28.185998</ele>
        <time>2023-07-24T19:58:15.783Z</time>
      </trkpt>
      <trkpt lat="57.664372" lon="-4.335792">
        <ele>28.168638</ele>
        <time>2023-07-24T19:58:18.985Z</time>
      </trkpt>
      <trkpt lat="57.664769" lon="-4.335455">
        <ele>28.097294</ele>
        <time>2023-07-24T19:58:26.321Z</time>
      </trkpt>
      <trkpt lat="57.664917" lon="-4.335286">
        <ele>27.901497</ele>
        <time>2023-07-24T19:58:29.582Z</time>
      </trkpt>
      <trkpt lat="57.665324" lon="-4.334614">
        <ele>27.288447</ele>
        <time>2023-07-24T19:58:39.456Z</time>
      </trkpt>
      <trkpt lat="57.665576" lon="-4.334216">
        <ele>26.916006</ele>
        <time>2023-07-24T19:58:44.969Z</time>
      </trkpt>
      <trkpt lat="57.665602" lon="-4.334174">
        <ele>26.877212</ele>
        <time>2023-07-24T19:58:45.520Z</time>
      </trkpt>
      <trkpt lat="57.665913" lon="-4.333695">
        <ele>26.422287</ele>
        <time>2023-07-24T19:58:51.832Z</time>
      </trkpt>
      <trkpt lat="57.666042" lon="-4.333335">
        <ele>26.160617</ele>
        <time>2023-07-24T19:58:55.493Z</time>
      </trkpt>
      <trkpt lat="57.666056" lon="-4.333211">
        <ele>26.082196</ele>
        <time>2023-07-24T19:58:56.566Z</time>
      </trkpt>
      <trkpt lat="57.666149" lon="-4.332277">
        <ele>25.443516</ele>
        <time>2023-07-24T19:59:05.388Z</time>
      </trkpt>
      <trkpt lat="57.666254" lon="-4.331459">
        <ele>24.877994</ele>
        <time>2023-07-24T19:59:13.612Z</time>
      </trkpt>
      <trkpt lat="57.666321" lon="-4.330945">
        <ele>24.522340</ele>
        <time>2023-07-24T19:59:18.352Z</time>
      </trkpt>
      <trkpt lat="57.666342" lon="-4.330783">
        <ele>24.410281</ele>
        <time>2023-07-24T19:59:19.753Z</time>
      </trkpt>
      <trkpt lat="57.666393" lon="-4.330390">
        <ele>24.138420</ele>
        <time>2023-07-24T19:59:23.145Z</time>
      </trkpt>
      <trkpt lat="57.666545" lon="-4.329207">
        <ele>23.559368</ele>
        <time>2023-07-24T19:59:33.179Z</time>
      </trkpt>
      <trkpt lat="57.666672" lon="-4.328329">
        <ele>23.229024</ele>
        <time>2023-07-24T19:59:41.470Z</time>
      </trkpt>
      <trkpt lat="57.666753" lon="-4.328114">
        <ele>23.133509</ele>
        <time>2023-07-24T19:59:44.123Z</time>
      </trkpt>
      <trkpt lat="57.667116" lon="-4.327649">
        <ele>22.834702</ele>
        <time>2023-07-24T19:59:53.245Z</time>
      </trkpt>
      <trkpt lat="57.667335" lon="-4.327369">
        <ele>22.654541</ele>
        <time>2023-07-24T19:59:58.911Z</time>
      </trkpt>
      <trkpt lat="57.668039" lon="-4.326462">
        <ele>23.037104</ele>
        <time>2023-07-24T20:00:18.704Z</time>
      </trkpt>
      <trkpt lat="57.668697" lon="-4.325612">
        <ele>23.454331</ele>
        <time>2023-07-24T20:00:38.906Z</time>
      </trkpt>
      <trkpt lat="57.668798" lon="-4.325481">
        <ele>23.518458</ele>
        <time>2023-07-24T20:00:41.929Z</time>
      </trkpt>
      <trkpt lat="57.669389" lon="-4.324717">
        <ele>23.736993</ele>
        <time>2023-07-24T20:00:58.477Z</time>
      </trkpt>
      <trkpt lat="57.669480" lon="-4.324599">
        <ele>23.767915</ele>
        <time>2023-07-24T20:01:00.862Z</time>
      </trkpt>
      <trkpt lat="57.669523" lon="-4.324543">
        <ele>23.782548</ele>
        <time>2023-07-24T20:01:02.008Z</time>
      </trkpt>
      <trkpt lat="57.669533" lon="-4.324373">
        <ele>23.808088</ele>
        <time>2023-07-24T20:01:04.714Z</time>
      </trkpt>
      <trkpt lat="57.669782" lon="-4.323948">
        <ele>23.902229</ele>
        <time>2023-07-24T20:01:14.594Z</time>
      </trkpt>
      <trkpt lat="57.670640" lon="-4.322849">
        <ele>24.289826</ele>
        <time>2023-07-24T20:01:44.911Z</time>
      </trkpt>
      <trkpt lat="57.671375" lon="-4.321839">
        <ele>24.730088</ele>
        <time>2023-07-24T20:02:12.395Z</time>
      </trkpt>
      <trkpt lat="57.672009" lon="-4.321069">
        <ele>25.451808</ele>
        <time>2023-07-24T20:02:38.225Z</time>
      </trkpt>
      <trkpt lat="57.672141" lon="-4.320788">
        <ele>25.753907</ele>
        <time>2023-07-24T20:02:45.410Z</time>
      </trkpt>
      <trkpt lat="57.672266" lon="-4.320766">
        <ele>25.943542</ele>
        <time>2023-07-24T20:02:50.140Z</time>
      </trkpt>
      <trkpt lat="57.672347" lon="-4.320822">
        <ele>26.073978</ele>
        <time>2023-07-24T20:02:53.380Z</time>
      </trkpt>
      <trkpt lat="57.672430" lon="-4.320608">
        <ele>26.287503</ele>
        <time>2023-07-24T20:02:58.602Z</time>
      </trkpt>
      <trkpt lat="57.672586" lon="-4.320399">
        <ele>26.577356</ele>
        <time>2023-07-24T20:03:06.044Z</time>
      </trkpt>
      <trkpt lat="57.672722" lon="-4.320109">
        <ele>26.888901</ele>
        <time>2023-07-24T20:03:13.854Z</time>
      </trkpt>
      <trkpt lat="57.673511" lon="-4.319082">
        <ele>27.862875</ele>
        <time>2023-07-24T20:03:50.916Z</time>
      </trkpt>
      <trkpt lat="57.673614" lon="-4.318872">
        <ele>27.935143</ele>
        <time>2023-07-24T20:03:56.266Z</time>
      </trkpt>
      <trkpt lat="57.673662" lon="-4.318700">
        <ele>27.984347</ele>
        <time>2023-07-24T20:03:59.809Z</time>
      </trkpt>
      <trkpt lat="57.674069" lon="-4.317896">
        <ele>28.265122</ele>
        <time>2023-07-24T20:04:18.015Z</time>
      </trkpt>
      <trkpt lat="57.674238" lon="-4.317628">
        <ele>28.370211</ele>
        <time>2023-07-24T20:04:23.819Z</time>
      </trkpt>
      <trkpt lat="57.674568" lon="-4.316618">
        <ele>27.931229</ele>
        <time>2023-07-24T20:04:38.870Z</time>
      </trkpt>
      <trkpt lat="57.674866" lon="-4.316057">
        <ele>27.276261</ele>
        <time>2023-07-24T20:04:48.367Z</time>
      </trkpt>
      <trkpt lat="57.674947" lon="-4.316079">
        <ele>27.149477</ele>
        <time>2023-07-24T20:04:50.429Z</time>
      </trkpt>
      <trkpt lat="57.675346" lon="-4.315122">
        <ele>26.144353</ele>
        <time>2023-07-24T20:05:00.429Z</time>
      </trkpt>
      <trkpt lat="57.675527" lon="-4.314687">
        <ele>25.691224</ele>
        <time>2023-07-24T20:05:05.071Z</time>
      </trkpt>
      <trkpt lat="57.675487" lon="-4.314595">
        <ele>25.607373</ele>
        <time>2023-07-24T20:05:06.416Z</time>
      </trkpt>
      <trkpt lat="57.675710" lon="-4.314140">
        <ele>25.170909</ele>
        <time>2023-07-24T20:05:13.872Z</time>
      </trkpt>
      <trkpt lat="57.675719" lon="-4.314046">
        <ele>25.103379</ele>
        <time>2023-07-24T20:05:15.054Z</time>
      </trkpt>
      <trkpt lat="57.675699" lon="-4.313943">
        <ele>25.025889</ele>
        <time>2023-07-24T20:05:16.546Z</time>
      </trkpt>
      <trkpt lat="57.675734" lon="-4.313831">
        <ele>24.934154</ele>
        <time>2023-07-24T20:05:18.109Z</time>
      </trkpt>
      <trkpt lat="57.675963" lon="-4.313444">
        <ele>24.525973</ele>
        <time>2023-07-24T20:05:25.127Z</time>
      </trkpt>
      <trkpt lat="57.675957" lon="-4.313232">
        <ele>24.375848</ele>
        <time>2023-07-24T20:05:27.763Z</time>
      </trkpt>
      <trkpt lat="57.676060" lon="-4.313118">
        <ele>24.217565</ele>
        <time>2023-07-24T20:05:30.515Z</time>
      </trkpt>
      <trkpt lat="57.676124" lon="-4.312956">
        <ele>24.075132</ele>
        <time>2023-07-24T20:05:33.138Z</time>
      </trkpt>
      <trkpt lat="57.676186" lon="-4.312721">
        <ele>23.889826</ele>
        <time>2023-07-24T20:05:36.566Z</time>
      </trkpt>
      <trkpt lat="57.676392" lon="-4.311597">
        <ele>23.203965</ele>
        <time>2023-07-24T20:05:52.623Z</time>
      </trkpt>
      <trkpt lat="57.676500" lon="-4.311459">
        <ele>23.125413</ele>
        <time>2023-07-24T20:05:55.857Z</time>
      </trkpt>
      <trkpt lat="57.676709" lon="-4.310689">
        <ele>22.848124</ele>
        <time>2023-07-24T20:06:07.271Z</time>
      </trkpt>
      <trkpt lat="57.677206" lon="-4.309329">
        <ele>22.319162</ele>
        <time>2023-07-24T20:06:29.911Z</time>
      </trkpt>
      <trkpt lat="57.677439" lon="-4.308777">
        <ele>22.231308</ele>
        <time>2023-07-24T20:06:40.289Z</time>
      </trkpt>
      <trkpt lat="57.677818" lon="-4.307548">
        <ele>22.171410</ele>
        <time>2023-07-24T20:07:01.714Z</time>
      </trkpt>
      <trkpt lat="57.678351" lon="-4.305227">
        <ele>22.220843</ele>
        <time>2023-07-24T20:07:39.857Z</time>
      </trkpt>
      <trkpt lat="57.678437" lon="-4.304716">
        <ele>22.275965</ele>
        <time>2023-07-24T20:07:48.566Z</time>
      </trkpt>
      <trkpt lat="57.678609" lon="-4.304112">
        <ele>22.346379</ele>
        <time>2023-07-24T20:07:59.746Z</time>
      </trkpt>
      <trkpt lat="57.678682" lon="-4.304124">
        <ele>22.360482</ele>
        <time>2023-07-24T20:08:01.919Z</time>
      </trkpt>
      <trkpt lat="57.678777" lon="-4.304186">
        <ele>22.379845</ele>
        <time>2023-07-24T20:08:05.061Z</time>
      </trkpt>
      <trkpt lat="57.678994" lon="-4.303443">
        <ele>22.449240</ele>
        <time>2023-07-24T20:08:18.564Z</time>
      </trkpt>
      <trkpt lat="57.679358" lon="-4.302474">
        <ele>22.368246</ele>
        <time>2023-07-24T20:08:36.592Z</time>
      </trkpt>
      <trkpt lat="57.679546" lon="-4.302027">
        <ele>22.329349</ele>
        <time>2023-07-24T20:08:45.018Z</time>
      </trkpt>
      <trkpt lat="57.679678" lon="-4.301842">
        <ele>22.308250</ele>
        <time>2023-07-24T20:08:49.650Z</time>
      </trkpt>
      <trkpt lat="57.679799" lon="-4.301548">
        <ele>22.282875</ele>
        <time>2023-07-24T20:08:55.086Z</time>
      </trkpt>
      <trkpt lat="57.679849" lon="-4.301208">
        <ele>22.258759</ele>
        <time>2023-07-24T20:09:00.128Z</time>
      </trkpt>
      <trkpt lat="57.679928" lon="-4.300961">
        <ele>22.239074</ele>
        <time>2023-07-24T20:09:04.183Z</time>
      </trkpt>
      <trkpt lat="57.680204" lon="-4.300497">
        <ele>21.965499</ele>
        <time>2023-07-24T20:09:13.729Z</time>
      </trkpt>
      <trkpt lat="57.680277" lon="-4.300236">
        <ele>21.813834</ele>
        <time>2023-07-24T20:09:17.679Z</time>
      </trkpt>
      <trkpt lat="57.680459" lon="-4.299930">
        <ele>21.578153</ele>
        <time>2023-07-24T20:09:23.710Z</time>
      </trkpt>
      <trkpt lat="57.680577" lon="-4.299648">
        <ele>21.393770</ele>
        <time>2023-07-24T20:09:28.372Z</time>
      </trkpt>
      <trkpt lat="57.680653" lon="-4.299381">
        <ele>21.238026</ele>
        <time>2023-07-24T20:09:32.288Z</time>
      </trkpt>
      <trkpt lat="57.681179" lon="-4.298585">
        <ele>20.586424</ele>
        <time>2023-07-24T20:09:48.303Z</time>
      </trkpt>
      <trkpt lat="57.681393" lon="-4.298324">
        <ele>20.315521</ele>
        <time>2023-07-24T20:09:54.306Z</time>
      </trkpt>
      <trkpt lat="57.681896" lon="-4.297928">
        <ele>19.704885</ele>
        <time>2023-07-24T20:10:07.179Z</time>
      </trkpt>
      <trkpt lat="57.681997" lon="-4.297764">
        <ele>19.555233</ele>
        <time>2023-07-24T20:10:10.313Z</time>
      </trkpt>
      <trkpt lat="57.682084" lon="-4.297377">
        <ele>19.304099</ele>
        <time>2023-07-24T20:10:15.639Z</time>
      </trkpt>
      <trkpt lat="57.682060" lon="-4.297142">
        <ele>19.160982</ele>
        <time>2023-07-24T20:10:18.693Z</time>
      </trkpt>
      <trkpt lat="57.681994" lon="-4.296856">
        <ele>18.974640</ele>
        <time>2023-07-24T20:10:22.729Z</time>
      </trkpt>
      <trkpt lat="57.681990" lon="-4.296651">
        <ele>18.851929</ele>
        <time>2023-07-24T20:10:25.428Z</time>
      </trkpt>
      <trkpt lat="57.682040" lon="-4.296500">
        <ele>18.745680</ele>
        <time>2023-07-24T20:10:27.756Z</time>
      </trkpt>
      <trkpt lat="57.682888" lon="-4.295852">
        <ele>17.568201</ele>
        <time>2023-07-24T20:10:50.407Z</time>
      </trkpt>
      <trkpt lat="57.683214" lon="-4.295654">
        <ele>17.107805</ele>
        <time>2023-07-24T20:10:58.433Z</time>
      </trkpt>
      <trkpt lat="57.683859" lon="-4.295391">
        <ele>16.221081</ele>
        <time>2023-07-24T20:11:13.508Z</time>
      </trkpt>
      <trkpt lat="57.683851" lon="-4.295314">
        <ele>16.164755</ele>
        <time>2023-07-24T20:11:14.419Z</time>
      </trkpt>
      <trkpt lat="57.683841" lon="-4.295128">
        <ele>16.004536</ele>
        <time>2023-07-24T20:11:16.612Z</time>
      </trkpt>
      <trkpt lat="57.683838" lon="-4.295074">
        <ele>15.936618</ele>
        <time>2023-07-24T20:11:17.258Z</time>
      </trkpt>
      <trkpt lat="57.683729" lon="-4.294948">
        <ele>15.636770</ele>
        <time>2023-07-24T20:11:20.151Z</time>
      </trkpt>
      <trkpt lat="57.683700" lon="-4.294843">
        <ele>15.488919</ele>
        <time>2023-07-24T20:11:21.567Z</time>
      </trkpt>
      <trkpt lat="57.683629" lon="-4.294263">
        <ele>14.744552</ele>
        <time>2023-07-24T20:11:28.543Z</time>
      </trkpt>
      <trkpt lat="57.683597" lon="-4.293433">
        <ele>13.703513</ele>
        <time>2023-07-24T20:11:38.084Z</time>
      </trkpt>
      <trkpt lat="57.683632" lon="-4.292684">
        <ele>12.762930</ele>
        <time>2023-07-24T20:11:46.446Z</time>
      </trkpt>
      <trkpt lat="57.683745" lon="-4.291792">
        <ele>11.715082</ele>
        <time>2023-07-24T20:11:56.640Z</time>
      </trkpt>
      <trkpt lat="57.683914" lon="-4.291028">
        <ele>11.106573</ele>
        <time>2023-07-24T20:12:06.270Z</time>
      </trkpt>
      <trkpt lat="57.684143" lon="-4.290265">
        <ele>10.462593</ele>
        <time>2023-07-24T20:12:17.023Z</time>
      </trkpt>
      <trkpt lat="57.684619" lon="-4.289063">
        <ele>9.385644</ele>
        <time>2023-07-24T20:12:36.893Z</time>
      </trkpt>
      <trkpt lat="57.688270" lon="-4.280337">
        <ele>12.307094</ele>
        <time>2023-07-24T20:15:40.005Z</time>
      </trkpt>
      <trkpt lat="57.689160" lon="-4.278236">
        <ele>14.049510</ele>
        <time>2023-07-24T20:16:32.854Z</time>
      </trkpt>
      <trkpt lat="57.690301" lon="-4.275505">
        <ele>17.127485</ele>
        <time>2023-07-24T20:17:41.643Z</time>
      </trkpt>
      <trkpt lat="57.690749" lon="-4.274523">
        <ele>18.474606</ele>
        <time>2023-07-24T20:18:09.153Z</time>
      </trkpt>
      <trkpt lat="57.690736" lon="-4.274440">
        <ele>18.564850</ele>
        <time>2023-07-24T20:18:16.704Z</time>
      </trkpt>
      <trkpt lat="57.690867" lon="-4.274150">
        <ele>18.961029</ele>
        <time>2023-07-24T20:18:23.329Z</time>
      </trkpt>
      <trkpt lat="57.691693" lon="-4.272462">
        <ele>21.206986</ele>
        <time>2023-07-24T20:19:02.839Z</time>
      </trkpt>
      <trkpt lat="57.691914" lon="-4.272004">
        <ele>21.771885</ele>
        <time>2023-07-24T20:19:13.592Z</time>
      </trkpt>
      <trkpt lat="57.692144" lon="-4.271530">
        <ele>22.357987</ele>
        <time>2023-07-24T20:19:24.099Z</time>
      </trkpt>
      <trkpt lat="57.692490" lon="-4.271060">
        <ele>23.090371</ele>
        <time>2023-07-24T20:19:36.336Z</time>
      </trkpt>
      <trkpt lat="57.692519" lon="-4.271140">
        <ele>23.178866</ele>
        <time>2023-07-24T20:19:37.684Z</time>
      </trkpt>
      <trkpt lat="57.692587" lon="-4.271210">
        <ele>23.279986</ele>
        <time>2023-07-24T20:19:39.699Z</time>
      </trkpt>
      <trkpt lat="57.692664" lon="-4.271202">
        <ele>23.307342</ele>
        <time>2023-07-24T20:19:41.783Z</time>
      </trkpt>
      <trkpt lat="57.692749" lon="-4.271049">
        <ele>23.349180</ele>
        <time>2023-07-24T20:19:44.806Z</time>
      </trkpt>
      <trkpt lat="57.692754" lon="-4.270890">
        <ele>23.379376</ele>
        <time>2023-07-24T20:19:46.847Z</time>
      </trkpt>
      <trkpt lat="57.692728" lon="-4.270793">
        <ele>23.399949</ele>
        <time>2023-07-24T20:19:48.214Z</time>
      </trkpt>
      <trkpt lat="57.692874" lon="-4.270349">
        <ele>23.498779</ele>
        <time>2023-07-24T20:19:54.817Z</time>
      </trkpt>
      <trkpt lat="57.693059" lon="-4.269599">
        <ele>23.655379</ele>
        <time>2023-07-24T20:20:05.309Z</time>
      </trkpt>
      <trkpt lat="57.693798" lon="-4.267576">
        <ele>23.304983</ele>
        <time>2023-07-24T20:20:30.865Z</time>
      </trkpt>
      <trkpt lat="57.693878" lon="-4.267377">
        <ele>23.169200</ele>
        <time>2023-07-24T20:20:33.230Z</time>
      </trkpt>
      <trkpt lat="57.694271" lon="-4.265632">
        <ele>22.136648</ele>
        <time>2023-07-24T20:20:49.632Z</time>
      </trkpt>
      <trkpt lat="57.694582" lon="-4.264373">
        <ele>21.180837</ele>
        <time>2023-07-24T20:21:01.403Z</time>
      </trkpt>
      <trkpt lat="57.694782" lon="-4.263797">
        <ele>20.698642</ele>
        <time>2023-07-24T20:21:07.253Z</time>
      </trkpt>
      <trkpt lat="57.695528" lon="-4.261648">
        <ele>19.884287</ele>
        <time>2023-07-24T20:21:30.987Z</time>
      </trkpt>
      <trkpt lat="57.695678" lon="-4.261188">
        <ele>19.964536</ele>
        <time>2023-07-24T20:21:36.762Z</time>
      </trkpt>
      <trkpt lat="57.695937" lon="-4.260420">
        <ele>20.099774</ele>
        <time>2023-07-24T20:21:48.622Z</time>
      </trkpt>
      <trkpt lat="57.696285" lon="-4.259392">
        <ele>20.792754</ele>
        <time>2023-07-24T20:22:08.076Z</time>
      </trkpt>
      <trkpt lat="57.696318" lon="-4.259219">
        <ele>21.026576</ele>
        <time>2023-07-24T20:22:11.426Z</time>
      </trkpt>
      <trkpt lat="57.696326" lon="-4.258766">
        <ele>21.603521</ele>
        <time>2023-07-24T20:22:19.344Z</time>
      </trkpt>
      <trkpt lat="57.696249" lon="-4.258073">
        <ele>22.504516</ele>
        <time>2023-07-24T20:22:31.977Z</time>
      </trkpt>
      <trkpt lat="57.696227" lon="-4.257869">
        <ele>22.769426</ele>
        <time>2023-07-24T20:22:35.949Z</time>
      </trkpt>
      <trkpt lat="57.696153" lon="-4.256989">
        <ele>23.903377</ele>
        <time>2023-07-24T20:22:52.878Z</time>
      </trkpt>
      <trkpt lat="57.696118" lon="-4.256578">
        <ele>24.433148</ele>
        <time>2023-07-24T20:23:01.130Z</time>
      </trkpt>
      <trkpt lat="57.696607" lon="-4.256394">
        <ele>25.722951</ele>
        <time>2023-07-24T20:23:20.913Z</time>
      </trkpt>
      <trkpt lat="57.697240" lon="-4.256225">
        <ele>27.383842</ele>
        <time>2023-07-24T20:23:45.115Z</time>
      </trkpt>
      <trkpt lat="57.697775" lon="-4.256310">
        <ele>28.778523</ele>
        <time>2023-07-24T20:24:02.791Z</time>
      </trkpt>
      <trkpt lat="57.698500" lon="-4.256249">
        <ele>29.988554</ele>
        <time>2023-07-24T20:24:23.760Z</time>
      </trkpt>
      <trkpt lat="57.698756" lon="-4.256257">
        <ele>30.353137</ele>
        <time>2023-07-24T20:24:30.936Z</time>
      </trkpt>
      <trkpt lat="57.699275" lon="-4.256285">
        <ele>31.092474</ele>
        <time>2023-07-24T20:24:45.224Z</time>
      </trkpt>
      <trkpt lat="57.699448" lon="-4.256299">
        <ele>31.339048</ele>
        <time>2023-07-24T20:24:50.100Z</time>
      </trkpt>
      <trkpt lat="57.699599" lon="-4.256384">
        <ele>31.563582</ele>
        <time>2023-07-24T20:24:54.526Z</time>
      </trkpt>
      <trkpt lat="57.699893" lon="-4.256614">
        <ele>32.176575</ele>
        <time>2023-07-24T20:25:03.919Z</time>
      </trkpt>
      <trkpt lat="57.700071" lon="-4.256805">
        <ele>32.631032</ele>
        <time>2023-07-24T20:25:09.704Z</time>
      </trkpt>
      <trkpt lat="57.700293" lon="-4.256898">
        <ele>33.134903</ele>
        <time>2023-07-24T20:25:16.184Z</time>
      </trkpt>
      <trkpt lat="57.700723" lon="-4.257263">
        <ele>34.180687</ele>
        <time>2023-07-24T20:25:30.156Z</time>
      </trkpt>
      <trkpt lat="57.701161" lon="-4.257572">
        <ele>35.217440</ele>
        <time>2023-07-24T20:25:47.199Z</time>
      </trkpt>
      <trkpt lat="57.701230" lon="-4.257663">
        <ele>35.404402</ele>
        <time>2023-07-24T20:25:50.671Z</time>
      </trkpt>
      <trkpt lat="57.701670" lon="-4.258289">
        <ele>37.374043</ele>
        <time>2023-07-24T20:26:14.102Z</time>
      </trkpt>
      <trkpt lat="57.701870" lon="-4.258669">
        <ele>38.520039</ele>
        <time>2023-07-24T20:26:26.875Z</time>
      </trkpt>
      <trkpt lat="57.702031" lon="-4.258870">
        <ele>39.298240</ele>
        <time>2023-07-24T20:26:35.743Z</time>
      </trkpt>
      <trkpt lat="57.702101" lon="-4.258957">
        <ele>39.636122</ele>
        <time>2023-07-24T20:26:39.566Z</time>
      </trkpt>
      <trkpt lat="57.702558" lon="-4.259265">
        <ele>41.589233</ele>
        <time>2023-07-24T20:27:00.837Z</time>
      </trkpt>
      <trkpt lat="57.702988" lon="-4.259696">
        <ele>43.310628</ele>
        <time>2023-07-24T20:27:22.271Z</time>
      </trkpt>
      <trkpt lat="57.703395" lon="-4.260011">
        <ele>44.377807</ele>
        <time>2023-07-24T20:27:41.375Z</time>
      </trkpt>
      <trkpt lat="57.703935" lon="-4.260304">
        <ele>45.740134</ele>
        <time>2023-07-24T20:28:02.283Z</time>
      </trkpt>
      <trkpt lat="57.704394" lon="-4.260631">
        <ele>46.930162</ele>
        <time>2023-07-24T20:28:16.122Z</time>
      </trkpt>
      <trkpt lat="57.704485" lon="-4.260149">
        <ele>47.147190</ele>
        <time>2023-07-24T20:28:21.949Z</time>
      </trkpt>
      <trkpt lat="57.704611" lon="-4.259179">
        <ele>46.436894</ele>
        <time>2023-07-24T20:28:31.355Z</time>
      </trkpt>
      <trkpt lat="57.704709" lon="-4.256501">
        <ele>44.327095</ele>
        <time>2023-07-24T20:28:53.321Z</time>
      </trkpt>
      <trkpt lat="57.704979" lon="-4.252153">
        <ele>39.784382</ele>
        <time>2023-07-24T20:29:29.243Z</time>
      </trkpt>
      <trkpt lat="57.705085" lon="-4.250822">
        <ele>38.499266</ele>
        <time>2023-07-24T20:29:40.577Z</time>
      </trkpt>
      <trkpt lat="57.705174" lon="-4.249721">
        <ele>37.628423</ele>
        <time>2023-07-24T20:29:50.099Z</time>
      </trkpt>
      <trkpt lat="57.705311" lon="-4.248385">
        <ele>36.737722</ele>
        <time>2023-07-24T20:30:01.984Z</time>
      </trkpt>
      <trkpt lat="57.705455" lon="-4.247610">
        <ele>36.200489</ele>
        <time>2023-07-24T20:30:09.488Z</time>
      </trkpt>
      <trkpt lat="57.705833" lon="-4.246205">
        <ele>35.588255</ele>
        <time>2023-07-24T20:30:24.393Z</time>
      </trkpt>
      <trkpt lat="57.705965" lon="-4.245557">
        <ele>35.415771</ele>
        <time>2023-07-24T20:30:31.288Z</time>
      </trkpt>
      <trkpt lat="57.706183" lon="-4.244135">
        <ele>35.047828</ele>
        <time>2023-07-24T20:30:46.439Z</time>
      </trkpt>
      <trkpt lat="57.706281" lon="-4.243699">
        <ele>35.035619</ele>
        <time>2023-07-24T20:30:51.385Z</time>
      </trkpt>
      <trkpt lat="57.706453" lon="-4.242936">
        <ele>35.113012</ele>
        <time>2023-07-24T20:31:00.442Z</time>
      </trkpt>
      <trkpt lat="57.707141" lon="-4.239448">
        <ele>35.692551</ele>
        <time>2023-07-24T20:31:45.722Z</time>
      </trkpt>
      <trkpt lat="57.707162" lon="-4.239234">
        <ele>35.746823</ele>
        <time>2023-07-24T20:31:48.487Z</time>
      </trkpt>
      <trkpt lat="57.707267" lon="-4.237991">
        <ele>36.060723</ele>
        <time>2023-07-24T20:32:04.411Z</time>
      </trkpt>
      <trkpt lat="57.707301" lon="-4.237779">
        <ele>36.115934</ele>
        <time>2023-07-24T20:32:07.268Z</time>
      </trkpt>
      <trkpt lat="57.707657" lon="-4.236626">
        <ele>36.626150</ele>
        <time>2023-07-24T20:32:24.594Z</time>
      </trkpt>
      <trkpt lat="57.708196" lon="-4.234022">
        <ele>37.942464</ele>
        <time>2023-07-24T20:33:01.967Z</time>
      </trkpt>
      <trkpt lat="57.708862" lon="-4.231074">
        <ele>40.316231</ele>
        <time>2023-07-24T20:33:52.176Z</time>
      </trkpt>
      <trkpt lat="57.709001" lon="-4.230062">
        <ele>41.176349</ele>
        <time>2023-07-24T20:34:08.747Z</time>
      </trkpt>
      <trkpt lat="57.709097" lon="-4.229508">
        <ele>41.655762</ele>
        <time>2023-07-24T20:34:17.839Z</time>
      </trkpt>
      <trkpt lat="57.709223" lon="-4.229038">
        <ele>42.088621</ele>
        <time>2023-07-24T20:34:26.304Z</time>
      </trkpt>
      <trkpt lat="57.709275" lon="-4.228625">
        <ele>42.437892</ele>
        <time>2023-07-24T20:34:33.299Z</time>
      </trkpt>
      <trkpt lat="57.709252" lon="-4.227128">
        <ele>43.223911</ele>
        <time>2023-07-24T20:34:55.600Z</time>
      </trkpt>
      <trkpt lat="57.709693" lon="-4.226973">
        <ele>43.579752</ele>
        <time>2023-07-24T20:35:06.044Z</time>
      </trkpt>
      <trkpt lat="57.709934" lon="-4.226847">
        <ele>43.778189</ele>
        <time>2023-07-24T20:35:11.447Z</time>
      </trkpt>
      <trkpt lat="57.710181" lon="-4.226652">
        <ele>43.990777</ele>
        <time>2023-07-24T20:35:17.638Z</time>
      </trkpt>
      <trkpt lat="57.710267" lon="-4.226533">
        <ele>44.075588</ele>
        <time>2023-07-24T20:35:20.156Z</time>
      </trkpt>
      <trkpt lat="57.710452" lon="-4.226095">
        <ele>44.333853</ele>
        <time>2023-07-24T20:35:27.622Z</time>
      </trkpt>
      <trkpt lat="57.710612" lon="-4.225266">
        <ele>44.767079</ele>
        <time>2023-07-24T20:35:40.110Z</time>
      </trkpt>
      <trkpt lat="57.710673" lon="-4.225047">
        <ele>44.888469</ele>
        <time>2023-07-24T20:35:43.464Z</time>
      </trkpt>
      <trkpt lat="57.710753" lon="-4.224862">
        <ele>45.005453</ele>
        <time>2023-07-24T20:35:46.526Z</time>
      </trkpt>
      <trkpt lat="57.711143" lon="-4.224199">
        <ele>45.490156</ele>
        <time>2023-07-24T20:35:59.714Z</time>
      </trkpt>
      <trkpt lat="57.711519" lon="-4.223586">
        <ele>45.981139</ele>
        <time>2023-07-24T20:36:13.319Z</time>
      </trkpt>
      <trkpt lat="57.712139" lon="-4.222870">
        <ele>46.835305</ele>
        <time>2023-07-24T20:36:34.862Z</time>
      </trkpt>
      <trkpt lat="57.712712" lon="-4.222296">
        <ele>47.597306</ele>
        <time>2023-07-24T20:36:52.604Z</time>
      </trkpt>
      <trkpt lat="57.712785" lon="-4.222193">
        <ele>47.704489</ele>
        <time>2023-07-24T20:36:54.988Z</time>
      </trkpt>
      <trkpt lat="57.712898" lon="-4.221892">
        <ele>47.934915</ele>
        <time>2023-07-24T20:36:59.985Z</time>
      </trkpt>
      <trkpt lat="57.713100" lon="-4.221716">
        <ele>48.150734</ele>
        <time>2023-07-24T20:37:05.523Z</time>
      </trkpt>
      <trkpt lat="57.713412" lon="-4.221251">
        <ele>48.535290</ele>
        <time>2023-07-24T20:37:15.020Z</time>
      </trkpt>
      <trkpt lat="57.713830" lon="-4.220267">
        <ele>49.182865</ele>
        <time>2023-07-24T20:37:31.160Z</time>
      </trkpt>
      <trkpt lat="57.714209" lon="-4.219183">
        <ele>50.309280</ele>
        <time>2023-07-24T20:37:50.512Z</time>
      </trkpt>
      <trkpt lat="57.714406" lon="-4.218664">
        <ele>51.495661</ele>
        <time>2023-07-24T20:38:02.030Z</time>
      </trkpt>
      <trkpt lat="57.714596" lon="-4.218328">
        <ele>52.407408</ele>
        <time>2023-07-24T20:38:11.977Z</time>
      </trkpt>
      <trkpt lat="57.714998" lon="-4.217729">
        <ele>54.199706</ele>
        <time>2023-07-24T20:38:34.007Z</time>
      </trkpt>
      <trkpt lat="57.715362" lon="-4.217313">
        <ele>55.687391</ele>
        <time>2023-07-24T20:38:55.030Z</time>
      </trkpt>
      <trkpt lat="57.715484" lon="-4.217226">
        <ele>56.214708</ele>
        <time>2023-07-24T20:39:01.691Z</time>
      </trkpt>
      <trkpt lat="57.715714" lon="-4.217165">
        <ele>57.326114</ele>
        <time>2023-07-24T20:39:13.388Z</time>
      </trkpt>
      <trkpt lat="57.716497" lon="-4.217309">
        <ele>61.090357</ele>
        <time>2023-07-24T20:39:51.832Z</time>
      </trkpt>
      <trkpt lat="57.716725" lon="-4.217250">
        <ele>62.191578</ele>
        <time>2023-07-24T20:40:02.577Z</time>
      </trkpt>
      <trkpt lat="57.716889" lon="-4.217156">
        <ele>63.012170</ele>
        <time>2023-07-24T20:40:10.586Z</time>
      </trkpt>
      <trkpt lat="57.717112" lon="-4.216757">
        <ele>64.487945</ele>
        <time>2023-07-24T20:40:24.518Z</time>
      </trkpt>
      <trkpt lat="57.717533" lon="-4.216113">
        <ele>66.653215</ele>
        <time>2023-07-24T20:40:48.543Z</time>
      </trkpt>
      <trkpt lat="57.717744" lon="-4.215708">
        <ele>67.850358</ele>
        <time>2023-07-24T20:41:01.640Z</time>
      </trkpt>
      <trkpt lat="57.718328" lon="-4.214732">
        <ele>70.951617</ele>
        <time>2023-07-24T20:41:34.041Z</time>
      </trkpt>
      <trkpt lat="57.718416" lon="-4.214573">
        <ele>71.436105</ele>
        <time>2023-07-24T20:41:39.523Z</time>
      </trkpt>
      <trkpt lat="57.718706" lon="-4.214221">
        <ele>72.498715</ele>
        <time>2023-07-24T20:41:54.602Z</time>
      </trkpt>
      <trkpt lat="57.719870" lon="-4.213053">
        <ele>76.304512</ele>
        <time>2023-07-24T20:42:45.592Z</time>
      </trkpt>
      <trkpt lat="57.719969" lon="-4.212921">
        <ele>76.654757</ele>
        <time>2023-07-24T20:42:49.342Z</time>
      </trkpt>
      <trkpt lat="57.720808" lon="-4.210641">
        <ele>77.331984</ele>
        <time>2023-07-24T20:43:22.786Z</time>
      </trkpt>
      <trkpt lat="57.721100" lon="-4.209639">
        <ele>77.295193</ele>
        <time>2023-07-24T20:43:33.780Z</time>
      </trkpt>
      <trkpt lat="57.721158" lon="-4.209059">
        <ele>77.052097</ele>
        <time>2023-07-24T20:43:39.388Z</time>
      </trkpt>
      <trkpt lat="57.721173" lon="-4.208465">
        <ele>76.807114</ele>
        <time>2023-07-24T20:43:45.031Z</time>
      </trkpt>
      <trkpt lat="57.721210" lon="-4.208054">
        <ele>76.635406</ele>
        <time>2023-07-24T20:43:48.933Z</time>
      </trkpt>
      <trkpt lat="57.721294" lon="-4.207650">
        <ele>76.456801</ele>
        <time>2023-07-24T20:43:53.109Z</time>
      </trkpt>
      <trkpt lat="57.721848" lon="-4.205495">
        <ele>75.491659</ele>
        <time>2023-07-24T20:44:15.089Z</time>
      </trkpt>
      <trkpt lat="57.722469" lon="-4.203410">
        <ele>74.738717</ele>
        <time>2023-07-24T20:44:37.931Z</time>
      </trkpt>
      <trkpt lat="57.723262" lon="-4.201299">
        <ele>74.764162</ele>
        <time>2023-07-24T20:45:06.694Z</time>
      </trkpt>
      <trkpt lat="57.723648" lon="-4.200579">
        <ele>75.177282</ele>
        <time>2023-07-24T20:45:20.293Z</time>
      </trkpt>
      <trkpt lat="57.724939" lon="-4.198083">
        <ele>77.611549</ele>
        <time>2023-07-24T20:46:11.738Z</time>
      </trkpt>
      <trkpt lat="57.725336" lon="-4.197423">
        <ele>78.720392</ele>
        <time>2023-07-24T20:46:28.535Z</time>
      </trkpt>
      <trkpt lat="57.727620" lon="-4.195187">
        <ele>85.084591</ele>
        <time>2023-07-24T20:48:01.046Z</time>
      </trkpt>
      <trkpt lat="57.728425" lon="-4.194468">
        <ele>87.038162</ele>
        <time>2023-07-24T20:48:30.602Z</time>
      </trkpt>
      <trkpt lat="57.728656" lon="-4.194251">
        <ele>87.597335</ele>
        <time>2023-07-24T20:48:38.890Z</time>
      </trkpt>
      <trkpt lat="57.728992" lon="-4.193964">
        <ele>88.396391</ele>
        <time>2023-07-24T20:48:50.789Z</time>
      </trkpt>
      <trkpt lat="57.729517" lon="-4.193458">
        <ele>89.701643</ele>
        <time>2023-07-24T20:49:09.740Z</time>
      </trkpt>
      <trkpt lat="57.730912" lon="-4.192247">
        <ele>93.190942</ele>
        <time>2023-07-24T20:50:01.044Z</time>
      </trkpt>
      <trkpt lat="57.731576" lon="-4.191619">
        <ele>94.919347</ele>
        <time>2023-07-24T20:50:27.393Z</time>
      </trkpt>
      <trkpt lat="57.732079" lon="-4.191303">
        <ele>96.152104</ele>
        <time>2023-07-24T20:50:45.702Z</time>
      </trkpt>
      <trkpt lat="57.732446" lon="-4.191219">
        <ele>97.011206</ele>
        <time>2023-07-24T20:50:57.885Z</time>
      </trkpt>
      <trkpt lat="57.733336" lon="-4.191049">
        <ele>98.332213</ele>
        <time>2023-07-24T20:51:24.985Z</time>
      </trkpt>
      <trkpt lat="57.733893" lon="-4.190910">
        <ele>99.063537</ele>
        <time>2023-07-24T20:51:40.564Z</time>
      </trkpt>
      <trkpt lat="57.734201" lon="-4.190771">
        <ele>99.475859</ele>
        <time>2023-07-24T20:51:48.809Z</time>
      </trkpt>
      <trkpt lat="57.734884" lon="-4.190290">
        <ele>99.759637</ele>
        <time>2023-07-24T20:52:06.112Z</time>
      </trkpt>
      <trkpt lat="57.735332" lon="-4.189835">
        <ele>99.807117</ele>
        <time>2023-07-24T20:52:17.097Z</time>
      </trkpt>
      <trkpt lat="57.736290" lon="-4.188631">
        <ele>99.588907</ele>
        <time>2023-07-24T20:52:39.569Z</time>
      </trkpt>
      <trkpt lat="57.736400" lon="-4.188421">
        <ele>99.480481</ele>
        <time>2023-07-24T20:52:42.439Z</time>
      </trkpt>
      <trkpt lat="57.737083" lon="-4.187507">
        <ele>98.901015</ele>
        <time>2023-07-24T20:52:57.161Z</time>
      </trkpt>
      <trkpt lat="57.738283" lon="-4.185481">
        <ele>97.649870</ele>
        <time>2023-07-24T20:53:25.100Z</time>
      </trkpt>
      <trkpt lat="57.738749" lon="-4.184776">
        <ele>97.171835</ele>
        <time>2023-07-24T20:53:35.974Z</time>
      </trkpt>
      <trkpt lat="57.739179" lon="-4.184050">
        <ele>96.742370</ele>
        <time>2023-07-24T20:53:46.586Z</time>
      </trkpt>
      <trkpt lat="57.739370" lon="-4.183789">
        <ele>96.566973</ele>
        <time>2023-07-24T20:53:50.842Z</time>
      </trkpt>
      <trkpt lat="57.739950" lon="-4.182625">
        <ele>95.936375</ele>
        <time>2023-07-24T20:54:05.811Z</time>
      </trkpt>
      <trkpt lat="57.740317" lon="-4.182030">
        <ele>95.576129</ele>
        <time>2023-07-24T20:54:14.099Z</time>
      </trkpt>
      <trkpt lat="57.740537" lon="-4.181616">
        <ele>95.344650</ele>
        <time>2023-07-24T20:54:19.380Z</time>
      </trkpt>
      <trkpt lat="57.740691" lon="-4.181227">
        <ele>95.152746</ele>
        <time>2023-07-24T20:54:23.824Z</time>
      </trkpt>
      <trkpt lat="57.740977" lon="-4.180768">
        <ele>94.873186</ele>
        <time>2023-07-24T20:54:30.492Z</time>
      </trkpt>
      <trkpt lat="57.741110" lon="-4.180371">
        <ele>94.687464</ele>
        <time>2023-07-24T20:54:35.038Z</time>
      </trkpt>
      <trkpt lat="57.741245" lon="-4.180136">
        <ele>94.550666</ele>
        <time>2023-07-24T20:54:38.551Z</time>
      </trkpt>
      <trkpt lat="57.741502" lon="-4.179692">
        <ele>94.577923</ele>
        <time>2023-07-24T20:54:45.536Z</time>
      </trkpt>
      <trkpt lat="57.741712" lon="-4.179241">
        <ele>94.633063</ele>
        <time>2023-07-24T20:54:52.321Z</time>
      </trkpt>
      <trkpt lat="57.742464" lon="-4.177805">
        <ele>94.818405</ele>
        <time>2023-07-24T20:55:17.385Z</time>
      </trkpt>
      <trkpt lat="57.744652" lon="-4.174156">
        <ele>94.562184</ele>
        <time>2023-07-24T20:56:19.304Z</time>
      </trkpt>
      <trkpt lat="57.745061" lon="-4.173346">
        <ele>94.294627</ele>
        <time>2023-07-24T20:56:29.454Z</time>
      </trkpt>
      <trkpt lat="57.745584" lon="-4.172171">
        <ele>93.482129</ele>
        <time>2023-07-24T20:56:42.916Z</time>
      </trkpt>
      <trkpt lat="57.746018" lon="-4.171091">
        <ele>92.664537</ele>
        <time>2023-07-24T20:56:54.661Z</time>
      </trkpt>
      <trkpt lat="57.747974" lon="-4.165952">
        <ele>90.840797</ele>
        <time>2023-07-24T20:57:55.676Z</time>
      </trkpt>
      <trkpt lat="57.749425" lon="-4.162167">
        <ele>91.535840</ele>
        <time>2023-07-24T20:58:56.197Z</time>
      </trkpt>
      <trkpt lat="57.749783" lon="-4.161507">
        <ele>90.799813</ele>
        <time>2023-07-24T20:59:05.561Z</time>
      </trkpt>
      <trkpt lat="57.750192" lon="-4.160898">
        <ele>90.034196</ele>
        <time>2023-07-24T20:59:14.012Z</time>
      </trkpt>
      <trkpt lat="57.750565" lon="-4.160461">
        <ele>89.389484</ele>
        <time>2023-07-24T20:59:20.589Z</time>
      </trkpt>
      <trkpt lat="57.750823" lon="-4.160281">
        <ele>88.986002</ele>
        <time>2023-07-24T20:59:24.625Z</time>
      </trkpt>
      <trkpt lat="57.751205" lon="-4.160194">
        <ele>88.143645</ele>
        <time>2023-07-24T20:59:30.248Z</time>
      </trkpt>
      <trkpt lat="57.751664" lon="-4.160235">
        <ele>87.114745</ele>
        <time>2023-07-24T20:59:36.951Z</time>
      </trkpt>
      <trkpt lat="57.751852" lon="-4.160194">
        <ele>86.690960</ele>
        <time>2023-07-24T20:59:39.724Z</time>
      </trkpt>
      <trkpt lat="57.752118" lon="-4.160029">
        <ele>86.063591</ele>
        <time>2023-07-24T20:59:43.883Z</time>
      </trkpt>
      <trkpt lat="57.752325" lon="-4.159832">
        <ele>85.543768</ele>
        <time>2023-07-24T20:59:47.442Z</time>
      </trkpt>
      <trkpt lat="57.752706" lon="-4.159345">
        <ele>84.827901</ele>
        <time>2023-07-24T20:59:54.793Z</time>
      </trkpt>
      <trkpt lat="57.753284" lon="-4.158409">
        <ele>84.435455</ele>
        <time>2023-07-24T21:00:09.387Z</time>
      </trkpt>
      <trkpt lat="57.753523" lon="-4.158106">
        <ele>84.287213</ele>
        <time>2023-07-24T21:00:15.605Z</time>
      </trkpt>
      <trkpt lat="57.753828" lon="-4.157836">
        <ele>84.113918</ele>
        <time>2023-07-24T21:00:22.433Z</time>
      </trkpt>
      <trkpt lat="57.754174" lon="-4.157533">
        <ele>83.877305</ele>
        <time>2023-07-24T21:00:29.842Z</time>
      </trkpt>
      <trkpt lat="57.754294" lon="-4.157321">
        <ele>83.750026</ele>
        <time>2023-07-24T21:00:32.964Z</time>
      </trkpt>
      <trkpt lat="57.754375" lon="-4.157088">
        <ele>83.635505</ele>
        <time>2023-07-24T21:00:35.689Z</time>
      </trkpt>
      <trkpt lat="57.754417" lon="-4.156921">
        <ele>83.559477</ele>
        <time>2023-07-24T21:00:37.474Z</time>
      </trkpt>
      <trkpt lat="57.754439" lon="-4.156567">
        <ele>83.412713</ele>
        <time>2023-07-24T21:00:40.893Z</time>
      </trkpt>
      <trkpt lat="57.754341" lon="-4.154833">
        <ele>82.694651</ele>
        <time>2023-07-24T21:00:56.862Z</time>
      </trkpt>
      <trkpt lat="57.754231" lon="-4.153721">
        <ele>82.255419</ele>
        <time>2023-07-24T21:01:06.793Z</time>
      </trkpt>
      <trkpt lat="57.754157" lon="-4.152535">
        <ele>81.797888</ele>
        <time>2023-07-24T21:01:17.803Z</time>
      </trkpt>
      <trkpt lat="57.754176" lon="-4.152334">
        <ele>81.719672</ele>
        <time>2023-07-24T21:01:19.798Z</time>
      </trkpt>
      <trkpt lat="57.754282" lon="-4.151845">
        <ele>81.517432</ele>
        <time>2023-07-24T21:01:25.061Z</time>
      </trkpt>
      <trkpt lat="57.754675" lon="-4.149621">
        <ele>81.236279</ele>
        <time>2023-07-24T21:01:52.018Z</time>
      </trkpt>
      <trkpt lat="57.755117" lon="-4.146930">
        <ele>80.281907</ele>
        <time>2023-07-24T21:02:21.347Z</time>
      </trkpt>
      <trkpt lat="57.755126" lon="-4.146871">
        <ele>80.239073</ele>
        <time>2023-07-24T21:02:21.888Z</time>
      </trkpt>
      <trkpt lat="57.755229" lon="-4.146210">
        <ele>79.758395</ele>
        <time>2023-07-24T21:02:27.757Z</time>
      </trkpt>
      <trkpt lat="57.755402" lon="-4.145469">
        <ele>79.193797</ele>
        <time>2023-07-24T21:02:34.398Z</time>
      </trkpt>
      <trkpt lat="57.755514" lon="-4.144822">
        <ele>78.690398</ele>
        <time>2023-07-24T21:02:39.863Z</time>
      </trkpt>
      <trkpt lat="57.755593" lon="-4.144210">
        <ele>78.117842</ele>
        <time>2023-07-24T21:02:44.870Z</time>
      </trkpt>
      <trkpt lat="57.755582" lon="-4.143883">
        <ele>77.819907</ele>
        <time>2023-07-24T21:02:47.454Z</time>
      </trkpt>
      <trkpt lat="57.755541" lon="-4.143670">
        <ele>77.614003</ele>
        <time>2023-07-24T21:02:49.262Z</time>
      </trkpt>
      <trkpt lat="57.755438" lon="-4.143384">
        <ele>77.300237</ele>
        <time>2023-07-24T21:02:52.028Z</time>
      </trkpt>
      <trkpt lat="57.755321" lon="-4.142907">
        <ele>76.822851</ele>
        <time>2023-07-24T21:02:56.352Z</time>
      </trkpt>
      <trkpt lat="57.755189" lon="-4.142279">
        <ele>76.209081</ele>
        <time>2023-07-24T21:03:02.225Z</time>
      </trkpt>
      <trkpt lat="57.755148" lon="-4.141923">
        <ele>75.877907</ele>
        <time>2023-07-24T21:03:05.669Z</time>
      </trkpt>
      <trkpt lat="57.755119" lon="-4.141203">
        <ele>75.698798</ele>
        <time>2023-07-24T21:03:13.031Z</time>
      </trkpt>
      <trkpt lat="57.755126" lon="-4.140620">
        <ele>75.649264</ele>
        <time>2023-07-24T21:03:19.625Z</time>
      </trkpt>
      <trkpt lat="57.755156" lon="-4.140377">
        <ele>75.628077</ele>
        <time>2023-07-24T21:03:22.664Z</time>
      </trkpt>
      <trkpt lat="57.755270" lon="-4.140043">
        <ele>75.594397</ele>
        <time>2023-07-24T21:03:27.554Z</time>
      </trkpt>
      <trkpt lat="57.755310" lon="-4.139720">
        <ele>75.566231</ele>
        <time>2023-07-24T21:03:31.921Z</time>
      </trkpt>
      <trkpt lat="57.755826" lon="-4.137123">
        <ele>74.798213</ele>
        <time>2023-07-24T21:04:00.340Z</time>
      </trkpt>
      <trkpt lat="57.755941" lon="-4.136571">
        <ele>74.542913</ele>
        <time>2023-07-24T21:04:05.515Z</time>
      </trkpt>
      <trkpt lat="57.756140" lon="-4.135844">
        <ele>74.190893</ele>
        <time>2023-07-24T21:04:12.477Z</time>
      </trkpt>
      <trkpt lat="57.756576" lon="-4.134416">
        <ele>74.798720</ele>
        <time>2023-07-24T21:04:27.758Z</time>
      </trkpt>
      <trkpt lat="57.756804" lon="-4.133777">
        <ele>75.294678</ele>
        <time>2023-07-24T21:04:38.176Z</time>
      </trkpt>
      <trkpt lat="57.756899" lon="-4.133601">
        <ele>75.456203</ele>
        <time>2023-07-24T21:04:42.424Z</time>
      </trkpt>
      <trkpt lat="57.757071" lon="-4.133410">
        <ele>75.697959</ele>
        <time>2023-07-24T21:04:49.054Z</time>
      </trkpt>
      <trkpt lat="57.757471" lon="-4.132901">
        <ele>76.626093</ele>
        <time>2023-07-24T21:05:08.781Z</time>
      </trkpt>
      <trkpt lat="57.757792" lon="-4.132342">
        <ele>79.007054</ele>
        <time>2023-07-24T21:05:29.595Z</time>
      </trkpt>
      <trkpt lat="57.758138" lon="-4.131544">
        <ele>81.988177</ele>
        <time>2023-07-24T21:05:58.255Z</time>
      </trkpt>
      <trkpt lat="57.758476" lon="-4.130713">
        <ele>85.017566</ele>
        <time>2023-07-24T21:06:31.299Z</time>
      </trkpt>
      <trkpt lat="57.758634" lon="-4.130197">
        <ele>86.596440</ele>
        <time>2023-07-24T21:06:49.100Z</time>
      </trkpt>
      <trkpt lat="57.758662" lon="-4.129940">
        <ele>87.215376</ele>
        <time>2023-07-24T21:06:56.625Z</time>
      </trkpt>
      <trkpt lat="57.758683" lon="-4.129754">
        <ele>87.663984</ele>
        <time>2023-07-24T21:07:01.816Z</time>
      </trkpt>
      <trkpt lat="57.758686" lon="-4.128336">
        <ele>91.009934</ele>
        <time>2023-07-24T21:07:36.936Z</time>
      </trkpt>
      <trkpt lat="57.758684" lon="-4.127921">
        <ele>91.989211</ele>
        <time>2023-07-24T21:07:45.794Z</time>
      </trkpt>
      <trkpt lat="57.758620" lon="-4.126865">
        <ele>94.234338</ele>
        <time>2023-07-24T21:08:06.905Z</time>
      </trkpt>
      <trkpt lat="57.758616" lon="-4.126753">
        <ele>94.379962</ele>
        <time>2023-07-24T21:08:09.117Z</time>
      </trkpt>
      <trkpt lat="57.758603" lon="-4.125646">
        <ele>95.816427</ele>
        <time>2023-07-24T21:08:29.860Z</time>
      </trkpt>
      <trkpt lat="57.758634" lon="-4.125205">
        <ele>96.393484</ele>
        <time>2023-07-24T21:08:37.487Z</time>
      </trkpt>
      <trkpt lat="57.758940" lon="-4.123458">
        <ele>98.797305</ele>
        <time>2023-07-24T21:09:09.094Z</time>
      </trkpt>
      <trkpt lat="57.759315" lon="-4.121559">
        <ele>101.522610</ele>
        <time>2023-07-24T21:09:48.442Z</time>
      </trkpt>
      <trkpt lat="57.759471" lon="-4.120882">
        <ele>102.515129</ele>
        <time>2023-07-24T21:10:02.390Z</time>
      </trkpt>
      <trkpt lat="57.759561" lon="-4.120494">
        <ele>103.009269</ele>
        <time>2023-07-24T21:10:10.084Z</time>
      </trkpt>
      <trkpt lat="57.759845" lon="-4.119534">
        <ele>104.057968</ele>
        <time>2023-07-24T21:10:29.153Z</time>
      </trkpt>
      <trkpt lat="57.760218" lon="-4.118564">
        <ele>105.200284</ele>
        <time>2023-07-24T21:10:48.592Z</time>
      </trkpt>
      <trkpt lat="57.760408" lon="-4.118117">
        <ele>105.746289</ele>
        <time>2023-07-24T21:10:57.447Z</time>
      </trkpt>
      <trkpt lat="57.761483" lon="-4.116147">
        <ele>107.213925</ele>
        <time>2023-07-24T21:11:36.569Z</time>
      </trkpt>
      <trkpt lat="57.761827" lon="-4.115572">
        <ele>107.616823</ele>
        <time>2023-07-24T21:11:47.873Z</time>
      </trkpt>
      <trkpt lat="57.763103" lon="-4.113427">
        <ele>108.251941</ele>
        <time>2023-07-24T21:12:27.209Z</time>
      </trkpt>
      <trkpt lat="57.764324" lon="-4.111265">
        <ele>108.433389</ele>
        <time>2023-07-24T21:13:03.311Z</time>
      </trkpt>
      <trkpt lat="57.765377" lon="-4.109607">
        <ele>107.945374</ele>
        <time>2023-07-24T21:13:29.462Z</time>
      </trkpt>
      <trkpt lat="57.766499" lon="-4.107761">
        <ele>107.264840</ele>
        <time>2023-07-24T21:13:56.520Z</time>
      </trkpt>
      <trkpt lat="57.768503" lon="-4.104353">
        <ele>106.397561</ele>
        <time>2023-07-24T21:14:48.914Z</time>
      </trkpt>
      <trkpt lat="57.769788" lon="-4.102311">
        <ele>106.541316</ele>
        <time>2023-07-24T21:15:24.574Z</time>
      </trkpt>
      <trkpt lat="57.770257" lon="-4.101559">
        <ele>106.793450</ele>
        <time>2023-07-24T21:15:37.928Z</time>
      </trkpt>
      <trkpt lat="57.771802" lon="-4.099145">
        <ele>107.977057</ele>
        <time>2023-07-24T21:16:27.378Z</time>
      </trkpt>
      <trkpt lat="57.772251" lon="-4.098446">
        <ele>108.415681</ele>
        <time>2023-07-24T21:16:42.819Z</time>
      </trkpt>
      <trkpt lat="57.772363" lon="-4.098296">
        <ele>108.519128</ele>
        <time>2023-07-24T21:16:46.137Z</time>
      </trkpt>
      <trkpt lat="57.772604" lon="-4.097844">
        <ele>108.775321</ele>
        <time>2023-07-24T21:16:53.814Z</time>
      </trkpt>
      <trkpt lat="57.772806" lon="-4.097573">
        <ele>109.013406</ele>
        <time>2023-07-24T21:16:59.919Z</time>
      </trkpt>
      <trkpt lat="57.773147" lon="-4.096991">
        <ele>109.479154</ele>
        <time>2023-07-24T21:17:11.992Z</time>
      </trkpt>
      <trkpt lat="57.773673" lon="-4.096101">
        <ele>110.194773</ele>
        <time>2023-07-24T21:17:31.039Z</time>
      </trkpt>
      <trkpt lat="57.774909" lon="-4.094073">
        <ele>112.190953</ele>
        <time>2023-07-24T21:18:15.982Z</time>
      </trkpt>
      <trkpt lat="57.775487" lon="-4.093251">
        <ele>113.155351</ele>
        <time>2023-07-24T21:18:37.235Z</time>
      </trkpt>
      <trkpt lat="57.775804" lon="-4.093054">
        <ele>113.657304</ele>
        <time>2023-07-24T21:18:46.454Z</time>
      </trkpt>
      <trkpt lat="57.776212" lon="-4.092907">
        <ele>114.281771</ele>
        <time>2023-07-24T21:18:58.176Z</time>
      </trkpt>
      <trkpt lat="57.776671" lon="-4.092765">
        <ele>114.981004</ele>
        <time>2023-07-24T21:19:11.750Z</time>
      </trkpt>
      <trkpt lat="57.777005" lon="-4.092715">
        <ele>115.484626</ele>
        <time>2023-07-24T21:19:22.054Z</time>
      </trkpt>
      <trkpt lat="57.778351" lon="-4.092434">
        <ele>117.883725</ele>
        <time>2023-07-24T21:20:04.669Z</time>
      </trkpt>
      <trkpt lat="57.779186" lon="-4.092269">
        <ele>119.021093</ele>
        <time>2023-07-24T21:20:30.298Z</time>
      </trkpt>
      <trkpt lat="57.779686" lon="-4.092031">
        <ele>119.278075</ele>
        <time>2023-07-24T21:20:43.643Z</time>
      </trkpt>
      <trkpt lat="57.780184" lon="-4.091738">
        <ele>119.538083</ele>
        <time>2023-07-24T21:20:55.232Z</time>
      </trkpt>
      <trkpt lat="57.780704" lon="-4.091434">
        <ele>119.672736</ele>
        <time>2023-07-24T21:21:05.618Z</time>
      </trkpt>
      <trkpt lat="57.781039" lon="-4.091301">
        <ele>119.165138</ele>
        <time>2023-07-24T21:21:11.651Z</time>
      </trkpt>
      <trkpt lat="57.781388" lon="-4.091026">
        <ele>118.603990</ele>
        <time>2023-07-24T21:21:18.137Z</time>
      </trkpt>
      <trkpt lat="57.784673" lon="-4.089211">
        <ele>111.920046</ele>
        <time>2023-07-24T21:22:10.418Z</time>
      </trkpt>
      <trkpt lat="57.786142" lon="-4.088423">
        <ele>108.439957</ele>
        <time>2023-07-24T21:22:32.979Z</time>
      </trkpt>
      <trkpt lat="57.787346" lon="-4.087708">
        <ele>105.864507</ele>
        <time>2023-07-24T21:22:52.605Z</time>
      </trkpt>
      <trkpt lat="57.787542" lon="-4.087638">
        <ele>105.454145</ele>
        <time>2023-07-24T21:22:55.752Z</time>
      </trkpt>
      <trkpt lat="57.787899" lon="-4.087632">
        <ele>104.605051</ele>
        <time>2023-07-24T21:23:01.217Z</time>
      </trkpt>
      <trkpt lat="57.789118" lon="-4.087798">
        <ele>101.698255</ele>
        <time>2023-07-24T21:23:19.599Z</time>
      </trkpt>
      <trkpt lat="57.789360" lon="-4.087776">
        <ele>101.106086</ele>
        <time>2023-07-24T21:23:23.054Z</time>
      </trkpt>
      <trkpt lat="57.789736" lon="-4.087936">
        <ele>100.003520</ele>
        <time>2023-07-24T21:23:28.490Z</time>
      </trkpt>
      <trkpt lat="57.789845" lon="-4.087944">
        <ele>99.691572</ele>
        <time>2023-07-24T21:23:30.048Z</time>
      </trkpt>
      <trkpt lat="57.789978" lon="-4.087954">
        <ele>99.310925</ele>
        <time>2023-07-24T21:23:31.929Z</time>
      </trkpt>
      <trkpt lat="57.790158" lon="-4.087891">
        <ele>98.787295</ele>
        <time>2023-07-24T21:23:34.526Z</time>
      </trkpt>
      <trkpt lat="57.790436" lon="-4.087650">
        <ele>97.911523</ele>
        <time>2023-07-24T21:23:38.893Z</time>
      </trkpt>
      <trkpt lat="57.790642" lon="-4.087345">
        <ele>97.161073</ele>
        <time>2023-07-24T21:23:42.686Z</time>
      </trkpt>
      <trkpt lat="57.790840" lon="-4.086979">
        <ele>96.366188</ele>
        <time>2023-07-24T21:23:46.778Z</time>
      </trkpt>
      <trkpt lat="57.791054" lon="-4.086583">
        <ele>95.645361</ele>
        <time>2023-07-24T21:23:51.265Z</time>
      </trkpt>
      <trkpt lat="57.792700" lon="-4.081601">
        <ele>89.086944</ele>
        <time>2023-07-24T21:24:39.084Z</time>
      </trkpt>
      <trkpt lat="57.793368" lon="-4.079630">
        <ele>86.516549</ele>
        <time>2023-07-24T21:24:58.099Z</time>
      </trkpt>
      <trkpt lat="57.793611" lon="-4.079032">
        <ele>85.688144</ele>
        <time>2023-07-24T21:25:04.188Z</time>
      </trkpt>
      <trkpt lat="57.796155" lon="-4.073812">
        <ele>78.388356</ele>
        <time>2023-07-24T21:26:02.531Z</time>
      </trkpt>
      <trkpt lat="57.796751" lon="-4.072609">
        <ele>76.659643</ele>
        <time>2023-07-24T21:26:16.092Z</time>
      </trkpt>
      <trkpt lat="57.797175" lon="-4.071822">
        <ele>75.467305</ele>
        <time>2023-07-24T21:26:25.230Z</time>
      </trkpt>
      <trkpt lat="57.798825" lon="-4.068844">
        <ele>70.913204</ele>
        <time>2023-07-24T21:27:00.225Z</time>
      </trkpt>
      <trkpt lat="57.799202" lon="-4.068489">
        <ele>70.274264</ele>
        <time>2023-07-24T21:27:06.929Z</time>
      </trkpt>
      <trkpt lat="57.799808" lon="-4.068048">
        <ele>69.381422</ele>
        <time>2023-07-24T21:27:17.497Z</time>
      </trkpt>
      <trkpt lat="57.800829" lon="-4.067243">
        <ele>67.889480</ele>
        <time>2023-07-24T21:27:36.421Z</time>
      </trkpt>
      <trkpt lat="57.801890" lon="-4.066415">
        <ele>66.429959</ele>
        <time>2023-07-24T21:27:55.322Z</time>
      </trkpt>
      <trkpt lat="57.802173" lon="-4.066159">
        <ele>66.030924</ele>
        <time>2023-07-24T21:28:00.449Z</time>
      </trkpt>
      <trkpt lat="57.802750" lon="-4.065636">
        <ele>65.041406</ele>
        <time>2023-07-24T21:28:10.827Z</time>
      </trkpt>
      <trkpt lat="57.803208" lon="-4.065161">
        <ele>64.220643</ele>
        <time>2023-07-24T21:28:19.253Z</time>
      </trkpt>
      <trkpt lat="57.803517" lon="-4.064893">
        <ele>63.686726</ele>
        <time>2023-07-24T21:28:24.684Z</time>
      </trkpt>
      <trkpt lat="57.803920" lon="-4.064568">
        <ele>62.979641</ele>
        <time>2023-07-24T21:28:31.538Z</time>
      </trkpt>
      <trkpt lat="57.803980" lon="-4.064448">
        <ele>62.823987</ele>
        <time>2023-07-24T21:28:32.910Z</time>
      </trkpt>
      <trkpt lat="57.804172" lon="-4.064241">
        <ele>62.430912</ele>
        <time>2023-07-24T21:28:36.340Z</time>
      </trkpt>
      <trkpt lat="57.804392" lon="-4.064072">
        <ele>62.008917</ele>
        <time>2023-07-24T21:28:40.095Z</time>
      </trkpt>
      <trkpt lat="57.804760" lon="-4.063893">
        <ele>61.334055</ele>
        <time>2023-07-24T21:28:46.084Z</time>
      </trkpt>
      <trkpt lat="57.804999" lon="-4.063728">
        <ele>60.881986</ele>
        <time>2023-07-24T21:28:50.064Z</time>
      </trkpt>
      <trkpt lat="57.805232" lon="-4.063433">
        <ele>60.383048</ele>
        <time>2023-07-24T21:28:54.429Z</time>
      </trkpt>
      <trkpt lat="57.805288" lon="-4.063357">
        <ele>60.260370</ele>
        <time>2023-07-24T21:28:55.515Z</time>
      </trkpt>
      <trkpt lat="57.805466" lon="-4.063114">
        <ele>59.894607</ele>
        <time>2023-07-24T21:28:58.921Z</time>
      </trkpt>
      <trkpt lat="57.805143" lon="-4.062239">
        <ele>59.198150</ele>
        <time>2023-07-24T21:29:07.857Z</time>
      </trkpt>
      <trkpt lat="57.804784" lon="-4.060993">
        <ele>58.271369</ele>
        <time>2023-07-24T21:29:20.829Z</time>
      </trkpt>
      <trkpt lat="57.805005" lon="-4.060787">
        <ele>57.968361</ele>
        <time>2023-07-24T21:29:25.258Z</time>
      </trkpt>
      <trkpt lat="57.805367" lon="-4.060662">
        <ele>57.481385</ele>
        <time>2023-07-24T21:29:31.765Z</time>
      </trkpt>
      <trkpt lat="57.805407" lon="-4.062142">
        <ele>56.361452</ele>
        <time>2023-07-24T21:29:44.939Z</time>
      </trkpt>
      <trkpt lat="57.805684" lon="-4.062016">
        <ele>55.957170</ele>
        <time>2023-07-24T21:29:49.521Z</time>
      </trkpt>
      <trkpt lat="57.805845" lon="-4.061810">
        <ele>55.680785</ele>
        <time>2023-07-24T21:29:52.643Z</time>
      </trkpt>
      <trkpt lat="57.806210" lon="-4.061344">
        <ele>54.911277</ele>
        <time>2023-07-24T21:29:59.543Z</time>
      </trkpt>
      <trkpt lat="57.806306" lon="-4.061221">
        <ele>54.572688</ele>
        <time>2023-07-24T21:30:01.329Z</time>
      </trkpt>
      <trkpt lat="57.806795" lon="-4.060591">
        <ele>52.844965</ele>
        <time>2023-07-24T21:30:09.941Z</time>
      </trkpt>
      <trkpt lat="57.807044" lon="-4.060396">
        <ele>52.059031</ele>
        <time>2023-07-24T21:30:13.742Z</time>
      </trkpt>
      <trkpt lat="57.807872" lon="-4.059748">
        <ele>49.325975</ele>
        <time>2023-07-24T21:30:26.359Z</time>
      </trkpt>
      <trkpt lat="57.808240" lon="-4.059459">
        <ele>47.888413</ele>
        <time>2023-07-24T21:30:31.957Z</time>
      </trkpt>
      <trkpt lat="57.808391" lon="-4.059342">
        <ele>47.299712</ele>
        <time>2023-07-24T21:30:34.232Z</time>
      </trkpt>
      <trkpt lat="57.809521" lon="-4.057983">
        <ele>42.454702</ele>
        <time>2023-07-24T21:30:52.839Z</time>
      </trkpt>
      <trkpt lat="57.809884" lon="-4.057534">
        <ele>40.874582</ele>
        <time>2023-07-24T21:30:58.750Z</time>
      </trkpt>
      <trkpt lat="57.810379" lon="-4.056924">
        <ele>38.722298</ele>
        <time>2023-07-24T21:31:06.898Z</time>
      </trkpt>
      <trkpt lat="57.810445" lon="-4.056839">
        <ele>38.431371</ele>
        <time>2023-07-24T21:31:08.015Z</time>
      </trkpt>
      <trkpt lat="57.810584" lon="-4.056667">
        <ele>37.826241</ele>
        <time>2023-07-24T21:31:10.350Z</time>
      </trkpt>
      <trkpt lat="57.810897" lon="-4.056280">
        <ele>36.673501</ele>
        <time>2023-07-24T21:31:15.683Z</time>
      </trkpt>
      <trkpt lat="57.811229" lon="-4.055884">
        <ele>35.884128</ele>
        <time>2023-07-24T21:31:21.454Z</time>
      </trkpt>
      <trkpt lat="57.811344" lon="-4.056208">
        <ele>35.467919</ele>
        <time>2023-07-24T21:31:24.579Z</time>
      </trkpt>
      <trkpt lat="57.811941" lon="-4.057555">
        <ele>33.594726</ele>
        <time>2023-07-24T21:31:39.439Z</time>
      </trkpt>
      <trkpt lat="57.811975" lon="-4.057625">
        <ele>33.493458</ele>
        <time>2023-07-24T21:31:40.309Z</time>
      </trkpt>
      <trkpt lat="57.812330" lon="-4.058360">
        <ele>32.622356</ele>
        <time>2023-07-24T21:31:49.625Z</time>
      </trkpt>
      <trkpt lat="57.812854" lon="-4.059309">
        <ele>31.472514</ele>
        <time>2023-07-24T21:32:01.242Z</time>
      </trkpt>
      <trkpt lat="57.812926" lon="-4.059443">
        <ele>31.312402</ele>
        <time>2023-07-24T21:32:02.794Z</time>
      </trkpt>
      <trkpt lat="57.813171" lon="-4.059827">
        <ele>30.808366</ele>
        <time>2023-07-24T21:32:07.712Z</time>
      </trkpt>
      <trkpt lat="57.813245" lon="-4.060105">
        <ele>30.546931</ele>
        <time>2023-07-24T21:32:10.360Z</time>
      </trkpt>
      <trkpt lat="57.813622" lon="-4.059934">
        <ele>29.899215</ele>
        <time>2023-07-24T21:32:16.327Z</time>
      </trkpt>
      <trkpt lat="57.813839" lon="-4.059843">
        <ele>29.525488</ele>
        <time>2023-07-24T21:32:19.712Z</time>
      </trkpt>
      <trkpt lat="57.814110" lon="-4.059711">
        <ele>29.054904</ele>
        <time>2023-07-24T21:32:24.015Z</time>
      </trkpt>
      <trkpt lat="57.814250" lon="-4.060153">
        <ele>28.594496</ele>
        <time>2023-07-24T21:32:28.329Z</time>
      </trkpt>
      <trkpt lat="57.814318" lon="-4.060384">
        <ele>28.358197</ele>
        <time>2023-07-24T21:32:30.523Z</time>
      </trkpt>
      <trkpt lat="57.814784" lon="-4.061903">
        <ele>27.404924</ele>
        <time>2023-07-24T21:32:45.780Z</time>
      </trkpt>
      <trkpt lat="57.815069" lon="-4.062701">
        <ele>27.335937</ele>
        <time>2023-07-24T21:32:56.742Z</time>
      </trkpt>
      <trkpt lat="57.815619" lon="-4.064104">
        <ele>27.227999</ele>
        <time>2023-07-24T21:33:18.752Z</time>
      </trkpt>
      <trkpt lat="57.816377" lon="-4.066038">
        <ele>27.610247</ele>
        <time>2023-07-24T21:33:46.727Z</time>
      </trkpt>
      <trkpt lat="57.816602" lon="-4.066612">
        <ele>27.723700</ele>
        <time>2023-07-24T21:33:55.028Z</time>
      </trkpt>
      <trkpt lat="57.816847" lon="-4.067222">
        <ele>27.866834</ele>
        <time>2023-07-24T21:34:04.248Z</time>
      </trkpt>
      <trkpt lat="57.817169" lon="-4.068022">
        <ele>28.063965</ele>
        <time>2023-07-24T21:34:17.013Z</time>
      </trkpt>
      <trkpt lat="57.817417" lon="-4.068724">
        <ele>28.229569</ele>
        <time>2023-07-24T21:34:27.434Z</time>
      </trkpt>
      <trkpt lat="57.817540" lon="-4.069270">
        <ele>28.346113</ele>
        <time>2023-07-24T21:34:34.273Z</time>
      </trkpt>
      <trkpt lat="57.817562" lon="-4.069896">
        <ele>28.404153</ele>
        <time>2023-07-24T21:34:41.630Z</time>
      </trkpt>
      <trkpt lat="57.817531" lon="-4.070663">
        <ele>28.364809</ele>
        <time>2023-07-24T21:34:50.933Z</time>
      </trkpt>
      <trkpt lat="57.818137" lon="-4.071050">
        <ele>28.303337</ele>
        <time>2023-07-24T21:35:04.635Z</time>
      </trkpt>
      <trkpt lat="57.818899" lon="-4.071750">
        <ele>28.035676</ele>
        <time>2023-07-24T21:35:20.234Z</time>
      </trkpt>
      <trkpt lat="57.819681" lon="-4.072815">
        <ele>27.192905</ele>
        <time>2023-07-24T21:35:36.378Z</time>
      </trkpt>
      <trkpt lat="57.821086" lon="-4.074727">
        <ele>26.372664</ele>
        <time>2023-07-24T21:36:07.938Z</time>
      </trkpt>
      <trkpt lat="57.822233" lon="-4.076301">
        <ele>26.230738</ele>
        <time>2023-07-24T21:36:39.783Z</time>
      </trkpt>
      <trkpt lat="57.822610" lon="-4.076764">
        <ele>26.249703</ele>
        <time>2023-07-24T21:36:49.507Z</time>
      </trkpt>
      <trkpt lat="57.823076" lon="-4.077382">
        <ele>26.273720</ele>
        <time>2023-07-24T21:37:00.997Z</time>
      </trkpt>
      <trkpt lat="57.823900" lon="-4.078098">
        <ele>25.225634</ele>
        <time>2023-07-24T21:37:17.314Z</time>
      </trkpt>
      <trkpt lat="57.824514" lon="-4.078630">
        <ele>24.433098</ele>
        <time>2023-07-24T21:37:28.120Z</time>
      </trkpt>
      <trkpt lat="57.827284" lon="-4.080867">
        <ele>18.403399</ele>
        <time>2023-07-24T21:38:14.100Z</time>
      </trkpt>
      <trkpt lat="57.827758" lon="-4.081468">
        <ele>17.210427</ele>
        <time>2023-07-24T21:38:22.847Z</time>
      </trkpt>
      <trkpt lat="57.828192" lon="-4.082166">
        <ele>16.027370</ele>
        <time>2023-07-24T21:38:31.576Z</time>
      </trkpt>
      <trkpt lat="57.828483" lon="-4.082724">
        <ele>15.170872</ele>
        <time>2023-07-24T21:38:37.918Z</time>
      </trkpt>
      <trkpt lat="57.828735" lon="-4.083335">
        <ele>14.323368</ele>
        <time>2023-07-24T21:38:44.197Z</time>
      </trkpt>
      <trkpt lat="57.829067" lon="-4.084294">
        <ele>13.069017</ele>
        <time>2023-07-24T21:38:53.503Z</time>
      </trkpt>
      <trkpt lat="57.829195" lon="-4.084809">
        <ele>12.589138</ele>
        <time>2023-07-24T21:38:58.163Z</time>
      </trkpt>
      <trkpt lat="57.829591" lon="-4.086690">
        <ele>10.934591</ele>
        <time>2023-07-24T21:39:15.189Z</time>
      </trkpt>
      <trkpt lat="57.830557" lon="-4.092104">
        <ele>8.235038</ele>
        <time>2023-07-24T21:40:07.913Z</time>
      </trkpt>
      <trkpt lat="57.830695" lon="-4.093104">
        <ele>7.977574</ele>
        <time>2023-07-24T21:40:18.566Z</time>
      </trkpt>
      <trkpt lat="57.830794" lon="-4.094069">
        <ele>7.793036</ele>
        <time>2023-07-24T21:40:29.438Z</time>
      </trkpt>
      <trkpt lat="57.830841" lon="-4.095088">
        <ele>8.018704</ele>
        <time>2023-07-24T21:40:41.539Z</time>
      </trkpt>
      <trkpt lat="57.830939" lon="-4.099475">
        <ele>8.988098</ele>
        <time>2023-07-24T21:41:37.395Z</time>
      </trkpt>
      <trkpt lat="57.831011" lon="-4.103197">
        <ele>9.430044</ele>
        <time>2023-07-24T21:42:19.985Z</time>
      </trkpt>
      <trkpt lat="57.830929" lon="-4.105080">
        <ele>9.481040</ele>
        <time>2023-07-24T21:42:41.806Z</time>
      </trkpt>
      <trkpt lat="57.830889" lon="-4.105404">
        <ele>9.478087</ele>
        <time>2023-07-24T21:42:45.666Z</time>
      </trkpt>
      <trkpt lat="57.830846" lon="-4.105569">
        <ele>9.476455</ele>
        <time>2023-07-24T21:42:47.762Z</time>
      </trkpt>
      <trkpt lat="57.830752" lon="-4.105714">
        <ele>9.474427</ele>
        <time>2023-07-24T21:42:50.332Z</time>
      </trkpt>
      <trkpt lat="57.830680" lon="-4.105809">
        <ele>9.472959</ele>
        <time>2023-07-24T21:42:52.184Z</time>
      </trkpt>
      <trkpt lat="57.830628" lon="-4.105942">
        <ele>9.471494</ele>
        <time>2023-07-24T21:42:54.072Z</time>
      </trkpt>
      <trkpt lat="57.830601" lon="-4.106101">
        <ele>9.470012</ele>
        <time>2023-07-24T21:42:55.947Z</time>
      </trkpt>
      <trkpt lat="57.830602" lon="-4.106268">
        <ele>9.468529</ele>
        <time>2023-07-24T21:42:57.793Z</time>
      </trkpt>
      <trkpt lat="57.830632" lon="-4.106425">
        <ele>9.467047</ele>
        <time>2023-07-24T21:42:59.590Z</time>
      </trkpt>
      <trkpt lat="57.830701" lon="-4.106579">
        <ele>9.465260</ele>
        <time>2023-07-24T21:43:01.738Z</time>
      </trkpt>
      <trkpt lat="57.830848" lon="-4.106690">
        <ele>9.462617</ele>
        <time>2023-07-24T21:43:04.870Z</time>
      </trkpt>
      <trkpt lat="57.830937" lon="-4.106677">
        <ele>9.461128</ele>
        <time>2023-07-24T21:43:06.579Z</time>
      </trkpt>
      <trkpt lat="57.831019" lon="-4.106612">
        <ele>9.432850</ele>
        <time>2023-07-24T21:43:08.286Z</time>
      </trkpt>
      <trkpt lat="57.831150" lon="-4.106525">
        <ele>9.297110</ele>
        <time>2023-07-24T21:43:10.906Z</time>
      </trkpt>
      <trkpt lat="57.831357" lon="-4.106573">
        <ele>9.093353</ele>
        <time>2023-07-24T21:43:14.724Z</time>
      </trkpt>
      <trkpt lat="57.831684" lon="-4.106860">
        <ele>8.740745</ele>
        <time>2023-07-24T21:43:21.128Z</time>
      </trkpt>
      <trkpt lat="57.831886" lon="-4.107034">
        <ele>8.523645</ele>
        <time>2023-07-24T21:43:24.949Z</time>
      </trkpt>
      <trkpt lat="57.833333" lon="-4.108394">
        <ele>6.339404</ele>
        <time>2023-07-24T21:43:51.227Z</time>
      </trkpt>
      <trkpt lat="57.834734" lon="-4.109371">
        <ele>3.785922</ele>
        <time>2023-07-24T21:44:14.257Z</time>
      </trkpt>
      <trkpt lat="57.835009" lon="-4.109544">
        <ele>3.317897</ele>
        <time>2023-07-24T21:44:18.727Z</time>
      </trkpt>
      <trkpt lat="57.835320" lon="-4.109661">
        <ele>2.806035</ele>
        <time>2023-07-24T21:44:23.686Z</time>
      </trkpt>
      <trkpt lat="57.836233" lon="-4.109868">
        <ele>1.580073</ele>
        <time>2023-07-24T21:44:38.671Z</time>
      </trkpt>
      <trkpt lat="57.840693" lon="-4.110454">
        <ele>0.535915</ele>
        <time>2023-07-24T21:46:06.785Z</time>
      </trkpt>
      <trkpt lat="57.848948" lon="-4.111433">
        <ele>4.782418</ele>
        <time>2023-07-24T21:49:23.189Z</time>
      </trkpt>
      <trkpt lat="57.851254" lon="-4.111688">
        <ele>6.149989</ele>
        <time>2023-07-24T21:50:21.492Z</time>
      </trkpt>
      <trkpt lat="57.853559" lon="-4.111786">
        <ele>6.548810</ele>
        <time>2023-07-24T21:51:09.212Z</time>
      </trkpt>
      <trkpt lat="57.856614" lon="-4.111737">
        <ele>6.872579</ele>
        <time>2023-07-24T21:52:15.174Z</time>
      </trkpt>
      <trkpt lat="57.859484" lon="-4.111817">
        <ele>7.098809</ele>
        <time>2023-07-24T21:53:15.656Z</time>
      </trkpt>
      <trkpt lat="57.859480" lon="-4.111553">
        <ele>7.123746</ele>
        <time>2023-07-24T21:53:22.732Z</time>
      </trkpt>
      <trkpt lat="57.859518" lon="-4.111358">
        <ele>7.143353</ele>
        <time>2023-07-24T21:53:28.538Z</time>
      </trkpt>
      <trkpt lat="57.860013" lon="-4.110932">
        <ele>7.239974</ele>
        <time>2023-07-24T21:53:57.127Z</time>
      </trkpt>
      <trkpt lat="57.860142" lon="-4.110726">
        <ele>7.270015</ele>
        <time>2023-07-24T21:54:06.018Z</time>
      </trkpt>
      <trkpt lat="57.860487" lon="-4.109648">
        <ele>7.388792</ele>
        <time>2023-07-24T21:54:41.803Z</time>
      </trkpt>
      <trkpt lat="57.860522" lon="-4.109440">
        <ele>7.420629</ele>
        <time>2023-07-24T21:54:48.237Z</time>
      </trkpt>
      <trkpt lat="57.861046" lon="-4.106899">
        <ele>7.978265</ele>
        <time>2023-07-24T21:55:32.613Z</time>
      </trkpt>
      <trkpt lat="57.861227" lon="-4.105901">
        <ele>8.143780</ele>
        <time>2023-07-24T21:55:49.551Z</time>
      </trkpt>
      <trkpt lat="57.861300" lon="-4.105379">
        <ele>8.200054</ele>
        <time>2023-07-24T21:55:58.099Z</time>
      </trkpt>
      <trkpt lat="57.861542" lon="-4.104178">
        <ele>8.333954</ele>
        <time>2023-07-24T21:56:17.865Z</time>
      </trkpt>
      <trkpt lat="57.861649" lon="-4.103815">
        <ele>8.377223</ele>
        <time>2023-07-24T21:56:24.128Z</time>
      </trkpt>
      <trkpt lat="57.862528" lon="-4.100958">
        <ele>8.571186</ele>
        <time>2023-07-24T21:57:15.059Z</time>
      </trkpt>
      <trkpt lat="57.864207" lon="-4.095735">
        <ele>8.494790</ele>
        <time>2023-07-24T21:58:47.832Z</time>
      </trkpt>
      <trkpt lat="57.864516" lon="-4.094671">
        <ele>8.390216</ele>
        <time>2023-07-24T21:59:04.868Z</time>
      </trkpt>
      <trkpt lat="57.864837" lon="-4.093688">
        <ele>8.054515</ele>
        <time>2023-07-24T21:59:20.615Z</time>
      </trkpt>
      <trkpt lat="57.865513" lon="-4.091194">
        <ele>7.176288</ele>
        <time>2023-07-24T21:59:58.107Z</time>
      </trkpt>
      <trkpt lat="57.866278" lon="-4.088680">
        <ele>6.487215</ele>
        <time>2023-07-24T22:00:38.375Z</time>
      </trkpt>
      <trkpt lat="57.867404" lon="-4.085620">
        <ele>6.351852</ele>
        <time>2023-07-24T22:01:33.441Z</time>
      </trkpt>
      <trkpt lat="57.868360" lon="-4.083647">
        <ele>6.908660</ele>
        <time>2023-07-24T22:02:17.046Z</time>
      </trkpt>
      <trkpt lat="57.868801" lon="-4.082643">
        <ele>7.236582</ele>
        <time>2023-07-24T22:02:39.340Z</time>
      </trkpt>
      <trkpt lat="57.869077" lon="-4.081842">
        <ele>7.499276</ele>
        <time>2023-07-24T22:02:55.709Z</time>
      </trkpt>
      <trkpt lat="57.870170" lon="-4.078671">
        <ele>8.122269</ele>
        <time>2023-07-24T22:03:57.048Z</time>
      </trkpt>
      <trkpt lat="57.871360" lon="-4.074934">
        <ele>7.739066</ele>
        <time>2023-07-24T22:04:59.594Z</time>
      </trkpt>
      <trkpt lat="57.872047" lon="-4.072542">
        <ele>7.147032</ele>
        <time>2023-07-24T22:05:36.957Z</time>
      </trkpt>
      <trkpt lat="57.873024" lon="-4.069076">
        <ele>6.568429</ele>
        <time>2023-07-24T22:06:32.689Z</time>
      </trkpt>
      <trkpt lat="57.873108" lon="-4.068701">
        <ele>6.530880</ele>
        <time>2023-07-24T22:06:39.000Z</time>
      </trkpt>
      <trkpt lat="57.873415" lon="-4.067330">
        <ele>6.626297</ele>
        <time>2023-07-24T22:07:02.980Z</time>
      </trkpt>
      <trkpt lat="57.873517" lon="-4.065184">
        <ele>6.709530</ele>
        <time>2023-07-24T22:07:36.086Z</time>
      </trkpt>
      <trkpt lat="57.873610" lon="-4.063288">
        <ele>6.516027</ele>
        <time>2023-07-24T22:08:03.470Z</time>
      </trkpt>
      <trkpt lat="57.873718" lon="-4.061701">
        <ele>6.358253</ele>
        <time>2023-07-24T22:08:25.929Z</time>
      </trkpt>
      <trkpt lat="57.873979" lon="-4.059907">
        <ele>6.189022</ele>
        <time>2023-07-24T22:08:53.133Z</time>
      </trkpt>
      <trkpt lat="57.874212" lon="-4.058701">
        <ele>6.066521</ele>
        <time>2023-07-24T22:09:12.429Z</time>
      </trkpt>
      <trkpt lat="57.874349" lon="-4.057994">
        <ele>5.977835</ele>
        <time>2023-07-24T22:09:23.482Z</time>
      </trkpt>
      <trkpt lat="57.874888" lon="-4.056734">
        <ele>5.787249</ele>
        <time>2023-07-24T22:09:46.719Z</time>
      </trkpt>
      <trkpt lat="57.875445" lon="-4.055718">
        <ele>5.608957</ele>
        <time>2023-07-24T22:10:07.286Z</time>
      </trkpt>
      <trkpt lat="57.875847" lon="-4.054692">
        <ele>5.446583</ele>
        <time>2023-07-24T22:10:25.512Z</time>
      </trkpt>
      <trkpt lat="57.877868" lon="-4.048433">
        <ele>4.769379</ele>
        <time>2023-07-24T22:12:12.025Z</time>
      </trkpt>
      <trkpt lat="57.878918" lon="-4.045716">
        <ele>4.706930</ele>
        <time>2023-07-24T22:13:02.689Z</time>
      </trkpt>
      <trkpt lat="57.879287" lon="-4.044085">
        <ele>4.818667</ele>
        <time>2023-07-24T22:13:29.615Z</time>
      </trkpt>
      <trkpt lat="57.879595" lon="-4.042518">
        <ele>5.037635</ele>
        <time>2023-07-24T22:13:55.370Z</time>
      </trkpt>
      <trkpt lat="57.879993" lon="-4.040212">
        <ele>5.884591</ele>
        <time>2023-07-24T22:14:36.441Z</time>
      </trkpt>
      <trkpt lat="57.880215" lon="-4.038955">
        <ele>6.504399</ele>
        <time>2023-07-24T22:15:00.525Z</time>
      </trkpt>
      <trkpt lat="57.880376" lon="-4.037989">
        <ele>7.030293</ele>
        <time>2023-07-24T22:15:19.388Z</time>
      </trkpt>
      <trkpt lat="57.880606" lon="-4.036569">
        <ele>7.872468</ele>
        <time>2023-07-24T22:15:47.482Z</time>
      </trkpt>
      <trkpt lat="57.880698" lon="-4.036018">
        <ele>8.200123</ele>
        <time>2023-07-24T22:15:58.164Z</time>
      </trkpt>
      <trkpt lat="57.880840" lon="-4.035166">
        <ele>8.683597</ele>
        <time>2023-07-24T22:16:13.535Z</time>
      </trkpt>
      <trkpt lat="57.880906" lon="-4.035051">
        <ele>8.739246</ele>
        <time>2023-07-24T22:16:16.309Z</time>
      </trkpt>
      <trkpt lat="57.881001" lon="-4.034976">
        <ele>8.802974</ele>
        <time>2023-07-24T22:16:19.635Z</time>
      </trkpt>
      <trkpt lat="57.880936" lon="-4.034705">
        <ele>8.900744</ele>
        <time>2023-07-24T22:16:23.048Z</time>
      </trkpt>
      <trkpt lat="57.880561" lon="-4.033058">
        <ele>9.489957</ele>
        <time>2023-07-24T22:16:45.813Z</time>
      </trkpt>
      <trkpt lat="57.880306" lon="-4.031894">
        <ele>9.900012</ele>
        <time>2023-07-24T22:17:03.020Z</time>
      </trkpt>
      <trkpt lat="57.880294" lon="-4.031841">
        <ele>9.918419</ele>
        <time>2023-07-24T22:17:03.771Z</time>
      </trkpt>
      <trkpt lat="57.880100" lon="-4.030964">
        <ele>10.221935</ele>
        <time>2023-07-24T22:17:15.061Z</time>
      </trkpt>
      <trkpt lat="57.880316" lon="-4.030777">
        <ele>10.364838</ele>
        <time>2023-07-24T22:17:20.281Z</time>
      </trkpt>
      <trkpt lat="57.880377" lon="-4.030720">
        <ele>10.405773</ele>
        <time>2023-07-24T22:17:21.618Z</time>
      </trkpt>
      <trkpt lat="57.880615" lon="-4.030551">
        <ele>10.558659</ele>
        <time>2023-07-24T22:17:27.056Z</time>
      </trkpt>
      <trkpt lat="57.880614" lon="-4.029537">
        <ele>10.955516</ele>
        <time>2023-07-24T22:17:40.954Z</time>
      </trkpt>
      <trkpt lat="57.880616" lon="-4.029467">
        <ele>11.021496</ele>
        <time>2023-07-24T22:17:42.003Z</time>
      </trkpt>
      <trkpt lat="57.880620" lon="-4.029014">
        <ele>11.447923</ele>
        <time>2023-07-24T22:17:49.016Z</time>
      </trkpt>
      <trkpt lat="57.880626" lon="-4.028539">
        <ele>11.895124</ele>
        <time>2023-07-24T22:17:56.462Z</time>
      </trkpt>
      <trkpt lat="57.880635" lon="-4.027911">
        <ele>12.486418</ele>
        <time>2023-07-24T22:18:06.303Z</time>
      </trkpt>
      <trkpt lat="57.881158" lon="-4.027925">
        <ele>13.412348</ele>
        <time>2023-07-24T22:18:22.265Z</time>
      </trkpt>
      <trkpt lat="57.882159" lon="-4.027922">
        <ele>15.782964</ele>
        <time>2023-07-24T22:18:58.235Z</time>
      </trkpt>
      <trkpt lat="57.883088" lon="-4.027236">
        <ele>18.465277</ele>
        <time>2023-07-24T22:19:36.577Z</time>
      </trkpt>
      <trkpt lat="57.883238" lon="-4.027095">
        <ele>18.874357</ele>
        <time>2023-07-24T22:19:42.184Z</time>
      </trkpt>
      <trkpt lat="57.883467" lon="-4.026903">
        <ele>19.015778</ele>
        <time>2023-07-24T22:19:50.069Z</time>
      </trkpt>
      <trkpt lat="57.884051" lon="-4.025925">
        <ele>19.456824</ele>
        <time>2023-07-24T22:20:11.339Z</time>
      </trkpt>
      <trkpt lat="57.884350" lon="-4.025834">
        <ele>19.627670</ele>
        <time>2023-07-24T22:20:17.426Z</time>
      </trkpt>
      <trkpt lat="57.884687" lon="-4.026046">
        <ele>19.828106</ele>
        <time>2023-07-24T22:20:23.586Z</time>
      </trkpt>
      <trkpt lat="57.885420" lon="-4.026320">
        <ele>18.425536</ele>
        <time>2023-07-24T22:20:35.490Z</time>
      </trkpt>
      <trkpt lat="57.886082" lon="-4.026317">
        <ele>16.966953</ele>
        <time>2023-07-24T22:20:45.069Z</time>
      </trkpt>
      <trkpt lat="57.886374" lon="-4.026007">
        <ele>16.228204</ele>
        <time>2023-07-24T22:20:49.911Z</time>
      </trkpt>
      <trkpt lat="57.886556" lon="-4.025814">
        <ele>15.790615</ele>
        <time>2023-07-24T22:20:52.891Z</time>
      </trkpt>
      <trkpt lat="57.888173" lon="-4.023446">
        <ele>12.699486</ele>
        <time>2023-07-24T22:21:24.791Z</time>
      </trkpt>
      <trkpt lat="57.889644" lon="-4.020801">
        <ele>14.276632</ele>
        <time>2023-07-24T22:22:19.227Z</time>
      </trkpt>
      <trkpt lat="57.890080" lon="-4.020229">
        <ele>15.187458</ele>
        <time>2023-07-24T22:22:36.033Z</time>
      </trkpt>
      <trkpt lat="57.890648" lon="-4.019584">
        <ele>16.324311</ele>
        <time>2023-07-24T22:22:57.123Z</time>
      </trkpt>
      <trkpt lat="57.891841" lon="-4.018305">
        <ele>19.822473</ele>
        <time>2023-07-24T22:23:43.898Z</time>
      </trkpt>
      <trkpt lat="57.892391" lon="-4.018149">
        <ele>21.335617</ele>
        <time>2023-07-24T22:24:04.645Z</time>
      </trkpt>
      <trkpt lat="57.894433" lon="-4.018082">
        <ele>28.413610</ele>
        <time>2023-07-24T22:25:29.533Z</time>
      </trkpt>
      <trkpt lat="57.895475" lon="-4.018157">
        <ele>31.537480</ele>
        <time>2023-07-24T22:26:09.781Z</time>
      </trkpt>
      <trkpt lat="57.896773" lon="-4.018271">
        <ele>34.183116</ele>
        <time>2023-07-24T22:26:51.689Z</time>
      </trkpt>
      <trkpt lat="57.897225" lon="-4.018353">
        <ele>34.890857</ele>
        <time>2023-07-24T22:27:04.138Z</time>
      </trkpt>
      <trkpt lat="57.897857" lon="-4.018691">
        <ele>35.632554</ele>
        <time>2023-07-24T22:27:21.825Z</time>
      </trkpt>
      <trkpt lat="57.899556" lon="-4.019598">
        <ele>35.355925</ele>
        <time>2023-07-24T22:27:58.071Z</time>
      </trkpt>
      <trkpt lat="57.900418" lon="-4.020064">
        <ele>33.754502</ele>
        <time>2023-07-24T22:28:11.946Z</time>
      </trkpt>
      <trkpt lat="57.900811" lon="-4.020283">
        <ele>33.022649</ele>
        <time>2023-07-24T22:28:18.016Z</time>
      </trkpt>
      <trkpt lat="57.901979" lon="-4.020933">
        <ele>31.559208</ele>
        <time>2023-07-24T22:28:36.520Z</time>
      </trkpt>
      <trkpt lat="57.905289" lon="-4.022777">
        <ele>31.852277</ele>
        <time>2023-07-24T22:29:51.419Z</time>
      </trkpt>
      <trkpt lat="57.905555" lon="-4.022839">
        <ele>32.172859</ele>
        <time>2023-07-24T22:29:58.821Z</time>
      </trkpt>
      <trkpt lat="57.906513" lon="-4.022709">
        <ele>33.636386</ele>
        <time>2023-07-24T22:30:29.105Z</time>
      </trkpt>
      <trkpt lat="57.907038" lon="-4.022632">
        <ele>35.313378</ele>
        <time>2023-07-24T22:30:48.329Z</time>
      </trkpt>
      <trkpt lat="57.908679" lon="-4.022668">
        <ele>40.539248</ele>
        <time>2023-07-24T22:31:56.206Z</time>
      </trkpt>
      <trkpt lat="57.909542" lon="-4.022785">
        <ele>43.293972</ele>
        <time>2023-07-24T22:32:30.589Z</time>
      </trkpt>
      <trkpt lat="57.910141" lon="-4.022932">
        <ele>44.888787</ele>
        <time>2023-07-24T22:32:52.140Z</time>
      </trkpt>
      <trkpt lat="57.912494" lon="-4.023827">
        <ele>47.620605</ele>
        <time>2023-07-24T22:33:58.370Z</time>
      </trkpt>
      <trkpt lat="57.913634" lon="-4.024190">
        <ele>47.785183</ele>
        <time>2023-07-24T22:34:21.383Z</time>
      </trkpt>
      <trkpt lat="57.914096" lon="-4.024246">
        <ele>47.201782</ele>
        <time>2023-07-24T22:34:29.288Z</time>
      </trkpt>
      <trkpt lat="57.914709" lon="-4.024256">
        <ele>46.429273</ele>
        <time>2023-07-24T22:34:39.362Z</time>
      </trkpt>
      <trkpt lat="57.915015" lon="-4.024221">
        <ele>46.042951</ele>
        <time>2023-07-24T22:34:44.253Z</time>
      </trkpt>
      <trkpt lat="57.915582" lon="-4.024005">
        <ele>44.926842</ele>
        <time>2023-07-24T22:34:53.191Z</time>
      </trkpt>
      <trkpt lat="57.916306" lon="-4.024274">
        <ele>43.103710</ele>
        <time>2023-07-24T22:35:04.211Z</time>
      </trkpt>
      <trkpt lat="57.917141" lon="-4.024289">
        <ele>40.961410</ele>
        <time>2023-07-24T22:35:16.334Z</time>
      </trkpt>
      <trkpt lat="57.918010" lon="-4.024357">
        <ele>38.080097</ele>
        <time>2023-07-24T22:35:28.651Z</time>
      </trkpt>
      <trkpt lat="57.918738" lon="-4.024480">
        <ele>35.658684</ele>
        <time>2023-07-24T22:35:38.893Z</time>
      </trkpt>
      <trkpt lat="57.918859" lon="-4.024501">
        <ele>35.240996</ele>
        <time>2023-07-24T22:35:40.584Z</time>
      </trkpt>
      <trkpt lat="57.919384" lon="-4.024604">
        <ele>33.042156</ele>
        <time>2023-07-24T22:35:47.870Z</time>
      </trkpt>
      <trkpt lat="57.919907" lon="-4.024444">
        <ele>30.834916</ele>
        <time>2023-07-24T22:35:55.132Z</time>
      </trkpt>
      <trkpt lat="57.921430" lon="-4.023956">
        <ele>23.666279</ele>
        <time>2023-07-24T22:36:15.735Z</time>
      </trkpt>
      <trkpt lat="57.923350" lon="-4.023185">
        <ele>14.464235</ele>
        <time>2023-07-24T22:36:41.367Z</time>
      </trkpt>
      <trkpt lat="57.925128" lon="-4.022793">
        <ele>9.063161</ele>
        <time>2023-07-24T22:37:06.946Z</time>
      </trkpt>
      <trkpt lat="57.925286" lon="-4.023100">
        <ele>8.624032</ele>
        <time>2023-07-24T22:37:10.768Z</time>
      </trkpt>
      <trkpt lat="57.925724" lon="-4.024720">
        <ele>7.482910</ele>
        <time>2023-07-24T22:37:28.592Z</time>
      </trkpt>
      <trkpt lat="57.926388" lon="-4.027515">
        <ele>7.507048</ele>
        <time>2023-07-24T22:38:04.536Z</time>
      </trkpt>
      <trkpt lat="57.926437" lon="-4.028028">
        <ele>7.499986</ele>
        <time>2023-07-24T22:38:10.342Z</time>
      </trkpt>
      <trkpt lat="57.926633" lon="-4.031478">
        <ele>7.593775</ele>
        <time>2023-07-24T22:38:47.444Z</time>
      </trkpt>
      <trkpt lat="57.926446" lon="-4.032808">
        <ele>7.773211</ele>
        <time>2023-07-24T22:39:03.217Z</time>
      </trkpt>
      <trkpt lat="57.926417" lon="-4.033199">
        <ele>7.824700</ele>
        <time>2023-07-24T22:39:08.016Z</time>
      </trkpt>
      <trkpt lat="57.926470" lon="-4.033514">
        <ele>7.867796</ele>
        <time>2023-07-24T22:39:12.291Z</time>
      </trkpt>
      <trkpt lat="57.926600" lon="-4.033826">
        <ele>7.952687</ele>
        <time>2023-07-24T22:39:17.390Z</time>
      </trkpt>
      <trkpt lat="57.928110" lon="-4.036828">
        <ele>9.549832</ele>
        <time>2023-07-24T22:40:16.378Z</time>
      </trkpt>
      <trkpt lat="57.929322" lon="-4.038981">
        <ele>8.859046</ele>
        <time>2023-07-24T22:40:46.972Z</time>
      </trkpt>
      <trkpt lat="57.929676" lon="-4.039383">
        <ele>8.228589</ele>
        <time>2023-07-24T22:40:53.334Z</time>
      </trkpt>
      <trkpt lat="57.930463" lon="-4.038959">
        <ele>6.980145</ele>
        <time>2023-07-24T22:41:06.048Z</time>
      </trkpt>
      <trkpt lat="57.930607" lon="-4.039013">
        <ele>6.756211</ele>
        <time>2023-07-24T22:41:08.365Z</time>
      </trkpt>
      <trkpt lat="57.930721" lon="-4.039123">
        <ele>6.581269</ele>
        <time>2023-07-24T22:41:10.416Z</time>
      </trkpt>
      <trkpt lat="57.930839" lon="-4.039487">
        <ele>6.471252</ele>
        <time>2023-07-24T22:41:13.988Z</time>
      </trkpt>
      <trkpt lat="57.930985" lon="-4.040088">
        <ele>6.300760</ele>
        <time>2023-07-24T22:41:19.804Z</time>
      </trkpt>
      <trkpt lat="57.931463" lon="-4.041359">
        <ele>5.898976</ele>
        <time>2023-07-24T22:41:35.998Z</time>
      </trkpt>
      <trkpt lat="57.932215" lon="-4.043495">
        <ele>6.259534</ele>
        <time>2023-07-24T22:42:08.906Z</time>
      </trkpt>
      <trkpt lat="57.933013" lon="-4.045091">
        <ele>6.844768</ele>
        <time>2023-07-24T22:42:36.467Z</time>
      </trkpt>
      <trkpt lat="57.933258" lon="-4.045989">
        <ele>7.055418</ele>
        <time>2023-07-24T22:42:48.525Z</time>
      </trkpt>
      <trkpt lat="57.933481" lon="-4.047152">
        <ele>7.313405</ele>
        <time>2023-07-24T22:43:03.309Z</time>
      </trkpt>
      <trkpt lat="57.933920" lon="-4.048854">
        <ele>7.797842</ele>
        <time>2023-07-24T22:43:26.829Z</time>
      </trkpt>
      <trkpt lat="57.934285" lon="-4.050923">
        <ele>8.397117</ele>
        <time>2023-07-24T22:43:54.309Z</time>
      </trkpt>
      <trkpt lat="57.934516" lon="-4.052077">
        <ele>8.768954</ele>
        <time>2023-07-24T22:44:10.493Z</time>
      </trkpt>
      <trkpt lat="57.934583" lon="-4.053284">
        <ele>9.134841</ele>
        <time>2023-07-24T22:44:25.982Z</time>
      </trkpt>
      <trkpt lat="57.934791" lon="-4.054558">
        <ele>9.520300</ele>
        <time>2023-07-24T22:44:42.490Z</time>
      </trkpt>
      <trkpt lat="57.935145" lon="-4.055980">
        <ele>9.950635</ele>
        <time>2023-07-24T22:45:01.778Z</time>
      </trkpt>
      <trkpt lat="57.935684" lon="-4.059000">
        <ele>11.145468</ele>
        <time>2023-07-24T22:45:42.429Z</time>
      </trkpt>
      <trkpt lat="57.935946" lon="-4.061072">
        <ele>12.169136</ele>
        <time>2023-07-24T22:46:13.337Z</time>
      </trkpt>
      <trkpt lat="57.936356" lon="-4.064737">
        <ele>13.267302</ele>
        <time>2023-07-24T22:47:06.936Z</time>
      </trkpt>
      <trkpt lat="57.936602" lon="-4.068562">
        <ele>10.473911</ele>
        <time>2023-07-24T22:47:39.451Z</time>
      </trkpt>
      <trkpt lat="57.936661" lon="-4.068950">
        <ele>9.979539</ele>
        <time>2023-07-24T22:47:42.500Z</time>
      </trkpt>
      <trkpt lat="57.937156" lon="-4.069562">
        <ele>8.613349</ele>
        <time>2023-07-24T22:47:51.007Z</time>
      </trkpt>
      <trkpt lat="57.937360" lon="-4.069924">
        <ele>8.021835</ele>
        <time>2023-07-24T22:47:55.077Z</time>
      </trkpt>
      <trkpt lat="57.938034" lon="-4.071657">
        <ele>6.021244</ele>
        <time>2023-07-24T22:48:12.074Z</time>
      </trkpt>
      <trkpt lat="57.938199" lon="-4.071999">
        <ele>5.590887</ele>
        <time>2023-07-24T22:48:16.485Z</time>
      </trkpt>
      <trkpt lat="57.938804" lon="-4.072474">
        <ele>5.059780</ele>
        <time>2023-07-24T22:48:29.990Z</time>
      </trkpt>
      <trkpt lat="57.940638" lon="-4.073529">
        <ele>5.287255</ele>
        <time>2023-07-24T22:49:11.543Z</time>
      </trkpt>
      <trkpt lat="57.941446" lon="-4.074189">
        <ele>5.572881</ele>
        <time>2023-07-24T22:49:31.370Z</time>
      </trkpt>
      <trkpt lat="57.942746" lon="-4.075575">
        <ele>6.637777</ele>
        <time>2023-07-24T22:50:06.304Z</time>
      </trkpt>
      <trkpt lat="57.943730" lon="-4.076335">
        <ele>7.979359</ele>
        <time>2023-07-24T22:50:35.949Z</time>
      </trkpt>
      <trkpt lat="57.944417" lon="-4.078054">
        <ele>10.508113</ele>
        <time>2023-07-24T22:51:14.793Z</time>
      </trkpt>
      <trkpt lat="57.944575" lon="-4.078535">
        <ele>11.172858</ele>
        <time>2023-07-24T22:51:26.199Z</time>
      </trkpt>
      <trkpt lat="57.945603" lon="-4.082172">
        <ele>15.332774</ele>
        <time>2023-07-24T22:52:42.640Z</time>
      </trkpt>
      <trkpt lat="57.945954" lon="-4.083242">
        <ele>14.857393</ele>
        <time>2023-07-24T22:52:54.434Z</time>
      </trkpt>
      <trkpt lat="57.946158" lon="-4.083621">
        <ele>14.653392</ele>
        <time>2023-07-24T22:52:58.862Z</time>
      </trkpt>
      <trkpt lat="57.946383" lon="-4.083926">
        <ele>14.456020</ele>
        <time>2023-07-24T22:53:03.026Z</time>
      </trkpt>
      <trkpt lat="57.946805" lon="-4.084224">
        <ele>13.829381</ele>
        <time>2023-07-24T22:53:09.586Z</time>
      </trkpt>
      <trkpt lat="57.947219" lon="-4.084323">
        <ele>12.944298</ele>
        <time>2023-07-24T22:53:15.651Z</time>
      </trkpt>
      <trkpt lat="57.947500" lon="-4.084333">
        <ele>12.348227</ele>
        <time>2023-07-24T22:53:19.778Z</time>
      </trkpt>
      <trkpt lat="57.947939" lon="-4.084348">
        <ele>11.417012</ele>
        <time>2023-07-24T22:53:26.459Z</time>
      </trkpt>
      <trkpt lat="57.949560" lon="-4.084168">
        <ele>8.833516</ele>
        <time>2023-07-24T22:53:53.837Z</time>
      </trkpt>
      <trkpt lat="57.949899" lon="-4.084050">
        <ele>8.353822</ele>
        <time>2023-07-24T22:53:59.431Z</time>
      </trkpt>
      <trkpt lat="57.950280" lon="-4.083760">
        <ele>7.714419</ele>
        <time>2023-07-24T22:54:05.770Z</time>
      </trkpt>
      <trkpt lat="57.950528" lon="-4.083487">
        <ele>7.172589</ele>
        <time>2023-07-24T22:54:10.155Z</time>
      </trkpt>
      <trkpt lat="57.950746" lon="-4.083200">
        <ele>6.670911</ele>
        <time>2023-07-24T22:54:14.176Z</time>
      </trkpt>
      <trkpt lat="57.951196" lon="-4.082455">
        <ele>5.540914</ele>
        <time>2023-07-24T22:54:23.169Z</time>
      </trkpt>
      <trkpt lat="57.951399" lon="-4.082092">
        <ele>5.012986</ele>
        <time>2023-07-24T22:54:27.388Z</time>
      </trkpt>
      <trkpt lat="57.954413" lon="-4.075356">
        <ele>1.030379</ele>
        <time>2023-07-24T22:55:48.479Z</time>
      </trkpt>
      <trkpt lat="57.954901" lon="-4.074187">
        <ele>0.907522</ele>
        <time>2023-07-24T22:56:04.355Z</time>
      </trkpt>
      <trkpt lat="57.955533" lon="-4.072340">
        <ele>4.907212</ele>
        <time>2023-07-24T22:56:40.160Z</time>
      </trkpt>
      <trkpt lat="57.956010" lon="-4.070950">
        <ele>8.925411</ele>
        <time>2023-07-24T22:57:28.921Z</time>
      </trkpt>
      <trkpt lat="57.956430" lon="-4.069615">
        <ele>17.100347</ele>
        <time>2023-07-24T22:58:34.298Z</time>
      </trkpt>
      <trkpt lat="57.957298" lon="-4.067061">
        <ele>29.756260</ele>
        <time>2023-07-24T23:00:44.849Z</time>
      </trkpt>
      <trkpt lat="57.957343" lon="-4.066933">
        <ele>30.188612</ele>
        <time>2023-07-24T23:00:49.696Z</time>
      </trkpt>
      <trkpt lat="57.957381" lon="-4.066823">
        <ele>30.558207</ele>
        <time>2023-07-24T23:00:53.872Z</time>
      </trkpt>
      <trkpt lat="57.958608" lon="-4.063173">
        <ele>34.884188</ele>
        <time>2023-07-24T23:01:51.099Z</time>
      </trkpt>
      <trkpt lat="57.958894" lon="-4.062178">
        <ele>34.092363</ele>
        <time>2023-07-24T23:01:59.493Z</time>
      </trkpt>
      <trkpt lat="57.961176" lon="-4.052321">
        <ele>14.076387</ele>
        <time>2023-07-24T23:03:18.457Z</time>
      </trkpt>
      <trkpt lat="57.961236" lon="-4.051750">
        <ele>13.450833</ele>
        <time>2023-07-24T23:03:23.107Z</time>
      </trkpt>
      <trkpt lat="57.961262" lon="-4.051138">
        <ele>12.791034</ele>
        <time>2023-07-24T23:03:28.125Z</time>
      </trkpt>
      <trkpt lat="57.961187" lon="-4.043627">
        <ele>9.105750</ele>
        <time>2023-07-24T23:04:39.097Z</time>
      </trkpt>
      <trkpt lat="57.961183" lon="-4.039473">
        <ele>8.641567</ele>
        <time>2023-07-24T23:05:23.260Z</time>
      </trkpt>
      <trkpt lat="57.961186" lon="-4.038914">
        <ele>8.643858</ele>
        <time>2023-07-24T23:05:29.263Z</time>
      </trkpt>
      <trkpt lat="57.961261" lon="-4.034093">
        <ele>8.890553</ele>
        <time>2023-07-24T23:06:22.855Z</time>
      </trkpt>
      <trkpt lat="57.961310" lon="-4.032962">
        <ele>9.012965</ele>
        <time>2023-07-24T23:06:37.296Z</time>
      </trkpt>
      <trkpt lat="57.961367" lon="-4.031934">
        <ele>9.086262</ele>
        <time>2023-07-24T23:06:50.160Z</time>
      </trkpt>
      <trkpt lat="57.961515" lon="-4.030190">
        <ele>9.206836</ele>
        <time>2023-07-24T23:07:10.342Z</time>
      </trkpt>
      <trkpt lat="57.961720" lon="-4.028468">
        <ele>9.096852</ele>
        <time>2023-07-24T23:07:28.332Z</time>
      </trkpt>
      <trkpt lat="57.961812" lon="-4.027915">
        <ele>9.015545</ele>
        <time>2023-07-24T23:07:34.087Z</time>
      </trkpt>
      <trkpt lat="57.961988" lon="-4.026864">
        <ele>8.860928</ele>
        <time>2023-07-24T23:07:45.107Z</time>
      </trkpt>
      <trkpt lat="57.962378" lon="-4.025405">
        <ele>9.144536</ele>
        <time>2023-07-24T23:08:03.069Z</time>
      </trkpt>
      <trkpt lat="57.964700" lon="-4.017843">
        <ele>12.306492</ele>
        <time>2023-07-24T23:10:00.283Z</time>
      </trkpt>
      <trkpt lat="57.964875" lon="-4.017240">
        <ele>12.448365</ele>
        <time>2023-07-24T23:10:08.635Z</time>
      </trkpt>
      <trkpt lat="57.964897" lon="-4.017166">
        <ele>12.445994</ele>
        <time>2023-07-24T23:10:09.674Z</time>
      </trkpt>
      <trkpt lat="57.965889" lon="-4.012144">
        <ele>12.430374</ele>
        <time>2023-07-24T23:11:05.811Z</time>
      </trkpt>
      <trkpt lat="57.966982" lon="-4.006200">
        <ele>13.842225</ele>
        <time>2023-07-24T23:12:26.546Z</time>
      </trkpt>
      <trkpt lat="57.967184" lon="-4.005275">
        <ele>14.020449</ele>
        <time>2023-07-24T23:12:37.438Z</time>
      </trkpt>
      <trkpt lat="57.967505" lon="-4.004074">
        <ele>14.164007</ele>
        <time>2023-07-24T23:12:52.033Z</time>
      </trkpt>
      <trkpt lat="57.967827" lon="-4.002967">
        <ele>14.237133</ele>
        <time>2023-07-24T23:13:07.066Z</time>
      </trkpt>
      <trkpt lat="57.968022" lon="-4.002381">
        <ele>14.277200</ele>
        <time>2023-07-24T23:13:14.541Z</time>
      </trkpt>
      <trkpt lat="57.968514" lon="-4.000758">
        <ele>14.778164</ele>
        <time>2023-07-24T23:13:35.543Z</time>
      </trkpt>
      <trkpt lat="57.968927" lon="-3.999092">
        <ele>15.471139</ele>
        <time>2023-07-24T23:14:01.043Z</time>
      </trkpt>
      <trkpt lat="57.969203" lon="-3.997982">
        <ele>16.123364</ele>
        <time>2023-07-24T23:14:19.781Z</time>
      </trkpt>
      <trkpt lat="57.969269" lon="-3.997714">
        <ele>16.296825</ele>
        <time>2023-07-24T23:14:24.049Z</time>
      </trkpt>
      <trkpt lat="57.969451" lon="-3.997451">
        <ele>16.550631</ele>
        <time>2023-07-24T23:14:32.992Z</time>
      </trkpt>
      <trkpt lat="57.969653" lon="-3.997311">
        <ele>16.788841</ele>
        <time>2023-07-24T23:14:40.168Z</time>
      </trkpt>
      <trkpt lat="57.969759" lon="-3.997306">
        <ele>16.906203</ele>
        <time>2023-07-24T23:14:44.283Z</time>
      </trkpt>
      <trkpt lat="57.970472" lon="-3.995838">
        <ele>17.304987</ele>
        <time>2023-07-24T23:15:18.281Z</time>
      </trkpt>
      <trkpt lat="57.970520" lon="-3.995754">
        <ele>17.264035</ele>
        <time>2023-07-24T23:15:20.414Z</time>
      </trkpt>
      <trkpt lat="57.970495" lon="-3.995622">
        <ele>17.217551</ele>
        <time>2023-07-24T23:15:22.253Z</time>
      </trkpt>
      <trkpt lat="57.970672" lon="-3.995133">
        <ele>17.021207</ele>
        <time>2023-07-24T23:15:31.007Z</time>
      </trkpt>
      <trkpt lat="57.970756" lon="-3.994453">
        <ele>16.789654</ele>
        <time>2023-07-24T23:15:39.786Z</time>
      </trkpt>
      <trkpt lat="57.970856" lon="-3.994011">
        <ele>16.630288</ele>
        <time>2023-07-24T23:15:45.661Z</time>
      </trkpt>
      <trkpt lat="57.971010" lon="-3.993402">
        <ele>16.314629</ele>
        <time>2023-07-24T23:15:53.724Z</time>
      </trkpt>
      <trkpt lat="57.971061" lon="-3.993082">
        <ele>16.006429</ele>
        <time>2023-07-24T23:15:57.416Z</time>
      </trkpt>
      <trkpt lat="57.971089" lon="-3.992777">
        <ele>15.720920</ele>
        <time>2023-07-24T23:16:00.946Z</time>
      </trkpt>
      <trkpt lat="57.971124" lon="-3.991635">
        <ele>14.665809</ele>
        <time>2023-07-24T23:16:14.202Z</time>
      </trkpt>
      <trkpt lat="57.971259" lon="-3.990716">
        <ele>13.786231</ele>
        <time>2023-07-24T23:16:26.122Z</time>
      </trkpt>
      <trkpt lat="57.971194" lon="-3.990558">
        <ele>13.601790</ele>
        <time>2023-07-24T23:16:28.594Z</time>
      </trkpt>
      <trkpt lat="57.971066" lon="-3.990433">
        <ele>13.351087</ele>
        <time>2023-07-24T23:16:31.847Z</time>
      </trkpt>
      <trkpt lat="57.971125" lon="-3.990159">
        <ele>13.169734</ele>
        <time>2023-07-24T23:16:34.563Z</time>
      </trkpt>
      <trkpt lat="57.971248" lon="-3.989597">
        <ele>12.812687</ele>
        <time>2023-07-24T23:16:39.998Z</time>
      </trkpt>
      <trkpt lat="57.971358" lon="-3.989098">
        <ele>12.495332</ele>
        <time>2023-07-24T23:16:44.821Z</time>
      </trkpt>
      <trkpt lat="57.971435" lon="-3.988748">
        <ele>12.272804</ele>
        <time>2023-07-24T23:16:48.345Z</time>
      </trkpt>
      <trkpt lat="57.971599" lon="-3.988143">
        <ele>11.873785</ele>
        <time>2023-07-24T23:16:54.439Z</time>
      </trkpt>
      <trkpt lat="57.971843" lon="-3.987056">
        <ele>11.188234</ele>
        <time>2023-07-24T23:17:05.016Z</time>
      </trkpt>
      <trkpt lat="57.971936" lon="-3.986625">
        <ele>10.928206</ele>
        <time>2023-07-24T23:17:09.215Z</time>
      </trkpt>
      <trkpt lat="57.972180" lon="-3.985538">
        <ele>10.268588</ele>
        <time>2023-07-24T23:17:19.459Z</time>
      </trkpt>
      <trkpt lat="57.972419" lon="-3.984533">
        <ele>9.653090</ele>
        <time>2023-07-24T23:17:29.554Z</time>
      </trkpt>
      <trkpt lat="57.972484" lon="-3.984201">
        <ele>9.455322</ele>
        <time>2023-07-24T23:17:32.865Z</time>
      </trkpt>
      <trkpt lat="57.972521" lon="-3.983927">
        <ele>9.425843</ele>
        <time>2023-07-24T23:17:35.549Z</time>
      </trkpt>
      <trkpt lat="57.972517" lon="-3.983659">
        <ele>9.408245</ele>
        <time>2023-07-24T23:17:38.063Z</time>
      </trkpt>
      <trkpt lat="57.972686" lon="-3.983605">
        <ele>9.387030</ele>
        <time>2023-07-24T23:17:41.281Z</time>
      </trkpt>
      <trkpt lat="57.973002" lon="-3.983155">
        <ele>9.338019</ele>
        <time>2023-07-24T23:17:48.714Z</time>
      </trkpt>
      <trkpt lat="57.974382" lon="-3.981031">
        <ele>9.498602</ele>
        <time>2023-07-24T23:18:28.734Z</time>
      </trkpt>
      <trkpt lat="57.974547" lon="-3.980644">
        <ele>9.586838</ele>
        <time>2023-07-24T23:18:34.905Z</time>
      </trkpt>
      <trkpt lat="57.975040" lon="-3.979378">
        <ele>9.833010</ele>
        <time>2023-07-24T23:18:54.000Z</time>
      </trkpt>
      <trkpt lat="57.975282" lon="-3.978535">
        <ele>9.872682</ele>
        <time>2023-07-24T23:19:04.939Z</time>
      </trkpt>
      <trkpt lat="57.975362" lon="-3.978221">
        <ele>9.887099</ele>
        <time>2023-07-24T23:19:08.905Z</time>
      </trkpt>
      <trkpt lat="57.975732" lon="-3.976329">
        <ele>9.915790</ele>
        <time>2023-07-24T23:19:31.651Z</time>
      </trkpt>
      <trkpt lat="57.976198" lon="-3.975066">
        <ele>9.492950</ele>
        <time>2023-07-24T23:19:46.367Z</time>
      </trkpt>
      <trkpt lat="57.976351" lon="-3.974372">
        <ele>9.286406</ele>
        <time>2023-07-24T23:19:53.408Z</time>
      </trkpt>
      <trkpt lat="57.976493" lon="-3.973212">
        <ele>9.017704</ele>
        <time>2023-07-24T23:20:05.120Z</time>
      </trkpt>
      <trkpt lat="57.976525" lon="-3.972271">
        <ele>8.968969</ele>
        <time>2023-07-24T23:20:14.750Z</time>
      </trkpt>
      <trkpt lat="57.976487" lon="-3.971776">
        <ele>8.943118</ele>
        <time>2023-07-24T23:20:20.005Z</time>
      </trkpt>
      <trkpt lat="57.976466" lon="-3.971505">
        <ele>8.928963</ele>
        <time>2023-07-24T23:20:23.026Z</time>
      </trkpt>
      <trkpt lat="57.976415" lon="-3.971233">
        <ele>8.914052</ele>
        <time>2023-07-24T23:20:26.235Z</time>
      </trkpt>
      <trkpt lat="57.976259" lon="-3.970397">
        <ele>8.868246</ele>
        <time>2023-07-24T23:20:36.276Z</time>
      </trkpt>
      <trkpt lat="57.976159" lon="-3.968479">
        <ele>9.588138</ele>
        <time>2023-07-24T23:20:59.467Z</time>
      </trkpt>
      <trkpt lat="57.975991" lon="-3.967720">
        <ele>9.944682</ele>
        <time>2023-07-24T23:21:10.967Z</time>
      </trkpt>
      <trkpt lat="57.975858" lon="-3.967464">
        <ele>10.100046</ele>
        <time>2023-07-24T23:21:16.329Z</time>
      </trkpt>
      <trkpt lat="57.975724" lon="-3.967373">
        <ele>10.216479</ele>
        <time>2023-07-24T23:21:20.217Z</time>
      </trkpt>
      <trkpt lat="57.975761" lon="-3.966638">
        <ele>10.995980</ele>
        <time>2023-07-24T23:21:31.765Z</time>
      </trkpt>
      <trkpt lat="57.975832" lon="-3.966322">
        <ele>11.469956</ele>
        <time>2023-07-24T23:21:37.329Z</time>
      </trkpt>
      <trkpt lat="57.975906" lon="-3.966171">
        <ele>11.753915</ele>
        <time>2023-07-24T23:21:40.604Z</time>
      </trkpt>
      <trkpt lat="57.977454" lon="-3.964723">
        <ele>17.084402</ele>
        <time>2023-07-24T23:22:45.913Z</time>
      </trkpt>
      <trkpt lat="57.978054" lon="-3.964052">
        <ele>20.113988</ele>
        <time>2023-07-24T23:23:18.242Z</time>
      </trkpt>
      <trkpt lat="57.978356" lon="-3.963636">
        <ele>21.738218</ele>
        <time>2023-07-24T23:23:36.651Z</time>
      </trkpt>
      <trkpt lat="57.978544" lon="-3.963377">
        <ele>22.749370</ele>
        <time>2023-07-24T23:23:48.428Z</time>
      </trkpt>
      <trkpt lat="57.978636" lon="-3.963233">
        <ele>23.389669</ele>
        <time>2023-07-24T23:23:54.298Z</time>
      </trkpt>
      <trkpt lat="57.978796" lon="-3.962756">
        <ele>25.042152</ele>
        <time>2023-07-24T23:24:09.449Z</time>
      </trkpt>
      <trkpt lat="57.978917" lon="-3.962138">
        <ele>26.970868</ele>
        <time>2023-07-24T23:24:27.189Z</time>
      </trkpt>
      <trkpt lat="57.979131" lon="-3.960995">
        <ele>30.519677</ele>
        <time>2023-07-24T23:25:00.931Z</time>
      </trkpt>
      <trkpt lat="57.979268" lon="-3.960249">
        <ele>32.818713</ele>
        <time>2023-07-24T23:25:24.181Z</time>
      </trkpt>
      <trkpt lat="57.979502" lon="-3.958978">
        <ele>36.131889</ele>
        <time>2023-07-24T23:26:00.413Z</time>
      </trkpt>
      <trkpt lat="57.979717" lon="-3.958308">
        <ele>38.060401</ele>
        <time>2023-07-24T23:26:19.117Z</time>
      </trkpt>
      <trkpt lat="57.979846" lon="-3.958004">
        <ele>39.019223</ele>
        <time>2023-07-24T23:26:28.081Z</time>
      </trkpt>
      <trkpt lat="57.980136" lon="-3.957550">
        <ele>40.769608</ele>
        <time>2023-07-24T23:26:44.059Z</time>
      </trkpt>
      <trkpt lat="57.980466" lon="-3.957218">
        <ele>41.940089</ele>
        <time>2023-07-24T23:26:59.480Z</time>
      </trkpt>
      <trkpt lat="57.980885" lon="-3.956981">
        <ele>43.149238</ele>
        <time>2023-07-24T23:27:17.008Z</time>
      </trkpt>
      <trkpt lat="57.981118" lon="-3.956920">
        <ele>43.799465</ele>
        <time>2023-07-24T23:27:25.798Z</time>
      </trkpt>
      <trkpt lat="57.981778" lon="-3.956891">
        <ele>45.624311</ele>
        <time>2023-07-24T23:27:47.896Z</time>
      </trkpt>
      <trkpt lat="57.982107" lon="-3.956901">
        <ele>46.210325</ele>
        <time>2023-07-24T23:27:57.645Z</time>
      </trkpt>
      <trkpt lat="57.982449" lon="-3.956825">
        <ele>46.485317</ele>
        <time>2023-07-24T23:28:07.214Z</time>
      </trkpt>
      <trkpt lat="57.982798" lon="-3.956603">
        <ele>46.779431</ele>
        <time>2023-07-24T23:28:17.030Z</time>
      </trkpt>
      <trkpt lat="57.983058" lon="-3.956275">
        <ele>47.029211</ele>
        <time>2023-07-24T23:28:24.834Z</time>
      </trkpt>
      <trkpt lat="57.983467" lon="-3.955372">
        <ele>47.521431</ele>
        <time>2023-07-24T23:28:38.554Z</time>
      </trkpt>
      <trkpt lat="57.984348" lon="-3.953483">
        <ele>47.916145</ele>
        <time>2023-07-24T23:29:03.033Z</time>
      </trkpt>
      <trkpt lat="57.984632" lon="-3.952569">
        <ele>48.575286</ele>
        <time>2023-07-24T23:29:19.584Z</time>
      </trkpt>
      <trkpt lat="57.984828" lon="-3.951486">
        <ele>51.291067</ele>
        <time>2023-07-24T23:29:43.181Z</time>
      </trkpt>
      <trkpt lat="57.986618" lon="-3.952437">
        <ele>61.675534</ele>
        <time>2023-07-24T23:31:36.949Z</time>
      </trkpt>
      <trkpt lat="57.986586" lon="-3.952872">
        <ele>63.328141</ele>
        <time>2023-07-24T23:31:52.421Z</time>
      </trkpt>
      <trkpt lat="57.986594" lon="-3.953284">
        <ele>64.879552</ele>
        <time>2023-07-24T23:32:08.255Z</time>
      </trkpt>
      <trkpt lat="57.986656" lon="-3.953391">
        <ele>65.476056</ele>
        <time>2023-07-24T23:32:14.171Z</time>
      </trkpt>
      <trkpt lat="57.987179" lon="-3.953619">
        <ele>69.481401</ele>
        <time>2023-07-24T23:32:54.926Z</time>
      </trkpt>
      <trkpt lat="57.987226" lon="-3.953639">
        <ele>69.982289</ele>
        <time>2023-07-24T23:32:58.587Z</time>
      </trkpt>
      <trkpt lat="57.987753" lon="-3.953869">
        <ele>75.605677</ele>
        <time>2023-07-24T23:33:41.329Z</time>
      </trkpt>
      <trkpt lat="57.989319" lon="-3.954533">
        <ele>92.628219</ele>
        <time>2023-07-24T23:36:09.359Z</time>
      </trkpt>
      <trkpt lat="57.989444" lon="-3.954662">
        <ele>94.214835</ele>
        <time>2023-07-24T23:36:22.944Z</time>
      </trkpt>
      <trkpt lat="57.989574" lon="-3.954907">
        <ele>96.261060</ele>
        <time>2023-07-24T23:36:39.906Z</time>
      </trkpt>
      <trkpt lat="57.989847" lon="-3.955786">
        <ele>102.274537</ele>
        <time>2023-07-24T23:37:30.600Z</time>
      </trkpt>
      <trkpt lat="57.989904" lon="-3.956741">
        <ele>107.861715</ele>
        <time>2023-07-24T23:38:15.577Z</time>
      </trkpt>
      <trkpt lat="57.990064" lon="-3.956304">
        <ele>110.237171</ele>
        <time>2023-07-24T23:38:39.163Z</time>
      </trkpt>
      <trkpt lat="57.990234" lon="-3.955424">
        <ele>114.426277</ele>
        <time>2023-07-24T23:39:16.964Z</time>
      </trkpt>
      <trkpt lat="57.990342" lon="-3.955145">
        <ele>115.971446</ele>
        <time>2023-07-24T23:39:30.342Z</time>
      </trkpt>
      <trkpt lat="57.990450" lon="-3.954737">
        <ele>118.011132</ele>
        <time>2023-07-24T23:39:47.461Z</time>
      </trkpt>
      <trkpt lat="57.990456" lon="-3.954488">
        <ele>119.125944</ele>
        <time>2023-07-24T23:39:56.834Z</time>
      </trkpt>
      <trkpt lat="57.990416" lon="-3.954308">
        <ele>119.998887</ele>
        <time>2023-07-24T23:40:04.117Z</time>
      </trkpt>
      <trkpt lat="57.990399" lon="-3.953984">
        <ele>121.455073</ele>
        <time>2023-07-24T23:40:16.821Z</time>
      </trkpt>
      <trkpt lat="57.990427" lon="-3.953705">
        <ele>122.725081</ele>
        <time>2023-07-24T23:40:27.684Z</time>
      </trkpt>
      <trkpt lat="57.990627" lon="-3.952699">
        <ele>126.128817</ele>
        <time>2023-07-24T23:41:05.972Z</time>
      </trkpt>
      <trkpt lat="57.991019" lon="-3.951122">
        <ele>131.624795</ele>
        <time>2023-07-24T23:42:00.505Z</time>
      </trkpt>
      <trkpt lat="57.991451" lon="-3.949545">
        <ele>135.762491</ele>
        <time>2023-07-24T23:42:53.408Z</time>
      </trkpt>
      <trkpt lat="57.991900" lon="-3.948150">
        <ele>138.901295</ele>
        <time>2023-07-24T23:43:35.796Z</time>
      </trkpt>
      <trkpt lat="57.992054" lon="-3.947590">
        <ele>139.941735</ele>
        <time>2023-07-24T23:43:49.441Z</time>
      </trkpt>
      <trkpt lat="57.992196" lon="-3.946957">
        <ele>139.192779</ele>
        <time>2023-07-24T23:44:01.699Z</time>
      </trkpt>
      <trkpt lat="57.992304" lon="-3.946131">
        <ele>138.265782</ele>
        <time>2023-07-24T23:44:12.975Z</time>
      </trkpt>
      <trkpt lat="57.992304" lon="-3.945101">
        <ele>137.143486</ele>
        <time>2023-07-24T23:44:24.196Z</time>
      </trkpt>
      <trkpt lat="57.992253" lon="-3.943933">
        <ele>134.736007</ele>
        <time>2023-07-24T23:44:35.778Z</time>
      </trkpt>
      <trkpt lat="57.992213" lon="-3.943523">
        <ele>133.115225</ele>
        <time>2023-07-24T23:44:39.763Z</time>
      </trkpt>
      <trkpt lat="57.992202" lon="-3.942903">
        <ele>130.703427</ele>
        <time>2023-07-24T23:44:45.628Z</time>
      </trkpt>
      <trkpt lat="57.991991" lon="-3.941088">
        <ele>123.479278</ele>
        <time>2023-07-24T23:45:02.919Z</time>
      </trkpt>
      <trkpt lat="57.991968" lon="-3.940305">
        <ele>120.113773</ele>
        <time>2023-07-24T23:45:10.169Z</time>
      </trkpt>
      <trkpt lat="57.992031" lon="-3.939449">
        <ele>116.357337</ele>
        <time>2023-07-24T23:45:18.183Z</time>
      </trkpt>
      <trkpt lat="57.992026" lon="-3.939127">
        <ele>114.957114</ele>
        <time>2023-07-24T23:45:21.168Z</time>
      </trkpt>
      <trkpt lat="57.991769" lon="-3.937494">
        <ele>107.646283</ele>
        <time>2023-07-24T23:45:37.043Z</time>
      </trkpt>
      <trkpt lat="57.991576" lon="-3.935799">
        <ele>100.980087</ele>
        <time>2023-07-24T23:45:53.304Z</time>
      </trkpt>
      <trkpt lat="57.991559" lon="-3.935221">
        <ele>98.754173</ele>
        <time>2023-07-24T23:45:58.773Z</time>
      </trkpt>
      <trkpt lat="57.991570" lon="-3.934629">
        <ele>96.476447</ele>
        <time>2023-07-24T23:46:04.434Z</time>
      </trkpt>
      <trkpt lat="57.991451" lon="-3.933803">
        <ele>94.091108</ele>
        <time>2023-07-24T23:46:12.737Z</time>
      </trkpt>
      <trkpt lat="57.991326" lon="-3.932902">
        <ele>92.032883</ele>
        <time>2023-07-24T23:46:22.002Z</time>
      </trkpt>
      <trkpt lat="57.991258" lon="-3.931368">
        <ele>88.631003</ele>
        <time>2023-07-24T23:46:38.354Z</time>
      </trkpt>
      <trkpt lat="57.991155" lon="-3.930982">
        <ele>87.883814</ele>
        <time>2023-07-24T23:46:43.309Z</time>
      </trkpt>
      <trkpt lat="57.991007" lon="-3.930177">
        <ele>88.787935</ele>
        <time>2023-07-24T23:46:53.975Z</time>
      </trkpt>
      <trkpt lat="57.990990" lon="-3.929673">
        <ele>89.323820</ele>
        <time>2023-07-24T23:47:02.128Z</time>
      </trkpt>
      <trkpt lat="57.991048" lon="-3.928559">
        <ele>90.511592</ele>
        <time>2023-07-24T23:47:28.189Z</time>
      </trkpt>
      <trkpt lat="57.990985" lon="-3.927947">
        <ele>91.173129</ele>
        <time>2023-07-24T23:47:48.222Z</time>
      </trkpt>
      <trkpt lat="57.991019" lon="-3.927033">
        <ele>93.206625</ele>
        <time>2023-07-24T23:48:20.326Z</time>
      </trkpt>
      <trkpt lat="57.991053" lon="-3.926767">
        <ele>93.920076</ele>
        <time>2023-07-24T23:48:29.799Z</time>
      </trkpt>
      <trkpt lat="57.991155" lon="-3.926604">
        <ele>94.577637</ele>
        <time>2023-07-24T23:48:37.755Z</time>
      </trkpt>
      <trkpt lat="57.991662" lon="-3.926381">
        <ele>97.138527</ele>
        <time>2023-07-24T23:49:08.722Z</time>
      </trkpt>
      <trkpt lat="57.991889" lon="-3.926218">
        <ele>98.333317</ele>
        <time>2023-07-24T23:49:21.442Z</time>
      </trkpt>
      <trkpt lat="57.991963" lon="-3.926003">
        <ele>99.001715</ele>
        <time>2023-07-24T23:49:28.987Z</time>
      </trkpt>
      <trkpt lat="57.991900" lon="-3.925638">
        <ele>100.002582</ele>
        <time>2023-07-24T23:49:38.423Z</time>
      </trkpt>
      <trkpt lat="57.991775" lon="-3.924330">
        <ele>99.777044</ele>
        <time>2023-07-24T23:50:06.801Z</time>
      </trkpt>
      <trkpt lat="57.991690" lon="-3.923774">
        <ele>99.547241</ele>
        <time>2023-07-24T23:50:14.584Z</time>
      </trkpt>
      <trkpt lat="57.991656" lon="-3.923364">
        <ele>99.382438</ele>
        <time>2023-07-24T23:50:19.451Z</time>
      </trkpt>
      <trkpt lat="57.991644" lon="-3.922774">
        <ele>99.147961</ele>
        <time>2023-07-24T23:50:25.564Z</time>
      </trkpt>
      <trkpt lat="57.991656" lon="-3.922484">
        <ele>99.032444</ele>
        <time>2023-07-24T23:50:28.599Z</time>
      </trkpt>
      <trkpt lat="57.991695" lon="-3.922238">
        <ele>98.930474</ele>
        <time>2023-07-24T23:50:31.288Z</time>
      </trkpt>
      <trkpt lat="57.991832" lon="-3.921714">
        <ele>97.707825</ele>
        <time>2023-07-24T23:50:37.377Z</time>
      </trkpt>
      <trkpt lat="57.991872" lon="-3.921446">
        <ele>97.096783</ele>
        <time>2023-07-24T23:50:40.280Z</time>
      </trkpt>
      <trkpt lat="57.991861" lon="-3.920952">
        <ele>96.011668</ele>
        <time>2023-07-24T23:50:45.433Z</time>
      </trkpt>
      <trkpt lat="57.991889" lon="-3.920598">
        <ele>95.226158</ele>
        <time>2023-07-24T23:50:49.171Z</time>
      </trkpt>
      <trkpt lat="57.992173" lon="-3.918785">
        <ele>90.984009</ele>
        <time>2023-07-24T23:51:08.707Z</time>
      </trkpt>
      <trkpt lat="57.992185" lon="-3.918311">
        <ele>89.695630</ele>
        <time>2023-07-24T23:51:13.510Z</time>
      </trkpt>
      <trkpt lat="57.992162" lon="-3.917924">
        <ele>88.638339</ele>
        <time>2023-07-24T23:51:17.410Z</time>
      </trkpt>
      <trkpt lat="57.992094" lon="-3.917560">
        <ele>87.590490</ele>
        <time>2023-07-24T23:51:21.268Z</time>
      </trkpt>
      <trkpt lat="57.991883" lon="-3.916798">
        <ele>85.256339</ele>
        <time>2023-07-24T23:51:29.794Z</time>
      </trkpt>
      <trkpt lat="57.991826" lon="-3.916358">
        <ele>84.026564</ele>
        <time>2023-07-24T23:51:34.268Z</time>
      </trkpt>
      <trkpt lat="57.991832" lon="-3.915972">
        <ele>82.978112</ele>
        <time>2023-07-24T23:51:38.081Z</time>
      </trkpt>
      <trkpt lat="57.991900" lon="-3.915319">
        <ele>81.103959</ele>
        <time>2023-07-24T23:51:44.635Z</time>
      </trkpt>
      <trkpt lat="57.991877" lon="-3.914352">
        <ele>78.312822</ele>
        <time>2023-07-24T23:51:54.181Z</time>
      </trkpt>
      <trkpt lat="57.991770" lon="-3.913388">
        <ele>75.472841</ele>
        <time>2023-07-24T23:52:03.890Z</time>
      </trkpt>
      <trkpt lat="57.991678" lon="-3.912957">
        <ele>74.133059</ele>
        <time>2023-07-24T23:52:08.492Z</time>
      </trkpt>
      <trkpt lat="57.991622" lon="-3.912753">
        <ele>73.470616</ele>
        <time>2023-07-24T23:52:10.781Z</time>
      </trkpt>
      <trkpt lat="57.991019" lon="-3.911219">
        <ele>68.491450</ele>
        <time>2023-07-24T23:52:29.919Z</time>
      </trkpt>
      <trkpt lat="57.990689" lon="-3.910030">
        <ele>65.074431</ele>
        <time>2023-07-24T23:52:43.503Z</time>
      </trkpt>
      <trkpt lat="57.990501" lon="-3.909063">
        <ele>62.842671</ele>
        <time>2023-07-24T23:52:54.072Z</time>
      </trkpt>
      <trkpt lat="57.990234" lon="-3.908097">
        <ele>60.853703</ele>
        <time>2023-07-24T23:53:05.372Z</time>
      </trkpt>
      <trkpt lat="57.990058" lon="-3.906103">
        <ele>57.494503</ele>
        <time>2023-07-24T23:53:27.523Z</time>
      </trkpt>
      <trkpt lat="57.990029" lon="-3.905578">
        <ele>57.203849</ele>
        <time>2023-07-24T23:53:33.975Z</time>
      </trkpt>
      <trkpt lat="57.989973" lon="-3.905245">
        <ele>57.011478</ele>
        <time>2023-07-24T23:53:38.342Z</time>
      </trkpt>
      <trkpt lat="57.989967" lon="-3.904428">
        <ele>56.561557</ele>
        <time>2023-07-24T23:53:49.701Z</time>
      </trkpt>
      <trkpt lat="57.989916" lon="-3.903829">
        <ele>56.227492</ele>
        <time>2023-07-24T23:53:58.630Z</time>
      </trkpt>
      <trkpt lat="57.989938" lon="-3.903419">
        <ele>56.000573</ele>
        <time>2023-07-24T23:54:04.551Z</time>
      </trkpt>
      <trkpt lat="57.990524" lon="-3.901747">
        <ele>53.672523</ele>
        <time>2023-07-24T23:54:30.901Z</time>
      </trkpt>
      <trkpt lat="57.990632" lon="-3.901554">
        <ele>53.301085</ele>
        <time>2023-07-24T23:54:34.253Z</time>
      </trkpt>
      <trkpt lat="57.992702" lon="-3.899728">
        <ele>44.606768</ele>
        <time>2023-07-24T23:55:18.347Z</time>
      </trkpt>
      <trkpt lat="57.992896" lon="-3.899462">
        <ele>43.522003</ele>
        <time>2023-07-24T23:55:22.840Z</time>
      </trkpt>
      <trkpt lat="57.993282" lon="-3.899181">
        <ele>41.893217</ele>
        <time>2023-07-24T23:55:30.753Z</time>
      </trkpt>
      <trkpt lat="57.993430" lon="-3.899031">
        <ele>41.256905</ele>
        <time>2023-07-24T23:55:34.025Z</time>
      </trkpt>
      <trkpt lat="57.993578" lon="-3.898720">
        <ele>40.417864</ele>
        <time>2023-07-24T23:55:38.357Z</time>
      </trkpt>
      <trkpt lat="57.993809" lon="-3.897962">
        <ele>38.662628</ele>
        <time>2023-07-24T23:55:47.539Z</time>
      </trkpt>
      <trkpt lat="57.993591" lon="-3.896673">
        <ele>36.120467</ele>
        <time>2023-07-24T23:56:02.174Z</time>
      </trkpt>
      <trkpt lat="57.993502" lon="-3.896404">
        <ele>35.772676</ele>
        <time>2023-07-24T23:56:05.758Z</time>
      </trkpt>
      <trkpt lat="57.992790" lon="-3.895058">
        <ele>33.687008</ele>
        <time>2023-07-24T23:56:27.895Z</time>
      </trkpt>
      <trkpt lat="57.992362" lon="-3.894042">
        <ele>32.417154</ele>
        <time>2023-07-24T23:56:43.630Z</time>
      </trkpt>
      <trkpt lat="57.992158" lon="-3.893401">
        <ele>31.962685</ele>
        <time>2023-07-24T23:56:52.766Z</time>
      </trkpt>
      <trkpt lat="57.992732" lon="-3.892818">
        <ele>31.215094</ele>
        <time>2023-07-24T23:57:03.867Z</time>
      </trkpt>
      <trkpt lat="57.995702" lon="-3.889197">
        <ele>27.781084</ele>
        <time>2023-07-24T23:58:06.283Z</time>
      </trkpt>
      <trkpt lat="57.997296" lon="-3.887859">
        <ele>25.413405</ele>
        <time>2023-07-24T23:58:33.581Z</time>
      </trkpt>
      <trkpt lat="57.998088" lon="-3.887177">
        <ele>24.392589</ele>
        <time>2023-07-24T23:58:48.127Z</time>
      </trkpt>
      <trkpt lat="57.998309" lon="-3.886987">
        <ele>24.408242</ele>
        <time>2023-07-24T23:58:52.683Z</time>
      </trkpt>
      <trkpt lat="57.999173" lon="-3.886246">
        <ele>24.469412</ele>
        <time>2023-07-24T23:59:12.895Z</time>
      </trkpt>
      <trkpt lat="57.999301" lon="-3.886121">
        <ele>24.478701</ele>
        <time>2023-07-24T23:59:16.469Z</time>
      </trkpt>
      <trkpt lat="57.999595" lon="-3.885641">
        <ele>24.601023</ele>
        <time>2023-07-24T23:59:26.528Z</time>
      </trkpt>
      <trkpt lat="57.999785" lon="-3.885115">
        <ele>24.959237</ele>
        <time>2023-07-24T23:59:35.679Z</time>
      </trkpt>
      <trkpt lat="58.000534" lon="-3.882629">
        <ele>26.467948</ele>
        <time>2023-07-25T00:00:17.441Z</time>
      </trkpt>
      <trkpt lat="58.001030" lon="-3.880824">
        <ele>26.898004</ele>
        <time>2023-07-25T00:00:42.796Z</time>
      </trkpt>
      <trkpt lat="58.001589" lon="-3.878738">
        <ele>26.647535</ele>
        <time>2023-07-25T00:01:07.594Z</time>
      </trkpt>
      <trkpt lat="58.001643" lon="-3.878539">
        <ele>26.562932</ele>
        <time>2023-07-25T00:01:09.753Z</time>
      </trkpt>
      <trkpt lat="58.002070" lon="-3.876867">
        <ele>25.860588</ele>
        <time>2023-07-25T00:01:26.225Z</time>
      </trkpt>
      <trkpt lat="58.003075" lon="-3.872869">
        <ele>23.443327</ele>
        <time>2023-07-25T00:02:05.192Z</time>
      </trkpt>
      <trkpt lat="58.003798" lon="-3.870019">
        <ele>22.653098</ele>
        <time>2023-07-25T00:02:39.212Z</time>
      </trkpt>
      <trkpt lat="58.004027" lon="-3.869013">
        <ele>22.373117</ele>
        <time>2023-07-25T00:02:50.576Z</time>
      </trkpt>
      <trkpt lat="58.004424" lon="-3.867080">
        <ele>21.847845</ele>
        <time>2023-07-25T00:03:09.742Z</time>
      </trkpt>
      <trkpt lat="58.004476" lon="-3.866825">
        <ele>21.780537</ele>
        <time>2023-07-25T00:03:12.314Z</time>
      </trkpt>
      <trkpt lat="58.004711" lon="-3.866066">
        <ele>21.563985</ele>
        <time>2023-07-25T00:03:20.704Z</time>
      </trkpt>
      <trkpt lat="58.004932" lon="-3.865518">
        <ele>21.394339</ele>
        <time>2023-07-25T00:03:27.678Z</time>
      </trkpt>
      <trkpt lat="58.005174" lon="-3.865022">
        <ele>21.228246</ele>
        <time>2023-07-25T00:03:34.646Z</time>
      </trkpt>
      <trkpt lat="58.005494" lon="-3.864572">
        <ele>21.139655</ele>
        <time>2023-07-25T00:03:42.638Z</time>
      </trkpt>
      <trkpt lat="58.005932" lon="-3.864035">
        <ele>21.141093</ele>
        <time>2023-07-25T00:03:53.551Z</time>
      </trkpt>
      <trkpt lat="58.008110" lon="-3.862011">
        <ele>21.436030</ele>
        <time>2023-07-25T00:04:44.806Z</time>
      </trkpt>
      <trkpt lat="58.009077" lon="-3.861125">
        <ele>21.830224</ele>
        <time>2023-07-25T00:05:11.058Z</time>
      </trkpt>
      <trkpt lat="58.009095" lon="-3.861109">
        <ele>21.839614</ele>
        <time>2023-07-25T00:05:11.574Z</time>
      </trkpt>
      <trkpt lat="58.009227" lon="-3.860997">
        <ele>21.907914</ele>
        <time>2023-07-25T00:05:15.202Z</time>
      </trkpt>
      <trkpt lat="58.009792" lon="-3.860512">
        <ele>22.200837</ele>
        <time>2023-07-25T00:05:30.393Z</time>
      </trkpt>
      <trkpt lat="58.010212" lon="-3.859996">
        <ele>22.289109</ele>
        <time>2023-07-25T00:05:41.048Z</time>
      </trkpt>
      <trkpt lat="58.010371" lon="-3.859722">
        <ele>22.130529</ele>
        <time>2023-07-25T00:05:45.286Z</time>
      </trkpt>
      <trkpt lat="58.010507" lon="-3.859391">
        <ele>21.967076</ele>
        <time>2023-07-25T00:05:49.337Z</time>
      </trkpt>
      <trkpt lat="58.010712" lon="-3.858657">
        <ele>21.643298</ele>
        <time>2023-07-25T00:05:57.117Z</time>
      </trkpt>
      <trkpt lat="58.010898" lon="-3.857707">
        <ele>21.248096</ele>
        <time>2023-07-25T00:06:06.207Z</time>
      </trkpt>
      <trkpt lat="58.011053" lon="-3.856498">
        <ele>20.541698</ele>
        <time>2023-07-25T00:06:17.118Z</time>
      </trkpt>
      <trkpt lat="58.011144" lon="-3.855314">
        <ele>19.721381</ele>
        <time>2023-07-25T00:06:27.475Z</time>
      </trkpt>
      <trkpt lat="58.011051" lon="-3.855272">
        <ele>19.597615</ele>
        <time>2023-07-25T00:06:29.063Z</time>
      </trkpt>
      <trkpt lat="58.011010" lon="-3.855207">
        <ele>19.528316</ele>
        <time>2023-07-25T00:06:29.936Z</time>
      </trkpt>
      <trkpt lat="58.010849" lon="-3.854713">
        <ele>19.130634</ele>
        <time>2023-07-25T00:06:34.798Z</time>
      </trkpt>
      <trkpt lat="58.010771" lon="-3.854472">
        <ele>18.936991</ele>
        <time>2023-07-25T00:06:37.206Z</time>
      </trkpt>
      <trkpt lat="58.010685" lon="-3.854205">
        <ele>18.726655</ele>
        <time>2023-07-25T00:06:39.942Z</time>
      </trkpt>
      <trkpt lat="58.010456" lon="-3.853491">
        <ele>18.726655</ele>
        <time>2023-07-25T00:06:47.613Z</time>
      </trkpt>
      <trkpt lat="58.010310" lon="-3.853008">
        <ele>18.726655</ele>
        <time>2023-07-25T00:06:52.908Z</time>
      </trkpt>
      <trkpt lat="58.010236" lon="-3.852787">
        <ele>18.726655</ele>
        <time>2023-07-25T00:06:55.410Z</time>
      </trkpt>
      <trkpt lat="58.010070" lon="-3.852264">
        <ele>18.726655</ele>
        <time>2023-07-25T00:07:01.227Z</time>
      </trkpt>
      <trkpt lat="58.010680" lon="-3.851570">
        <ele>18.726655</ele>
        <time>2023-07-25T00:07:19.493Z</time>
      </trkpt>
      <trkpt lat="58.010419" lon="-3.850749">
        <ele>18.726655</ele>
        <time>2023-07-25T00:07:33.179Z</time>
      </trkpt>
    </trkseg>
  </trk>
</gpx>