<?xml version='1.0' encoding='UTF-8'?>
<gpx version="1.1" creator="https://www.komoot.de" xmlns="http://www.topografix.com/GPX/1/1" xmlns:xsi="http://www.w3.org/2001/XMLSchema-instance" xsi:schemaLocation="http://www.topografix.com/GPX/1/1 http://www.topografix.com/GPX/1/1/gpx.xsd">
  <metadata>
    <name>From Dalwhinnie to Inverness</name>
    <author>
      <link href="https://www.komoot.de">
        <text>komoot</text>
        <type>text/html</type>
      </link>
    </author>
  </metadata>
  <trk>
    <name>From Dalwhinnie to Inverness</name>
    <trkseg>
      <trkpt lat="56.935128" lon="-4.245561">
        <ele>355.552127</ele>
        <time>2023-07-21T18:34:29.138Z</time>
      </trkpt>
      <trkpt lat="56.935210" lon="-4.245487">
        <ele>355.552127</ele>
        <time>2023-07-21T18:34:30.502Z</time>
      </trkpt>
      <trkpt lat="56.935197" lon="-4.245197">
        <ele>355.552127</ele>
        <time>2023-07-21T18:34:32.719Z</time>
      </trkpt>
      <trkpt lat="56.934883" lon="-4.242110">
        <ele>354.674156</ele>
        <time>2023-07-21T18:34:57.296Z</time>
      </trkpt>
      <trkpt lat="56.934865" lon="-4.241935">
        <ele>354.593990</ele>
        <time>2023-07-21T18:34:58.686Z</time>
      </trkpt>
      <trkpt lat="56.934798" lon="-4.241372">
        <ele>354.334588</ele>
        <time>2023-07-21T18:35:03.092Z</time>
      </trkpt>
      <trkpt lat="56.935771" lon="-4.240962">
        <ele>353.340109</ele>
        <time>2023-07-21T18:35:12.781Z</time>
      </trkpt>
      <trkpt lat="56.936172" lon="-4.240793">
        <ele>352.896603</ele>
        <time>2023-07-21T18:35:16.743Z</time>
      </trkpt>
      <trkpt lat="56.936644" lon="-4.240604">
        <ele>352.375849</ele>
        <time>2023-07-21T18:35:21.290Z</time>
      </trkpt>
      <trkpt lat="56.938764" lon="-4.239736">
        <ele>350.461859</ele>
        <time>2023-07-21T18:35:42.855Z</time>
      </trkpt>
      <trkpt lat="56.938978" lon="-4.239542">
        <ele>350.379064</ele>
        <time>2023-07-21T18:35:45.391Z</time>
      </trkpt>
      <trkpt lat="56.939136" lon="-4.239302">
        <ele>350.307901</ele>
        <time>2023-07-21T18:35:47.671Z</time>
      </trkpt>
      <trkpt lat="56.939302" lon="-4.238828">
        <ele>350.201337</ele>
        <time>2023-07-21T18:35:51.029Z</time>
      </trkpt>
      <trkpt lat="56.939603" lon="-4.237663">
        <ele>349.957463</ele>
        <time>2023-07-21T18:35:59.106Z</time>
      </trkpt>
      <trkpt lat="56.939752" lon="-4.237170">
        <ele>349.885627</ele>
        <time>2023-07-21T18:36:02.749Z</time>
      </trkpt>
      <trkpt lat="56.939874" lon="-4.236887">
        <ele>349.880674</ele>
        <time>2023-07-21T18:36:05.019Z</time>
      </trkpt>
      <trkpt lat="56.940140" lon="-4.236492">
        <ele>349.872056</ele>
        <time>2023-07-21T18:36:08.666Z</time>
      </trkpt>
      <trkpt lat="56.940566" lon="-4.236125">
        <ele>349.860206</ele>
        <time>2023-07-21T18:36:13.761Z</time>
      </trkpt>
      <trkpt lat="56.941286" lon="-4.235602">
        <ele>349.933463</ele>
        <time>2023-07-21T18:36:23.492Z</time>
      </trkpt>
      <trkpt lat="56.941372" lon="-4.235536">
        <ele>350.023322</ele>
        <time>2023-07-21T18:36:24.719Z</time>
      </trkpt>
      <trkpt lat="56.941670" lon="-4.235337">
        <ele>350.329000</ele>
        <time>2023-07-21T18:36:29.342Z</time>
      </trkpt>
      <trkpt lat="56.941786" lon="-4.235301">
        <ele>350.442393</ele>
        <time>2023-07-21T18:36:31.096Z</time>
      </trkpt>
      <trkpt lat="56.942028" lon="-4.235321">
        <ele>350.675872</ele>
        <time>2023-07-21T18:36:34.746Z</time>
      </trkpt>
      <trkpt lat="56.942247" lon="-4.235420">
        <ele>350.893270</ele>
        <time>2023-07-21T18:36:38.230Z</time>
      </trkpt>
      <trkpt lat="56.942594" lon="-4.235688">
        <ele>351.256180</ele>
        <time>2023-07-21T18:36:44.183Z</time>
      </trkpt>
      <trkpt lat="56.942850" lon="-4.235978">
        <ele>351.546221</ele>
        <time>2023-07-21T18:36:49.044Z</time>
      </trkpt>
      <trkpt lat="56.942979" lon="-4.236179">
        <ele>351.667135</ele>
        <time>2023-07-21T18:36:51.782Z</time>
      </trkpt>
      <trkpt lat="56.943108" lon="-4.236457">
        <ele>351.797946</ele>
        <time>2023-07-21T18:36:55.055Z</time>
      </trkpt>
      <trkpt lat="56.943204" lon="-4.236654">
        <ele>351.892623</ele>
        <time>2023-07-21T18:36:57.389Z</time>
      </trkpt>
      <trkpt lat="56.943327" lon="-4.236992">
        <ele>352.038246</ele>
        <time>2023-07-21T18:37:00.971Z</time>
      </trkpt>
      <trkpt lat="56.943415" lon="-4.237413">
        <ele>352.199832</ele>
        <time>2023-07-21T18:37:04.789Z</time>
      </trkpt>
      <trkpt lat="56.943566" lon="-4.237405">
        <ele>352.299088</ele>
        <time>2023-07-21T18:37:06.961Z</time>
      </trkpt>
      <trkpt lat="56.943847" lon="-4.237216">
        <ele>352.495752</ele>
        <time>2023-07-21T18:37:10.919Z</time>
      </trkpt>
      <trkpt lat="56.943968" lon="-4.237122">
        <ele>352.582098</ele>
        <time>2023-07-21T18:37:12.476Z</time>
      </trkpt>
      <trkpt lat="56.944311" lon="-4.236662">
        <ele>352.542320</ele>
        <time>2023-07-21T18:37:16.993Z</time>
      </trkpt>
      <trkpt lat="56.944629" lon="-4.236094">
        <ele>351.929737</ele>
        <time>2023-07-21T18:37:21.331Z</time>
      </trkpt>
      <trkpt lat="56.946409" lon="-4.232490">
        <ele>347.879432</ele>
        <time>2023-07-21T18:37:45.081Z</time>
      </trkpt>
      <trkpt lat="56.946664" lon="-4.232042">
        <ele>347.303396</ele>
        <time>2023-07-21T18:37:48.350Z</time>
      </trkpt>
      <trkpt lat="56.946913" lon="-4.231822">
        <ele>347.055853</ele>
        <time>2023-07-21T18:37:50.939Z</time>
      </trkpt>
      <trkpt lat="56.949054" lon="-4.230917">
        <ele>345.156055</ele>
        <time>2023-07-21T18:38:13.314Z</time>
      </trkpt>
      <trkpt lat="56.949230" lon="-4.230794">
        <ele>345.006100</ele>
        <time>2023-07-21T18:38:15.274Z</time>
      </trkpt>
      <trkpt lat="56.949410" lon="-4.230612">
        <ele>344.842448</ele>
        <time>2023-07-21T18:38:17.393Z</time>
      </trkpt>
      <trkpt lat="56.949893" lon="-4.230035">
        <ele>344.383493</ele>
        <time>2023-07-21T18:38:23.248Z</time>
      </trkpt>
      <trkpt lat="56.951911" lon="-4.227727">
        <ele>341.674966</ele>
        <time>2023-07-21T18:38:46.068Z</time>
      </trkpt>
      <trkpt lat="56.952891" lon="-4.226563">
        <ele>340.065285</ele>
        <time>2023-07-21T18:38:56.834Z</time>
      </trkpt>
      <trkpt lat="56.953638" lon="-4.225588">
        <ele>338.897304</ele>
        <time>2023-07-21T18:39:05.310Z</time>
      </trkpt>
      <trkpt lat="56.955230" lon="-4.222897">
        <ele>336.642115</ele>
        <time>2023-07-21T18:39:26.267Z</time>
      </trkpt>
      <trkpt lat="56.955362" lon="-4.222737">
        <ele>336.509269</ele>
        <time>2023-07-21T18:39:27.919Z</time>
      </trkpt>
      <trkpt lat="56.957470" lon="-4.221050">
        <ele>335.038567</ele>
        <time>2023-07-21T18:39:52.344Z</time>
      </trkpt>
      <trkpt lat="56.958653" lon="-4.220447">
        <ele>333.617938</ele>
        <time>2023-07-21T18:40:04.223Z</time>
      </trkpt>
      <trkpt lat="56.958695" lon="-4.220423">
        <ele>333.565910</ele>
        <time>2023-07-21T18:40:04.623Z</time>
      </trkpt>
      <trkpt lat="56.959031" lon="-4.220115">
        <ele>333.121653</ele>
        <time>2023-07-21T18:40:08.076Z</time>
      </trkpt>
      <trkpt lat="56.959242" lon="-4.219554">
        <ele>332.671143</ele>
        <time>2023-07-21T18:40:11.483Z</time>
      </trkpt>
      <trkpt lat="56.959498" lon="-4.218611">
        <ele>331.954249</ele>
        <time>2023-07-21T18:40:16.794Z</time>
      </trkpt>
      <trkpt lat="56.959702" lon="-4.218054">
        <ele>331.497612</ele>
        <time>2023-07-21T18:40:20.225Z</time>
      </trkpt>
      <trkpt lat="56.960059" lon="-4.217486">
        <ele>330.907726</ele>
        <time>2023-07-21T18:40:24.784Z</time>
      </trkpt>
      <trkpt lat="56.960577" lon="-4.216950">
        <ele>330.435755</ele>
        <time>2023-07-21T18:40:30.704Z</time>
      </trkpt>
      <trkpt lat="56.960631" lon="-4.216887">
        <ele>330.401729</ele>
        <time>2023-07-21T18:40:31.366Z</time>
      </trkpt>
      <trkpt lat="56.960937" lon="-4.216529">
        <ele>330.208762</ele>
        <time>2023-07-21T18:40:35.154Z</time>
      </trkpt>
      <trkpt lat="56.960994" lon="-4.216462">
        <ele>330.172769</ele>
        <time>2023-07-21T18:40:35.876Z</time>
      </trkpt>
      <trkpt lat="56.961340" lon="-4.215916">
        <ele>329.930101</ele>
        <time>2023-07-21T18:40:40.857Z</time>
      </trkpt>
      <trkpt lat="56.961607" lon="-4.215363">
        <ele>329.715987</ele>
        <time>2023-07-21T18:40:45.370Z</time>
      </trkpt>
      <trkpt lat="56.961753" lon="-4.214909">
        <ele>329.628182</ele>
        <time>2023-07-21T18:40:48.565Z</time>
      </trkpt>
      <trkpt lat="56.961848" lon="-4.214170">
        <ele>329.530428</ele>
        <time>2023-07-21T18:40:53.139Z</time>
      </trkpt>
      <trkpt lat="56.961832" lon="-4.212828">
        <ele>329.357606</ele>
        <time>2023-07-21T18:41:01.159Z</time>
      </trkpt>
      <trkpt lat="56.961901" lon="-4.212068">
        <ele>329.258410</ele>
        <time>2023-07-21T18:41:05.921Z</time>
      </trkpt>
      <trkpt lat="56.962083" lon="-4.211404">
        <ele>329.295386</ele>
        <time>2023-07-21T18:41:10.696Z</time>
      </trkpt>
      <trkpt lat="56.962337" lon="-4.210878">
        <ele>329.334475</ele>
        <time>2023-07-21T18:41:15.382Z</time>
      </trkpt>
      <trkpt lat="56.962606" lon="-4.210467">
        <ele>329.370199</ele>
        <time>2023-07-21T18:41:19.786Z</time>
      </trkpt>
      <trkpt lat="56.962987" lon="-4.210178">
        <ele>329.412268</ele>
        <time>2023-07-21T18:41:25.162Z</time>
      </trkpt>
      <trkpt lat="56.965096" lon="-4.208821">
        <ele>329.202423</ele>
        <time>2023-07-21T18:41:52.838Z</time>
      </trkpt>
      <trkpt lat="56.966933" lon="-4.206518">
        <ele>325.825783</ele>
        <time>2023-07-21T18:42:12.563Z</time>
      </trkpt>
      <trkpt lat="56.968506" lon="-4.204491">
        <ele>323.564515</ele>
        <time>2023-07-21T18:42:30.581Z</time>
      </trkpt>
      <trkpt lat="56.969135" lon="-4.203604">
        <ele>323.099831</ele>
        <time>2023-07-21T18:42:39.239Z</time>
      </trkpt>
      <trkpt lat="56.971437" lon="-4.200178">
        <ele>323.998550</ele>
        <time>2023-07-21T18:43:18.964Z</time>
      </trkpt>
      <trkpt lat="56.971861" lon="-4.199724">
        <ele>324.135319</ele>
        <time>2023-07-21T18:43:25.435Z</time>
      </trkpt>
      <trkpt lat="56.972046" lon="-4.199476">
        <ele>324.199151</ele>
        <time>2023-07-21T18:43:28.364Z</time>
      </trkpt>
      <trkpt lat="56.974657" lon="-4.195055">
        <ele>322.819871</ele>
        <time>2023-07-21T18:44:07.053Z</time>
      </trkpt>
      <trkpt lat="56.974967" lon="-4.194461">
        <ele>322.372423</ele>
        <time>2023-07-21T18:44:11.366Z</time>
      </trkpt>
      <trkpt lat="56.975580" lon="-4.193045">
        <ele>320.886772</ele>
        <time>2023-07-21T18:44:20.425Z</time>
      </trkpt>
      <trkpt lat="56.977367" lon="-4.190159">
        <ele>316.881394</ele>
        <time>2023-07-21T18:44:41.560Z</time>
      </trkpt>
      <trkpt lat="56.977514" lon="-4.189940">
        <ele>316.734291</ele>
        <time>2023-07-21T18:44:43.324Z</time>
      </trkpt>
      <trkpt lat="56.977682" lon="-4.189762">
        <ele>316.605848</ele>
        <time>2023-07-21T18:44:45.143Z</time>
      </trkpt>
      <trkpt lat="56.982126" lon="-4.185432">
        <ele>313.823665</ele>
        <time>2023-07-21T18:45:38.196Z</time>
      </trkpt>
      <trkpt lat="56.982433" lon="-4.185217">
        <ele>314.050936</ele>
        <time>2023-07-21T18:45:42.936Z</time>
      </trkpt>
      <trkpt lat="56.984508" lon="-4.184142">
        <ele>314.937727</ele>
        <time>2023-07-21T18:46:14.749Z</time>
      </trkpt>
      <trkpt lat="56.986236" lon="-4.183157">
        <ele>314.261499</ele>
        <time>2023-07-21T18:46:32.780Z</time>
      </trkpt>
      <trkpt lat="56.986613" lon="-4.183056">
        <ele>314.012430</ele>
        <time>2023-07-21T18:46:36.515Z</time>
      </trkpt>
      <trkpt lat="56.987183" lon="-4.183094">
        <ele>313.639556</ele>
        <time>2023-07-21T18:46:42.428Z</time>
      </trkpt>
      <trkpt lat="56.988187" lon="-4.183236">
        <ele>313.667227</ele>
        <time>2023-07-21T18:46:54.692Z</time>
      </trkpt>
      <trkpt lat="56.988609" lon="-4.183191">
        <ele>313.729878</ele>
        <time>2023-07-21T18:47:00.372Z</time>
      </trkpt>
      <trkpt lat="56.989627" lon="-4.182842">
        <ele>313.560567</ele>
        <time>2023-07-21T18:47:13.544Z</time>
      </trkpt>
      <trkpt lat="56.990279" lon="-4.182573">
        <ele>313.240782</ele>
        <time>2023-07-21T18:47:20.616Z</time>
      </trkpt>
      <trkpt lat="56.990703" lon="-4.182303">
        <ele>313.026023</ele>
        <time>2023-07-21T18:47:24.996Z</time>
      </trkpt>
      <trkpt lat="56.991310" lon="-4.181752">
        <ele>312.262977</ele>
        <time>2023-07-21T18:47:31.433Z</time>
      </trkpt>
      <trkpt lat="56.991762" lon="-4.181285">
        <ele>311.568846</ele>
        <time>2023-07-21T18:47:36.298Z</time>
      </trkpt>
      <trkpt lat="56.992049" lon="-4.181065">
        <ele>311.152619</ele>
        <time>2023-07-21T18:47:39.252Z</time>
      </trkpt>
      <trkpt lat="56.992530" lon="-4.180954">
        <ele>310.490754</ele>
        <time>2023-07-21T18:47:43.767Z</time>
      </trkpt>
      <trkpt lat="56.992966" lon="-4.181145">
        <ele>309.669134</ele>
        <time>2023-07-21T18:47:47.784Z</time>
      </trkpt>
      <trkpt lat="56.993453" lon="-4.181426">
        <ele>308.733417</ele>
        <time>2023-07-21T18:47:52.229Z</time>
      </trkpt>
      <trkpt lat="56.993783" lon="-4.181504">
        <ele>308.123540</ele>
        <time>2023-07-21T18:47:55.071Z</time>
      </trkpt>
      <trkpt lat="56.993982" lon="-4.181511">
        <ele>307.758710</ele>
        <time>2023-07-21T18:47:56.796Z</time>
      </trkpt>
      <trkpt lat="56.994244" lon="-4.181444">
        <ele>307.273833</ele>
        <time>2023-07-21T18:47:59.155Z</time>
      </trkpt>
      <trkpt lat="56.994502" lon="-4.181307">
        <ele>307.293502</ele>
        <time>2023-07-21T18:48:01.650Z</time>
      </trkpt>
      <trkpt lat="56.994773" lon="-4.181032">
        <ele>307.356470</ele>
        <time>2023-07-21T18:48:04.776Z</time>
      </trkpt>
      <trkpt lat="56.995118" lon="-4.180593">
        <ele>307.441831</ele>
        <time>2023-07-21T18:48:09.703Z</time>
      </trkpt>
      <trkpt lat="56.995350" lon="-4.180285">
        <ele>307.500052</ele>
        <time>2023-07-21T18:48:13.639Z</time>
      </trkpt>
      <trkpt lat="56.996374" lon="-4.178900">
        <ele>308.781712</ele>
        <time>2023-07-21T18:48:36.052Z</time>
      </trkpt>
      <trkpt lat="56.996674" lon="-4.178617">
        <ele>309.316339</ele>
        <time>2023-07-21T18:48:42.732Z</time>
      </trkpt>
      <trkpt lat="56.997563" lon="-4.177947">
        <ele>310.349522</ele>
        <time>2023-07-21T18:48:58.238Z</time>
      </trkpt>
      <trkpt lat="56.997747" lon="-4.177766">
        <ele>310.254182</ele>
        <time>2023-07-21T18:49:00.753Z</time>
      </trkpt>
      <trkpt lat="56.998538" lon="-4.176963">
        <ele>309.841361</ele>
        <time>2023-07-21T18:49:09.845Z</time>
      </trkpt>
      <trkpt lat="57.001098" lon="-4.173879">
        <ele>306.252285</ele>
        <time>2023-07-21T18:49:38.335Z</time>
      </trkpt>
      <trkpt lat="57.001461" lon="-4.173524">
        <ele>305.801711</ele>
        <time>2023-07-21T18:49:42.140Z</time>
      </trkpt>
      <trkpt lat="57.002144" lon="-4.173018">
        <ele>305.019721</ele>
        <time>2023-07-21T18:49:50.258Z</time>
      </trkpt>
      <trkpt lat="57.002297" lon="-4.172793">
        <ele>304.834291</ele>
        <time>2023-07-21T18:49:52.263Z</time>
      </trkpt>
      <trkpt lat="57.002448" lon="-4.172406">
        <ele>304.589029</ele>
        <time>2023-07-21T18:49:55.008Z</time>
      </trkpt>
      <trkpt lat="57.002473" lon="-4.172268">
        <ele>304.514105</ele>
        <time>2023-07-21T18:49:55.786Z</time>
      </trkpt>
      <trkpt lat="57.002500" lon="-4.172121">
        <ele>304.434183</ele>
        <time>2023-07-21T18:49:56.658Z</time>
      </trkpt>
      <trkpt lat="57.002474" lon="-4.171726">
        <ele>304.229207</ele>
        <time>2023-07-21T18:49:58.794Z</time>
      </trkpt>
      <trkpt lat="57.002450" lon="-4.171546">
        <ele>304.133737</ele>
        <time>2023-07-21T18:49:59.757Z</time>
      </trkpt>
      <trkpt lat="57.002398" lon="-4.171303">
        <ele>303.999231</ele>
        <time>2023-07-21T18:50:01.202Z</time>
      </trkpt>
      <trkpt lat="57.002635" lon="-4.170904">
        <ele>303.695067</ele>
        <time>2023-07-21T18:50:04.231Z</time>
      </trkpt>
      <trkpt lat="57.002907" lon="-4.170534">
        <ele>303.245563</ele>
        <time>2023-07-21T18:50:07.377Z</time>
      </trkpt>
      <trkpt lat="57.003372" lon="-4.170027">
        <ele>302.077487</ele>
        <time>2023-07-21T18:50:12.271Z</time>
      </trkpt>
      <trkpt lat="57.003658" lon="-4.169831">
        <ele>301.418131</ele>
        <time>2023-07-21T18:50:14.931Z</time>
      </trkpt>
      <trkpt lat="57.004581" lon="-4.169247">
        <ele>299.350940</ele>
        <time>2023-07-21T18:50:22.968Z</time>
      </trkpt>
      <trkpt lat="57.006368" lon="-4.168336">
        <ele>296.196094</ele>
        <time>2023-07-21T18:50:39.616Z</time>
      </trkpt>
      <trkpt lat="57.007318" lon="-4.167917">
        <ele>295.764578</ele>
        <time>2023-07-21T18:50:49.769Z</time>
      </trkpt>
      <trkpt lat="57.008965" lon="-4.167261">
        <ele>296.279916</ele>
        <time>2023-07-21T18:51:12.181Z</time>
      </trkpt>
      <trkpt lat="57.009212" lon="-4.167115">
        <ele>296.476671</ele>
        <time>2023-07-21T18:51:16.294Z</time>
      </trkpt>
      <trkpt lat="57.009476" lon="-4.167013">
        <ele>296.681238</ele>
        <time>2023-07-21T18:51:20.591Z</time>
      </trkpt>
      <trkpt lat="57.009930" lon="-4.166733">
        <ele>297.103437</ele>
        <time>2023-07-21T18:51:28.288Z</time>
      </trkpt>
      <trkpt lat="57.011077" lon="-4.165704">
        <ele>298.362083</ele>
        <time>2023-07-21T18:51:47.785Z</time>
      </trkpt>
      <trkpt lat="57.011643" lon="-4.165405">
        <ele>298.669772</ele>
        <time>2023-07-21T18:51:55.678Z</time>
      </trkpt>
      <trkpt lat="57.013309" lon="-4.164072">
        <ele>298.806987</ele>
        <time>2023-07-21T18:52:17.414Z</time>
      </trkpt>
      <trkpt lat="57.014006" lon="-4.163435">
        <ele>298.621701</ele>
        <time>2023-07-21T18:52:26.301Z</time>
      </trkpt>
      <trkpt lat="57.015906" lon="-4.162162">
        <ele>297.683732</ele>
        <time>2023-07-21T18:52:47.701Z</time>
      </trkpt>
      <trkpt lat="57.017251" lon="-4.161595">
        <ele>296.871787</ele>
        <time>2023-07-21T18:53:01.741Z</time>
      </trkpt>
      <trkpt lat="57.018085" lon="-4.161505">
        <ele>296.375600</ele>
        <time>2023-07-21T18:53:10.573Z</time>
      </trkpt>
      <trkpt lat="57.019165" lon="-4.161284">
        <ele>296.016840</ele>
        <time>2023-07-21T18:53:22.838Z</time>
      </trkpt>
      <trkpt lat="57.019492" lon="-4.161133">
        <ele>295.908471</ele>
        <time>2023-07-21T18:53:26.717Z</time>
      </trkpt>
      <trkpt lat="57.021013" lon="-4.160135">
        <ele>294.489153</ele>
        <time>2023-07-21T18:53:43.375Z</time>
      </trkpt>
      <trkpt lat="57.021619" lon="-4.159970">
        <ele>293.809947</ele>
        <time>2023-07-21T18:53:48.901Z</time>
      </trkpt>
      <trkpt lat="57.022430" lon="-4.159838">
        <ele>291.901207</ele>
        <time>2023-07-21T18:53:55.905Z</time>
      </trkpt>
      <trkpt lat="57.022934" lon="-4.159711">
        <ele>290.708576</ele>
        <time>2023-07-21T18:54:00.159Z</time>
      </trkpt>
      <trkpt lat="57.024044" lon="-4.159352">
        <ele>288.381746</ele>
        <time>2023-07-21T18:54:09.720Z</time>
      </trkpt>
      <trkpt lat="57.026265" lon="-4.158412">
        <ele>284.654430</ele>
        <time>2023-07-21T18:54:30.694Z</time>
      </trkpt>
      <trkpt lat="57.027251" lon="-4.157930">
        <ele>283.512203</ele>
        <time>2023-07-21T18:54:40.393Z</time>
      </trkpt>
      <trkpt lat="57.027673" lon="-4.157833">
        <ele>283.244284</ele>
        <time>2023-07-21T18:54:44.487Z</time>
      </trkpt>
      <trkpt lat="57.028343" lon="-4.157452">
        <ele>282.802454</ele>
        <time>2023-07-21T18:54:51.899Z</time>
      </trkpt>
      <trkpt lat="57.029005" lon="-4.157195">
        <ele>282.717871</ele>
        <time>2023-07-21T18:55:00.205Z</time>
      </trkpt>
      <trkpt lat="57.029062" lon="-4.157052">
        <ele>282.744395</ele>
        <time>2023-07-21T18:55:01.471Z</time>
      </trkpt>
      <trkpt lat="57.029920" lon="-4.156940">
        <ele>282.980908</ele>
        <time>2023-07-21T18:55:12.968Z</time>
      </trkpt>
      <trkpt lat="57.031052" lon="-4.156905">
        <ele>283.080953</ele>
        <time>2023-07-21T18:55:27.439Z</time>
      </trkpt>
      <trkpt lat="57.031659" lon="-4.156985">
        <ele>283.055739</ele>
        <time>2023-07-21T18:55:34.621Z</time>
      </trkpt>
      <trkpt lat="57.032246" lon="-4.157119">
        <ele>282.924521</ele>
        <time>2023-07-21T18:55:41.224Z</time>
      </trkpt>
      <trkpt lat="57.032835" lon="-4.157074">
        <ele>281.990086</ele>
        <time>2023-07-21T18:55:47.046Z</time>
      </trkpt>
      <trkpt lat="57.033223" lon="-4.156983">
        <ele>281.370076</ele>
        <time>2023-07-21T18:55:50.597Z</time>
      </trkpt>
      <trkpt lat="57.033521" lon="-4.156847">
        <ele>280.883366</ele>
        <time>2023-07-21T18:55:53.272Z</time>
      </trkpt>
      <trkpt lat="57.033817" lon="-4.156622">
        <ele>280.375622</ele>
        <time>2023-07-21T18:55:56.002Z</time>
      </trkpt>
      <trkpt lat="57.034118" lon="-4.156232">
        <ele>279.613130</ele>
        <time>2023-07-21T18:55:59.112Z</time>
      </trkpt>
      <trkpt lat="57.034439" lon="-4.155880">
        <ele>278.749936</ele>
        <time>2023-07-21T18:56:02.241Z</time>
      </trkpt>
      <trkpt lat="57.034861" lon="-4.155552">
        <ele>277.691869</ele>
        <time>2023-07-21T18:56:06.015Z</time>
      </trkpt>
      <trkpt lat="57.035201" lon="-4.155281">
        <ele>276.836069</ele>
        <time>2023-07-21T18:56:09.111Z</time>
      </trkpt>
      <trkpt lat="57.037224" lon="-4.153096">
        <ele>273.635012</ele>
        <time>2023-07-21T18:56:31.627Z</time>
      </trkpt>
      <trkpt lat="57.038934" lon="-4.151342">
        <ele>271.354365</ele>
        <time>2023-07-21T18:56:50.726Z</time>
      </trkpt>
      <trkpt lat="57.039459" lon="-4.150961">
        <ele>270.441615</ele>
        <time>2023-07-21T18:56:55.958Z</time>
      </trkpt>
      <trkpt lat="57.040135" lon="-4.150563">
        <ele>269.293754</ele>
        <time>2023-07-21T18:57:02.261Z</time>
      </trkpt>
      <trkpt lat="57.040133" lon="-4.150506">
        <ele>269.243503</ele>
        <time>2023-07-21T18:57:02.574Z</time>
      </trkpt>
      <trkpt lat="57.042077" lon="-4.149206">
        <ele>264.954266</ele>
        <time>2023-07-21T18:57:20.296Z</time>
      </trkpt>
      <trkpt lat="57.042926" lon="-4.148379">
        <ele>264.008167</ele>
        <time>2023-07-21T18:57:29.398Z</time>
      </trkpt>
      <trkpt lat="57.043270" lon="-4.147985">
        <ele>263.609074</ele>
        <time>2023-07-21T18:57:33.823Z</time>
      </trkpt>
      <trkpt lat="57.043800" lon="-4.147249">
        <ele>263.200093</ele>
        <time>2023-07-21T18:57:41.631Z</time>
      </trkpt>
      <trkpt lat="57.044056" lon="-4.146776">
        <ele>263.085283</ele>
        <time>2023-07-21T18:57:45.834Z</time>
      </trkpt>
      <trkpt lat="57.044167" lon="-4.146551">
        <ele>263.033017</ele>
        <time>2023-07-21T18:57:47.757Z</time>
      </trkpt>
      <trkpt lat="57.044314" lon="-4.146131">
        <ele>262.947082</ele>
        <time>2023-07-21T18:57:50.832Z</time>
      </trkpt>
      <trkpt lat="57.045187" lon="-4.141646">
        <ele>261.497776</ele>
        <time>2023-07-21T18:58:17.416Z</time>
      </trkpt>
      <trkpt lat="57.045597" lon="-4.139565">
        <ele>261.076797</ele>
        <time>2023-07-21T18:58:30.449Z</time>
      </trkpt>
      <trkpt lat="57.045913" lon="-4.138809">
        <ele>260.935164</ele>
        <time>2023-07-21T18:58:36.478Z</time>
      </trkpt>
      <trkpt lat="57.046246" lon="-4.138182">
        <ele>260.992559</ele>
        <time>2023-07-21T18:58:42.156Z</time>
      </trkpt>
      <trkpt lat="57.046329" lon="-4.137943">
        <ele>261.011131</ele>
        <time>2023-07-21T18:58:43.881Z</time>
      </trkpt>
      <trkpt lat="57.046356" lon="-4.137655">
        <ele>261.030272</ele>
        <time>2023-07-21T18:58:45.991Z</time>
      </trkpt>
      <trkpt lat="57.046468" lon="-4.137635">
        <ele>261.043821</ele>
        <time>2023-07-21T18:58:47.219Z</time>
      </trkpt>
      <trkpt lat="57.046554" lon="-4.137554">
        <ele>261.055456</ele>
        <time>2023-07-21T18:58:48.361Z</time>
      </trkpt>
      <trkpt lat="57.048172" lon="-4.134296">
        <ele>261.531604</ele>
        <time>2023-07-21T18:59:19.370Z</time>
      </trkpt>
      <trkpt lat="57.048723" lon="-4.133198">
        <ele>260.282704</ele>
        <time>2023-07-21T18:59:28.547Z</time>
      </trkpt>
      <trkpt lat="57.049060" lon="-4.132643">
        <ele>259.456658</ele>
        <time>2023-07-21T18:59:32.661Z</time>
      </trkpt>
      <trkpt lat="57.049231" lon="-4.132481">
        <ele>259.105439</ele>
        <time>2023-07-21T18:59:34.272Z</time>
      </trkpt>
      <trkpt lat="57.049725" lon="-4.132125">
        <ele>257.958231</ele>
        <time>2023-07-21T18:59:38.439Z</time>
      </trkpt>
      <trkpt lat="57.050033" lon="-4.131948">
        <ele>256.603866</ele>
        <time>2023-07-21T18:59:40.893Z</time>
      </trkpt>
      <trkpt lat="57.050182" lon="-4.131905">
        <ele>255.970850</ele>
        <time>2023-07-21T18:59:42.036Z</time>
      </trkpt>
      <trkpt lat="57.050461" lon="-4.131917">
        <ele>254.799556</ele>
        <time>2023-07-21T18:59:44.159Z</time>
      </trkpt>
      <trkpt lat="57.050899" lon="-4.132079">
        <ele>252.924425</ele>
        <time>2023-07-21T18:59:47.558Z</time>
      </trkpt>
      <trkpt lat="57.051086" lon="-4.132196">
        <ele>252.095380</ele>
        <time>2023-07-21T18:59:49.074Z</time>
      </trkpt>
      <trkpt lat="57.051316" lon="-4.132198">
        <ele>251.130050</ele>
        <time>2023-07-21T18:59:50.860Z</time>
      </trkpt>
      <trkpt lat="57.051491" lon="-4.132090">
        <ele>250.601459</ele>
        <time>2023-07-21T18:59:52.331Z</time>
      </trkpt>
      <trkpt lat="57.051613" lon="-4.131976">
        <ele>250.409390</ele>
        <time>2023-07-21T18:59:53.432Z</time>
      </trkpt>
      <trkpt lat="57.052235" lon="-4.131121">
        <ele>249.319434</ele>
        <time>2023-07-21T19:00:00.286Z</time>
      </trkpt>
      <trkpt lat="57.052481" lon="-4.130933">
        <ele>248.945543</ele>
        <time>2023-07-21T19:00:03.375Z</time>
      </trkpt>
      <trkpt lat="57.053001" lon="-4.130677">
        <ele>248.187446</ele>
        <time>2023-07-21T19:00:11.088Z</time>
      </trkpt>
      <trkpt lat="57.053929" lon="-4.130311">
        <ele>246.535355</ele>
        <time>2023-07-21T19:00:20.853Z</time>
      </trkpt>
      <trkpt lat="57.054109" lon="-4.130244">
        <ele>246.215677</ele>
        <time>2023-07-21T19:00:22.414Z</time>
      </trkpt>
      <trkpt lat="57.054483" lon="-4.130231">
        <ele>245.564547</ele>
        <time>2023-07-21T19:00:25.451Z</time>
      </trkpt>
      <trkpt lat="57.054747" lon="-4.130295">
        <ele>245.101032</ele>
        <time>2023-07-21T19:00:27.565Z</time>
      </trkpt>
      <trkpt lat="57.055659" lon="-4.130754">
        <ele>242.132905</ele>
        <time>2023-07-21T19:00:35.042Z</time>
      </trkpt>
      <trkpt lat="57.055683" lon="-4.130763">
        <ele>242.055357</ele>
        <time>2023-07-21T19:00:35.235Z</time>
      </trkpt>
      <trkpt lat="57.056032" lon="-4.130866">
        <ele>240.936277</ele>
        <time>2023-07-21T19:00:38.046Z</time>
      </trkpt>
      <trkpt lat="57.056268" lon="-4.130847">
        <ele>240.188381</ele>
        <time>2023-07-21T19:00:39.964Z</time>
      </trkpt>
      <trkpt lat="57.056448" lon="-4.130777">
        <ele>239.605894</ele>
        <time>2023-07-21T19:00:41.486Z</time>
      </trkpt>
      <trkpt lat="57.057156" lon="-4.130203">
        <ele>239.154767</ele>
        <time>2023-07-21T19:00:48.827Z</time>
      </trkpt>
      <trkpt lat="57.058975" lon="-4.128622">
        <ele>239.539514</ele>
        <time>2023-07-21T19:01:16.747Z</time>
      </trkpt>
      <trkpt lat="57.059262" lon="-4.128403">
        <ele>239.787700</ele>
        <time>2023-07-21T19:01:21.226Z</time>
      </trkpt>
      <trkpt lat="57.059689" lon="-4.128041">
        <ele>240.163253</ele>
        <time>2023-07-21T19:01:28.237Z</time>
      </trkpt>
      <trkpt lat="57.060050" lon="-4.127735">
        <ele>240.678385</ele>
        <time>2023-07-21T19:01:34.423Z</time>
      </trkpt>
      <trkpt lat="57.060318" lon="-4.127510">
        <ele>241.111727</ele>
        <time>2023-07-21T19:01:39.144Z</time>
      </trkpt>
      <trkpt lat="57.060805" lon="-4.127100">
        <ele>241.899559</ele>
        <time>2023-07-21T19:01:48.064Z</time>
      </trkpt>
      <trkpt lat="57.061833" lon="-4.126222">
        <ele>243.660266</ele>
        <time>2023-07-21T19:02:07.691Z</time>
      </trkpt>
      <trkpt lat="57.062461" lon="-4.125667">
        <ele>244.827030</ele>
        <time>2023-07-21T19:02:19.798Z</time>
      </trkpt>
      <trkpt lat="57.062653" lon="-4.125418">
        <ele>245.220450</ele>
        <time>2023-07-21T19:02:23.932Z</time>
      </trkpt>
      <trkpt lat="57.062784" lon="-4.125186">
        <ele>245.524993</ele>
        <time>2023-07-21T19:02:27.155Z</time>
      </trkpt>
      <trkpt lat="57.063121" lon="-4.124448">
        <ele>246.161143</ele>
        <time>2023-07-21T19:02:36.047Z</time>
      </trkpt>
      <trkpt lat="57.063292" lon="-4.124103">
        <ele>246.380574</ele>
        <time>2023-07-21T19:02:39.978Z</time>
      </trkpt>
      <trkpt lat="57.063578" lon="-4.123489">
        <ele>246.760600</ele>
        <time>2023-07-21T19:02:46.247Z</time>
      </trkpt>
      <trkpt lat="57.063659" lon="-4.123309">
        <ele>246.870425</ele>
        <time>2023-07-21T19:02:48.069Z</time>
      </trkpt>
      <trkpt lat="57.063928" lon="-4.122705">
        <ele>247.237408</ele>
        <time>2023-07-21T19:02:53.699Z</time>
      </trkpt>
      <trkpt lat="57.064129" lon="-4.122281">
        <ele>247.455140</ele>
        <time>2023-07-21T19:02:57.771Z</time>
      </trkpt>
      <trkpt lat="57.064141" lon="-4.122255">
        <ele>247.453895</ele>
        <time>2023-07-21T19:02:58.016Z</time>
      </trkpt>
      <trkpt lat="57.064410" lon="-4.121693">
        <ele>247.426561</ele>
        <time>2023-07-21T19:03:03.425Z</time>
      </trkpt>
      <trkpt lat="57.064807" lon="-4.120847">
        <ele>247.385764</ele>
        <time>2023-07-21T19:03:10.303Z</time>
      </trkpt>
      <trkpt lat="57.065360" lon="-4.119675">
        <ele>247.324995</ele>
        <time>2023-07-21T19:03:19.299Z</time>
      </trkpt>
      <trkpt lat="57.065395" lon="-4.119601">
        <ele>247.319704</ele>
        <time>2023-07-21T19:03:19.996Z</time>
      </trkpt>
      <trkpt lat="57.065444" lon="-4.119499">
        <ele>247.312361</ele>
        <time>2023-07-21T19:03:20.871Z</time>
      </trkpt>
      <trkpt lat="57.065615" lon="-4.119137">
        <ele>247.286490</ele>
        <time>2023-07-21T19:03:24.003Z</time>
      </trkpt>
      <trkpt lat="57.065672" lon="-4.119020">
        <ele>247.278015</ele>
        <time>2023-07-21T19:03:25.095Z</time>
      </trkpt>
      <trkpt lat="57.065739" lon="-4.118883">
        <ele>247.268074</ele>
        <time>2023-07-21T19:03:26.267Z</time>
      </trkpt>
      <trkpt lat="57.065765" lon="-4.118824">
        <ele>247.263977</ele>
        <time>2023-07-21T19:03:26.763Z</time>
      </trkpt>
      <trkpt lat="57.066069" lon="-4.118162">
        <ele>247.217229</ele>
        <time>2023-07-21T19:03:32.662Z</time>
      </trkpt>
      <trkpt lat="57.066128" lon="-4.118032">
        <ele>247.208094</ele>
        <time>2023-07-21T19:03:33.823Z</time>
      </trkpt>
      <trkpt lat="57.066898" lon="-4.116338">
        <ele>246.978418</ele>
        <time>2023-07-21T19:03:47.146Z</time>
      </trkpt>
      <trkpt lat="57.067120" lon="-4.115847">
        <ele>246.889776</ele>
        <time>2023-07-21T19:03:50.926Z</time>
      </trkpt>
      <trkpt lat="57.067155" lon="-4.115777">
        <ele>246.876576</ele>
        <time>2023-07-21T19:03:51.499Z</time>
      </trkpt>
      <trkpt lat="57.067310" lon="-4.115291">
        <ele>246.798367</ele>
        <time>2023-07-21T19:03:54.876Z</time>
      </trkpt>
      <trkpt lat="57.067374" lon="-4.115059">
        <ele>246.762257</ele>
        <time>2023-07-21T19:03:56.405Z</time>
      </trkpt>
      <trkpt lat="57.067485" lon="-4.114613">
        <ele>246.707078</ele>
        <time>2023-07-21T19:03:59.384Z</time>
      </trkpt>
      <trkpt lat="57.067695" lon="-4.113726">
        <ele>246.867900</ele>
        <time>2023-07-21T19:04:05.150Z</time>
      </trkpt>
      <trkpt lat="57.068092" lon="-4.112043">
        <ele>247.172865</ele>
        <time>2023-07-21T19:04:18.412Z</time>
      </trkpt>
      <trkpt lat="57.068121" lon="-4.111919">
        <ele>247.195304</ele>
        <time>2023-07-21T19:04:19.477Z</time>
      </trkpt>
      <trkpt lat="57.068129" lon="-4.111877">
        <ele>247.202701</ele>
        <time>2023-07-21T19:04:19.850Z</time>
      </trkpt>
      <trkpt lat="57.068364" lon="-4.110878">
        <ele>247.269794</ele>
        <time>2023-07-21T19:04:29.141Z</time>
      </trkpt>
      <trkpt lat="57.068608" lon="-4.109870">
        <ele>247.296944</ele>
        <time>2023-07-21T19:04:37.443Z</time>
      </trkpt>
      <trkpt lat="57.068913" lon="-4.108472">
        <ele>247.222583</ele>
        <time>2023-07-21T19:04:45.997Z</time>
      </trkpt>
      <trkpt lat="57.069341" lon="-4.105713">
        <ele>244.252194</ele>
        <time>2023-07-21T19:04:59.580Z</time>
      </trkpt>
      <trkpt lat="57.069389" lon="-4.105461">
        <ele>243.975751</ele>
        <time>2023-07-21T19:05:00.812Z</time>
      </trkpt>
      <trkpt lat="57.069818" lon="-4.103866">
        <ele>242.456413</ele>
        <time>2023-07-21T19:05:09.228Z</time>
      </trkpt>
      <trkpt lat="57.069882" lon="-4.103630">
        <ele>242.233125</ele>
        <time>2023-07-21T19:05:10.557Z</time>
      </trkpt>
      <trkpt lat="57.070068" lon="-4.103055">
        <ele>241.666643</ele>
        <time>2023-07-21T19:05:14.050Z</time>
      </trkpt>
      <trkpt lat="57.070312" lon="-4.102404">
        <ele>241.048235</ele>
        <time>2023-07-21T19:05:18.468Z</time>
      </trkpt>
      <trkpt lat="57.070420" lon="-4.102166">
        <ele>240.910249</ele>
        <time>2023-07-21T19:05:20.216Z</time>
      </trkpt>
      <trkpt lat="57.070423" lon="-4.101857">
        <ele>240.772698</ele>
        <time>2023-07-21T19:05:21.990Z</time>
      </trkpt>
      <trkpt lat="57.070666" lon="-4.101365">
        <ele>240.476834</ele>
        <time>2023-07-21T19:05:25.796Z</time>
      </trkpt>
      <trkpt lat="57.071035" lon="-4.100738">
        <ele>240.065553</ele>
        <time>2023-07-21T19:05:30.855Z</time>
      </trkpt>
      <trkpt lat="57.071613" lon="-4.099667">
        <ele>239.136717</ele>
        <time>2023-07-21T19:05:38.821Z</time>
      </trkpt>
      <trkpt lat="57.071891" lon="-4.098903">
        <ele>238.286035</ele>
        <time>2023-07-21T19:05:43.515Z</time>
      </trkpt>
      <trkpt lat="57.072138" lon="-4.098318">
        <ele>237.600643</ele>
        <time>2023-07-21T19:05:47.148Z</time>
      </trkpt>
      <trkpt lat="57.072463" lon="-4.097402">
        <ele>236.588525</ele>
        <time>2023-07-21T19:05:52.294Z</time>
      </trkpt>
      <trkpt lat="57.072541" lon="-4.096980">
        <ele>235.953090</ele>
        <time>2023-07-21T19:05:54.329Z</time>
      </trkpt>
      <trkpt lat="57.072590" lon="-4.096733">
        <ele>235.572257</ele>
        <time>2023-07-21T19:05:57.798Z</time>
      </trkpt>
      <trkpt lat="57.072727" lon="-4.095867">
        <ele>234.265911</ele>
        <time>2023-07-21T19:06:01.865Z</time>
      </trkpt>
      <trkpt lat="57.072731" lon="-4.095579">
        <ele>233.848640</ele>
        <time>2023-07-21T19:06:03.156Z</time>
      </trkpt>
      <trkpt lat="57.072717" lon="-4.094922">
        <ele>232.896319</ele>
        <time>2023-07-21T19:06:06.103Z</time>
      </trkpt>
      <trkpt lat="57.072688" lon="-4.094558">
        <ele>232.363474</ele>
        <time>2023-07-21T19:06:07.764Z</time>
      </trkpt>
      <trkpt lat="57.072555" lon="-4.093692">
        <ele>231.257300</ele>
        <time>2023-07-21T19:06:11.857Z</time>
      </trkpt>
      <trkpt lat="57.072532" lon="-4.092936">
        <ele>230.461907</ele>
        <time>2023-07-21T19:06:15.366Z</time>
      </trkpt>
      <trkpt lat="57.072552" lon="-4.092504">
        <ele>230.006463</ele>
        <time>2023-07-21T19:06:17.417Z</time>
      </trkpt>
      <trkpt lat="57.072610" lon="-4.092086">
        <ele>229.553290</ele>
        <time>2023-07-21T19:06:19.487Z</time>
      </trkpt>
      <trkpt lat="57.072724" lon="-4.091578">
        <ele>228.975968</ele>
        <time>2023-07-21T19:06:22.189Z</time>
      </trkpt>
      <trkpt lat="57.072880" lon="-4.091096">
        <ele>228.386694</ele>
        <time>2023-07-21T19:06:25.039Z</time>
      </trkpt>
      <trkpt lat="57.073494" lon="-4.089935">
        <ele>227.900107</ele>
        <time>2023-07-21T19:06:33.978Z</time>
      </trkpt>
      <trkpt lat="57.073776" lon="-4.089266">
        <ele>227.679028</ele>
        <time>2023-07-21T19:06:39.268Z</time>
      </trkpt>
      <trkpt lat="57.074847" lon="-4.086332">
        <ele>227.448146</ele>
        <time>2023-07-21T19:07:02.240Z</time>
      </trkpt>
      <trkpt lat="57.075001" lon="-4.085628">
        <ele>227.445113</ele>
        <time>2023-07-21T19:07:07.021Z</time>
      </trkpt>
      <trkpt lat="57.075195" lon="-4.083108">
        <ele>227.204662</ele>
        <time>2023-07-21T19:07:22.679Z</time>
      </trkpt>
      <trkpt lat="57.075202" lon="-4.082472">
        <ele>227.144564</ele>
        <time>2023-07-21T19:07:26.582Z</time>
      </trkpt>
      <trkpt lat="57.075165" lon="-4.081615">
        <ele>227.131491</ele>
        <time>2023-07-21T19:07:31.895Z</time>
      </trkpt>
      <trkpt lat="57.075169" lon="-4.081004">
        <ele>227.126290</ele>
        <time>2023-07-21T19:07:35.682Z</time>
      </trkpt>
      <trkpt lat="57.075446" lon="-4.077576">
        <ele>227.209477</ele>
        <time>2023-07-21T19:07:58.816Z</time>
      </trkpt>
      <trkpt lat="57.075530" lon="-4.076117">
        <ele>227.302945</ele>
        <time>2023-07-21T19:08:08.826Z</time>
      </trkpt>
      <trkpt lat="57.075569" lon="-4.075978">
        <ele>227.312911</ele>
        <time>2023-07-21T19:08:11.394Z</time>
      </trkpt>
      <trkpt lat="57.075841" lon="-4.075154">
        <ele>227.235871</ele>
        <time>2023-07-21T19:08:17.340Z</time>
      </trkpt>
      <trkpt lat="57.075950" lon="-4.074695">
        <ele>227.185102</ele>
        <time>2023-07-21T19:08:20.495Z</time>
      </trkpt>
      <trkpt lat="57.076188" lon="-4.073380">
        <ele>227.044624</ele>
        <time>2023-07-21T19:08:29.033Z</time>
      </trkpt>
      <trkpt lat="57.076252" lon="-4.072866">
        <ele>226.991178</ele>
        <time>2023-07-21T19:08:32.007Z</time>
      </trkpt>
      <trkpt lat="57.076352" lon="-4.071650">
        <ele>226.829654</ele>
        <time>2023-07-21T19:08:39.064Z</time>
      </trkpt>
      <trkpt lat="57.076442" lon="-4.070830">
        <ele>226.718583</ele>
        <time>2023-07-21T19:08:44.116Z</time>
      </trkpt>
      <trkpt lat="57.076494" lon="-4.070548">
        <ele>226.679045</ele>
        <time>2023-07-21T19:08:46.035Z</time>
      </trkpt>
      <trkpt lat="57.076626" lon="-4.070159">
        <ele>226.618157</ele>
        <time>2023-07-21T19:08:49.101Z</time>
      </trkpt>
      <trkpt lat="57.077439" lon="-4.068420">
        <ele>226.275043</ele>
        <time>2023-07-21T19:09:03.710Z</time>
      </trkpt>
      <trkpt lat="57.077591" lon="-4.067881">
        <ele>226.181049</ele>
        <time>2023-07-21T19:09:07.281Z</time>
      </trkpt>
      <trkpt lat="57.077660" lon="-4.067526">
        <ele>226.122691</ele>
        <time>2023-07-21T19:09:09.393Z</time>
      </trkpt>
      <trkpt lat="57.077727" lon="-4.066762">
        <ele>225.981824</ele>
        <time>2023-07-21T19:09:13.709Z</time>
      </trkpt>
      <trkpt lat="57.077711" lon="-4.066026">
        <ele>225.790151</ele>
        <time>2023-07-21T19:09:17.806Z</time>
      </trkpt>
      <trkpt lat="57.077693" lon="-4.066018">
        <ele>225.781286</ele>
        <time>2023-07-21T19:09:18.022Z</time>
      </trkpt>
      <trkpt lat="57.077625" lon="-4.066014">
        <ele>225.748712</ele>
        <time>2023-07-21T19:09:19.962Z</time>
      </trkpt>
      <trkpt lat="57.077601" lon="-4.065971">
        <ele>225.732673</ele>
        <time>2023-07-21T19:09:20.335Z</time>
      </trkpt>
      <trkpt lat="57.077583" lon="-4.065396">
        <ele>225.582801</ele>
        <time>2023-07-21T19:09:23.716Z</time>
      </trkpt>
      <trkpt lat="57.077563" lon="-4.065293">
        <ele>225.554339</ele>
        <time>2023-07-21T19:09:25.392Z</time>
      </trkpt>
      <trkpt lat="57.077490" lon="-4.064938">
        <ele>225.455571</ele>
        <time>2023-07-21T19:09:27.491Z</time>
      </trkpt>
      <trkpt lat="57.077482" lon="-4.064444">
        <ele>225.326966</ele>
        <time>2023-07-21T19:09:30.378Z</time>
      </trkpt>
      <trkpt lat="57.077500" lon="-4.063629">
        <ele>225.234572</ele>
        <time>2023-07-21T19:09:35.070Z</time>
      </trkpt>
      <trkpt lat="57.077554" lon="-4.063632">
        <ele>225.262169</ele>
        <time>2023-07-21T19:09:35.684Z</time>
      </trkpt>
      <trkpt lat="57.077616" lon="-4.063626">
        <ele>225.293885</ele>
        <time>2023-07-21T19:09:37.534Z</time>
      </trkpt>
      <trkpt lat="57.077715" lon="-4.063595">
        <ele>225.345186</ele>
        <time>2023-07-21T19:09:38.919Z</time>
      </trkpt>
      <trkpt lat="57.077700" lon="-4.063063">
        <ele>225.493090</ele>
        <time>2023-07-21T19:09:42.632Z</time>
      </trkpt>
      <trkpt lat="57.077713" lon="-4.062484">
        <ele>225.653982</ele>
        <time>2023-07-21T19:09:46.804Z</time>
      </trkpt>
      <trkpt lat="57.077761" lon="-4.062092">
        <ele>225.765545</ele>
        <time>2023-07-21T19:09:49.977Z</time>
      </trkpt>
      <trkpt lat="57.077912" lon="-4.061251">
        <ele>226.011453</ele>
        <time>2023-07-21T19:09:57.017Z</time>
      </trkpt>
      <trkpt lat="57.078010" lon="-4.060741">
        <ele>226.250320</ele>
        <time>2023-07-21T19:10:01.529Z</time>
      </trkpt>
      <trkpt lat="57.078374" lon="-4.058924">
        <ele>227.467948</ele>
        <time>2023-07-21T19:10:17.633Z</time>
      </trkpt>
      <trkpt lat="57.078505" lon="-4.058185">
        <ele>227.956702</ele>
        <time>2023-07-21T19:10:24.621Z</time>
      </trkpt>
      <trkpt lat="57.078871" lon="-4.056357">
        <ele>229.409784</ele>
        <time>2023-07-21T19:10:41.710Z</time>
      </trkpt>
      <trkpt lat="57.078905" lon="-4.056211">
        <ele>229.532236</ele>
        <time>2023-07-21T19:10:43.178Z</time>
      </trkpt>
      <trkpt lat="57.078970" lon="-4.055970">
        <ele>229.739650</ele>
        <time>2023-07-21T19:10:45.739Z</time>
      </trkpt>
      <trkpt lat="57.079420" lon="-4.054540">
        <ele>230.889770</ele>
        <time>2023-07-21T19:11:00.620Z</time>
      </trkpt>
      <trkpt lat="57.079522" lon="-4.054224">
        <ele>231.052096</ele>
        <time>2023-07-21T19:11:03.820Z</time>
      </trkpt>
      <trkpt lat="57.079584" lon="-4.054010">
        <ele>231.159203</ele>
        <time>2023-07-21T19:11:05.820Z</time>
      </trkpt>
      <trkpt lat="57.079664" lon="-4.053722">
        <ele>231.302054</ele>
        <time>2023-07-21T19:11:08.500Z</time>
      </trkpt>
      <trkpt lat="57.079751" lon="-4.053358">
        <ele>231.477678</ele>
        <time>2023-07-21T19:11:11.666Z</time>
      </trkpt>
      <trkpt lat="57.079823" lon="-4.053042">
        <ele>231.629012</ele>
        <time>2023-07-21T19:11:14.488Z</time>
      </trkpt>
      <trkpt lat="57.079858" lon="-4.052893">
        <ele>231.700703</ele>
        <time>2023-07-21T19:11:15.757Z</time>
      </trkpt>
      <trkpt lat="57.079899" lon="-4.052719">
        <ele>231.784464</ele>
        <time>2023-07-21T19:11:17.241Z</time>
      </trkpt>
      <trkpt lat="57.079919" lon="-4.052626">
        <ele>231.828637</ele>
        <time>2023-07-21T19:11:18.009Z</time>
      </trkpt>
      <trkpt lat="57.080133" lon="-4.051679">
        <ele>232.103817</ele>
        <time>2023-07-21T19:11:25.174Z</time>
      </trkpt>
      <trkpt lat="57.080253" lon="-4.051160">
        <ele>231.892322</ele>
        <time>2023-07-21T19:11:28.563Z</time>
      </trkpt>
      <trkpt lat="57.080445" lon="-4.050305">
        <ele>231.545424</ele>
        <time>2023-07-21T19:11:33.634Z</time>
      </trkpt>
      <trkpt lat="57.080519" lon="-4.049973">
        <ele>231.410868</ele>
        <time>2023-07-21T19:11:35.509Z</time>
      </trkpt>
      <trkpt lat="57.080727" lon="-4.049048">
        <ele>231.035498</ele>
        <time>2023-07-21T19:11:40.757Z</time>
      </trkpt>
      <trkpt lat="57.080952" lon="-4.048045">
        <ele>230.637092</ele>
        <time>2023-07-21T19:11:46.445Z</time>
      </trkpt>
      <trkpt lat="57.081169" lon="-4.047094">
        <ele>230.260713</ele>
        <time>2023-07-21T19:11:51.952Z</time>
      </trkpt>
      <trkpt lat="57.081241" lon="-4.046767">
        <ele>230.131966</ele>
        <time>2023-07-21T19:11:53.992Z</time>
      </trkpt>
      <trkpt lat="57.081470" lon="-4.045748">
        <ele>229.734511</ele>
        <time>2023-07-21T19:12:00.666Z</time>
      </trkpt>
      <trkpt lat="57.081481" lon="-4.045697">
        <ele>229.728362</ele>
        <time>2023-07-21T19:12:01.009Z</time>
      </trkpt>
      <trkpt lat="57.081758" lon="-4.044399">
        <ele>229.572090</ele>
        <time>2023-07-21T19:12:10.551Z</time>
      </trkpt>
      <trkpt lat="57.081953" lon="-4.043502">
        <ele>229.463825</ele>
        <time>2023-07-21T19:12:16.587Z</time>
      </trkpt>
      <trkpt lat="57.081970" lon="-4.043424">
        <ele>229.454407</ele>
        <time>2023-07-21T19:12:17.060Z</time>
      </trkpt>
      <trkpt lat="57.082123" lon="-4.042727">
        <ele>229.370168</ele>
        <time>2023-07-21T19:12:21.170Z</time>
      </trkpt>
      <trkpt lat="57.082273" lon="-4.042176">
        <ele>229.191097</ele>
        <time>2023-07-21T19:12:24.510Z</time>
      </trkpt>
      <trkpt lat="57.082339" lon="-4.041957">
        <ele>229.115310</ele>
        <time>2023-07-21T19:12:25.927Z</time>
      </trkpt>
      <trkpt lat="57.082395" lon="-4.041781">
        <ele>229.053587</ele>
        <time>2023-07-21T19:12:27.090Z</time>
      </trkpt>
      <trkpt lat="57.082691" lon="-4.040905">
        <ele>228.741406</ele>
        <time>2023-07-21T19:12:33.047Z</time>
      </trkpt>
      <trkpt lat="57.082818" lon="-4.040549">
        <ele>228.612527</ele>
        <time>2023-07-21T19:12:35.434Z</time>
      </trkpt>
      <trkpt lat="57.083089" lon="-4.039796">
        <ele>228.348929</ele>
        <time>2023-07-21T19:12:40.793Z</time>
      </trkpt>
      <trkpt lat="57.083215" lon="-4.039299">
        <ele>228.247738</ele>
        <time>2023-07-21T19:12:43.842Z</time>
      </trkpt>
      <trkpt lat="57.083278" lon="-4.039263">
        <ele>228.225339</ele>
        <time>2023-07-21T19:12:44.581Z</time>
      </trkpt>
      <trkpt lat="57.083783" lon="-4.037439">
        <ele>227.847629</ele>
        <time>2023-07-21T19:12:57.217Z</time>
      </trkpt>
      <trkpt lat="57.084623" lon="-4.034881">
        <ele>227.014751</ele>
        <time>2023-07-21T19:13:14.612Z</time>
      </trkpt>
      <trkpt lat="57.084880" lon="-4.034638">
        <ele>226.856263</ele>
        <time>2023-07-21T19:13:17.482Z</time>
      </trkpt>
      <trkpt lat="57.084898" lon="-4.034496">
        <ele>226.812802</ele>
        <time>2023-07-21T19:13:18.236Z</time>
      </trkpt>
      <trkpt lat="57.084857" lon="-4.034386">
        <ele>226.773043</ele>
        <time>2023-07-21T19:13:18.957Z</time>
      </trkpt>
      <trkpt lat="57.084840" lon="-4.034241">
        <ele>226.695244</ele>
        <time>2023-07-21T19:13:19.764Z</time>
      </trkpt>
      <trkpt lat="57.084853" lon="-4.034056">
        <ele>226.590502</ele>
        <time>2023-07-21T19:13:20.769Z</time>
      </trkpt>
      <trkpt lat="57.084829" lon="-4.033949">
        <ele>226.525504</ele>
        <time>2023-07-21T19:13:21.370Z</time>
      </trkpt>
      <trkpt lat="57.084978" lon="-4.033055">
        <ele>226.000444</ele>
        <time>2023-07-21T19:13:26.390Z</time>
      </trkpt>
      <trkpt lat="57.085037" lon="-4.032543">
        <ele>225.706564</ele>
        <time>2023-07-21T19:13:29.190Z</time>
      </trkpt>
      <trkpt lat="57.085129" lon="-4.031047">
        <ele>224.869833</ele>
        <time>2023-07-21T19:13:37.046Z</time>
      </trkpt>
      <trkpt lat="57.085151" lon="-4.029809">
        <ele>224.301860</ele>
        <time>2023-07-21T19:13:43.409Z</time>
      </trkpt>
      <trkpt lat="57.085098" lon="-4.027779">
        <ele>223.384347</ele>
        <time>2023-07-21T19:13:54.850Z</time>
      </trkpt>
      <trkpt lat="57.085110" lon="-4.027393">
        <ele>223.331300</ele>
        <time>2023-07-21T19:13:57.081Z</time>
      </trkpt>
      <trkpt lat="57.085169" lon="-4.026985">
        <ele>223.273373</ele>
        <time>2023-07-21T19:13:59.572Z</time>
      </trkpt>
      <trkpt lat="57.085293" lon="-4.026501">
        <ele>223.199956</ele>
        <time>2023-07-21T19:14:02.744Z</time>
      </trkpt>
      <trkpt lat="57.086188" lon="-4.023389">
        <ele>222.963999</ele>
        <time>2023-07-21T19:14:24.701Z</time>
      </trkpt>
      <trkpt lat="57.086233" lon="-4.023232">
        <ele>222.967067</ele>
        <time>2023-07-21T19:14:25.809Z</time>
      </trkpt>
      <trkpt lat="57.086916" lon="-4.020878">
        <ele>223.499013</ele>
        <time>2023-07-21T19:14:44.085Z</time>
      </trkpt>
      <trkpt lat="57.088074" lon="-4.018089">
        <ele>225.472115</ele>
        <time>2023-07-21T19:15:13.648Z</time>
      </trkpt>
      <trkpt lat="57.088783" lon="-4.016224">
        <ele>227.066245</ele>
        <time>2023-07-21T19:15:34.724Z</time>
      </trkpt>
      <trkpt lat="57.089065" lon="-4.015377">
        <ele>227.421134</ele>
        <time>2023-07-21T19:15:43.177Z</time>
      </trkpt>
      <trkpt lat="57.089168" lon="-4.014889">
        <ele>227.608168</ele>
        <time>2023-07-21T19:15:47.373Z</time>
      </trkpt>
      <trkpt lat="57.089235" lon="-4.013805">
        <ele>227.997929</ele>
        <time>2023-07-21T19:15:55.079Z</time>
      </trkpt>
      <trkpt lat="57.089269" lon="-4.013558">
        <ele>228.088959</ele>
        <time>2023-07-21T19:15:56.600Z</time>
      </trkpt>
      <trkpt lat="57.089433" lon="-4.012979">
        <ele>227.853184</ele>
        <time>2023-07-21T19:16:00.300Z</time>
      </trkpt>
      <trkpt lat="57.089780" lon="-4.012059">
        <ele>227.216407</ele>
        <time>2023-07-21T19:16:06.194Z</time>
      </trkpt>
      <trkpt lat="57.090062" lon="-4.011334">
        <ele>226.709448</ele>
        <time>2023-07-21T19:16:10.746Z</time>
      </trkpt>
      <trkpt lat="57.091161" lon="-4.007984">
        <ele>223.984723</ele>
        <time>2023-07-21T19:16:30.487Z</time>
      </trkpt>
      <trkpt lat="57.091390" lon="-4.007236">
        <ele>223.757575</ele>
        <time>2023-07-21T19:16:35.125Z</time>
      </trkpt>
      <trkpt lat="57.091507" lon="-4.006603">
        <ele>223.668535</ele>
        <time>2023-07-21T19:16:38.943Z</time>
      </trkpt>
      <trkpt lat="57.091722" lon="-4.005137">
        <ele>223.466324</ele>
        <time>2023-07-21T19:16:48.633Z</time>
      </trkpt>
      <trkpt lat="57.092500" lon="-4.001842">
        <ele>224.299403</ele>
        <time>2023-07-21T19:17:15.430Z</time>
      </trkpt>
      <trkpt lat="57.092849" lon="-4.000673">
        <ele>224.662992</ele>
        <time>2023-07-21T19:17:25.108Z</time>
      </trkpt>
      <trkpt lat="57.093377" lon="-3.999549">
        <ele>225.065342</ele>
        <time>2023-07-21T19:17:35.921Z</time>
      </trkpt>
      <trkpt lat="57.093440" lon="-3.999379">
        <ele>225.121063</ele>
        <time>2023-07-21T19:17:37.398Z</time>
      </trkpt>
      <trkpt lat="57.093780" lon="-3.998827">
        <ele>225.286241</ele>
        <time>2023-07-21T19:17:43.555Z</time>
      </trkpt>
      <trkpt lat="57.095162" lon="-3.996961">
        <ele>225.537601</ele>
        <time>2023-07-21T19:18:05.432Z</time>
      </trkpt>
      <trkpt lat="57.097342" lon="-3.993239">
        <ele>223.737805</ele>
        <time>2023-07-21T19:18:35.640Z</time>
      </trkpt>
      <trkpt lat="57.097899" lon="-3.992387">
        <ele>223.379580</ele>
        <time>2023-07-21T19:18:43.325Z</time>
      </trkpt>
      <trkpt lat="57.098328" lon="-3.991513">
        <ele>223.266240</ele>
        <time>2023-07-21T19:18:50.540Z</time>
      </trkpt>
      <trkpt lat="57.098731" lon="-3.990530">
        <ele>223.147745</ele>
        <time>2023-07-21T19:18:58.352Z</time>
      </trkpt>
      <trkpt lat="57.099028" lon="-3.989698">
        <ele>223.119942</ele>
        <time>2023-07-21T19:19:04.715Z</time>
      </trkpt>
      <trkpt lat="57.099228" lon="-3.989051">
        <ele>223.149645</ele>
        <time>2023-07-21T19:19:09.490Z</time>
      </trkpt>
      <trkpt lat="57.099428" lon="-3.988162">
        <ele>223.188038</ele>
        <time>2023-07-21T19:19:15.806Z</time>
      </trkpt>
      <trkpt lat="57.099605" lon="-3.987125">
        <ele>223.231409</ele>
        <time>2023-07-21T19:19:23.169Z</time>
      </trkpt>
      <trkpt lat="57.099783" lon="-3.986462">
        <ele>223.355840</ele>
        <time>2023-07-21T19:19:28.219Z</time>
      </trkpt>
      <trkpt lat="57.100226" lon="-3.985163">
        <ele>223.618854</ele>
        <time>2023-07-21T19:19:38.876Z</time>
      </trkpt>
      <trkpt lat="57.100566" lon="-3.984268">
        <ele>223.807118</ele>
        <time>2023-07-21T19:19:46.645Z</time>
      </trkpt>
      <trkpt lat="57.100928" lon="-3.983550">
        <ele>224.001821</ele>
        <time>2023-07-21T19:19:53.554Z</time>
      </trkpt>
      <trkpt lat="57.101153" lon="-3.983207">
        <ele>224.108711</ele>
        <time>2023-07-21T19:19:57.390Z</time>
      </trkpt>
      <trkpt lat="57.102070" lon="-3.982034">
        <ele>224.507610</ele>
        <time>2023-07-21T19:20:12.099Z</time>
      </trkpt>
      <trkpt lat="57.102361" lon="-3.981570">
        <ele>224.625439</ele>
        <time>2023-07-21T19:20:17.291Z</time>
      </trkpt>
      <trkpt lat="57.103313" lon="-3.979579">
        <ele>225.002081</ele>
        <time>2023-07-21T19:20:35.574Z</time>
      </trkpt>
      <trkpt lat="57.103588" lon="-3.978605">
        <ele>224.981395</ele>
        <time>2023-07-21T19:20:42.680Z</time>
      </trkpt>
      <trkpt lat="57.103715" lon="-3.978031">
        <ele>224.969716</ele>
        <time>2023-07-21T19:20:46.585Z</time>
      </trkpt>
      <trkpt lat="57.103854" lon="-3.977041">
        <ele>224.950448</ele>
        <time>2023-07-21T19:20:52.830Z</time>
      </trkpt>
      <trkpt lat="57.103959" lon="-3.976487">
        <ele>224.903122</ele>
        <time>2023-07-21T19:20:56.335Z</time>
      </trkpt>
      <trkpt lat="57.104155" lon="-3.975821">
        <ele>224.813119</ele>
        <time>2023-07-21T19:21:00.985Z</time>
      </trkpt>
      <trkpt lat="57.104388" lon="-3.975251">
        <ele>224.728355</ele>
        <time>2023-07-21T19:21:05.389Z</time>
      </trkpt>
      <trkpt lat="57.104644" lon="-3.974437">
        <ele>224.616594</ele>
        <time>2023-07-21T19:21:11.101Z</time>
      </trkpt>
      <trkpt lat="57.104832" lon="-3.973655">
        <ele>224.532883</ele>
        <time>2023-07-21T19:21:16.190Z</time>
      </trkpt>
      <trkpt lat="57.105182" lon="-3.971863">
        <ele>224.413876</ele>
        <time>2023-07-21T19:21:28.303Z</time>
      </trkpt>
      <trkpt lat="57.105405" lon="-3.971074">
        <ele>224.358293</ele>
        <time>2023-07-21T19:21:33.989Z</time>
      </trkpt>
      <trkpt lat="57.105610" lon="-3.970410">
        <ele>224.279152</ele>
        <time>2023-07-21T19:21:38.756Z</time>
      </trkpt>
      <trkpt lat="57.106138" lon="-3.969308">
        <ele>224.105411</ele>
        <time>2023-07-21T19:21:47.719Z</time>
      </trkpt>
      <trkpt lat="57.106252" lon="-3.968952">
        <ele>224.056551</ele>
        <time>2023-07-21T19:21:50.214Z</time>
      </trkpt>
      <trkpt lat="57.106515" lon="-3.967909">
        <ele>223.910582</ele>
        <time>2023-07-21T19:21:57.177Z</time>
      </trkpt>
      <trkpt lat="57.106677" lon="-3.967438">
        <ele>223.825038</ele>
        <time>2023-07-21T19:22:00.399Z</time>
      </trkpt>
      <trkpt lat="57.108567" lon="-3.963073">
        <ele>223.075418</ele>
        <time>2023-07-21T19:22:34.133Z</time>
      </trkpt>
      <trkpt lat="57.108871" lon="-3.962422">
        <ele>223.047658</ele>
        <time>2023-07-21T19:22:39.780Z</time>
      </trkpt>
      <trkpt lat="57.109892" lon="-3.960617">
        <ele>223.031814</ele>
        <time>2023-07-21T19:22:56.699Z</time>
      </trkpt>
      <trkpt lat="57.110554" lon="-3.959526">
        <ele>222.945706</ele>
        <time>2023-07-21T19:23:06.797Z</time>
      </trkpt>
      <trkpt lat="57.111071" lon="-3.958594">
        <ele>222.873758</ele>
        <time>2023-07-21T19:23:15.074Z</time>
      </trkpt>
      <trkpt lat="57.111370" lon="-3.957963">
        <ele>222.905958</ele>
        <time>2023-07-21T19:23:20.355Z</time>
      </trkpt>
      <trkpt lat="57.113129" lon="-3.953201">
        <ele>223.730342</ele>
        <time>2023-07-21T19:24:00.342Z</time>
      </trkpt>
      <trkpt lat="57.114226" lon="-3.949414">
        <ele>224.425772</ele>
        <time>2023-07-21T19:24:30.727Z</time>
      </trkpt>
      <trkpt lat="57.114456" lon="-3.948841">
        <ele>224.405774</ele>
        <time>2023-07-21T19:24:35.421Z</time>
      </trkpt>
      <trkpt lat="57.115012" lon="-3.947719">
        <ele>224.363144</ele>
        <time>2023-07-21T19:24:44.591Z</time>
      </trkpt>
      <trkpt lat="57.115266" lon="-3.947271">
        <ele>224.376711</ele>
        <time>2023-07-21T19:24:48.247Z</time>
      </trkpt>
      <trkpt lat="57.116568" lon="-3.945391">
        <ele>225.049222</ele>
        <time>2023-07-21T19:25:09.001Z</time>
      </trkpt>
      <trkpt lat="57.116779" lon="-3.945153">
        <ele>225.593656</ele>
        <time>2023-07-21T19:25:13.471Z</time>
      </trkpt>
      <trkpt lat="57.117053" lon="-3.944974">
        <ele>226.459989</ele>
        <time>2023-07-21T19:25:19.193Z</time>
      </trkpt>
      <trkpt lat="57.117308" lon="-3.944911">
        <ele>227.226672</ele>
        <time>2023-07-21T19:25:24.585Z</time>
      </trkpt>
      <trkpt lat="57.118041" lon="-3.944952">
        <ele>229.411955</ele>
        <time>2023-07-21T19:25:41.549Z</time>
      </trkpt>
      <trkpt lat="57.118308" lon="-3.944881">
        <ele>230.215840</ele>
        <time>2023-07-21T19:25:48.224Z</time>
      </trkpt>
      <trkpt lat="57.118580" lon="-3.944718">
        <ele>231.216367</ele>
        <time>2023-07-21T19:25:55.366Z</time>
      </trkpt>
      <trkpt lat="57.118954" lon="-3.944411">
        <ele>232.724075</ele>
        <time>2023-07-21T19:26:05.429Z</time>
      </trkpt>
      <trkpt lat="57.119002" lon="-3.944375">
        <ele>232.914911</ele>
        <time>2023-07-21T19:26:06.645Z</time>
      </trkpt>
      <trkpt lat="57.119084" lon="-3.944299">
        <ele>233.252921</ele>
        <time>2023-07-21T19:26:08.847Z</time>
      </trkpt>
      <trkpt lat="57.119196" lon="-3.944213">
        <ele>233.699728</ele>
        <time>2023-07-21T19:26:11.772Z</time>
      </trkpt>
      <trkpt lat="57.119792" lon="-3.944065">
        <ele>235.914180</ele>
        <time>2023-07-21T19:26:25.643Z</time>
      </trkpt>
      <trkpt lat="57.120542" lon="-3.944109">
        <ele>238.475777</ele>
        <time>2023-07-21T19:26:42.777Z</time>
      </trkpt>
      <trkpt lat="57.120823" lon="-3.944043">
        <ele>239.388719</ele>
        <time>2023-07-21T19:26:49.200Z</time>
      </trkpt>
      <trkpt lat="57.121173" lon="-3.943902">
        <ele>240.543363</ele>
        <time>2023-07-21T19:26:57.275Z</time>
      </trkpt>
      <trkpt lat="57.121563" lon="-3.943589">
        <ele>241.914370</ele>
        <time>2023-07-21T19:27:06.792Z</time>
      </trkpt>
      <trkpt lat="57.121968" lon="-3.943172">
        <ele>243.237828</ele>
        <time>2023-07-21T19:27:16.899Z</time>
      </trkpt>
      <trkpt lat="57.123983" lon="-3.940937">
        <ele>247.825784</ele>
        <time>2023-07-21T19:28:00.032Z</time>
      </trkpt>
      <trkpt lat="57.124287" lon="-3.940462">
        <ele>248.364797</ele>
        <time>2023-07-21T19:28:06.316Z</time>
      </trkpt>
      <trkpt lat="57.125690" lon="-3.937976">
        <ele>249.848100</ele>
        <time>2023-07-21T19:28:33.803Z</time>
      </trkpt>
      <trkpt lat="57.127234" lon="-3.935828">
        <ele>249.600198</ele>
        <time>2023-07-21T19:28:55.897Z</time>
      </trkpt>
      <trkpt lat="57.127505" lon="-3.935357">
        <ele>249.471922</ele>
        <time>2023-07-21T19:28:59.686Z</time>
      </trkpt>
      <trkpt lat="57.128042" lon="-3.934216">
        <ele>247.869371</ele>
        <time>2023-07-21T19:29:07.585Z</time>
      </trkpt>
      <trkpt lat="57.128745" lon="-3.932797">
        <ele>245.719457</ele>
        <time>2023-07-21T19:29:16.357Z</time>
      </trkpt>
      <trkpt lat="57.129139" lon="-3.932140">
        <ele>243.814919</ele>
        <time>2023-07-21T19:29:20.558Z</time>
      </trkpt>
      <trkpt lat="57.129850" lon="-3.931220">
        <ele>240.701099</ele>
        <time>2023-07-21T19:29:27.416Z</time>
      </trkpt>
      <trkpt lat="57.130092" lon="-3.930979">
        <ele>239.715198</ele>
        <time>2023-07-21T19:29:29.578Z</time>
      </trkpt>
      <trkpt lat="57.130406" lon="-3.930774">
        <ele>238.671772</ele>
        <time>2023-07-21T19:29:32.194Z</time>
      </trkpt>
      <trkpt lat="57.130605" lon="-3.930670">
        <ele>238.052763</ele>
        <time>2023-07-21T19:29:33.830Z</time>
      </trkpt>
      <trkpt lat="57.130694" lon="-3.930621">
        <ele>237.774790</ele>
        <time>2023-07-21T19:29:34.571Z</time>
      </trkpt>
      <trkpt lat="57.131186" lon="-3.930229">
        <ele>236.170701</ele>
        <time>2023-07-21T19:29:38.926Z</time>
      </trkpt>
      <trkpt lat="57.131905" lon="-3.929473">
        <ele>233.905443</ele>
        <time>2023-07-21T19:29:46.049Z</time>
      </trkpt>
      <trkpt lat="57.132320" lon="-3.929030">
        <ele>233.321860</ele>
        <time>2023-07-21T19:29:50.254Z</time>
      </trkpt>
      <trkpt lat="57.132566" lon="-3.928712">
        <ele>232.956218</ele>
        <time>2023-07-21T19:29:52.886Z</time>
      </trkpt>
      <trkpt lat="57.133158" lon="-3.927827">
        <ele>232.028635</ele>
        <time>2023-07-21T19:30:00.313Z</time>
      </trkpt>
      <trkpt lat="57.133628" lon="-3.926926">
        <ele>233.443909</ele>
        <time>2023-07-21T19:30:09.695Z</time>
      </trkpt>
      <trkpt lat="57.134430" lon="-3.925369">
        <ele>236.847236</ele>
        <time>2023-07-21T19:30:38.018Z</time>
      </trkpt>
      <trkpt lat="57.135231" lon="-3.923159">
        <ele>243.969520</ele>
        <time>2023-07-21T19:31:20.769Z</time>
      </trkpt>
      <trkpt lat="57.135502" lon="-3.922422">
        <ele>246.332184</ele>
        <time>2023-07-21T19:31:34.008Z</time>
      </trkpt>
      <trkpt lat="57.135751" lon="-3.922041">
        <ele>247.130287</ele>
        <time>2023-07-21T19:31:42.161Z</time>
      </trkpt>
      <trkpt lat="57.136054" lon="-3.921773">
        <ele>247.959085</ele>
        <time>2023-07-21T19:31:49.880Z</time>
      </trkpt>
      <trkpt lat="57.136393" lon="-3.921409">
        <ele>248.926602</ele>
        <time>2023-07-21T19:31:57.309Z</time>
      </trkpt>
      <trkpt lat="57.136758" lon="-3.920849">
        <ele>250.097788</ele>
        <time>2023-07-21T19:32:04.729Z</time>
      </trkpt>
      <trkpt lat="57.137152" lon="-3.920148">
        <ele>250.822103</ele>
        <time>2023-07-21T19:32:12.488Z</time>
      </trkpt>
      <trkpt lat="57.138525" lon="-3.917083">
        <ele>251.933575</ele>
        <time>2023-07-21T19:32:40.296Z</time>
      </trkpt>
      <trkpt lat="57.138927" lon="-3.916187">
        <ele>252.352219</ele>
        <time>2023-07-21T19:32:49.190Z</time>
      </trkpt>
      <trkpt lat="57.140568" lon="-3.912673">
        <ele>254.136962</ele>
        <time>2023-07-21T19:33:26.895Z</time>
      </trkpt>
      <trkpt lat="57.140794" lon="-3.912291">
        <ele>253.995477</ele>
        <time>2023-07-21T19:33:30.394Z</time>
      </trkpt>
      <trkpt lat="57.141525" lon="-3.911077">
        <ele>253.541479</ele>
        <time>2023-07-21T19:33:40.393Z</time>
      </trkpt>
      <trkpt lat="57.144263" lon="-3.906906">
        <ele>249.769883</ele>
        <time>2023-07-21T19:34:14.191Z</time>
      </trkpt>
      <trkpt lat="57.144387" lon="-3.906731">
        <ele>249.609636</ele>
        <time>2023-07-21T19:34:15.834Z</time>
      </trkpt>
      <trkpt lat="57.148192" lon="-3.901656">
        <ele>247.043622</ele>
        <time>2023-07-21T19:35:06.983Z</time>
      </trkpt>
      <trkpt lat="57.148438" lon="-3.901088">
        <ele>246.619576</ele>
        <time>2023-07-21T19:35:10.546Z</time>
      </trkpt>
      <trkpt lat="57.148824" lon="-3.900038">
        <ele>245.698049</ele>
        <time>2023-07-21T19:35:16.593Z</time>
      </trkpt>
      <trkpt lat="57.150867" lon="-3.894902">
        <ele>238.984998</ele>
        <time>2023-07-21T19:35:47.043Z</time>
      </trkpt>
      <trkpt lat="57.150950" lon="-3.894702">
        <ele>238.738933</ele>
        <time>2023-07-21T19:35:48.299Z</time>
      </trkpt>
      <trkpt lat="57.151140" lon="-3.894196">
        <ele>238.137590</ele>
        <time>2023-07-21T19:35:51.326Z</time>
      </trkpt>
      <trkpt lat="57.151283" lon="-3.893715">
        <ele>237.601621</ele>
        <time>2023-07-21T19:35:53.977Z</time>
      </trkpt>
      <trkpt lat="57.151389" lon="-3.893325">
        <ele>237.175375</ele>
        <time>2023-07-21T19:35:56.094Z</time>
      </trkpt>
      <trkpt lat="57.151490" lon="-3.892722">
        <ele>236.558714</ele>
        <time>2023-07-21T19:35:59.126Z</time>
      </trkpt>
      <trkpt lat="57.151522" lon="-3.892269">
        <ele>236.112337</ele>
        <time>2023-07-21T19:36:01.331Z</time>
      </trkpt>
      <trkpt lat="57.151483" lon="-3.891592">
        <ele>235.520171</ele>
        <time>2023-07-21T19:36:04.642Z</time>
      </trkpt>
      <trkpt lat="57.151481" lon="-3.890642">
        <ele>234.758197</ele>
        <time>2023-07-21T19:36:09.350Z</time>
      </trkpt>
      <trkpt lat="57.151548" lon="-3.889997">
        <ele>234.231461</ele>
        <time>2023-07-21T19:36:12.590Z</time>
      </trkpt>
      <trkpt lat="57.151773" lon="-3.888692">
        <ele>233.174350</ele>
        <time>2023-07-21T19:36:19.478Z</time>
      </trkpt>
      <trkpt lat="57.151880" lon="-3.888334">
        <ele>233.063747</ele>
        <time>2023-07-21T19:36:21.705Z</time>
      </trkpt>
      <trkpt lat="57.152311" lon="-3.887592">
        <ele>232.769572</ele>
        <time>2023-07-21T19:36:27.934Z</time>
      </trkpt>
      <trkpt lat="57.152462" lon="-3.887210">
        <ele>232.641673</ele>
        <time>2023-07-21T19:36:30.824Z</time>
      </trkpt>
      <trkpt lat="57.153418" lon="-3.884034">
        <ele>232.016167</ele>
        <time>2023-07-21T19:36:53.297Z</time>
      </trkpt>
      <trkpt lat="57.153506" lon="-3.883870">
        <ele>231.988641</ele>
        <time>2023-07-21T19:36:54.633Z</time>
      </trkpt>
      <trkpt lat="57.154148" lon="-3.883132">
        <ele>231.629642</ele>
        <time>2023-07-21T19:37:02.903Z</time>
      </trkpt>
      <trkpt lat="57.154745" lon="-3.882229">
        <ele>231.051700</ele>
        <time>2023-07-21T19:37:10.792Z</time>
      </trkpt>
      <trkpt lat="57.155301" lon="-3.881511">
        <ele>230.533322</ele>
        <time>2023-07-21T19:37:17.382Z</time>
      </trkpt>
      <trkpt lat="57.155468" lon="-3.881206">
        <ele>230.212419</ele>
        <time>2023-07-21T19:37:19.668Z</time>
      </trkpt>
      <trkpt lat="57.156336" lon="-3.879201">
        <ele>228.312919</ele>
        <time>2023-07-21T19:37:32.756Z</time>
      </trkpt>
      <trkpt lat="57.156537" lon="-3.878924">
        <ele>227.932934</ele>
        <time>2023-07-21T19:37:34.970Z</time>
      </trkpt>
      <trkpt lat="57.157167" lon="-3.878454">
        <ele>226.738861</ele>
        <time>2023-07-21T19:37:41.004Z</time>
      </trkpt>
      <trkpt lat="57.157350" lon="-3.878384">
        <ele>226.410486</ele>
        <time>2023-07-21T19:37:42.753Z</time>
      </trkpt>
      <trkpt lat="57.157656" lon="-3.878341">
        <ele>225.871288</ele>
        <time>2023-07-21T19:37:45.618Z</time>
      </trkpt>
      <trkpt lat="57.158224" lon="-3.878383">
        <ele>224.850476</ele>
        <time>2023-07-21T19:37:50.727Z</time>
      </trkpt>
      <trkpt lat="57.158651" lon="-3.878309">
        <ele>223.852545</ele>
        <time>2023-07-21T19:37:54.351Z</time>
      </trkpt>
      <trkpt lat="57.158999" lon="-3.878060">
        <ele>222.983987</ele>
        <time>2023-07-21T19:37:57.421Z</time>
      </trkpt>
      <trkpt lat="57.159288" lon="-3.877733">
        <ele>222.195032</ele>
        <time>2023-07-21T19:38:00.233Z</time>
      </trkpt>
      <trkpt lat="57.159477" lon="-3.877373">
        <ele>221.562772</ele>
        <time>2023-07-21T19:38:02.565Z</time>
      </trkpt>
      <trkpt lat="57.159569" lon="-3.877025">
        <ele>221.074252</ele>
        <time>2023-07-21T19:38:04.460Z</time>
      </trkpt>
      <trkpt lat="57.159587" lon="-3.876531">
        <ele>220.620430</ele>
        <time>2023-07-21T19:38:06.933Z</time>
      </trkpt>
      <trkpt lat="57.159569" lon="-3.876175">
        <ele>220.421408</ele>
        <time>2023-07-21T19:38:08.639Z</time>
      </trkpt>
      <trkpt lat="57.159417" lon="-3.875621">
        <ele>220.075809</ele>
        <time>2023-07-21T19:38:11.629Z</time>
      </trkpt>
      <trkpt lat="57.159272" lon="-3.874948">
        <ele>219.672708</ele>
        <time>2023-07-21T19:38:15.170Z</time>
      </trkpt>
      <trkpt lat="57.159197" lon="-3.874249">
        <ele>219.276073</ele>
        <time>2023-07-21T19:38:18.940Z</time>
      </trkpt>
      <trkpt lat="57.159182" lon="-3.873889">
        <ele>219.075091</ele>
        <time>2023-07-21T19:38:21.148Z</time>
      </trkpt>
      <trkpt lat="57.159216" lon="-3.873566">
        <ele>218.928117</ele>
        <time>2023-07-21T19:38:23.602Z</time>
      </trkpt>
      <trkpt lat="57.159601" lon="-3.872038">
        <ele>219.960484</ele>
        <time>2023-07-21T19:38:38.816Z</time>
      </trkpt>
      <trkpt lat="57.159856" lon="-3.870267">
        <ele>221.061593</ele>
        <time>2023-07-21T19:38:54.414Z</time>
      </trkpt>
      <trkpt lat="57.160027" lon="-3.869647">
        <ele>221.422825</ele>
        <time>2023-07-21T19:39:00.279Z</time>
      </trkpt>
      <trkpt lat="57.160278" lon="-3.869226">
        <ele>221.747752</ele>
        <time>2023-07-21T19:39:05.782Z</time>
      </trkpt>
      <trkpt lat="57.160374" lon="-3.869127">
        <ele>221.853086</ele>
        <time>2023-07-21T19:39:07.337Z</time>
      </trkpt>
      <trkpt lat="57.160573" lon="-3.868914">
        <ele>222.073433</ele>
        <time>2023-07-21T19:39:11.030Z</time>
      </trkpt>
      <trkpt lat="57.161090" lon="-3.868411">
        <ele>222.633217</ele>
        <time>2023-07-21T19:39:19.170Z</time>
      </trkpt>
      <trkpt lat="57.161273" lon="-3.868154">
        <ele>222.919486</ele>
        <time>2023-07-21T19:39:22.124Z</time>
      </trkpt>
      <trkpt lat="57.161444" lon="-3.867714">
        <ele>223.298405</ele>
        <time>2023-07-21T19:39:25.722Z</time>
      </trkpt>
      <trkpt lat="57.161595" lon="-3.866764">
        <ele>223.991360</ele>
        <time>2023-07-21T19:39:33.486Z</time>
      </trkpt>
      <trkpt lat="57.161636" lon="-3.865690">
        <ele>224.744992</ele>
        <time>2023-07-21T19:39:44.036Z</time>
      </trkpt>
      <trkpt lat="57.161685" lon="-3.865209">
        <ele>225.212750</ele>
        <time>2023-07-21T19:39:49.221Z</time>
      </trkpt>
      <trkpt lat="57.161788" lon="-3.864838">
        <ele>225.862501</ele>
        <time>2023-07-21T19:39:53.626Z</time>
      </trkpt>
      <trkpt lat="57.162015" lon="-3.864397">
        <ele>226.810387</ele>
        <time>2023-07-21T19:40:00.529Z</time>
      </trkpt>
      <trkpt lat="57.162148" lon="-3.864181">
        <ele>227.319870</ele>
        <time>2023-07-21T19:40:04.415Z</time>
      </trkpt>
      <trkpt lat="57.162495" lon="-3.863503">
        <ele>228.773217</ele>
        <time>2023-07-21T19:40:15.380Z</time>
      </trkpt>
      <trkpt lat="57.163111" lon="-3.862480">
        <ele>230.840091</ele>
        <time>2023-07-21T19:40:33.909Z</time>
      </trkpt>
      <trkpt lat="57.163352" lon="-3.862115">
        <ele>231.453113</ele>
        <time>2023-07-21T19:40:40.239Z</time>
      </trkpt>
      <trkpt lat="57.165093" lon="-3.859828">
        <ele>233.950222</ele>
        <time>2023-07-21T19:41:14.542Z</time>
      </trkpt>
      <trkpt lat="57.165417" lon="-3.859352">
        <ele>234.057362</ele>
        <time>2023-07-21T19:41:19.040Z</time>
      </trkpt>
      <trkpt lat="57.166674" lon="-3.856871">
        <ele>232.079366</ele>
        <time>2023-07-21T19:41:36.057Z</time>
      </trkpt>
      <trkpt lat="57.167369" lon="-3.855903">
        <ele>230.757744</ele>
        <time>2023-07-21T19:41:44.035Z</time>
      </trkpt>
      <trkpt lat="57.167905" lon="-3.855020">
        <ele>229.625160</ele>
        <time>2023-07-21T19:41:50.766Z</time>
      </trkpt>
      <trkpt lat="57.168433" lon="-3.854010">
        <ele>228.238513</ele>
        <time>2023-07-21T19:41:57.592Z</time>
      </trkpt>
      <trkpt lat="57.168869" lon="-3.853179">
        <ele>226.684880</ele>
        <time>2023-07-21T19:42:02.990Z</time>
      </trkpt>
      <trkpt lat="57.169101" lon="-3.852730">
        <ele>225.851575</ele>
        <time>2023-07-21T19:42:05.811Z</time>
      </trkpt>
      <trkpt lat="57.170043" lon="-3.851208">
        <ele>222.830908</ele>
        <time>2023-07-21T19:42:16.064Z</time>
      </trkpt>
      <trkpt lat="57.170789" lon="-3.850182">
        <ele>220.647887</ele>
        <time>2023-07-21T19:42:24.034Z</time>
      </trkpt>
      <trkpt lat="57.171182" lon="-3.849680">
        <ele>220.032647</ele>
        <time>2023-07-21T19:42:28.499Z</time>
      </trkpt>
      <trkpt lat="57.171505" lon="-3.849168">
        <ele>219.950624</ele>
        <time>2023-07-21T19:42:32.767Z</time>
      </trkpt>
      <trkpt lat="57.171824" lon="-3.848596">
        <ele>219.864942</ele>
        <time>2023-07-21T19:42:37.872Z</time>
      </trkpt>
      <trkpt lat="57.172316" lon="-3.847556">
        <ele>219.787943</ele>
        <time>2023-07-21T19:42:48.452Z</time>
      </trkpt>
      <trkpt lat="57.172461" lon="-3.847233">
        <ele>220.019172</ele>
        <time>2023-07-21T19:42:51.919Z</time>
      </trkpt>
      <trkpt lat="57.173147" lon="-3.845597">
        <ele>221.159557</ele>
        <time>2023-07-21T19:43:10.022Z</time>
      </trkpt>
      <trkpt lat="57.173631" lon="-3.844345">
        <ele>221.279586</ele>
        <time>2023-07-21T19:43:21.785Z</time>
      </trkpt>
      <trkpt lat="57.174069" lon="-3.843118">
        <ele>220.769317</ele>
        <time>2023-07-21T19:43:30.059Z</time>
      </trkpt>
      <trkpt lat="57.174619" lon="-3.841429">
        <ele>219.596167</ele>
        <time>2023-07-21T19:43:39.512Z</time>
      </trkpt>
      <trkpt lat="57.175261" lon="-3.839308">
        <ele>217.543371</ele>
        <time>2023-07-21T19:43:51.246Z</time>
      </trkpt>
      <trkpt lat="57.175449" lon="-3.838805">
        <ele>217.956810</ele>
        <time>2023-07-21T19:43:54.787Z</time>
      </trkpt>
      <trkpt lat="57.175964" lon="-3.837694">
        <ele>218.946001</ele>
        <time>2023-07-21T19:44:06.247Z</time>
      </trkpt>
      <trkpt lat="57.176293" lon="-3.837135">
        <ele>219.504352</ele>
        <time>2023-07-21T19:44:14.952Z</time>
      </trkpt>
      <trkpt lat="57.176615" lon="-3.836680">
        <ele>220.712453</ele>
        <time>2023-07-21T19:44:24.599Z</time>
      </trkpt>
      <trkpt lat="57.177282" lon="-3.835855">
        <ele>224.520025</ele>
        <time>2023-07-21T19:44:47.430Z</time>
      </trkpt>
      <trkpt lat="57.177824" lon="-3.835338">
        <ele>227.413080</ele>
        <time>2023-07-21T19:45:06.216Z</time>
      </trkpt>
      <trkpt lat="57.178466" lon="-3.834880">
        <ele>228.560615</ele>
        <time>2023-07-21T19:45:23.721Z</time>
      </trkpt>
      <trkpt lat="57.179015" lon="-3.834734">
        <ele>228.860656</ele>
        <time>2023-07-21T19:45:31.704Z</time>
      </trkpt>
      <trkpt lat="57.179604" lon="-3.834755">
        <ele>229.179325</ele>
        <time>2023-07-21T19:45:37.139Z</time>
      </trkpt>
      <trkpt lat="57.179820" lon="-3.834778">
        <ele>228.982421</ele>
        <time>2023-07-21T19:45:38.844Z</time>
      </trkpt>
      <trkpt lat="57.180152" lon="-3.834821">
        <ele>227.561856</ele>
        <time>2023-07-21T19:45:41.423Z</time>
      </trkpt>
      <trkpt lat="57.180523" lon="-3.834880">
        <ele>225.972443</ele>
        <time>2023-07-21T19:45:44.213Z</time>
      </trkpt>
      <trkpt lat="57.180950" lon="-3.834879">
        <ele>224.149874</ele>
        <time>2023-07-21T19:45:47.365Z</time>
      </trkpt>
      <trkpt lat="57.181300" lon="-3.834787">
        <ele>222.640882</ele>
        <time>2023-07-21T19:45:50.014Z</time>
      </trkpt>
      <trkpt lat="57.181788" lon="-3.834397">
        <ele>221.102615</ele>
        <time>2023-07-21T19:45:54.389Z</time>
      </trkpt>
      <trkpt lat="57.181977" lon="-3.834118">
        <ele>220.692690</ele>
        <time>2023-07-21T19:45:56.550Z</time>
      </trkpt>
      <trkpt lat="57.182204" lon="-3.833591">
        <ele>220.074801</ele>
        <time>2023-07-21T19:46:00.077Z</time>
      </trkpt>
      <trkpt lat="57.182255" lon="-3.833642">
        <ele>219.976558</ele>
        <time>2023-07-21T19:46:00.668Z</time>
      </trkpt>
      <trkpt lat="57.182322" lon="-3.833610">
        <ele>219.859347</ele>
        <time>2023-07-21T19:46:01.360Z</time>
      </trkpt>
      <trkpt lat="57.182355" lon="-3.833510">
        <ele>219.751884</ele>
        <time>2023-07-21T19:46:01.976Z</time>
      </trkpt>
      <trkpt lat="57.182341" lon="-3.833394">
        <ele>219.642802</ele>
        <time>2023-07-21T19:46:02.570Z</time>
      </trkpt>
      <trkpt lat="57.182676" lon="-3.832757">
        <ele>218.828097</ele>
        <time>2023-07-21T19:46:07.269Z</time>
      </trkpt>
      <trkpt lat="57.183133" lon="-3.831923">
        <ele>217.799035</ele>
        <time>2023-07-21T19:46:13.536Z</time>
      </trkpt>
      <trkpt lat="57.183619" lon="-3.831312">
        <ele>216.877325</ele>
        <time>2023-07-21T19:46:19.025Z</time>
      </trkpt>
      <trkpt lat="57.183998" lon="-3.830951">
        <ele>216.208843</ele>
        <time>2023-07-21T19:46:22.757Z</time>
      </trkpt>
      <trkpt lat="57.184687" lon="-3.830360">
        <ele>215.088635</ele>
        <time>2023-07-21T19:46:29.282Z</time>
      </trkpt>
      <trkpt lat="57.185366" lon="-3.829784">
        <ele>214.035442</ele>
        <time>2023-07-21T19:46:36.121Z</time>
      </trkpt>
      <trkpt lat="57.185657" lon="-3.829593">
        <ele>213.600164</ele>
        <time>2023-07-21T19:46:39.161Z</time>
      </trkpt>
      <trkpt lat="57.185998" lon="-3.829409">
        <ele>213.191744</ele>
        <time>2023-07-21T19:46:42.900Z</time>
      </trkpt>
      <trkpt lat="57.186160" lon="-3.829344">
        <ele>213.213570</ele>
        <time>2023-07-21T19:46:44.794Z</time>
      </trkpt>
      <trkpt lat="57.186444" lon="-3.829310">
        <ele>213.251038</ele>
        <time>2023-07-21T19:46:48.094Z</time>
      </trkpt>
      <trkpt lat="57.186767" lon="-3.829325">
        <ele>213.293575</ele>
        <time>2023-07-21T19:46:51.984Z</time>
      </trkpt>
      <trkpt lat="57.187052" lon="-3.829361">
        <ele>213.331183</ele>
        <time>2023-07-21T19:46:55.525Z</time>
      </trkpt>
      <trkpt lat="57.187300" lon="-3.829391">
        <ele>213.363903</ele>
        <time>2023-07-21T19:46:58.787Z</time>
      </trkpt>
      <trkpt lat="57.187978" lon="-3.829469">
        <ele>213.488555</ele>
        <time>2023-07-21T19:47:08.305Z</time>
      </trkpt>
      <trkpt lat="57.188058" lon="-3.829472">
        <ele>213.510442</ele>
        <time>2023-07-21T19:47:09.450Z</time>
      </trkpt>
      <trkpt lat="57.188129" lon="-3.829473">
        <ele>213.529863</ele>
        <time>2023-07-21T19:47:10.485Z</time>
      </trkpt>
      <trkpt lat="57.188507" lon="-3.829451">
        <ele>213.633307</ele>
        <time>2023-07-21T19:47:15.518Z</time>
      </trkpt>
      <trkpt lat="57.189035" lon="-3.829412">
        <ele>213.777844</ele>
        <time>2023-07-21T19:47:21.879Z</time>
      </trkpt>
      <trkpt lat="57.189262" lon="-3.829392">
        <ele>213.840005</ele>
        <time>2023-07-21T19:47:24.562Z</time>
      </trkpt>
      <trkpt lat="57.189648" lon="-3.829351">
        <ele>213.929072</ele>
        <time>2023-07-21T19:47:29.207Z</time>
      </trkpt>
      <trkpt lat="57.189842" lon="-3.829321">
        <ele>213.955499</ele>
        <time>2023-07-21T19:47:31.535Z</time>
      </trkpt>
      <trkpt lat="57.190068" lon="-3.829277">
        <ele>213.986347</ele>
        <time>2023-07-21T19:47:34.325Z</time>
      </trkpt>
      <trkpt lat="57.190325" lon="-3.829224">
        <ele>214.021450</ele>
        <time>2023-07-21T19:47:37.505Z</time>
      </trkpt>
      <trkpt lat="57.190714" lon="-3.829124">
        <ele>214.074763</ele>
        <time>2023-07-21T19:47:42.169Z</time>
      </trkpt>
      <trkpt lat="57.191094" lon="-3.829032">
        <ele>214.126787</ele>
        <time>2023-07-21T19:47:46.791Z</time>
      </trkpt>
      <trkpt lat="57.191180" lon="-3.829015">
        <ele>214.138528</ele>
        <time>2023-07-21T19:47:47.827Z</time>
      </trkpt>
      <trkpt lat="57.191300" lon="-3.829000">
        <ele>214.154854</ele>
        <time>2023-07-21T19:47:49.254Z</time>
      </trkpt>
      <trkpt lat="57.191462" lon="-3.828995">
        <ele>214.295212</ele>
        <time>2023-07-21T19:47:51.408Z</time>
      </trkpt>
      <trkpt lat="57.191570" lon="-3.829115">
        <ele>214.413271</ele>
        <time>2023-07-21T19:47:53.098Z</time>
      </trkpt>
      <trkpt lat="57.191583" lon="-3.829282">
        <ele>214.498882</ele>
        <time>2023-07-21T19:47:54.346Z</time>
      </trkpt>
      <trkpt lat="57.191662" lon="-3.829348">
        <ele>214.580094</ele>
        <time>2023-07-21T19:47:55.627Z</time>
      </trkpt>
      <trkpt lat="57.191702" lon="-3.829331">
        <ele>214.618534</ele>
        <time>2023-07-21T19:47:56.252Z</time>
      </trkpt>
      <trkpt lat="57.191746" lon="-3.829243">
        <ele>214.679296</ele>
        <time>2023-07-21T19:47:57.230Z</time>
      </trkpt>
      <trkpt lat="57.191750" lon="-3.829130">
        <ele>214.736758</ele>
        <time>2023-07-21T19:47:58.158Z</time>
      </trkpt>
      <trkpt lat="57.191718" lon="-3.829041">
        <ele>214.790958</ele>
        <time>2023-07-21T19:47:58.993Z</time>
      </trkpt>
      <trkpt lat="57.191806" lon="-3.828913">
        <ele>214.895889</ele>
        <time>2023-07-21T19:48:00.791Z</time>
      </trkpt>
      <trkpt lat="57.191900" lon="-3.828880">
        <ele>214.985500</ele>
        <time>2023-07-21T19:48:02.330Z</time>
      </trkpt>
      <trkpt lat="57.192405" lon="-3.828768">
        <ele>215.461841</ele>
        <time>2023-07-21T19:48:10.466Z</time>
      </trkpt>
      <trkpt lat="57.192715" lon="-3.828748">
        <ele>215.752337</ele>
        <time>2023-07-21T19:48:15.439Z</time>
      </trkpt>
      <trkpt lat="57.192968" lon="-3.828791">
        <ele>215.957808</ele>
        <time>2023-07-21T19:48:19.355Z</time>
      </trkpt>
      <trkpt lat="57.193595" lon="-3.828950">
        <ele>216.421394</ele>
        <time>2023-07-21T19:48:28.552Z</time>
      </trkpt>
      <trkpt lat="57.193692" lon="-3.828966">
        <ele>216.492729</ele>
        <time>2023-07-21T19:48:29.954Z</time>
      </trkpt>
      <trkpt lat="57.194239" lon="-3.829079">
        <ele>216.895903</ele>
        <time>2023-07-21T19:48:37.617Z</time>
      </trkpt>
      <trkpt lat="57.194711" lon="-3.829091">
        <ele>217.164610</ele>
        <time>2023-07-21T19:48:43.913Z</time>
      </trkpt>
      <trkpt lat="57.194950" lon="-3.829097">
        <ele>217.177034</ele>
        <time>2023-07-21T19:48:46.914Z</time>
      </trkpt>
      <trkpt lat="57.195128" lon="-3.829101">
        <ele>217.186288</ele>
        <time>2023-07-21T19:48:49.073Z</time>
      </trkpt>
      <trkpt lat="57.195190" lon="-3.829103">
        <ele>217.189511</ele>
        <time>2023-07-21T19:48:49.807Z</time>
      </trkpt>
      <trkpt lat="57.196201" lon="-3.829129">
        <ele>217.242069</ele>
        <time>2023-07-21T19:49:01.487Z</time>
      </trkpt>
      <trkpt lat="57.196321" lon="-3.829131">
        <ele>217.248307</ele>
        <time>2023-07-21T19:49:02.948Z</time>
      </trkpt>
      <trkpt lat="57.196540" lon="-3.829134">
        <ele>217.233390</ele>
        <time>2023-07-21T19:49:05.586Z</time>
      </trkpt>
      <trkpt lat="57.196560" lon="-3.829135">
        <ele>217.230769</ele>
        <time>2023-07-21T19:49:05.817Z</time>
      </trkpt>
      <trkpt lat="57.197353" lon="-3.829061">
        <ele>217.126770</ele>
        <time>2023-07-21T19:49:15.030Z</time>
      </trkpt>
      <trkpt lat="57.197607" lon="-3.829032">
        <ele>217.093438</ele>
        <time>2023-07-21T19:49:17.877Z</time>
      </trkpt>
      <trkpt lat="57.197887" lon="-3.828991">
        <ele>217.056648</ele>
        <time>2023-07-21T19:49:21.027Z</time>
      </trkpt>
      <trkpt lat="57.198265" lon="-3.828896">
        <ele>217.021338</ele>
        <time>2023-07-21T19:49:25.299Z</time>
      </trkpt>
      <trkpt lat="57.198302" lon="-3.828886">
        <ele>217.023654</ele>
        <time>2023-07-21T19:49:25.696Z</time>
      </trkpt>
      <trkpt lat="57.198525" lon="-3.828831">
        <ele>217.037587</ele>
        <time>2023-07-21T19:49:28.258Z</time>
      </trkpt>
      <trkpt lat="57.199028" lon="-3.828706">
        <ele>217.069020</ele>
        <time>2023-07-21T19:49:34.068Z</time>
      </trkpt>
      <trkpt lat="57.199797" lon="-3.828469">
        <ele>217.117303</ele>
        <time>2023-07-21T19:49:43.394Z</time>
      </trkpt>
      <trkpt lat="57.200458" lon="-3.828208">
        <ele>217.739805</ele>
        <time>2023-07-21T19:49:52.843Z</time>
      </trkpt>
      <trkpt lat="57.200578" lon="-3.828161">
        <ele>217.889052</ele>
        <time>2023-07-21T19:49:54.782Z</time>
      </trkpt>
      <trkpt lat="57.201025" lon="-3.827993">
        <ele>218.444045</ele>
        <time>2023-07-21T19:50:02.260Z</time>
      </trkpt>
      <trkpt lat="57.202398" lon="-3.827364">
        <ele>220.180839</ele>
        <time>2023-07-21T19:50:26.760Z</time>
      </trkpt>
      <trkpt lat="57.202889" lon="-3.827133">
        <ele>220.808691</ele>
        <time>2023-07-21T19:50:34.925Z</time>
      </trkpt>
      <trkpt lat="57.203434" lon="-3.826938">
        <ele>221.496576</ele>
        <time>2023-07-21T19:50:43.027Z</time>
      </trkpt>
      <trkpt lat="57.203770" lon="-3.826851">
        <ele>221.575360</ele>
        <time>2023-07-21T19:50:47.492Z</time>
      </trkpt>
      <trkpt lat="57.204723" lon="-3.826803">
        <ele>221.671620</ele>
        <time>2023-07-21T19:50:58.821Z</time>
      </trkpt>
      <trkpt lat="57.204796" lon="-3.826804">
        <ele>221.678991</ele>
        <time>2023-07-21T19:50:59.659Z</time>
      </trkpt>
      <trkpt lat="57.205669" lon="-3.826789">
        <ele>221.596128</ele>
        <time>2023-07-21T19:51:09.612Z</time>
      </trkpt>
      <trkpt lat="57.205698" lon="-3.826785">
        <ele>221.586660</ele>
        <time>2023-07-21T19:51:09.960Z</time>
      </trkpt>
      <trkpt lat="57.205734" lon="-3.826777">
        <ele>221.574855</ele>
        <time>2023-07-21T19:51:10.380Z</time>
      </trkpt>
      <trkpt lat="57.205836" lon="-3.826757">
        <ele>221.541458</ele>
        <time>2023-07-21T19:51:11.561Z</time>
      </trkpt>
      <trkpt lat="57.205947" lon="-3.826711">
        <ele>221.504419</ele>
        <time>2023-07-21T19:51:12.805Z</time>
      </trkpt>
      <trkpt lat="57.206339" lon="-3.826413">
        <ele>221.366395</ele>
        <time>2023-07-21T19:51:17.305Z</time>
      </trkpt>
      <trkpt lat="57.206694" lon="-3.825990">
        <ele>221.228834</ele>
        <time>2023-07-21T19:51:21.805Z</time>
      </trkpt>
      <trkpt lat="57.206800" lon="-3.825847">
        <ele>221.186091</ele>
        <time>2023-07-21T19:51:23.259Z</time>
      </trkpt>
      <trkpt lat="57.207187" lon="-3.825370">
        <ele>221.394974</ele>
        <time>2023-07-21T19:51:28.252Z</time>
      </trkpt>
      <trkpt lat="57.207383" lon="-3.825195">
        <ele>221.564046</ele>
        <time>2023-07-21T19:51:30.585Z</time>
      </trkpt>
      <trkpt lat="57.207622" lon="-3.825052">
        <ele>221.759150</ele>
        <time>2023-07-21T19:51:33.710Z</time>
      </trkpt>
      <trkpt lat="57.208737" lon="-3.824588">
        <ele>222.893725</ele>
        <time>2023-07-21T19:51:52.362Z</time>
      </trkpt>
      <trkpt lat="57.208834" lon="-3.824544">
        <ele>223.147184</ele>
        <time>2023-07-21T19:51:54.354Z</time>
      </trkpt>
      <trkpt lat="57.208868" lon="-3.824528">
        <ele>223.236218</ele>
        <time>2023-07-21T19:51:55.054Z</time>
      </trkpt>
      <trkpt lat="57.209592" lon="-3.824189">
        <ele>225.131536</ele>
        <time>2023-07-21T19:52:10.707Z</time>
      </trkpt>
      <trkpt lat="57.211547" lon="-3.822262">
        <ele>230.305414</ele>
        <time>2023-07-21T19:52:56.135Z</time>
      </trkpt>
      <trkpt lat="57.212258" lon="-3.821793">
        <ele>231.236999</ele>
        <time>2023-07-21T19:53:07.236Z</time>
      </trkpt>
      <trkpt lat="57.212696" lon="-3.821534">
        <ele>231.391002</ele>
        <time>2023-07-21T19:53:13.031Z</time>
      </trkpt>
      <trkpt lat="57.212990" lon="-3.821293">
        <ele>231.498713</ele>
        <time>2023-07-21T19:53:16.792Z</time>
      </trkpt>
      <trkpt lat="57.213156" lon="-3.821118">
        <ele>231.562719</ele>
        <time>2023-07-21T19:53:18.949Z</time>
      </trkpt>
      <trkpt lat="57.214049" lon="-3.819969">
        <ele>231.759260</ele>
        <time>2023-07-21T19:53:31.737Z</time>
      </trkpt>
      <trkpt lat="57.214193" lon="-3.819784">
        <ele>231.773264</ele>
        <time>2023-07-21T19:53:33.817Z</time>
      </trkpt>
      <trkpt lat="57.214280" lon="-3.819675">
        <ele>231.781656</ele>
        <time>2023-07-21T19:53:35.093Z</time>
      </trkpt>
      <trkpt lat="57.217585" lon="-3.815492">
        <ele>232.660361</ele>
        <time>2023-07-21T19:54:24.953Z</time>
      </trkpt>
      <trkpt lat="57.218089" lon="-3.815047">
        <ele>232.998346</ele>
        <time>2023-07-21T19:54:32.807Z</time>
      </trkpt>
      <trkpt lat="57.218544" lon="-3.814801">
        <ele>233.752859</ele>
        <time>2023-07-21T19:54:40.189Z</time>
      </trkpt>
      <trkpt lat="57.218985" lon="-3.814668">
        <ele>234.463997</ele>
        <time>2023-07-21T19:54:47.664Z</time>
      </trkpt>
      <trkpt lat="57.219728" lon="-3.814604">
        <ele>235.647754</ele>
        <time>2023-07-21T19:55:01.326Z</time>
      </trkpt>
      <trkpt lat="57.221381" lon="-3.814966">
        <ele>239.552801</ele>
        <time>2023-07-21T19:55:34.646Z</time>
      </trkpt>
      <trkpt lat="57.222575" lon="-3.815005">
        <ele>240.977514</ele>
        <time>2023-07-21T19:55:55.385Z</time>
      </trkpt>
      <trkpt lat="57.223606" lon="-3.815235">
        <ele>241.433369</ele>
        <time>2023-07-21T19:56:08.173Z</time>
      </trkpt>
      <trkpt lat="57.225727" lon="-3.815840">
        <ele>238.916387</ele>
        <time>2023-07-21T19:56:27.917Z</time>
      </trkpt>
      <trkpt lat="57.226499" lon="-3.816018">
        <ele>237.980619</ele>
        <time>2023-07-21T19:56:35.287Z</time>
      </trkpt>
      <trkpt lat="57.226735" lon="-3.815992">
        <ele>237.696253</ele>
        <time>2023-07-21T19:56:37.636Z</time>
      </trkpt>
      <trkpt lat="57.226875" lon="-3.815915">
        <ele>237.520556</ele>
        <time>2023-07-21T19:56:39.098Z</time>
      </trkpt>
      <trkpt lat="57.227051" lon="-3.815819">
        <ele>237.424502</ele>
        <time>2023-07-21T19:56:40.977Z</time>
      </trkpt>
      <trkpt lat="57.228037" lon="-3.814963">
        <ele>236.926428</ele>
        <time>2023-07-21T19:56:52.463Z</time>
      </trkpt>
      <trkpt lat="57.229303" lon="-3.813967">
        <ele>237.070286</ele>
        <time>2023-07-21T19:57:08.415Z</time>
      </trkpt>
      <trkpt lat="57.230188" lon="-3.813168">
        <ele>237.556850</ele>
        <time>2023-07-21T19:57:22.775Z</time>
      </trkpt>
      <trkpt lat="57.231090" lon="-3.812268">
        <ele>239.245029</ele>
        <time>2023-07-21T19:57:39.772Z</time>
      </trkpt>
      <trkpt lat="57.231272" lon="-3.811904">
        <ele>239.686721</ele>
        <time>2023-07-21T19:57:44.525Z</time>
      </trkpt>
      <trkpt lat="57.232028" lon="-3.810022">
        <ele>241.586257</ele>
        <time>2023-07-21T19:58:08.340Z</time>
      </trkpt>
      <trkpt lat="57.232249" lon="-3.809542">
        <ele>242.065485</ele>
        <time>2023-07-21T19:58:13.819Z</time>
      </trkpt>
      <trkpt lat="57.232498" lon="-3.809087">
        <ele>242.557543</ele>
        <time>2023-07-21T19:58:18.975Z</time>
      </trkpt>
      <trkpt lat="57.232682" lon="-3.808820">
        <ele>242.886271</ele>
        <time>2023-07-21T19:58:22.303Z</time>
      </trkpt>
      <trkpt lat="57.233127" lon="-3.808308">
        <ele>243.141747</ele>
        <time>2023-07-21T19:58:28.933Z</time>
      </trkpt>
      <trkpt lat="57.233779" lon="-3.807650">
        <ele>243.362914</ele>
        <time>2023-07-21T19:58:38.812Z</time>
      </trkpt>
      <trkpt lat="57.234147" lon="-3.807336">
        <ele>243.483586</ele>
        <time>2023-07-21T19:58:43.516Z</time>
      </trkpt>
      <trkpt lat="57.234400" lon="-3.807175">
        <ele>243.549533</ele>
        <time>2023-07-21T19:58:46.513Z</time>
      </trkpt>
      <trkpt lat="57.234694" lon="-3.807060">
        <ele>243.559214</ele>
        <time>2023-07-21T19:58:50.087Z</time>
      </trkpt>
      <trkpt lat="57.235197" lon="-3.806972">
        <ele>243.575491</ele>
        <time>2023-07-21T19:58:56.678Z</time>
      </trkpt>
      <trkpt lat="57.237195" lon="-3.807043">
        <ele>243.311668</ele>
        <time>2023-07-21T19:59:19.917Z</time>
      </trkpt>
      <trkpt lat="57.237864" lon="-3.806897">
        <ele>243.124229</ele>
        <time>2023-07-21T19:59:26.739Z</time>
      </trkpt>
      <trkpt lat="57.238367" lon="-3.806584">
        <ele>243.573226</ele>
        <time>2023-07-21T19:59:32.404Z</time>
      </trkpt>
      <trkpt lat="57.239858" lon="-3.805344">
        <ele>245.516964</ele>
        <time>2023-07-21T19:59:59.832Z</time>
      </trkpt>
      <trkpt lat="57.240550" lon="-3.804881">
        <ele>246.976741</ele>
        <time>2023-07-21T20:00:14.861Z</time>
      </trkpt>
      <trkpt lat="57.241056" lon="-3.804588">
        <ele>248.028509</ele>
        <time>2023-07-21T20:00:24.736Z</time>
      </trkpt>
      <trkpt lat="57.241484" lon="-3.804446">
        <ele>248.544601</ele>
        <time>2023-07-21T20:00:32.263Z</time>
      </trkpt>
      <trkpt lat="57.242433" lon="-3.804238">
        <ele>248.798853</ele>
        <time>2023-07-21T20:00:44.708Z</time>
      </trkpt>
      <trkpt lat="57.243050" lon="-3.804179">
        <ele>248.963226</ele>
        <time>2023-07-21T20:00:51.027Z</time>
      </trkpt>
      <trkpt lat="57.243637" lon="-3.804149">
        <ele>248.755501</ele>
        <time>2023-07-21T20:00:56.992Z</time>
      </trkpt>
      <trkpt lat="57.244786" lon="-3.804122">
        <ele>248.319381</ele>
        <time>2023-07-21T20:01:09.661Z</time>
      </trkpt>
      <trkpt lat="57.245379" lon="-3.804041">
        <ele>248.616384</ele>
        <time>2023-07-21T20:01:16.829Z</time>
      </trkpt>
      <trkpt lat="57.246103" lon="-3.803718">
        <ele>249.098775</ele>
        <time>2023-07-21T20:01:26.878Z</time>
      </trkpt>
      <trkpt lat="57.246487" lon="-3.803458">
        <ele>249.363649</ele>
        <time>2023-07-21T20:01:33.305Z</time>
      </trkpt>
      <trkpt lat="57.246801" lon="-3.803305">
        <ele>249.973536</ele>
        <time>2023-07-21T20:01:38.769Z</time>
      </trkpt>
      <trkpt lat="57.247067" lon="-3.803324">
        <ele>250.709735</ele>
        <time>2023-07-21T20:01:43.500Z</time>
      </trkpt>
      <trkpt lat="57.247179" lon="-3.803389">
        <ele>251.034392</ele>
        <time>2023-07-21T20:01:45.697Z</time>
      </trkpt>
      <trkpt lat="57.247296" lon="-3.803404">
        <ele>251.358745</ele>
        <time>2023-07-21T20:01:47.959Z</time>
      </trkpt>
      <trkpt lat="57.247509" lon="-3.803345">
        <ele>251.954396</ele>
        <time>2023-07-21T20:01:52.042Z</time>
      </trkpt>
      <trkpt lat="57.251678" lon="-3.801618">
        <ele>266.971064</ele>
        <time>2023-07-21T20:03:33.502Z</time>
      </trkpt>
      <trkpt lat="57.252521" lon="-3.801395">
        <ele>269.826410</ele>
        <time>2023-07-21T20:03:53.718Z</time>
      </trkpt>
      <trkpt lat="57.252991" lon="-3.801360">
        <ele>271.346679</ele>
        <time>2023-07-21T20:04:04.194Z</time>
      </trkpt>
      <trkpt lat="57.253267" lon="-3.801388">
        <ele>272.240051</ele>
        <time>2023-07-21T20:04:10.075Z</time>
      </trkpt>
      <trkpt lat="57.253490" lon="-3.801548">
        <ele>273.013164</ele>
        <time>2023-07-21T20:04:15.073Z</time>
      </trkpt>
      <trkpt lat="57.254150" lon="-3.802353">
        <ele>275.134990</ele>
        <time>2023-07-21T20:04:31.023Z</time>
      </trkpt>
      <trkpt lat="57.254392" lon="-3.802830">
        <ele>276.027201</ele>
        <time>2023-07-21T20:04:38.005Z</time>
      </trkpt>
      <trkpt lat="57.254862" lon="-3.804219">
        <ele>278.262108</ele>
        <time>2023-07-21T20:04:55.454Z</time>
      </trkpt>
      <trkpt lat="57.255259" lon="-3.805244">
        <ele>279.978127</ele>
        <time>2023-07-21T20:05:09.178Z</time>
      </trkpt>
      <trkpt lat="57.255702" lon="-3.806400">
        <ele>281.906529</ele>
        <time>2023-07-21T20:05:24.845Z</time>
      </trkpt>
      <trkpt lat="57.255897" lon="-3.806728">
        <ele>282.569953</ele>
        <time>2023-07-21T20:05:30.148Z</time>
      </trkpt>
      <trkpt lat="57.256182" lon="-3.807095">
        <ele>282.943820</ele>
        <time>2023-07-21T20:05:36.750Z</time>
      </trkpt>
      <trkpt lat="57.256386" lon="-3.807239">
        <ele>283.144236</ele>
        <time>2023-07-21T20:05:40.582Z</time>
      </trkpt>
      <trkpt lat="57.256846" lon="-3.807375">
        <ele>283.571795</ele>
        <time>2023-07-21T20:05:47.527Z</time>
      </trkpt>
      <trkpt lat="57.257486" lon="-3.807444">
        <ele>284.160194</ele>
        <time>2023-07-21T20:05:55.652Z</time>
      </trkpt>
      <trkpt lat="57.257842" lon="-3.807582">
        <ele>284.157913</ele>
        <time>2023-07-21T20:05:59.728Z</time>
      </trkpt>
      <trkpt lat="57.258277" lon="-3.807813">
        <ele>283.824821</ele>
        <time>2023-07-21T20:06:04.392Z</time>
      </trkpt>
      <trkpt lat="57.259610" lon="-3.808565">
        <ele>282.742213</ele>
        <time>2023-07-21T20:06:17.972Z</time>
      </trkpt>
      <trkpt lat="57.259916" lon="-3.808630">
        <ele>282.445654</ele>
        <time>2023-07-21T20:06:21.123Z</time>
      </trkpt>
      <trkpt lat="57.260950" lon="-3.808302">
        <ele>281.435558</ele>
        <time>2023-07-21T20:06:31.549Z</time>
      </trkpt>
      <trkpt lat="57.261437" lon="-3.808277">
        <ele>280.836992</ele>
        <time>2023-07-21T20:06:36.219Z</time>
      </trkpt>
      <trkpt lat="57.262267" lon="-3.808363">
        <ele>279.673562</ele>
        <time>2023-07-21T20:06:43.934Z</time>
      </trkpt>
      <trkpt lat="57.263907" lon="-3.808431">
        <ele>277.404928</ele>
        <time>2023-07-21T20:06:58.928Z</time>
      </trkpt>
      <trkpt lat="57.264222" lon="-3.808489">
        <ele>276.970766</ele>
        <time>2023-07-21T20:07:01.909Z</time>
      </trkpt>
      <trkpt lat="57.265132" lon="-3.808955">
        <ele>275.699035</ele>
        <time>2023-07-21T20:07:11.007Z</time>
      </trkpt>
      <trkpt lat="57.265510" lon="-3.809122">
        <ele>275.186997</ele>
        <time>2023-07-21T20:07:14.803Z</time>
      </trkpt>
      <trkpt lat="57.265689" lon="-3.809156">
        <ele>274.949920</ele>
        <time>2023-07-21T20:07:16.541Z</time>
      </trkpt>
      <trkpt lat="57.266581" lon="-3.808940">
        <ele>273.610788</ele>
        <time>2023-07-21T20:07:24.986Z</time>
      </trkpt>
      <trkpt lat="57.267577" lon="-3.808331">
        <ele>270.635248</ele>
        <time>2023-07-21T20:07:33.777Z</time>
      </trkpt>
      <trkpt lat="57.267843" lon="-3.808203">
        <ele>269.855623</ele>
        <time>2023-07-21T20:07:35.961Z</time>
      </trkpt>
      <trkpt lat="57.268032" lon="-3.808156">
        <ele>269.314704</ele>
        <time>2023-07-21T20:07:37.464Z</time>
      </trkpt>
      <trkpt lat="57.268249" lon="-3.808188">
        <ele>268.712386</ele>
        <time>2023-07-21T20:07:39.167Z</time>
      </trkpt>
      <trkpt lat="57.268430" lon="-3.808254">
        <ele>268.269127</ele>
        <time>2023-07-21T20:07:40.607Z</time>
      </trkpt>
      <trkpt lat="57.268616" lon="-3.808405">
        <ele>267.781067</ele>
        <time>2023-07-21T20:07:42.229Z</time>
      </trkpt>
      <trkpt lat="57.269183" lon="-3.808978">
        <ele>266.228628</ele>
        <time>2023-07-21T20:07:47.491Z</time>
      </trkpt>
      <trkpt lat="57.269648" lon="-3.809390">
        <ele>264.989788</ele>
        <time>2023-07-21T20:07:51.982Z</time>
      </trkpt>
      <trkpt lat="57.269726" lon="-3.809453">
        <ele>264.785286</ele>
        <time>2023-07-21T20:07:52.766Z</time>
      </trkpt>
      <trkpt lat="57.270995" lon="-3.810609">
        <ele>265.605191</ele>
        <time>2023-07-21T20:08:12.756Z</time>
      </trkpt>
      <trkpt lat="57.271338" lon="-3.810873">
        <ele>265.931945</ele>
        <time>2023-07-21T20:08:19.854Z</time>
      </trkpt>
      <trkpt lat="57.271620" lon="-3.811030">
        <ele>266.229064</ele>
        <time>2023-07-21T20:08:25.373Z</time>
      </trkpt>
      <trkpt lat="57.271943" lon="-3.811097">
        <ele>266.596039</ele>
        <time>2023-07-21T20:08:31.249Z</time>
      </trkpt>
      <trkpt lat="57.272157" lon="-3.811083">
        <ele>266.837810</ele>
        <time>2023-07-21T20:08:34.942Z</time>
      </trkpt>
      <trkpt lat="57.273462" lon="-3.810670">
        <ele>267.993763</ele>
        <time>2023-07-21T20:08:53.909Z</time>
      </trkpt>
      <trkpt lat="57.274220" lon="-3.810499">
        <ele>267.664294</ele>
        <time>2023-07-21T20:09:02.123Z</time>
      </trkpt>
      <trkpt lat="57.275603" lon="-3.810271">
        <ele>266.494661</ele>
        <time>2023-07-21T20:09:15.849Z</time>
      </trkpt>
      <trkpt lat="57.276612" lon="-3.809972">
        <ele>265.032011</ele>
        <time>2023-07-21T20:09:25.070Z</time>
      </trkpt>
      <trkpt lat="57.276847" lon="-3.810024">
        <ele>264.704078</ele>
        <time>2023-07-21T20:09:27.194Z</time>
      </trkpt>
      <trkpt lat="57.277056" lon="-3.810096">
        <ele>264.475248</ele>
        <time>2023-07-21T20:09:29.123Z</time>
      </trkpt>
      <trkpt lat="57.277635" lon="-3.810442">
        <ele>263.820318</ele>
        <time>2023-07-21T20:09:34.631Z</time>
      </trkpt>
      <trkpt lat="57.278122" lon="-3.810744">
        <ele>263.267457</ele>
        <time>2023-07-21T20:09:39.753Z</time>
      </trkpt>
      <trkpt lat="57.278316" lon="-3.810852">
        <ele>263.049390</ele>
        <time>2023-07-21T20:09:41.830Z</time>
      </trkpt>
      <trkpt lat="57.278898" lon="-3.811205">
        <ele>263.026777</ele>
        <time>2023-07-21T20:09:48.714Z</time>
      </trkpt>
      <trkpt lat="57.278959" lon="-3.811246">
        <ele>263.065187</ele>
        <time>2023-07-21T20:09:49.477Z</time>
      </trkpt>
      <trkpt lat="57.279110" lon="-3.811374">
        <ele>263.163487</ele>
        <time>2023-07-21T20:09:51.708Z</time>
      </trkpt>
      <trkpt lat="57.279499" lon="-3.811694">
        <ele>263.415440</ele>
        <time>2023-07-21T20:09:57.911Z</time>
      </trkpt>
      <trkpt lat="57.279853" lon="-3.812024">
        <ele>263.650040</ele>
        <time>2023-07-21T20:10:04.027Z</time>
      </trkpt>
      <trkpt lat="57.280186" lon="-3.812305">
        <ele>263.864807</ele>
        <time>2023-07-21T20:10:09.883Z</time>
      </trkpt>
      <trkpt lat="57.280443" lon="-3.812523">
        <ele>263.786925</ele>
        <time>2023-07-21T20:10:14.347Z</time>
      </trkpt>
      <trkpt lat="57.280794" lon="-3.812780">
        <ele>263.682940</ele>
        <time>2023-07-21T20:10:19.680Z</time>
      </trkpt>
      <trkpt lat="57.280946" lon="-3.812888">
        <ele>263.638087</ele>
        <time>2023-07-21T20:10:21.645Z</time>
      </trkpt>
      <trkpt lat="57.281523" lon="-3.813484">
        <ele>263.456048</ele>
        <time>2023-07-21T20:10:28.212Z</time>
      </trkpt>
      <trkpt lat="57.281567" lon="-3.813530">
        <ele>263.442126</ele>
        <time>2023-07-21T20:10:28.671Z</time>
      </trkpt>
      <trkpt lat="57.281927" lon="-3.813914">
        <ele>263.127955</ele>
        <time>2023-07-21T20:10:32.464Z</time>
      </trkpt>
      <trkpt lat="57.282149" lon="-3.814135">
        <ele>262.730422</ele>
        <time>2023-07-21T20:10:34.734Z</time>
      </trkpt>
      <trkpt lat="57.282603" lon="-3.814623">
        <ele>261.902449</ele>
        <time>2023-07-21T20:10:39.317Z</time>
      </trkpt>
      <trkpt lat="57.282803" lon="-3.814825">
        <ele>261.543134</ele>
        <time>2023-07-21T20:10:41.348Z</time>
      </trkpt>
      <trkpt lat="57.282861" lon="-3.814884">
        <ele>261.438761</ele>
        <time>2023-07-21T20:10:41.931Z</time>
      </trkpt>
      <trkpt lat="57.283104" lon="-3.815109">
        <ele>261.010264</ele>
        <time>2023-07-21T20:10:44.400Z</time>
      </trkpt>
      <trkpt lat="57.283342" lon="-3.815249">
        <ele>260.616447</ele>
        <time>2023-07-21T20:10:46.747Z</time>
      </trkpt>
      <trkpt lat="57.283563" lon="-3.815322">
        <ele>260.601011</ele>
        <time>2023-07-21T20:10:48.943Z</time>
      </trkpt>
      <trkpt lat="57.283652" lon="-3.815342">
        <ele>260.636141</ele>
        <time>2023-07-21T20:10:49.853Z</time>
      </trkpt>
      <trkpt lat="57.283727" lon="-3.815360">
        <ele>260.665775</ele>
        <time>2023-07-21T20:10:50.623Z</time>
      </trkpt>
      <trkpt lat="57.284033" lon="-3.815423">
        <ele>260.786419</ele>
        <time>2023-07-21T20:10:54.111Z</time>
      </trkpt>
      <trkpt lat="57.284043" lon="-3.815426">
        <ele>260.790388</ele>
        <time>2023-07-21T20:10:54.226Z</time>
      </trkpt>
      <trkpt lat="57.284074" lon="-3.815430">
        <ele>260.802565</ele>
        <time>2023-07-21T20:10:54.594Z</time>
      </trkpt>
      <trkpt lat="57.284254" lon="-3.815475">
        <ele>260.873737</ele>
        <time>2023-07-21T20:10:56.967Z</time>
      </trkpt>
      <trkpt lat="57.284304" lon="-3.815488">
        <ele>260.893521</ele>
        <time>2023-07-21T20:10:57.685Z</time>
      </trkpt>
      <trkpt lat="57.284500" lon="-3.815654">
        <ele>260.977986</ele>
        <time>2023-07-21T20:11:00.810Z</time>
      </trkpt>
      <trkpt lat="57.284576" lon="-3.815802">
        <ele>261.021220</ele>
        <time>2023-07-21T20:11:02.480Z</time>
      </trkpt>
      <trkpt lat="57.284651" lon="-3.816046">
        <ele>261.080666</ele>
        <time>2023-07-21T20:11:04.760Z</time>
      </trkpt>
      <trkpt lat="57.284928" lon="-3.818076">
        <ele>262.718688</ele>
        <time>2023-07-21T20:11:24.074Z</time>
      </trkpt>
      <trkpt lat="57.285081" lon="-3.819265">
        <ele>264.060008</ele>
        <time>2023-07-21T20:11:35.867Z</time>
      </trkpt>
      <trkpt lat="57.285748" lon="-3.824484">
        <ele>273.474101</ele>
        <time>2023-07-21T20:12:37.867Z</time>
      </trkpt>
      <trkpt lat="57.285817" lon="-3.825572">
        <ele>276.301078</ele>
        <time>2023-07-21T20:12:54.386Z</time>
      </trkpt>
      <trkpt lat="57.285836" lon="-3.827120">
        <ele>281.322376</ele>
        <time>2023-07-21T20:13:21.688Z</time>
      </trkpt>
      <trkpt lat="57.285776" lon="-3.829437">
        <ele>291.314205</ele>
        <time>2023-07-21T20:14:10.180Z</time>
      </trkpt>
      <trkpt lat="57.285866" lon="-3.830036">
        <ele>293.966628</ele>
        <time>2023-07-21T20:14:23.698Z</time>
      </trkpt>
      <trkpt lat="57.286153" lon="-3.831100">
        <ele>298.941931</ele>
        <time>2023-07-21T20:14:48.958Z</time>
      </trkpt>
      <trkpt lat="57.286709" lon="-3.832845">
        <ele>307.315577</ele>
        <time>2023-07-21T20:15:27.900Z</time>
      </trkpt>
      <trkpt lat="57.287379" lon="-3.834733">
        <ele>314.324182</ele>
        <time>2023-07-21T20:16:05.341Z</time>
      </trkpt>
      <trkpt lat="57.288012" lon="-3.836095">
        <ele>318.999493</ele>
        <time>2023-07-21T20:16:32.040Z</time>
      </trkpt>
      <trkpt lat="57.288682" lon="-3.837268">
        <ele>322.426479</ele>
        <time>2023-07-21T20:16:54.329Z</time>
      </trkpt>
      <trkpt lat="57.289063" lon="-3.838020">
        <ele>324.138131</ele>
        <time>2023-07-21T20:17:06.044Z</time>
      </trkpt>
      <trkpt lat="57.289653" lon="-3.839748">
        <ele>325.061051</ele>
        <time>2023-07-21T20:17:23.949Z</time>
      </trkpt>
      <trkpt lat="57.290208" lon="-3.841256">
        <ele>324.475246</ele>
        <time>2023-07-21T20:17:33.754Z</time>
      </trkpt>
      <trkpt lat="57.290708" lon="-3.842399">
        <ele>322.447917</ele>
        <time>2023-07-21T20:17:40.345Z</time>
      </trkpt>
      <trkpt lat="57.291797" lon="-3.844124">
        <ele>318.328812</ele>
        <time>2023-07-21T20:17:51.704Z</time>
      </trkpt>
      <trkpt lat="57.292207" lon="-3.845091">
        <ele>316.271452</ele>
        <time>2023-07-21T20:17:57.102Z</time>
      </trkpt>
      <trkpt lat="57.293453" lon="-3.848553">
        <ele>311.919270</ele>
        <time>2023-07-21T20:18:17.004Z</time>
      </trkpt>
      <trkpt lat="57.293583" lon="-3.848904">
        <ele>311.836163</ele>
        <time>2023-07-21T20:18:19.281Z</time>
      </trkpt>
      <trkpt lat="57.293766" lon="-3.849582">
        <ele>311.688151</ele>
        <time>2023-07-21T20:18:23.480Z</time>
      </trkpt>
      <trkpt lat="57.294159" lon="-3.851259">
        <ele>311.331164</ele>
        <time>2023-07-21T20:18:35.382Z</time>
      </trkpt>
      <trkpt lat="57.294242" lon="-3.851801">
        <ele>311.835474</ele>
        <time>2023-07-21T20:18:39.864Z</time>
      </trkpt>
      <trkpt lat="57.294289" lon="-3.852414">
        <ele>312.415681</ele>
        <time>2023-07-21T20:18:45.436Z</time>
      </trkpt>
      <trkpt lat="57.294295" lon="-3.853033">
        <ele>312.995850</ele>
        <time>2023-07-21T20:18:51.514Z</time>
      </trkpt>
      <trkpt lat="57.294243" lon="-3.853616">
        <ele>313.549583</ele>
        <time>2023-07-21T20:18:57.708Z</time>
      </trkpt>
      <trkpt lat="57.294011" lon="-3.854732">
        <ele>314.740135</ele>
        <time>2023-07-21T20:19:10.203Z</time>
      </trkpt>
      <trkpt lat="57.293850" lon="-3.855383">
        <ele>315.621130</ele>
        <time>2023-07-21T20:19:17.653Z</time>
      </trkpt>
      <trkpt lat="57.293793" lon="-3.855623">
        <ele>315.943726</ele>
        <time>2023-07-21T20:19:20.476Z</time>
      </trkpt>
      <trkpt lat="57.293623" lon="-3.856294">
        <ele>316.855672</ele>
        <time>2023-07-21T20:19:28.114Z</time>
      </trkpt>
      <trkpt lat="57.293498" lon="-3.857148">
        <ele>317.944424</ele>
        <time>2023-07-21T20:19:36.997Z</time>
      </trkpt>
      <trkpt lat="57.293385" lon="-3.858552">
        <ele>319.837999</ele>
        <time>2023-07-21T20:19:51.892Z</time>
      </trkpt>
      <trkpt lat="57.293366" lon="-3.859112">
        <ele>320.616742</ele>
        <time>2023-07-21T20:19:57.665Z</time>
      </trkpt>
      <trkpt lat="57.293389" lon="-3.860044">
        <ele>321.911593</ele>
        <time>2023-07-21T20:20:07.467Z</time>
      </trkpt>
      <trkpt lat="57.293522" lon="-3.861702">
        <ele>324.555797</ele>
        <time>2023-07-21T20:20:27.187Z</time>
      </trkpt>
      <trkpt lat="57.293691" lon="-3.864525">
        <ele>329.671229</ele>
        <time>2023-07-21T20:21:02.262Z</time>
      </trkpt>
      <trkpt lat="57.293810" lon="-3.865494">
        <ele>331.486344</ele>
        <time>2023-07-21T20:21:14.392Z</time>
      </trkpt>
      <trkpt lat="57.293882" lon="-3.865816">
        <ele>332.122880</ele>
        <time>2023-07-21T20:21:18.644Z</time>
      </trkpt>
      <trkpt lat="57.293882" lon="-3.865960">
        <ele>332.385910</ele>
        <time>2023-07-21T20:21:20.414Z</time>
      </trkpt>
      <trkpt lat="57.293815" lon="-3.866262">
        <ele>332.982229</ele>
        <time>2023-07-21T20:21:24.296Z</time>
      </trkpt>
      <trkpt lat="57.293998" lon="-3.869105">
        <ele>338.124549</ele>
        <time>2023-07-21T20:21:59.925Z</time>
      </trkpt>
      <trkpt lat="57.294035" lon="-3.870609">
        <ele>340.794015</ele>
        <time>2023-07-21T20:22:18.290Z</time>
      </trkpt>
      <trkpt lat="57.293989" lon="-3.871260">
        <ele>341.661567</ele>
        <time>2023-07-21T20:22:25.805Z</time>
      </trkpt>
      <trkpt lat="57.293388" lon="-3.877563">
        <ele>348.383031</ele>
        <time>2023-07-21T20:23:26.959Z</time>
      </trkpt>
      <trkpt lat="57.293027" lon="-3.880658">
        <ele>351.422347</ele>
        <time>2023-07-21T20:23:57.094Z</time>
      </trkpt>
      <trkpt lat="57.292503" lon="-3.883717">
        <ele>354.654768</ele>
        <time>2023-07-21T20:24:27.673Z</time>
      </trkpt>
      <trkpt lat="57.292159" lon="-3.885386">
        <ele>356.866785</ele>
        <time>2023-07-21T20:24:45.691Z</time>
      </trkpt>
      <trkpt lat="57.291877" lon="-3.886456">
        <ele>358.352671</ele>
        <time>2023-07-21T20:24:58.423Z</time>
      </trkpt>
      <trkpt lat="57.291666" lon="-3.887370">
        <ele>359.816143</ele>
        <time>2023-07-21T20:25:09.440Z</time>
      </trkpt>
      <trkpt lat="57.291599" lon="-3.888016">
        <ele>360.894692</ele>
        <time>2023-07-21T20:25:16.900Z</time>
      </trkpt>
      <trkpt lat="57.291633" lon="-3.888965">
        <ele>362.454139</ele>
        <time>2023-07-21T20:25:27.861Z</time>
      </trkpt>
      <trkpt lat="57.291956" lon="-3.894660">
        <ele>373.124869</ele>
        <time>2023-07-21T20:26:38.488Z</time>
      </trkpt>
      <trkpt lat="57.292077" lon="-3.897368">
        <ele>378.379971</ele>
        <time>2023-07-21T20:27:16.015Z</time>
      </trkpt>
      <trkpt lat="57.292049" lon="-3.898877">
        <ele>380.471167</ele>
        <time>2023-07-21T20:27:33.030Z</time>
      </trkpt>
      <trkpt lat="57.291863" lon="-3.902374">
        <ele>383.449248</ele>
        <time>2023-07-21T20:28:02.631Z</time>
      </trkpt>
      <trkpt lat="57.291798" lon="-3.903002">
        <ele>383.816799</ele>
        <time>2023-07-21T20:28:08.491Z</time>
      </trkpt>
      <trkpt lat="57.291677" lon="-3.903772">
        <ele>384.189212</ele>
        <time>2023-07-21T20:28:13.963Z</time>
      </trkpt>
      <trkpt lat="57.291546" lon="-3.904261">
        <ele>384.394086</ele>
        <time>2023-07-21T20:28:17.784Z</time>
      </trkpt>
      <trkpt lat="57.291249" lon="-3.905054">
        <ele>384.756261</ele>
        <time>2023-07-21T20:28:25.586Z</time>
      </trkpt>
      <trkpt lat="57.291211" lon="-3.905357">
        <ele>384.873021</ele>
        <time>2023-07-21T20:28:28.291Z</time>
      </trkpt>
      <trkpt lat="57.291219" lon="-3.905532">
        <ele>384.938946</ele>
        <time>2023-07-21T20:28:29.818Z</time>
      </trkpt>
      <trkpt lat="57.291263" lon="-3.905930">
        <ele>385.091437</ele>
        <time>2023-07-21T20:28:33.333Z</time>
      </trkpt>
      <trkpt lat="57.291251" lon="-3.906293">
        <ele>385.227952</ele>
        <time>2023-07-21T20:28:36.195Z</time>
      </trkpt>
      <trkpt lat="57.291201" lon="-3.906529">
        <ele>385.195993</ele>
        <time>2023-07-21T20:28:38.080Z</time>
      </trkpt>
      <trkpt lat="57.290619" lon="-3.908370">
        <ele>384.004088</ele>
        <time>2023-07-21T20:28:49.375Z</time>
      </trkpt>
      <trkpt lat="57.290491" lon="-3.908820">
        <ele>383.719907</ele>
        <time>2023-07-21T20:28:52.004Z</time>
      </trkpt>
      <trkpt lat="57.290175" lon="-3.910464">
        <ele>381.263450</ele>
        <time>2023-07-21T20:29:00.062Z</time>
      </trkpt>
      <trkpt lat="57.290130" lon="-3.910860">
        <ele>380.535221</ele>
        <time>2023-07-21T20:29:01.798Z</time>
      </trkpt>
      <trkpt lat="57.290146" lon="-3.911252">
        <ele>379.827768</ele>
        <time>2023-07-21T20:29:03.440Z</time>
      </trkpt>
      <trkpt lat="57.290230" lon="-3.911688">
        <ele>378.994768</ele>
        <time>2023-07-21T20:29:05.375Z</time>
      </trkpt>
      <trkpt lat="57.290452" lon="-3.912564">
        <ele>377.299840</ele>
        <time>2023-07-21T20:29:09.444Z</time>
      </trkpt>
      <trkpt lat="57.290636" lon="-3.913076">
        <ele>376.497041</ele>
        <time>2023-07-21T20:29:12.060Z</time>
      </trkpt>
      <trkpt lat="57.290867" lon="-3.913479">
        <ele>375.730011</ele>
        <time>2023-07-21T20:29:14.586Z</time>
      </trkpt>
      <trkpt lat="57.291240" lon="-3.913992">
        <ele>374.607179</ele>
        <time>2023-07-21T20:29:18.407Z</time>
      </trkpt>
      <trkpt lat="57.293423" lon="-3.917121">
        <ele>372.421786</ele>
        <time>2023-07-21T20:29:47.299Z</time>
      </trkpt>
      <trkpt lat="57.294271" lon="-3.918459">
        <ele>373.319877</ele>
        <time>2023-07-21T20:30:05.004Z</time>
      </trkpt>
      <trkpt lat="57.295148" lon="-3.919747">
        <ele>374.266548</ele>
        <time>2023-07-21T20:30:22.658Z</time>
      </trkpt>
      <trkpt lat="57.295383" lon="-3.920212">
        <ele>374.563776</ele>
        <time>2023-07-21T20:30:28.039Z</time>
      </trkpt>
      <trkpt lat="57.295547" lon="-3.920727">
        <ele>374.842837</ele>
        <time>2023-07-21T20:30:32.591Z</time>
      </trkpt>
      <trkpt lat="57.295719" lon="-3.921084">
        <ele>375.066124</ele>
        <time>2023-07-21T20:30:36.002Z</time>
      </trkpt>
      <trkpt lat="57.295847" lon="-3.921107">
        <ele>375.153283</ele>
        <time>2023-07-21T20:30:37.444Z</time>
      </trkpt>
      <trkpt lat="57.296016" lon="-3.920946">
        <ele>375.086084</ele>
        <time>2023-07-21T20:30:39.914Z</time>
      </trkpt>
      <trkpt lat="57.296120" lon="-3.920999">
        <ele>375.047948</ele>
        <time>2023-07-21T20:30:41.495Z</time>
      </trkpt>
      <trkpt lat="57.296296" lon="-3.921259">
        <ele>374.968335</ele>
        <time>2023-07-21T20:30:44.990Z</time>
      </trkpt>
      <trkpt lat="57.296633" lon="-3.921624">
        <ele>374.830291</ele>
        <time>2023-07-21T20:30:50.810Z</time>
      </trkpt>
      <trkpt lat="57.297339" lon="-3.922265">
        <ele>374.552279</ele>
        <time>2023-07-21T20:31:02.861Z</time>
      </trkpt>
      <trkpt lat="57.298246" lon="-3.923315">
        <ele>373.455691</ele>
        <time>2023-07-21T20:31:17.339Z</time>
      </trkpt>
      <trkpt lat="57.299538" lon="-3.924577">
        <ele>372.969642</ele>
        <time>2023-07-21T20:31:37.223Z</time>
      </trkpt>
      <trkpt lat="57.299796" lon="-3.925042">
        <ele>373.182116</ele>
        <time>2023-07-21T20:31:43.500Z</time>
      </trkpt>
      <trkpt lat="57.300050" lon="-3.925758">
        <ele>373.455159</ele>
        <time>2023-07-21T20:31:52.830Z</time>
      </trkpt>
      <trkpt lat="57.300300" lon="-3.926557">
        <ele>374.597202</ele>
        <time>2023-07-21T20:32:04.965Z</time>
      </trkpt>
      <trkpt lat="57.300475" lon="-3.926801">
        <ele>375.781525</ele>
        <time>2023-07-21T20:32:10.824Z</time>
      </trkpt>
      <trkpt lat="57.300979" lon="-3.927106">
        <ele>378.647861</ele>
        <time>2023-07-21T20:32:27.128Z</time>
      </trkpt>
      <trkpt lat="57.302153" lon="-3.927674">
        <ele>385.929474</ele>
        <time>2023-07-21T20:33:15.202Z</time>
      </trkpt>
      <trkpt lat="57.302399" lon="-3.927901">
        <ele>387.998900</ele>
        <time>2023-07-21T20:33:26.901Z</time>
      </trkpt>
      <trkpt lat="57.302860" lon="-3.928566">
        <ele>392.399004</ele>
        <time>2023-07-21T20:33:51.724Z</time>
      </trkpt>
      <trkpt lat="57.303203" lon="-3.929227">
        <ele>396.126668</ele>
        <time>2023-07-21T20:34:12.106Z</time>
      </trkpt>
      <trkpt lat="57.303981" lon="-3.930525">
        <ele>400.828537</ele>
        <time>2023-07-21T20:34:48.342Z</time>
      </trkpt>
      <trkpt lat="57.304309" lon="-3.931323">
        <ele>403.078681</ele>
        <time>2023-07-21T20:35:02.392Z</time>
      </trkpt>
      <trkpt lat="57.304364" lon="-3.931510">
        <ele>403.556472</ele>
        <time>2023-07-21T20:35:05.002Z</time>
      </trkpt>
      <trkpt lat="57.304500" lon="-3.931932">
        <ele>404.367940</ele>
        <time>2023-07-21T20:35:10.388Z</time>
      </trkpt>
      <trkpt lat="57.304596" lon="-3.932150">
        <ele>404.336503</ele>
        <time>2023-07-21T20:35:13.261Z</time>
      </trkpt>
      <trkpt lat="57.306017" lon="-3.935055">
        <ele>403.962912</ele>
        <time>2023-07-21T20:35:43.713Z</time>
      </trkpt>
      <trkpt lat="57.306797" lon="-3.936593">
        <ele>403.863876</ele>
        <time>2023-07-21T20:36:02.603Z</time>
      </trkpt>
      <trkpt lat="57.306998" lon="-3.937066">
        <ele>403.923306</ele>
        <time>2023-07-21T20:36:08.416Z</time>
      </trkpt>
      <trkpt lat="57.307218" lon="-3.937465">
        <ele>404.029567</ele>
        <time>2023-07-21T20:36:14.126Z</time>
      </trkpt>
      <trkpt lat="57.308606" lon="-3.940295">
        <ele>404.610251</ele>
        <time>2023-07-21T20:36:49.430Z</time>
      </trkpt>
      <trkpt lat="57.308950" lon="-3.940925">
        <ele>404.695183</ele>
        <time>2023-07-21T20:36:57.523Z</time>
      </trkpt>
      <trkpt lat="57.309723" lon="-3.942886">
        <ele>404.489103</ele>
        <time>2023-07-21T20:37:18.936Z</time>
      </trkpt>
      <trkpt lat="57.310652" lon="-3.945421">
        <ele>403.096795</ele>
        <time>2023-07-21T20:37:42.919Z</time>
      </trkpt>
      <trkpt lat="57.311437" lon="-3.947957">
        <ele>400.070385</ele>
        <time>2023-07-21T20:38:02.713Z</time>
      </trkpt>
      <trkpt lat="57.311500" lon="-3.948308">
        <ele>399.494774</ele>
        <time>2023-07-21T20:38:05.047Z</time>
      </trkpt>
      <trkpt lat="57.311504" lon="-3.948657">
        <ele>398.951529</ele>
        <time>2023-07-21T20:38:07.212Z</time>
      </trkpt>
      <trkpt lat="57.311497" lon="-3.948781">
        <ele>398.757505</ele>
        <time>2023-07-21T20:38:07.986Z</time>
      </trkpt>
      <trkpt lat="57.311519" lon="-3.948933">
        <ele>398.512612</ele>
        <time>2023-07-21T20:38:08.973Z</time>
      </trkpt>
      <trkpt lat="57.312020" lon="-3.950528">
        <ele>395.572519</ele>
        <time>2023-07-21T20:38:20.692Z</time>
      </trkpt>
      <trkpt lat="57.312136" lon="-3.951303">
        <ele>394.119371</ele>
        <time>2023-07-21T20:38:25.792Z</time>
      </trkpt>
      <trkpt lat="57.312157" lon="-3.951531">
        <ele>393.701446</ele>
        <time>2023-07-21T20:38:27.245Z</time>
      </trkpt>
      <trkpt lat="57.312143" lon="-3.951875">
        <ele>393.078104</ele>
        <time>2023-07-21T20:38:29.381Z</time>
      </trkpt>
      <trkpt lat="57.312077" lon="-3.952190">
        <ele>392.467592</ele>
        <time>2023-07-21T20:38:31.485Z</time>
      </trkpt>
      <trkpt lat="57.311987" lon="-3.952440">
        <ele>391.924699</ele>
        <time>2023-07-21T20:38:33.347Z</time>
      </trkpt>
      <trkpt lat="57.311861" lon="-3.952902">
        <ele>390.989494</ele>
        <time>2023-07-21T20:38:36.577Z</time>
      </trkpt>
      <trkpt lat="57.311846" lon="-3.953018">
        <ele>390.773966</ele>
        <time>2023-07-21T20:38:37.312Z</time>
      </trkpt>
      <trkpt lat="57.311863" lon="-3.953293">
        <ele>390.273816</ele>
        <time>2023-07-21T20:38:39.022Z</time>
      </trkpt>
      <trkpt lat="57.311917" lon="-3.953593">
        <ele>389.626051</ele>
        <time>2023-07-21T20:38:40.999Z</time>
      </trkpt>
      <trkpt lat="57.312458" lon="-3.955443">
        <ele>384.987969</ele>
        <time>2023-07-21T20:38:53.794Z</time>
      </trkpt>
      <trkpt lat="57.313344" lon="-3.958534">
        <ele>377.181030</ele>
        <time>2023-07-21T20:39:14.512Z</time>
      </trkpt>
      <trkpt lat="57.314140" lon="-3.962221">
        <ele>370.101772</ele>
        <time>2023-07-21T20:39:39.651Z</time>
      </trkpt>
      <trkpt lat="57.314341" lon="-3.962954">
        <ele>368.835919</ele>
        <time>2023-07-21T20:39:45.005Z</time>
      </trkpt>
      <trkpt lat="57.317092" lon="-3.970606">
        <ele>355.224624</ele>
        <time>2023-07-21T20:40:44.401Z</time>
      </trkpt>
      <trkpt lat="57.318432" lon="-3.973483">
        <ele>350.253676</ele>
        <time>2023-07-21T20:41:09.646Z</time>
      </trkpt>
      <trkpt lat="57.318501" lon="-3.973631">
        <ele>349.965047</ele>
        <time>2023-07-21T20:41:10.920Z</time>
      </trkpt>
      <trkpt lat="57.319433" lon="-3.975633">
        <ele>346.063218</ele>
        <time>2023-07-21T20:41:27.966Z</time>
      </trkpt>
      <trkpt lat="57.319641" lon="-3.976001">
        <ele>345.242605</ele>
        <time>2023-07-21T20:41:31.360Z</time>
      </trkpt>
      <trkpt lat="57.319851" lon="-3.976294">
        <ele>344.469336</ele>
        <time>2023-07-21T20:41:34.457Z</time>
      </trkpt>
      <trkpt lat="57.320362" lon="-3.976899">
        <ele>342.685623</ele>
        <time>2023-07-21T20:41:41.601Z</time>
      </trkpt>
      <trkpt lat="57.320601" lon="-3.977181">
        <ele>341.852189</ele>
        <time>2023-07-21T20:41:44.948Z</time>
      </trkpt>
      <trkpt lat="57.321985" lon="-3.978818">
        <ele>336.180145</ele>
        <time>2023-07-21T20:42:04.447Z</time>
      </trkpt>
      <trkpt lat="57.322873" lon="-3.980179">
        <ele>329.874147</ele>
        <time>2023-07-21T20:42:16.962Z</time>
      </trkpt>
      <trkpt lat="57.323024" lon="-3.980472">
        <ele>328.189769</ele>
        <time>2023-07-21T20:42:19.182Z</time>
      </trkpt>
      <trkpt lat="57.323155" lon="-3.980803">
        <ele>326.483144</ele>
        <time>2023-07-21T20:42:21.402Z</time>
      </trkpt>
      <trkpt lat="57.323225" lon="-3.981197">
        <ele>324.758319</ele>
        <time>2023-07-21T20:42:23.618Z</time>
      </trkpt>
      <trkpt lat="57.323263" lon="-3.981646">
        <ele>322.868416</ele>
        <time>2023-07-21T20:42:26.043Z</time>
      </trkpt>
      <trkpt lat="57.323374" lon="-3.982956">
        <ele>317.146174</ele>
        <time>2023-07-21T20:42:33.049Z</time>
      </trkpt>
      <trkpt lat="57.323449" lon="-3.983406">
        <ele>315.033187</ele>
        <time>2023-07-21T20:42:35.524Z</time>
      </trkpt>
      <trkpt lat="57.323534" lon="-3.983839">
        <ele>312.966058</ele>
        <time>2023-07-21T20:42:37.938Z</time>
      </trkpt>
      <trkpt lat="57.324282" lon="-3.986872">
        <ele>302.203379</ele>
        <time>2023-07-21T20:42:56.479Z</time>
      </trkpt>
      <trkpt lat="57.324596" lon="-3.988106">
        <ele>299.733291</ele>
        <time>2023-07-21T20:43:06.581Z</time>
      </trkpt>
      <trkpt lat="57.324650" lon="-3.988276">
        <ele>299.376154</ele>
        <time>2023-07-21T20:43:08.497Z</time>
      </trkpt>
      <trkpt lat="57.324703" lon="-3.988420">
        <ele>299.060595</ele>
        <time>2023-07-21T20:43:09.791Z</time>
      </trkpt>
      <trkpt lat="57.324789" lon="-3.988550">
        <ele>299.161940</ele>
        <time>2023-07-21T20:43:11.258Z</time>
      </trkpt>
      <trkpt lat="57.325022" lon="-3.988778">
        <ele>299.573596</ele>
        <time>2023-07-21T20:43:15.521Z</time>
      </trkpt>
      <trkpt lat="57.325781" lon="-3.989051">
        <ele>300.781428</ele>
        <time>2023-07-21T20:43:29.853Z</time>
      </trkpt>
      <trkpt lat="57.326467" lon="-3.989126">
        <ele>301.839191</ele>
        <time>2023-07-21T20:43:42.735Z</time>
      </trkpt>
      <trkpt lat="57.327069" lon="-3.989123">
        <ele>302.340457</ele>
        <time>2023-07-21T20:43:52.225Z</time>
      </trkpt>
      <trkpt lat="57.328386" lon="-3.989116">
        <ele>303.431494</ele>
        <time>2023-07-21T20:44:09.671Z</time>
      </trkpt>
      <trkpt lat="57.328500" lon="-3.989116">
        <ele>303.521930</ele>
        <time>2023-07-21T20:44:11.120Z</time>
      </trkpt>
      <trkpt lat="57.329113" lon="-3.989114">
        <ele>304.008219</ele>
        <time>2023-07-21T20:44:19.302Z</time>
      </trkpt>
      <trkpt lat="57.329182" lon="-3.989114">
        <ele>304.062956</ele>
        <time>2023-07-21T20:44:20.256Z</time>
      </trkpt>
      <trkpt lat="57.330261" lon="-3.989137">
        <ele>304.985335</ele>
        <time>2023-07-21T20:44:37.089Z</time>
      </trkpt>
      <trkpt lat="57.331364" lon="-3.989139">
        <ele>306.195498</ele>
        <time>2023-07-21T20:44:54.775Z</time>
      </trkpt>
      <trkpt lat="57.331401" lon="-3.989139">
        <ele>306.236093</ele>
        <time>2023-07-21T20:44:55.354Z</time>
      </trkpt>
      <trkpt lat="57.331948" lon="-3.989150">
        <ele>306.716579</ele>
        <time>2023-07-21T20:45:03.567Z</time>
      </trkpt>
      <trkpt lat="57.332161" lon="-3.989200">
        <ele>306.711455</ele>
        <time>2023-07-21T20:45:06.454Z</time>
      </trkpt>
      <trkpt lat="57.332330" lon="-3.989240">
        <ele>306.707388</ele>
        <time>2023-07-21T20:45:08.533Z</time>
      </trkpt>
      <trkpt lat="57.332968" lon="-3.989551">
        <ele>306.691642</ele>
        <time>2023-07-21T20:45:15.419Z</time>
      </trkpt>
      <trkpt lat="57.333021" lon="-3.989585">
        <ele>306.690303</ele>
        <time>2023-07-21T20:45:15.972Z</time>
      </trkpt>
      <trkpt lat="57.334246" lon="-3.990375">
        <ele>307.373383</ele>
        <time>2023-07-21T20:45:31.225Z</time>
      </trkpt>
      <trkpt lat="57.334405" lon="-3.990485">
        <ele>307.540964</ele>
        <time>2023-07-21T20:45:33.751Z</time>
      </trkpt>
      <trkpt lat="57.334749" lon="-3.990701">
        <ele>307.899598</ele>
        <time>2023-07-21T20:45:39.571Z</time>
      </trkpt>
      <trkpt lat="57.335289" lon="-3.990867">
        <ele>308.440073</ele>
        <time>2023-07-21T20:45:49.707Z</time>
      </trkpt>
      <trkpt lat="57.335538" lon="-3.990890">
        <ele>308.670541</ele>
        <time>2023-07-21T20:45:54.549Z</time>
      </trkpt>
      <trkpt lat="57.336644" lon="-3.990749">
        <ele>309.691774</ele>
        <time>2023-07-21T20:46:13.843Z</time>
      </trkpt>
      <trkpt lat="57.336892" lon="-3.990708">
        <ele>309.921135</ele>
        <time>2023-07-21T20:46:16.481Z</time>
      </trkpt>
      <trkpt lat="57.337310" lon="-3.990649">
        <ele>309.544245</ele>
        <time>2023-07-21T20:46:20.342Z</time>
      </trkpt>
      <trkpt lat="57.337649" lon="-3.990735">
        <ele>308.646497</ele>
        <time>2023-07-21T20:46:23.275Z</time>
      </trkpt>
      <trkpt lat="57.337756" lon="-3.990812">
        <ele>308.345326</ele>
        <time>2023-07-21T20:46:24.225Z</time>
      </trkpt>
      <trkpt lat="57.337945" lon="-3.991038">
        <ele>307.755144</ele>
        <time>2023-07-21T20:46:26.066Z</time>
      </trkpt>
      <trkpt lat="57.338058" lon="-3.991230">
        <ele>307.352880</ele>
        <time>2023-07-21T20:46:27.301Z</time>
      </trkpt>
      <trkpt lat="57.338185" lon="-3.991558">
        <ele>306.781268</ele>
        <time>2023-07-21T20:46:29.064Z</time>
      </trkpt>
      <trkpt lat="57.338278" lon="-3.991946">
        <ele>306.180118</ele>
        <time>2023-07-21T20:46:30.890Z</time>
      </trkpt>
      <trkpt lat="57.338502" lon="-3.993375">
        <ele>304.204252</ele>
        <time>2023-07-21T20:46:37.390Z</time>
      </trkpt>
      <trkpt lat="57.338565" lon="-3.993631">
        <ele>303.845546</ele>
        <time>2023-07-21T20:46:38.630Z</time>
      </trkpt>
      <trkpt lat="57.338748" lon="-3.994111">
        <ele>303.096298</ele>
        <time>2023-07-21T20:46:41.264Z</time>
      </trkpt>
      <trkpt lat="57.339113" lon="-3.994768">
        <ele>301.894192</ele>
        <time>2023-07-21T20:46:45.668Z</time>
      </trkpt>
      <trkpt lat="57.340511" lon="-3.996582">
        <ele>300.157564</ele>
        <time>2023-07-21T20:47:02.750Z</time>
      </trkpt>
      <trkpt lat="57.341118" lon="-3.997368">
        <ele>299.834737</ele>
        <time>2023-07-21T20:47:11.330Z</time>
      </trkpt>
      <trkpt lat="57.341322" lon="-3.997746">
        <ele>299.806987</ele>
        <time>2023-07-21T20:47:14.900Z</time>
      </trkpt>
      <trkpt lat="57.341461" lon="-3.998174">
        <ele>299.781057</ele>
        <time>2023-07-21T20:47:18.385Z</time>
      </trkpt>
      <trkpt lat="57.341810" lon="-3.999983">
        <ele>299.502799</ele>
        <time>2023-07-21T20:47:30.962Z</time>
      </trkpt>
      <trkpt lat="57.342235" lon="-4.002405">
        <ele>297.419090</ele>
        <time>2023-07-21T20:47:43.360Z</time>
      </trkpt>
      <trkpt lat="57.342321" lon="-4.002759">
        <ele>297.101467</ele>
        <time>2023-07-21T20:47:45.182Z</time>
      </trkpt>
      <trkpt lat="57.342489" lon="-4.003139">
        <ele>296.617660</ele>
        <time>2023-07-21T20:47:47.474Z</time>
      </trkpt>
      <trkpt lat="57.342693" lon="-4.003403">
        <ele>296.124637</ele>
        <time>2023-07-21T20:47:49.611Z</time>
      </trkpt>
      <trkpt lat="57.342892" lon="-4.003509">
        <ele>295.714361</ele>
        <time>2023-07-21T20:47:51.403Z</time>
      </trkpt>
      <trkpt lat="57.343313" lon="-4.003509">
        <ele>294.880167</ele>
        <time>2023-07-21T20:47:55.050Z</time>
      </trkpt>
      <trkpt lat="57.344363" lon="-4.003553">
        <ele>293.321949</ele>
        <time>2023-07-21T20:48:04.395Z</time>
      </trkpt>
      <trkpt lat="57.344756" lon="-4.003634">
        <ele>293.217406</ele>
        <time>2023-07-21T20:48:08.339Z</time>
      </trkpt>
      <trkpt lat="57.345092" lon="-4.003822">
        <ele>293.124613</ele>
        <time>2023-07-21T20:48:12.465Z</time>
      </trkpt>
      <trkpt lat="57.345650" lon="-4.004294">
        <ele>292.962448</ele>
        <time>2023-07-21T20:48:20.685Z</time>
      </trkpt>
      <trkpt lat="57.345797" lon="-4.004315">
        <ele>292.942083</ele>
        <time>2023-07-21T20:48:22.765Z</time>
      </trkpt>
      <trkpt lat="57.345852" lon="-4.004279">
        <ele>293.009764</ele>
        <time>2023-07-21T20:48:23.567Z</time>
      </trkpt>
      <trkpt lat="57.345900" lon="-4.004464">
        <ele>293.138284</ele>
        <time>2023-07-21T20:48:25.825Z</time>
      </trkpt>
      <trkpt lat="57.345956" lon="-4.004562">
        <ele>293.227652</ele>
        <time>2023-07-21T20:48:27.318Z</time>
      </trkpt>
      <trkpt lat="57.346509" lon="-4.005126">
        <ele>293.960054</ele>
        <time>2023-07-21T20:48:39.816Z</time>
      </trkpt>
      <trkpt lat="57.347269" lon="-4.006076">
        <ele>295.017701</ele>
        <time>2023-07-21T20:48:58.985Z</time>
      </trkpt>
      <trkpt lat="57.347651" lon="-4.006646">
        <ele>295.236267</ele>
        <time>2023-07-21T20:49:08.805Z</time>
      </trkpt>
      <trkpt lat="57.348060" lon="-4.007387">
        <ele>295.491169</ele>
        <time>2023-07-21T20:49:18.972Z</time>
      </trkpt>
      <trkpt lat="57.348141" lon="-4.007462">
        <ele>295.531523</ele>
        <time>2023-07-21T20:49:20.471Z</time>
      </trkpt>
      <trkpt lat="57.348261" lon="-4.007582">
        <ele>295.592292</ele>
        <time>2023-07-21T20:49:22.649Z</time>
      </trkpt>
      <trkpt lat="57.348515" lon="-4.007739">
        <ele>295.711623</ele>
        <time>2023-07-21T20:49:26.824Z</time>
      </trkpt>
      <trkpt lat="57.348656" lon="-4.007785">
        <ele>295.775429</ele>
        <time>2023-07-21T20:49:29.020Z</time>
      </trkpt>
      <trkpt lat="57.348904" lon="-4.007770">
        <ele>295.709643</ele>
        <time>2023-07-21T20:49:32.780Z</time>
      </trkpt>
      <trkpt lat="57.349159" lon="-4.007631">
        <ele>295.531565</ele>
        <time>2023-07-21T20:49:36.779Z</time>
      </trkpt>
      <trkpt lat="57.349598" lon="-4.007270">
        <ele>295.209801</ele>
        <time>2023-07-21T20:49:43.754Z</time>
      </trkpt>
      <trkpt lat="57.349936" lon="-4.007107">
        <ele>294.975812</ele>
        <time>2023-07-21T20:49:48.686Z</time>
      </trkpt>
      <trkpt lat="57.350177" lon="-4.007038">
        <ele>294.812434</ele>
        <time>2023-07-21T20:49:52.137Z</time>
      </trkpt>
      <trkpt lat="57.351561" lon="-4.006657">
        <ele>293.221728</ele>
        <time>2023-07-21T20:50:11.799Z</time>
      </trkpt>
      <trkpt lat="57.352480" lon="-4.006686">
        <ele>292.170341</ele>
        <time>2023-07-21T20:50:23.509Z</time>
      </trkpt>
      <trkpt lat="57.352706" lon="-4.006607">
        <ele>291.996738</ele>
        <time>2023-07-21T20:50:26.456Z</time>
      </trkpt>
      <trkpt lat="57.352830" lon="-4.006499">
        <ele>291.893319</ele>
        <time>2023-07-21T20:50:28.326Z</time>
      </trkpt>
      <trkpt lat="57.352950" lon="-4.006197">
        <ele>291.740581</ele>
        <time>2023-07-21T20:50:30.978Z</time>
      </trkpt>
      <trkpt lat="57.353160" lon="-4.005872">
        <ele>291.534079</ele>
        <time>2023-07-21T20:50:34.758Z</time>
      </trkpt>
      <trkpt lat="57.353402" lon="-4.005574">
        <ele>291.314773</ele>
        <time>2023-07-21T20:50:39.058Z</time>
      </trkpt>
      <trkpt lat="57.353547" lon="-4.005496">
        <ele>291.200804</ele>
        <time>2023-07-21T20:50:41.261Z</time>
      </trkpt>
      <trkpt lat="57.354616" lon="-4.005132">
        <ele>292.611903</ele>
        <time>2023-07-21T20:51:02.313Z</time>
      </trkpt>
      <trkpt lat="57.355076" lon="-4.005119">
        <ele>293.562611</ele>
        <time>2023-07-21T20:51:14.312Z</time>
      </trkpt>
      <trkpt lat="57.355719" lon="-4.004964">
        <ele>294.916049</ele>
        <time>2023-07-21T20:51:31.446Z</time>
      </trkpt>
      <trkpt lat="57.356117" lon="-4.005005">
        <ele>295.793127</ele>
        <time>2023-07-21T20:51:41.583Z</time>
      </trkpt>
      <trkpt lat="57.356210" lon="-4.005038">
        <ele>296.001471</ele>
        <time>2023-07-21T20:51:43.954Z</time>
      </trkpt>
      <trkpt lat="57.356347" lon="-4.005179">
        <ele>296.346253</ele>
        <time>2023-07-21T20:51:47.817Z</time>
      </trkpt>
      <trkpt lat="57.357191" lon="-4.005318">
        <ele>298.210635</ele>
        <time>2023-07-21T20:52:07.033Z</time>
      </trkpt>
      <trkpt lat="57.357382" lon="-4.005469">
        <ele>298.655630</ele>
        <time>2023-07-21T20:52:11.247Z</time>
      </trkpt>
      <trkpt lat="57.357506" lon="-4.005496">
        <ele>298.720967</ele>
        <time>2023-07-21T20:52:13.696Z</time>
      </trkpt>
      <trkpt lat="57.358203" lon="-4.005898">
        <ele>299.102964</ele>
        <time>2023-07-21T20:52:26.968Z</time>
      </trkpt>
      <trkpt lat="57.358911" lon="-4.006499">
        <ele>299.510464</ele>
        <time>2023-07-21T20:52:40.159Z</time>
      </trkpt>
      <trkpt lat="57.359273" lon="-4.006837">
        <ele>299.446562</ele>
        <time>2023-07-21T20:52:46.771Z</time>
      </trkpt>
      <trkpt lat="57.360403" lon="-4.008366">
        <ele>298.616944</ele>
        <time>2023-07-21T20:53:07.339Z</time>
      </trkpt>
      <trkpt lat="57.360912" lon="-4.009241">
        <ele>297.520815</ele>
        <time>2023-07-21T20:53:16.552Z</time>
      </trkpt>
      <trkpt lat="57.361389" lon="-4.010334">
        <ele>296.112807</ele>
        <time>2023-07-21T20:53:26.118Z</time>
      </trkpt>
      <trkpt lat="57.362138" lon="-4.012384">
        <ele>293.360994</ele>
        <time>2023-07-21T20:53:42.459Z</time>
      </trkpt>
      <trkpt lat="57.362340" lon="-4.013142">
        <ele>292.365989</ele>
        <time>2023-07-21T20:53:48.222Z</time>
      </trkpt>
      <trkpt lat="57.362421" lon="-4.013734">
        <ele>291.647229</ele>
        <time>2023-07-21T20:53:52.382Z</time>
      </trkpt>
      <trkpt lat="57.362636" lon="-4.014425">
        <ele>290.525870</ele>
        <time>2023-07-21T20:53:57.761Z</time>
      </trkpt>
      <trkpt lat="57.362812" lon="-4.015133">
        <ele>289.305969</ele>
        <time>2023-07-21T20:54:02.961Z</time>
      </trkpt>
      <trkpt lat="57.362866" lon="-4.015553">
        <ele>288.630338</ele>
        <time>2023-07-21T20:54:05.779Z</time>
      </trkpt>
      <trkpt lat="57.362934" lon="-4.015782">
        <ele>288.221276</ele>
        <time>2023-07-21T20:54:07.443Z</time>
      </trkpt>
      <trkpt lat="57.363014" lon="-4.015947">
        <ele>287.874088</ele>
        <time>2023-07-21T20:54:08.813Z</time>
      </trkpt>
      <trkpt lat="57.363384" lon="-4.017086">
        <ele>285.774288</ele>
        <time>2023-07-21T20:55:05.982Z</time>
      </trkpt>
      <trkpt lat="57.363536" lon="-4.017462">
        <ele>284.982597</ele>
        <time>2023-07-21T20:55:26.181Z</time>
      </trkpt>
      <trkpt lat="57.363676" lon="-4.017694">
        <ele>284.396031</ele>
        <time>2023-07-21T20:55:41.044Z</time>
      </trkpt>
      <trkpt lat="57.363752" lon="-4.017781">
        <ele>284.117009</ele>
        <time>2023-07-21T20:55:42.072Z</time>
      </trkpt>
      <trkpt lat="57.363998" lon="-4.017567">
        <ele>283.268139</ele>
        <time>2023-07-21T20:55:45.164Z</time>
      </trkpt>
      <trkpt lat="57.364002" lon="-4.017562">
        <ele>283.253069</ele>
        <time>2023-07-21T20:55:45.203Z</time>
      </trkpt>
      <trkpt lat="57.364044" lon="-4.017509">
        <ele>283.094360</ele>
        <time>2023-07-21T20:55:45.602Z</time>
      </trkpt>
      <trkpt lat="57.364447" lon="-4.018301">
        <ele>281.259857</ele>
        <time>2023-07-21T20:55:50.414Z</time>
      </trkpt>
      <trkpt lat="57.364518" lon="-4.018462">
        <ele>280.909472</ele>
        <time>2023-07-21T20:55:51.349Z</time>
      </trkpt>
      <trkpt lat="57.364749" lon="-4.018817">
        <ele>280.329040</ele>
        <time>2023-07-21T20:55:53.941Z</time>
      </trkpt>
      <trkpt lat="57.364931" lon="-4.019239">
        <ele>280.136831</ele>
        <time>2023-07-21T20:55:56.551Z</time>
      </trkpt>
      <trkpt lat="57.365897" lon="-4.021078">
        <ele>279.239042</ele>
        <time>2023-07-21T20:56:12.313Z</time>
      </trkpt>
      <trkpt lat="57.366324" lon="-4.021818">
        <ele>279.262206</ele>
        <time>2023-07-21T20:56:20.243Z</time>
      </trkpt>
      <trkpt lat="57.366373" lon="-4.021895">
        <ele>279.264751</ele>
        <time>2023-07-21T20:56:21.097Z</time>
      </trkpt>
      <trkpt lat="57.366709" lon="-4.022446">
        <ele>279.282529</ele>
        <time>2023-07-21T20:56:27.140Z</time>
      </trkpt>
      <trkpt lat="57.366941" lon="-4.022994">
        <ele>279.297419</ele>
        <time>2023-07-21T20:56:31.559Z</time>
      </trkpt>
      <trkpt lat="57.367269" lon="-4.023453">
        <ele>279.229835</ele>
        <time>2023-07-21T20:56:35.637Z</time>
      </trkpt>
      <trkpt lat="57.367770" lon="-4.024013">
        <ele>278.795291</ele>
        <time>2023-07-21T20:56:41.678Z</time>
      </trkpt>
      <trkpt lat="57.368099" lon="-4.024159">
        <ele>278.543994</ele>
        <time>2023-07-21T20:56:45.150Z</time>
      </trkpt>
      <trkpt lat="57.368190" lon="-4.023911">
        <ele>278.423833</ele>
        <time>2023-07-21T20:56:46.723Z</time>
      </trkpt>
      <trkpt lat="57.368335" lon="-4.023721">
        <ele>278.291945</ele>
        <time>2023-07-21T20:56:48.536Z</time>
      </trkpt>
      <trkpt lat="57.368488" lon="-4.023669">
        <ele>278.176396</ele>
        <time>2023-07-21T20:56:50.055Z</time>
      </trkpt>
      <trkpt lat="57.368636" lon="-4.023750">
        <ele>278.061767</ele>
        <time>2023-07-21T20:56:51.595Z</time>
      </trkpt>
      <trkpt lat="57.369462" lon="-4.024565">
        <ele>277.916382</ele>
        <time>2023-07-21T20:57:00.786Z</time>
      </trkpt>
      <trkpt lat="57.370614" lon="-4.025817">
        <ele>278.323373</ele>
        <time>2023-07-21T20:57:19.179Z</time>
      </trkpt>
      <trkpt lat="57.371193" lon="-4.026491">
        <ele>279.243697</ele>
        <time>2023-07-21T20:57:30.300Z</time>
      </trkpt>
      <trkpt lat="57.371727" lon="-4.027209">
        <ele>280.131664</ele>
        <time>2023-07-21T20:57:41.858Z</time>
      </trkpt>
      <trkpt lat="57.373687" lon="-4.030615">
        <ele>284.670426</ele>
        <time>2023-07-21T20:58:28.795Z</time>
      </trkpt>
      <trkpt lat="57.374285" lon="-4.031767">
        <ele>286.039180</ele>
        <time>2023-07-21T20:58:42.206Z</time>
      </trkpt>
      <trkpt lat="57.375617" lon="-4.034176">
        <ele>290.093348</ele>
        <time>2023-07-21T20:59:17.036Z</time>
      </trkpt>
      <trkpt lat="57.376326" lon="-4.035354">
        <ele>292.627549</ele>
        <time>2023-07-21T20:59:38.255Z</time>
      </trkpt>
      <trkpt lat="57.377510" lon="-4.037060">
        <ele>295.865308</ele>
        <time>2023-07-21T21:00:08.043Z</time>
      </trkpt>
      <trkpt lat="57.377896" lon="-4.037749">
        <ele>296.533940</ele>
        <time>2023-07-21T21:00:16.049Z</time>
      </trkpt>
      <trkpt lat="57.378517" lon="-4.038982">
        <ele>297.374327</ele>
        <time>2023-07-21T21:00:28.401Z</time>
      </trkpt>
      <trkpt lat="57.379111" lon="-4.040589">
        <ele>297.205705</ele>
        <time>2023-07-21T21:00:40.817Z</time>
      </trkpt>
      <trkpt lat="57.379417" lon="-4.041645">
        <ele>296.975365</ele>
        <time>2023-07-21T21:00:47.542Z</time>
      </trkpt>
      <trkpt lat="57.379745" lon="-4.042894">
        <ele>295.972920</ele>
        <time>2023-07-21T21:00:54.579Z</time>
      </trkpt>
      <trkpt lat="57.380233" lon="-4.044872">
        <ele>294.388230</ele>
        <time>2023-07-21T21:01:05.317Z</time>
      </trkpt>
      <trkpt lat="57.380396" lon="-4.045479">
        <ele>293.874912</ele>
        <time>2023-07-21T21:01:08.565Z</time>
      </trkpt>
      <trkpt lat="57.380595" lon="-4.046385">
        <ele>293.134379</ele>
        <time>2023-07-21T21:01:13.323Z</time>
      </trkpt>
      <trkpt lat="57.380914" lon="-4.047568">
        <ele>292.161997</ele>
        <time>2023-07-21T21:01:20.189Z</time>
      </trkpt>
      <trkpt lat="57.381168" lon="-4.048349">
        <ele>291.847645</ele>
        <time>2023-07-21T21:01:25.360Z</time>
      </trkpt>
      <trkpt lat="57.381491" lon="-4.049185">
        <ele>291.493171</ele>
        <time>2023-07-21T21:01:31.025Z</time>
      </trkpt>
      <trkpt lat="57.382055" lon="-4.050306">
        <ele>290.974779</ele>
        <time>2023-07-21T21:01:39.704Z</time>
      </trkpt>
      <trkpt lat="57.382447" lon="-4.050962">
        <ele>290.684796</ele>
        <time>2023-07-21T21:01:45.678Z</time>
      </trkpt>
      <trkpt lat="57.383137" lon="-4.052224">
        <ele>290.152566</ele>
        <time>2023-07-21T21:01:56.041Z</time>
      </trkpt>
      <trkpt lat="57.383510" lon="-4.053041">
        <ele>289.635887</ele>
        <time>2023-07-21T21:02:01.572Z</time>
      </trkpt>
      <trkpt lat="57.384072" lon="-4.054504">
        <ele>288.604518</ele>
        <time>2023-07-21T21:02:10.671Z</time>
      </trkpt>
      <trkpt lat="57.384348" lon="-4.055334">
        <ele>288.085063</ele>
        <time>2023-07-21T21:02:15.955Z</time>
      </trkpt>
      <trkpt lat="57.384646" lon="-4.056514">
        <ele>287.681158</ele>
        <time>2023-07-21T21:02:23.363Z</time>
      </trkpt>
      <trkpt lat="57.384963" lon="-4.057728">
        <ele>287.263043</ele>
        <time>2023-07-21T21:02:31.223Z</time>
      </trkpt>
      <trkpt lat="57.385283" lon="-4.058835">
        <ele>286.394647</ele>
        <time>2023-07-21T21:02:38.471Z</time>
      </trkpt>
      <trkpt lat="57.385701" lon="-4.060024">
        <ele>285.015661</ele>
        <time>2023-07-21T21:02:45.540Z</time>
      </trkpt>
      <trkpt lat="57.386147" lon="-4.060967">
        <ele>283.747353</ele>
        <time>2023-07-21T21:02:51.107Z</time>
      </trkpt>
      <trkpt lat="57.386942" lon="-4.062091">
        <ele>280.444639</ele>
        <time>2023-07-21T21:02:59.064Z</time>
      </trkpt>
      <trkpt lat="57.388037" lon="-4.063531">
        <ele>276.652119</ele>
        <time>2023-07-21T21:03:09.914Z</time>
      </trkpt>
      <trkpt lat="57.388190" lon="-4.063737">
        <ele>276.238284</ele>
        <time>2023-07-21T21:03:11.508Z</time>
      </trkpt>
      <trkpt lat="57.389214" lon="-4.065053">
        <ele>273.930128</ele>
        <time>2023-07-21T21:03:22.810Z</time>
      </trkpt>
      <trkpt lat="57.389774" lon="-4.065813">
        <ele>273.781311</ele>
        <time>2023-07-21T21:03:30.123Z</time>
      </trkpt>
      <trkpt lat="57.389926" lon="-4.066190">
        <ele>273.726885</ele>
        <time>2023-07-21T21:03:33.215Z</time>
      </trkpt>
      <trkpt lat="57.390023" lon="-4.066746">
        <ele>273.659330</ele>
        <time>2023-07-21T21:03:37.268Z</time>
      </trkpt>
      <trkpt lat="57.390231" lon="-4.067479">
        <ele>273.786455</ele>
        <time>2023-07-21T21:03:43.637Z</time>
      </trkpt>
      <trkpt lat="57.390558" lon="-4.068284">
        <ele>274.659662</ele>
        <time>2023-07-21T21:03:52.173Z</time>
      </trkpt>
      <trkpt lat="57.390761" lon="-4.068631">
        <ele>275.103296</ele>
        <time>2023-07-21T21:03:56.865Z</time>
      </trkpt>
      <trkpt lat="57.391365" lon="-4.069445">
        <ele>276.303158</ele>
        <time>2023-07-21T21:04:10.626Z</time>
      </trkpt>
      <trkpt lat="57.391646" lon="-4.069943">
        <ele>277.046956</ele>
        <time>2023-07-21T21:04:18.052Z</time>
      </trkpt>
      <trkpt lat="57.392184" lon="-4.071137">
        <ele>278.754789</ele>
        <time>2023-07-21T21:04:34.112Z</time>
      </trkpt>
      <trkpt lat="57.392793" lon="-4.072001">
        <ele>280.196122</ele>
        <time>2023-07-21T21:04:48.293Z</time>
      </trkpt>
      <trkpt lat="57.393918" lon="-4.073464">
        <ele>281.052809</ele>
        <time>2023-07-21T21:05:07.408Z</time>
      </trkpt>
      <trkpt lat="57.394182" lon="-4.073681">
        <ele>281.232871</ele>
        <time>2023-07-21T21:05:10.687Z</time>
      </trkpt>
      <trkpt lat="57.394504" lon="-4.073734">
        <ele>281.209889</ele>
        <time>2023-07-21T21:05:14.215Z</time>
      </trkpt>
      <trkpt lat="57.394718" lon="-4.073704">
        <ele>281.166384</ele>
        <time>2023-07-21T21:05:16.466Z</time>
      </trkpt>
      <trkpt lat="57.396285" lon="-4.072866">
        <ele>280.813778</ele>
        <time>2023-07-21T21:05:34.700Z</time>
      </trkpt>
      <trkpt lat="57.396763" lon="-4.072607">
        <ele>280.678396</ele>
        <time>2023-07-21T21:05:40.626Z</time>
      </trkpt>
      <trkpt lat="57.397459" lon="-4.072106">
        <ele>280.475436</ele>
        <time>2023-07-21T21:05:48.832Z</time>
      </trkpt>
      <trkpt lat="57.398941" lon="-4.071210">
        <ele>280.320515</ele>
        <time>2023-07-21T21:06:05.545Z</time>
      </trkpt>
      <trkpt lat="57.399267" lon="-4.070953">
        <ele>280.296194</ele>
        <time>2023-07-21T21:06:09.769Z</time>
      </trkpt>
      <trkpt lat="57.400127" lon="-4.070221">
        <ele>281.804774</ele>
        <time>2023-07-21T21:06:24.882Z</time>
      </trkpt>
      <trkpt lat="57.400408" lon="-4.070081">
        <ele>282.339970</ele>
        <time>2023-07-21T21:06:30.453Z</time>
      </trkpt>
      <trkpt lat="57.400705" lon="-4.070066">
        <ele>282.886502</ele>
        <time>2023-07-21T21:06:36.439Z</time>
      </trkpt>
      <trkpt lat="57.401526" lon="-4.070419">
        <ele>284.613568</ele>
        <time>2023-07-21T21:06:54.079Z</time>
      </trkpt>
      <trkpt lat="57.402507" lon="-4.070561">
        <ele>286.804547</ele>
        <time>2023-07-21T21:07:13.411Z</time>
      </trkpt>
      <trkpt lat="57.403096" lon="-4.070695">
        <ele>287.786360</ele>
        <time>2023-07-21T21:07:23.058Z</time>
      </trkpt>
      <trkpt lat="57.404244" lon="-4.071161">
        <ele>288.709145</ele>
        <time>2023-07-21T21:07:39.275Z</time>
      </trkpt>
      <trkpt lat="57.405136" lon="-4.071447">
        <ele>289.327777</ele>
        <time>2023-07-21T21:07:51.471Z</time>
      </trkpt>
      <trkpt lat="57.406068" lon="-4.071957">
        <ele>289.917583</ele>
        <time>2023-07-21T21:08:05.109Z</time>
      </trkpt>
      <trkpt lat="57.406794" lon="-4.072388">
        <ele>290.270723</ele>
        <time>2023-07-21T21:08:15.674Z</time>
      </trkpt>
      <trkpt lat="57.407055" lon="-4.072623">
        <ele>290.376576</ele>
        <time>2023-07-21T21:08:19.606Z</time>
      </trkpt>
      <trkpt lat="57.407438" lon="-4.073040">
        <ele>290.538601</ele>
        <time>2023-07-21T21:08:25.421Z</time>
      </trkpt>
      <trkpt lat="57.407970" lon="-4.073744">
        <ele>290.782901</ele>
        <time>2023-07-21T21:08:33.320Z</time>
      </trkpt>
      <trkpt lat="57.408383" lon="-4.074220">
        <ele>291.029806</ele>
        <time>2023-07-21T21:08:39.072Z</time>
      </trkpt>
      <trkpt lat="57.408613" lon="-4.074438">
        <ele>291.160969</ele>
        <time>2023-07-21T21:08:42.266Z</time>
      </trkpt>
      <trkpt lat="57.408879" lon="-4.074643">
        <ele>291.307252</ele>
        <time>2023-07-21T21:08:46.058Z</time>
      </trkpt>
      <trkpt lat="57.409141" lon="-4.074779">
        <ele>291.445429</ele>
        <time>2023-07-21T21:08:49.943Z</time>
      </trkpt>
      <trkpt lat="57.409900" lon="-4.075096">
        <ele>292.162882</ele>
        <time>2023-07-21T21:09:01.940Z</time>
      </trkpt>
      <trkpt lat="57.410347" lon="-4.075477">
        <ele>292.900553</ele>
        <time>2023-07-21T21:09:10.039Z</time>
      </trkpt>
      <trkpt lat="57.410533" lon="-4.075775">
        <ele>293.269018</ele>
        <time>2023-07-21T21:09:14.236Z</time>
      </trkpt>
      <trkpt lat="57.410741" lon="-4.076203">
        <ele>293.734688</ele>
        <time>2023-07-21T21:09:19.756Z</time>
      </trkpt>
      <trkpt lat="57.411050" lon="-4.077255">
        <ele>294.467249</ele>
        <time>2023-07-21T21:09:31.453Z</time>
      </trkpt>
      <trkpt lat="57.411400" lon="-4.078879">
        <ele>294.871020</ele>
        <time>2023-07-21T21:09:45.347Z</time>
      </trkpt>
      <trkpt lat="57.411575" lon="-4.079555">
        <ele>295.044151</ele>
        <time>2023-07-21T21:09:49.626Z</time>
      </trkpt>
      <trkpt lat="57.411733" lon="-4.079887">
        <ele>295.128179</ele>
        <time>2023-07-21T21:09:51.970Z</time>
      </trkpt>
      <trkpt lat="57.412165" lon="-4.080568">
        <ele>293.591184</ele>
        <time>2023-07-21T21:09:57.187Z</time>
      </trkpt>
      <trkpt lat="57.412502" lon="-4.081351">
        <ele>292.127086</ele>
        <time>2023-07-21T21:10:01.760Z</time>
      </trkpt>
      <trkpt lat="57.412956" lon="-4.083053">
        <ele>288.510407</ele>
        <time>2023-07-21T21:10:09.730Z</time>
      </trkpt>
      <trkpt lat="57.413326" lon="-4.083970">
        <ele>285.292639</ele>
        <time>2023-07-21T21:10:14.362Z</time>
      </trkpt>
      <trkpt lat="57.414060" lon="-4.086285">
        <ele>277.333201</ele>
        <time>2023-07-21T21:10:25.040Z</time>
      </trkpt>
      <trkpt lat="57.414173" lon="-4.086656">
        <ele>275.977870</ele>
        <time>2023-07-21T21:10:26.717Z</time>
      </trkpt>
      <trkpt lat="57.414598" lon="-4.088140">
        <ele>270.633254</ele>
        <time>2023-07-21T21:10:33.370Z</time>
      </trkpt>
      <trkpt lat="57.415293" lon="-4.090952">
        <ele>260.935251</ele>
        <time>2023-07-21T21:10:45.658Z</time>
      </trkpt>
      <trkpt lat="57.415496" lon="-4.092109">
        <ele>257.734194</ele>
        <time>2023-07-21T21:10:50.477Z</time>
      </trkpt>
      <trkpt lat="57.415637" lon="-4.092951">
        <ele>255.601326</ele>
        <time>2023-07-21T21:10:54.042Z</time>
      </trkpt>
      <trkpt lat="57.415802" lon="-4.093403">
        <ele>254.280503</ele>
        <time>2023-07-21T21:10:56.334Z</time>
      </trkpt>
      <trkpt lat="57.415985" lon="-4.093682">
        <ele>253.217009</ele>
        <time>2023-07-21T21:10:58.228Z</time>
      </trkpt>
      <trkpt lat="57.416149" lon="-4.093829">
        <ele>252.399075</ele>
        <time>2023-07-21T21:10:59.684Z</time>
      </trkpt>
      <trkpt lat="57.416673" lon="-4.094104">
        <ele>251.251870</ele>
        <time>2023-07-21T21:11:04.215Z</time>
      </trkpt>
      <trkpt lat="57.416962" lon="-4.094262">
        <ele>250.889987</ele>
        <time>2023-07-21T21:11:06.920Z</time>
      </trkpt>
      <trkpt lat="57.417076" lon="-4.094394">
        <ele>250.728608</ele>
        <time>2023-07-21T21:11:08.233Z</time>
      </trkpt>
      <trkpt lat="57.417313" lon="-4.094670">
        <ele>250.392569</ele>
        <time>2023-07-21T21:11:11.296Z</time>
      </trkpt>
      <trkpt lat="57.417743" lon="-4.095409">
        <ele>249.688784</ele>
        <time>2023-07-21T21:11:17.931Z</time>
      </trkpt>
      <trkpt lat="57.418023" lon="-4.096065">
        <ele>249.297801</ele>
        <time>2023-07-21T21:11:23.097Z</time>
      </trkpt>
      <trkpt lat="57.418093" lon="-4.096310">
        <ele>249.182974</ele>
        <time>2023-07-21T21:11:24.700Z</time>
      </trkpt>
      <trkpt lat="57.418196" lon="-4.096633">
        <ele>249.027558</ele>
        <time>2023-07-21T21:11:26.922Z</time>
      </trkpt>
      <trkpt lat="57.418300" lon="-4.096857">
        <ele>248.905109</ele>
        <time>2023-07-21T21:11:28.530Z</time>
      </trkpt>
      <trkpt lat="57.418672" lon="-4.097485">
        <ele>248.518588</ele>
        <time>2023-07-21T21:11:33.475Z</time>
      </trkpt>
      <trkpt lat="57.419046" lon="-4.098102">
        <ele>248.073014</ele>
        <time>2023-07-21T21:11:38.221Z</time>
      </trkpt>
      <trkpt lat="57.419321" lon="-4.098421">
        <ele>247.510859</ele>
        <time>2023-07-21T21:11:41.255Z</time>
      </trkpt>
      <trkpt lat="57.420067" lon="-4.099222">
        <ele>246.016855</ele>
        <time>2023-07-21T21:11:48.964Z</time>
      </trkpt>
      <trkpt lat="57.420358" lon="-4.099554">
        <ele>245.424731</ele>
        <time>2023-07-21T21:11:51.962Z</time>
      </trkpt>
      <trkpt lat="57.420603" lon="-4.100070">
        <ele>244.785487</ele>
        <time>2023-07-21T21:11:55.181Z</time>
      </trkpt>
      <trkpt lat="57.421126" lon="-4.101163">
        <ele>243.435004</ele>
        <time>2023-07-21T21:12:02.119Z</time>
      </trkpt>
      <trkpt lat="57.421552" lon="-4.102513">
        <ele>241.989835</ele>
        <time>2023-07-21T21:12:09.854Z</time>
      </trkpt>
      <trkpt lat="57.421677" lon="-4.103225">
        <ele>241.371186</ele>
        <time>2023-07-21T21:12:13.719Z</time>
      </trkpt>
      <trkpt lat="57.421729" lon="-4.104184">
        <ele>240.576453</ele>
        <time>2023-07-21T21:12:18.799Z</time>
      </trkpt>
      <trkpt lat="57.421749" lon="-4.105599">
        <ele>239.409329</ele>
        <time>2023-07-21T21:12:25.887Z</time>
      </trkpt>
      <trkpt lat="57.421799" lon="-4.106033">
        <ele>238.685497</ele>
        <time>2023-07-21T21:12:27.964Z</time>
      </trkpt>
      <trkpt lat="57.422078" lon="-4.107264">
        <ele>235.411083</ele>
        <time>2023-07-21T21:12:33.755Z</time>
      </trkpt>
      <trkpt lat="57.422492" lon="-4.109040">
        <ele>230.370145</ele>
        <time>2023-07-21T21:12:41.448Z</time>
      </trkpt>
      <trkpt lat="57.422593" lon="-4.109326">
        <ele>228.857748</ele>
        <time>2023-07-21T21:12:42.769Z</time>
      </trkpt>
      <trkpt lat="57.422926" lon="-4.110278">
        <ele>223.837841</ele>
        <time>2023-07-21T21:12:47.101Z</time>
      </trkpt>
      <trkpt lat="57.423021" lon="-4.110662">
        <ele>221.969202</ele>
        <time>2023-07-21T21:12:48.692Z</time>
      </trkpt>
      <trkpt lat="57.423130" lon="-4.111308">
        <ele>218.975738</ele>
        <time>2023-07-21T21:12:51.232Z</time>
      </trkpt>
      <trkpt lat="57.423253" lon="-4.112348">
        <ele>214.009945</ele>
        <time>2023-07-21T21:12:55.197Z</time>
      </trkpt>
      <trkpt lat="57.423399" lon="-4.113695">
        <ele>207.150807</ele>
        <time>2023-07-21T21:13:00.308Z</time>
      </trkpt>
      <trkpt lat="57.423548" lon="-4.115668">
        <ele>198.333900</ele>
        <time>2023-07-21T21:13:07.770Z</time>
      </trkpt>
      <trkpt lat="57.423619" lon="-4.116180">
        <ele>196.944782</ele>
        <time>2023-07-21T21:13:09.796Z</time>
      </trkpt>
      <trkpt lat="57.423735" lon="-4.116556">
        <ele>195.806211</ele>
        <time>2023-07-21T21:13:11.498Z</time>
      </trkpt>
      <trkpt lat="57.423825" lon="-4.116761">
        <ele>195.111244</ele>
        <time>2023-07-21T21:13:12.552Z</time>
      </trkpt>
      <trkpt lat="57.424155" lon="-4.117288">
        <ele>192.987501</ele>
        <time>2023-07-21T21:13:15.946Z</time>
      </trkpt>
      <trkpt lat="57.424265" lon="-4.116939">
        <ele>191.925002</ele>
        <time>2023-07-21T21:13:17.830Z</time>
      </trkpt>
      <trkpt lat="57.424392" lon="-4.116831">
        <ele>191.243402</ele>
        <time>2023-07-21T21:13:19.111Z</time>
      </trkpt>
      <trkpt lat="57.424857" lon="-4.116826">
        <ele>191.519273</ele>
        <time>2023-07-21T21:13:25.012Z</time>
      </trkpt>
      <trkpt lat="57.425156" lon="-4.116731">
        <ele>192.089973</ele>
        <time>2023-07-21T21:13:30.477Z</time>
      </trkpt>
      <trkpt lat="57.425875" lon="-4.116285">
        <ele>193.516118</ele>
        <time>2023-07-21T21:13:46.462Z</time>
      </trkpt>
      <trkpt lat="57.426075" lon="-4.116086">
        <ele>193.942980</ele>
        <time>2023-07-21T21:13:51.481Z</time>
      </trkpt>
      <trkpt lat="57.426518" lon="-4.115284">
        <ele>195.556183</ele>
        <time>2023-07-21T21:14:05.069Z</time>
      </trkpt>
      <trkpt lat="57.426706" lon="-4.115019">
        <ele>196.219013</ele>
        <time>2023-07-21T21:14:10.265Z</time>
      </trkpt>
      <trkpt lat="57.426806" lon="-4.114877">
        <ele>196.572537</ele>
        <time>2023-07-21T21:14:13.005Z</time>
      </trkpt>
      <trkpt lat="57.426871" lon="-4.114787">
        <ele>196.800232</ele>
        <time>2023-07-21T21:14:14.705Z</time>
      </trkpt>
      <trkpt lat="57.426946" lon="-4.114503">
        <ele>197.278531</ele>
        <time>2023-07-21T21:14:18.324Z</time>
      </trkpt>
      <trkpt lat="57.427134" lon="-4.113720">
        <ele>198.574859</ele>
        <time>2023-07-21T21:14:27.734Z</time>
      </trkpt>
      <trkpt lat="57.427263" lon="-4.113353">
        <ele>199.237575</ele>
        <time>2023-07-21T21:14:32.330Z</time>
      </trkpt>
      <trkpt lat="57.427515" lon="-4.112983">
        <ele>199.968559</ele>
        <time>2023-07-21T21:14:38.137Z</time>
      </trkpt>
      <trkpt lat="57.427745" lon="-4.112741">
        <ele>200.568681</ele>
        <time>2023-07-21T21:14:42.753Z</time>
      </trkpt>
      <trkpt lat="57.427997" lon="-4.112572">
        <ele>201.176941</ele>
        <time>2023-07-21T21:14:47.644Z</time>
      </trkpt>
      <trkpt lat="57.428711" lon="-4.112244">
        <ele>202.846765</ele>
        <time>2023-07-21T21:15:02.392Z</time>
      </trkpt>
      <trkpt lat="57.429847" lon="-4.111777">
        <ele>205.665561</ele>
        <time>2023-07-21T21:15:24.581Z</time>
      </trkpt>
      <trkpt lat="57.430201" lon="-4.111728">
        <ele>206.537695</ele>
        <time>2023-07-21T21:15:31.304Z</time>
      </trkpt>
      <trkpt lat="57.430220" lon="-4.111726">
        <ele>206.584450</ele>
        <time>2023-07-21T21:15:31.662Z</time>
      </trkpt>
      <trkpt lat="57.430337" lon="-4.111709">
        <ele>206.872778</ele>
        <time>2023-07-21T21:15:33.925Z</time>
      </trkpt>
      <trkpt lat="57.430816" lon="-4.111676">
        <ele>208.191270</ele>
        <time>2023-07-21T21:15:43.767Z</time>
      </trkpt>
      <trkpt lat="57.431613" lon="-4.111384">
        <ele>211.119672</ele>
        <time>2023-07-21T21:16:02.752Z</time>
      </trkpt>
      <trkpt lat="57.432105" lon="-4.111057">
        <ele>213.003348</ele>
        <time>2023-07-21T21:16:15.936Z</time>
      </trkpt>
      <trkpt lat="57.432472" lon="-4.110964">
        <ele>214.300749</ele>
        <time>2023-07-21T21:16:25.153Z</time>
      </trkpt>
      <trkpt lat="57.432788" lon="-4.110683">
        <ele>215.112033</ele>
        <time>2023-07-21T21:16:33.414Z</time>
      </trkpt>
      <trkpt lat="57.433508" lon="-4.110189">
        <ele>216.889436</ele>
        <time>2023-07-21T21:16:49.597Z</time>
      </trkpt>
      <trkpt lat="57.434704" lon="-4.109234">
        <ele>218.691254</ele>
        <time>2023-07-21T21:17:07.860Z</time>
      </trkpt>
      <trkpt lat="57.435185" lon="-4.108893">
        <ele>218.923420</ele>
        <time>2023-07-21T21:17:13.641Z</time>
      </trkpt>
      <trkpt lat="57.435664" lon="-4.108648">
        <ele>219.147465</ele>
        <time>2023-07-21T21:17:19.974Z</time>
      </trkpt>
      <trkpt lat="57.435983" lon="-4.108428">
        <ele>219.451269</ele>
        <time>2023-07-21T21:17:24.971Z</time>
      </trkpt>
      <trkpt lat="57.436301" lon="-4.107894">
        <ele>219.961056</ele>
        <time>2023-07-21T21:17:31.986Z</time>
      </trkpt>
      <trkpt lat="57.437694" lon="-4.107197">
        <ele>221.147844</ele>
        <time>2023-07-21T21:17:55.734Z</time>
      </trkpt>
      <trkpt lat="57.438059" lon="-4.107156">
        <ele>220.882632</ele>
        <time>2023-07-21T21:18:00.503Z</time>
      </trkpt>
      <trkpt lat="57.438804" lon="-4.106905">
        <ele>220.333484</ele>
        <time>2023-07-21T21:18:07.994Z</time>
      </trkpt>
      <trkpt lat="57.439013" lon="-4.106891">
        <ele>220.181802</ele>
        <time>2023-07-21T21:18:09.797Z</time>
      </trkpt>
      <trkpt lat="57.439112" lon="-4.106885">
        <ele>220.109960</ele>
        <time>2023-07-21T21:18:10.647Z</time>
      </trkpt>
      <trkpt lat="57.439715" lon="-4.106523">
        <ele>218.269633</ele>
        <time>2023-07-21T21:18:15.793Z</time>
      </trkpt>
      <trkpt lat="57.440716" lon="-4.106389">
        <ele>214.986647</ele>
        <time>2023-07-21T21:18:23.818Z</time>
      </trkpt>
      <trkpt lat="57.441590" lon="-4.105955">
        <ele>211.696973</ele>
        <time>2023-07-21T21:18:31.004Z</time>
      </trkpt>
      <trkpt lat="57.441972" lon="-4.105847">
        <ele>210.237223</ele>
        <time>2023-07-21T21:18:34.049Z</time>
      </trkpt>
      <trkpt lat="57.442679" lon="-4.105728">
        <ele>207.555344</ele>
        <time>2023-07-21T21:18:39.621Z</time>
      </trkpt>
      <trkpt lat="57.445558" lon="-4.104877">
        <ele>196.308685</ele>
        <time>2023-07-21T21:19:02.317Z</time>
      </trkpt>
      <trkpt lat="57.447258" lon="-4.104153">
        <ele>191.881840</ele>
        <time>2023-07-21T21:19:16.911Z</time>
      </trkpt>
      <trkpt lat="57.447662" lon="-4.103997">
        <ele>191.125199</ele>
        <time>2023-07-21T21:19:20.803Z</time>
      </trkpt>
      <trkpt lat="57.448611" lon="-4.103268">
        <ele>190.529897</ele>
        <time>2023-07-21T21:19:31.930Z</time>
      </trkpt>
      <trkpt lat="57.448840" lon="-4.102773">
        <ele>190.579070</ele>
        <time>2023-07-21T21:19:36.707Z</time>
      </trkpt>
      <trkpt lat="57.449902" lon="-4.099999">
        <ele>191.035268</ele>
        <time>2023-07-21T21:20:01.191Z</time>
      </trkpt>
      <trkpt lat="57.450646" lon="-4.098488">
        <ele>191.384600</ele>
        <time>2023-07-21T21:20:14.741Z</time>
      </trkpt>
      <trkpt lat="57.452478" lon="-4.094935">
        <ele>192.386328</ele>
        <time>2023-07-21T21:20:49.057Z</time>
      </trkpt>
      <trkpt lat="57.452830" lon="-4.093471">
        <ele>192.754266</ele>
        <time>2023-07-21T21:21:01.685Z</time>
      </trkpt>
      <trkpt lat="57.454061" lon="-4.090617">
        <ele>192.550037</ele>
        <time>2023-07-21T21:21:26.239Z</time>
      </trkpt>
      <trkpt lat="57.454357" lon="-4.090243">
        <ele>192.039597</ele>
        <time>2023-07-21T21:21:29.616Z</time>
      </trkpt>
      <trkpt lat="57.454666" lon="-4.089989">
        <ele>191.557743</ele>
        <time>2023-07-21T21:21:32.664Z</time>
      </trkpt>
      <trkpt lat="57.455123" lon="-4.089746">
        <ele>190.879841</ele>
        <time>2023-07-21T21:21:36.776Z</time>
      </trkpt>
      <trkpt lat="57.455605" lon="-4.089311">
        <ele>189.471352</ele>
        <time>2023-07-21T21:21:41.245Z</time>
      </trkpt>
      <trkpt lat="57.456175" lon="-4.088751">
        <ele>187.296438</ele>
        <time>2023-07-21T21:21:46.435Z</time>
      </trkpt>
      <trkpt lat="57.456600" lon="-4.088130">
        <ele>185.472821</ele>
        <time>2023-07-21T21:21:50.752Z</time>
      </trkpt>
      <trkpt lat="57.458064" lon="-4.086226">
        <ele>177.631531</ele>
        <time>2023-07-21T21:22:04.584Z</time>
      </trkpt>
      <trkpt lat="57.458780" lon="-4.087344">
        <ele>171.978377</ele>
        <time>2023-07-21T21:22:14.420Z</time>
      </trkpt>
      <trkpt lat="57.459084" lon="-4.088027">
        <ele>168.774034</ele>
        <time>2023-07-21T21:22:19.330Z</time>
      </trkpt>
      <trkpt lat="57.459373" lon="-4.088348">
        <ele>166.511817</ele>
        <time>2023-07-21T21:22:22.764Z</time>
      </trkpt>
      <trkpt lat="57.459703" lon="-4.088868">
        <ele>163.449704</ele>
        <time>2023-07-21T21:22:27.153Z</time>
      </trkpt>
      <trkpt lat="57.459881" lon="-4.089228">
        <ele>161.218875</ele>
        <time>2023-07-21T21:22:29.800Z</time>
      </trkpt>
      <trkpt lat="57.460563" lon="-4.091535">
        <ele>149.209344</ele>
        <time>2023-07-21T21:22:43.864Z</time>
      </trkpt>
      <trkpt lat="57.460609" lon="-4.091798">
        <ele>147.969340</ele>
        <time>2023-07-21T21:22:45.338Z</time>
      </trkpt>
      <trkpt lat="57.460632" lon="-4.091958">
        <ele>147.230254</ele>
        <time>2023-07-21T21:22:46.223Z</time>
      </trkpt>
      <trkpt lat="57.460612" lon="-4.092395">
        <ele>145.273023</ele>
        <time>2023-07-21T21:22:48.558Z</time>
      </trkpt>
      <trkpt lat="57.460440" lon="-4.093515">
        <ele>140.075098</ele>
        <time>2023-07-21T21:22:54.846Z</time>
      </trkpt>
      <trkpt lat="57.460392" lon="-4.094457">
        <ele>135.852424</ele>
        <time>2023-07-21T21:22:59.905Z</time>
      </trkpt>
      <trkpt lat="57.460338" lon="-4.095047">
        <ele>133.610398</ele>
        <time>2023-07-21T21:23:03.121Z</time>
      </trkpt>
      <trkpt lat="57.460123" lon="-4.095902">
        <ele>131.555856</ele>
        <time>2023-07-21T21:23:08.361Z</time>
      </trkpt>
      <trkpt lat="57.460107" lon="-4.096206">
        <ele>130.890935</ele>
        <time>2023-07-21T21:23:10.150Z</time>
      </trkpt>
      <trkpt lat="57.460185" lon="-4.096492">
        <ele>130.192903</ele>
        <time>2023-07-21T21:23:12.050Z</time>
      </trkpt>
      <trkpt lat="57.460409" lon="-4.097148">
        <ele>128.501455</ele>
        <time>2023-07-21T21:23:16.966Z</time>
      </trkpt>
      <trkpt lat="57.460629" lon="-4.097755">
        <ele>126.908148</ele>
        <time>2023-07-21T21:23:23.110Z</time>
      </trkpt>
      <trkpt lat="57.460792" lon="-4.098109">
        <ele>127.292918</ele>
        <time>2023-07-21T21:23:27.370Z</time>
      </trkpt>
      <trkpt lat="57.460965" lon="-4.098315">
        <ele>127.836831</ele>
        <time>2023-07-21T21:23:30.735Z</time>
      </trkpt>
      <trkpt lat="57.461107" lon="-4.098326">
        <ele>128.213107</ele>
        <time>2023-07-21T21:23:33.253Z</time>
      </trkpt>
      <trkpt lat="57.461353" lon="-4.098242">
        <ele>128.875294</ele>
        <time>2023-07-21T21:23:37.870Z</time>
      </trkpt>
      <trkpt lat="57.461484" lon="-4.098298">
        <ele>129.231170</ele>
        <time>2023-07-21T21:23:40.921Z</time>
      </trkpt>
      <trkpt lat="57.461601" lon="-4.098398">
        <ele>129.572096</ele>
        <time>2023-07-21T21:23:44.198Z</time>
      </trkpt>
      <trkpt lat="57.461741" lon="-4.098669">
        <ele>130.107175</ele>
        <time>2023-07-21T21:23:51.071Z</time>
      </trkpt>
      <trkpt lat="57.461835" lon="-4.098739">
        <ele>130.375263</ele>
        <time>2023-07-21T21:23:54.252Z</time>
      </trkpt>
      <trkpt lat="57.462184" lon="-4.098528">
        <ele>131.346878</ele>
        <time>2023-07-21T21:24:06.891Z</time>
      </trkpt>
      <trkpt lat="57.462533" lon="-4.098219">
        <ele>133.108014</ele>
        <time>2023-07-21T21:24:20.241Z</time>
      </trkpt>
      <trkpt lat="57.462680" lon="-4.098180">
        <ele>133.834991</ele>
        <time>2023-07-21T21:24:25.382Z</time>
      </trkpt>
      <trkpt lat="57.462822" lon="-4.098245">
        <ele>134.550957</ele>
        <time>2023-07-21T21:24:30.233Z</time>
      </trkpt>
      <trkpt lat="57.462945" lon="-4.098426">
        <ele>135.318932</ele>
        <time>2023-07-21T21:24:35.359Z</time>
      </trkpt>
      <trkpt lat="57.463005" lon="-4.098645">
        <ele>135.966107</ele>
        <time>2023-07-21T21:24:39.863Z</time>
      </trkpt>
      <trkpt lat="57.463090" lon="-4.098958">
        <ele>136.889396</ele>
        <time>2023-07-21T21:24:45.398Z</time>
      </trkpt>
      <trkpt lat="57.463313" lon="-4.100353">
        <ele>140.638709</ele>
        <time>2023-07-21T21:25:08.713Z</time>
      </trkpt>
      <trkpt lat="57.463765" lon="-4.101503">
        <ele>143.639476</ele>
        <time>2023-07-21T21:25:32.248Z</time>
      </trkpt>
      <trkpt lat="57.462669" lon="-4.102985">
        <ele>148.891030</ele>
        <time>2023-07-21T21:26:03.158Z</time>
      </trkpt>
      <trkpt lat="57.460128" lon="-4.106421">
        <ele>160.118935</ele>
        <time>2023-07-21T21:27:19.763Z</time>
      </trkpt>
      <trkpt lat="57.458717" lon="-4.108330">
        <ele>161.405869</ele>
        <time>2023-07-21T21:27:41.861Z</time>
      </trkpt>
      <trkpt lat="57.458792" lon="-4.109746">
        <ele>162.539368</ele>
        <time>2023-07-21T21:27:51.179Z</time>
      </trkpt>
      <trkpt lat="57.458907" lon="-4.111055">
        <ele>163.685492</ele>
        <time>2023-07-21T21:28:03.128Z</time>
      </trkpt>
      <trkpt lat="57.459092" lon="-4.113050">
        <ele>167.808155</ele>
        <time>2023-07-21T21:28:29.050Z</time>
      </trkpt>
      <trkpt lat="57.459346" lon="-4.115389">
        <ele>174.561917</ele>
        <time>2023-07-21T21:29:09.174Z</time>
      </trkpt>
      <trkpt lat="57.459760" lon="-4.117465">
        <ele>181.710377</ele>
        <time>2023-07-21T21:29:48.310Z</time>
      </trkpt>
      <trkpt lat="57.460433" lon="-4.120679">
        <ele>190.198347</ele>
        <time>2023-07-21T21:30:39.616Z</time>
      </trkpt>
      <trkpt lat="57.460822" lon="-4.122490">
        <ele>192.076147</ele>
        <time>2023-07-21T21:30:57.622Z</time>
      </trkpt>
      <trkpt lat="57.460934" lon="-4.123060">
        <ele>192.195711</ele>
        <time>2023-07-21T21:31:01.794Z</time>
      </trkpt>
      <trkpt lat="57.461541" lon="-4.125898">
        <ele>191.350381</ele>
        <time>2023-07-21T21:31:18.034Z</time>
      </trkpt>
      <trkpt lat="57.461638" lon="-4.126367">
        <ele>190.972764</ele>
        <time>2023-07-21T21:31:20.561Z</time>
      </trkpt>
      <trkpt lat="57.461990" lon="-4.127381">
        <ele>190.065811</ele>
        <time>2023-07-21T21:31:26.379Z</time>
      </trkpt>
      <trkpt lat="57.462321" lon="-4.128016">
        <ele>188.665506</ele>
        <time>2023-07-21T21:31:30.504Z</time>
      </trkpt>
      <trkpt lat="57.462494" lon="-4.128380">
        <ele>187.839396</ele>
        <time>2023-07-21T21:31:32.679Z</time>
      </trkpt>
      <trkpt lat="57.462577" lon="-4.128555">
        <ele>187.442590</ele>
        <time>2023-07-21T21:31:33.735Z</time>
      </trkpt>
      <trkpt lat="57.462723" lon="-4.128861">
        <ele>186.746930</ele>
        <time>2023-07-21T21:31:35.550Z</time>
      </trkpt>
      <trkpt lat="57.463441" lon="-4.130319">
        <ele>182.787163</ele>
        <time>2023-07-21T21:31:43.866Z</time>
      </trkpt>
      <trkpt lat="57.463847" lon="-4.131200">
        <ele>179.520038</ele>
        <time>2023-07-21T21:31:48.537Z</time>
      </trkpt>
      <trkpt lat="57.464094" lon="-4.131700">
        <ele>177.608211</ele>
        <time>2023-07-21T21:31:51.245Z</time>
      </trkpt>
      <trkpt lat="57.464273" lon="-4.132050">
        <ele>176.248127</ele>
        <time>2023-07-21T21:31:53.159Z</time>
      </trkpt>
      <trkpt lat="57.465425" lon="-4.134313">
        <ele>166.774998</ele>
        <time>2023-07-21T21:32:05.492Z</time>
      </trkpt>
      <trkpt lat="57.466333" lon="-4.136102">
        <ele>159.417785</ele>
        <time>2023-07-21T21:32:15.376Z</time>
      </trkpt>
      <trkpt lat="57.468857" lon="-4.141053">
        <ele>139.296862</ele>
        <time>2023-07-21T21:32:42.596Z</time>
      </trkpt>
      <trkpt lat="57.469590" lon="-4.142604">
        <ele>133.651395</ele>
        <time>2023-07-21T21:32:50.977Z</time>
      </trkpt>
      <trkpt lat="57.469931" lon="-4.143263">
        <ele>131.403543</ele>
        <time>2023-07-21T21:32:54.723Z</time>
      </trkpt>
      <trkpt lat="57.470065" lon="-4.143293">
        <ele>130.786645</ele>
        <time>2023-07-21T21:32:55.760Z</time>
      </trkpt>
      <trkpt lat="57.470167" lon="-4.143316">
        <ele>130.317017</ele>
        <time>2023-07-21T21:32:56.550Z</time>
      </trkpt>
      <trkpt lat="57.470185" lon="-4.144050">
        <ele>128.511081</ele>
        <time>2023-07-21T21:32:59.591Z</time>
      </trkpt>
      <trkpt lat="57.470270" lon="-4.145293">
        <ele>125.343961</ele>
        <time>2023-07-21T21:33:04.817Z</time>
      </trkpt>
      <trkpt lat="57.470343" lon="-4.146750">
        <ele>121.533477</ele>
        <time>2023-07-21T21:33:10.818Z</time>
      </trkpt>
      <trkpt lat="57.470357" lon="-4.147781">
        <ele>118.847884</ele>
        <time>2023-07-21T21:33:14.981Z</time>
      </trkpt>
      <trkpt lat="57.470400" lon="-4.149192">
        <ele>114.568333</ele>
        <time>2023-07-21T21:33:20.624Z</time>
      </trkpt>
      <trkpt lat="57.470465" lon="-4.149695">
        <ele>112.954164</ele>
        <time>2023-07-21T21:33:22.668Z</time>
      </trkpt>
      <trkpt lat="57.470773" lon="-4.150997">
        <ele>108.515880</ele>
        <time>2023-07-21T21:33:28.265Z</time>
      </trkpt>
      <trkpt lat="57.470866" lon="-4.151394">
        <ele>107.223808</ele>
        <time>2023-07-21T21:33:29.972Z</time>
      </trkpt>
      <trkpt lat="57.470913" lon="-4.151669">
        <ele>106.413685</ele>
        <time>2023-07-21T21:33:31.115Z</time>
      </trkpt>
      <trkpt lat="57.470965" lon="-4.151977">
        <ele>105.507356</ele>
        <time>2023-07-21T21:33:32.397Z</time>
      </trkpt>
      <trkpt lat="57.471005" lon="-4.152556">
        <ele>103.868454</ele>
        <time>2023-07-21T21:33:34.724Z</time>
      </trkpt>
      <trkpt lat="57.471007" lon="-4.152820">
        <ele>103.127202</ele>
        <time>2023-07-21T21:33:35.790Z</time>
      </trkpt>
      <trkpt lat="57.470994" lon="-4.153226">
        <ele>101.985340</ele>
        <time>2023-07-21T21:33:37.422Z</time>
      </trkpt>
      <trkpt lat="57.470938" lon="-4.153785">
        <ele>100.388945</ele>
        <time>2023-07-21T21:33:39.727Z</time>
      </trkpt>
      <trkpt lat="57.470504" lon="-4.156950">
        <ele>92.882358</ele>
        <time>2023-07-21T21:33:53.350Z</time>
      </trkpt>
      <trkpt lat="57.470501" lon="-4.156980">
        <ele>92.816635</ele>
        <time>2023-07-21T21:33:53.478Z</time>
      </trkpt>
      <trkpt lat="57.470230" lon="-4.158887">
        <ele>89.281730</ele>
        <time>2023-07-21T21:34:01.973Z</time>
      </trkpt>
      <trkpt lat="57.470135" lon="-4.159398">
        <ele>88.437864</ele>
        <time>2023-07-21T21:34:04.352Z</time>
      </trkpt>
      <trkpt lat="57.469861" lon="-4.160546">
        <ele>86.477543</ele>
        <time>2023-07-21T21:34:09.982Z</time>
      </trkpt>
      <trkpt lat="57.469794" lon="-4.160783">
        <ele>86.059638</ele>
        <time>2023-07-21T21:34:11.233Z</time>
      </trkpt>
      <trkpt lat="57.469357" lon="-4.162341">
        <ele>84.931868</ele>
        <time>2023-07-21T21:34:19.869Z</time>
      </trkpt>
      <trkpt lat="57.469199" lon="-4.162919">
        <ele>84.543186</ele>
        <time>2023-07-21T21:34:23.338Z</time>
      </trkpt>
      <trkpt lat="57.468983" lon="-4.163635">
        <ele>84.051048</ele>
        <time>2023-07-21T21:34:28.029Z</time>
      </trkpt>
      <trkpt lat="57.468700" lon="-4.164398">
        <ele>84.131871</ele>
        <time>2023-07-21T21:34:33.970Z</time>
      </trkpt>
      <trkpt lat="57.468130" lon="-4.165654">
        <ele>84.577020</ele>
        <time>2023-07-21T21:34:45.930Z</time>
      </trkpt>
      <trkpt lat="57.467611" lon="-4.166790">
        <ele>84.619947</ele>
        <time>2023-07-21T21:34:58.326Z</time>
      </trkpt>
      <trkpt lat="57.467444" lon="-4.167272">
        <ele>84.377938</ele>
        <time>2023-07-21T21:35:02.755Z</time>
      </trkpt>
      <trkpt lat="57.467285" lon="-4.167890">
        <ele>84.088778</ele>
        <time>2023-07-21T21:35:07.080Z</time>
      </trkpt>
      <trkpt lat="57.467184" lon="-4.168522">
        <ele>83.810494</ele>
        <time>2023-07-21T21:35:10.449Z</time>
      </trkpt>
      <trkpt lat="57.467135" lon="-4.168938">
        <ele>83.630745</ele>
        <time>2023-07-21T21:35:12.444Z</time>
      </trkpt>
      <trkpt lat="57.467109" lon="-4.169542">
        <ele>83.138510</ele>
        <time>2023-07-21T21:35:15.122Z</time>
      </trkpt>
      <trkpt lat="57.467141" lon="-4.170434">
        <ele>81.079363</ele>
        <time>2023-07-21T21:35:18.916Z</time>
      </trkpt>
      <trkpt lat="57.467207" lon="-4.170940">
        <ele>79.880082</ele>
        <time>2023-07-21T21:35:21.123Z</time>
      </trkpt>
      <trkpt lat="57.467221" lon="-4.171025">
        <ele>79.675322</ele>
        <time>2023-07-21T21:35:21.485Z</time>
      </trkpt>
      <trkpt lat="57.467280" lon="-4.171355">
        <ele>78.874317</ele>
        <time>2023-07-21T21:35:22.923Z</time>
      </trkpt>
      <trkpt lat="57.467369" lon="-4.171761">
        <ele>77.864458</ele>
        <time>2023-07-21T21:35:24.710Z</time>
      </trkpt>
      <trkpt lat="57.467562" lon="-4.172368">
        <ele>76.240255</ele>
        <time>2023-07-21T21:35:27.543Z</time>
      </trkpt>
      <trkpt lat="57.467750" lon="-4.172930">
        <ele>74.310065</ele>
        <time>2023-07-21T21:35:30.190Z</time>
      </trkpt>
      <trkpt lat="57.468039" lon="-4.173825">
        <ele>70.938302</ele>
        <time>2023-07-21T21:35:34.346Z</time>
      </trkpt>
      <trkpt lat="57.468252" lon="-4.174344">
        <ele>68.829658</ele>
        <time>2023-07-21T21:35:36.928Z</time>
      </trkpt>
      <trkpt lat="57.468480" lon="-4.174801">
        <ele>66.816272</ele>
        <time>2023-07-21T21:35:39.381Z</time>
      </trkpt>
      <trkpt lat="57.468684" lon="-4.175117">
        <ele>65.221665</ele>
        <time>2023-07-21T21:35:41.312Z</time>
      </trkpt>
      <trkpt lat="57.468766" lon="-4.175208">
        <ele>64.588533</ele>
        <time>2023-07-21T21:35:42.004Z</time>
      </trkpt>
      <trkpt lat="57.468830" lon="-4.175275">
        <ele>64.051368</ele>
        <time>2023-07-21T21:35:42.530Z</time>
      </trkpt>
      <trkpt lat="57.469362" lon="-4.175798">
        <ele>59.650132</ele>
        <time>2023-07-21T21:35:46.831Z</time>
      </trkpt>
      <trkpt lat="57.469697" lon="-4.176254">
        <ele>56.613740</ele>
        <time>2023-07-21T21:35:49.768Z</time>
      </trkpt>
      <trkpt lat="57.469822" lon="-4.176483">
        <ele>55.330385</ele>
        <time>2023-07-21T21:35:51.009Z</time>
      </trkpt>
      <trkpt lat="57.470209" lon="-4.177384">
        <ele>51.066458</ele>
        <time>2023-07-21T21:35:55.417Z</time>
      </trkpt>
      <trkpt lat="57.470489" lon="-4.178081">
        <ele>48.600157</ele>
        <time>2023-07-21T21:35:58.837Z</time>
      </trkpt>
      <trkpt lat="57.470586" lon="-4.178321">
        <ele>47.749077</ele>
        <time>2023-07-21T21:36:00.035Z</time>
      </trkpt>
      <trkpt lat="57.470616" lon="-4.178395">
        <ele>47.486370</ele>
        <time>2023-07-21T21:36:00.407Z</time>
      </trkpt>
      <trkpt lat="57.470988" lon="-4.179310">
        <ele>44.234699</ele>
        <time>2023-07-21T21:36:05.092Z</time>
      </trkpt>
      <trkpt lat="57.471088" lon="-4.179199">
        <ele>43.620770</ele>
        <time>2023-07-21T21:36:06.005Z</time>
      </trkpt>
      <trkpt lat="57.471171" lon="-4.179340">
        <ele>43.028148</ele>
        <time>2023-07-21T21:36:07.276Z</time>
      </trkpt>
      <trkpt lat="57.471196" lon="-4.179510">
        <ele>42.528554</ele>
        <time>2023-07-21T21:36:08.014Z</time>
      </trkpt>
      <trkpt lat="57.471688" lon="-4.180964">
        <ele>39.815197</ele>
        <time>2023-07-21T21:36:15.545Z</time>
      </trkpt>
      <trkpt lat="57.471791" lon="-4.181290">
        <ele>39.242983</ele>
        <time>2023-07-21T21:36:17.236Z</time>
      </trkpt>
      <trkpt lat="57.471919" lon="-4.181836">
        <ele>38.341581</ele>
        <time>2023-07-21T21:36:20.000Z</time>
      </trkpt>
      <trkpt lat="57.471974" lon="-4.182197">
        <ele>37.773759</ele>
        <time>2023-07-21T21:36:21.718Z</time>
      </trkpt>
      <trkpt lat="57.472080" lon="-4.183380">
        <ele>36.521202</ele>
        <time>2023-07-21T21:36:27.339Z</time>
      </trkpt>
      <trkpt lat="57.472089" lon="-4.183689">
        <ele>36.261241</ele>
        <time>2023-07-21T21:36:28.826Z</time>
      </trkpt>
      <trkpt lat="57.472061" lon="-4.184015">
        <ele>35.983908</ele>
        <time>2023-07-21T21:36:30.422Z</time>
      </trkpt>
      <trkpt lat="57.472054" lon="-4.184476">
        <ele>35.596484</ele>
        <time>2023-07-21T21:36:32.707Z</time>
      </trkpt>
      <trkpt lat="57.472033" lon="-4.185005">
        <ele>35.150880</ele>
        <time>2023-07-21T21:36:35.371Z</time>
      </trkpt>
      <trkpt lat="57.471877" lon="-4.186440">
        <ele>34.147438</ele>
        <time>2023-07-21T21:36:46.338Z</time>
      </trkpt>
      <trkpt lat="57.471802" lon="-4.186906">
        <ele>33.926908</ele>
        <time>2023-07-21T21:36:50.093Z</time>
      </trkpt>
      <trkpt lat="57.471726" lon="-4.187656">
        <ele>33.580897</ele>
        <time>2023-07-21T21:36:55.893Z</time>
      </trkpt>
      <trkpt lat="57.471719" lon="-4.188038">
        <ele>33.407609</ele>
        <time>2023-07-21T21:36:58.839Z</time>
      </trkpt>
      <trkpt lat="57.471741" lon="-4.188356">
        <ele>33.262250</ele>
        <time>2023-07-21T21:37:01.273Z</time>
      </trkpt>
      <trkpt lat="57.471826" lon="-4.188973">
        <ele>32.973487</ele>
        <time>2023-07-21T21:37:06.103Z</time>
      </trkpt>
      <trkpt lat="57.471951" lon="-4.189457">
        <ele>32.782760</ele>
        <time>2023-07-21T21:37:10.230Z</time>
      </trkpt>
      <trkpt lat="57.472031" lon="-4.189715">
        <ele>32.690510</ele>
        <time>2023-07-21T21:37:12.596Z</time>
      </trkpt>
      <trkpt lat="57.472084" lon="-4.189785">
        <ele>32.653064</ele>
        <time>2023-07-21T21:37:13.567Z</time>
      </trkpt>
      <trkpt lat="57.472214" lon="-4.189813">
        <ele>32.577678</ele>
        <time>2023-07-21T21:37:15.496Z</time>
      </trkpt>
      <trkpt lat="57.472239" lon="-4.189943">
        <ele>32.534914</ele>
        <time>2023-07-21T21:37:16.595Z</time>
      </trkpt>
      <trkpt lat="57.472255" lon="-4.190056">
        <ele>32.498720</ele>
        <time>2023-07-21T21:37:17.528Z</time>
      </trkpt>
      <trkpt lat="57.472192" lon="-4.190073">
        <ele>32.462049</ele>
        <time>2023-07-21T21:37:18.500Z</time>
      </trkpt>
      <trkpt lat="57.472075" lon="-4.190336">
        <ele>32.356321</ele>
        <time>2023-07-21T21:37:21.194Z</time>
      </trkpt>
      <trkpt lat="57.472039" lon="-4.190557">
        <ele>32.284796</ele>
        <time>2023-07-21T21:37:23.028Z</time>
      </trkpt>
      <trkpt lat="57.472119" lon="-4.190984">
        <ele>32.144737</ele>
        <time>2023-07-21T21:37:26.588Z</time>
      </trkpt>
      <trkpt lat="57.472119" lon="-4.191523">
        <ele>31.977785</ele>
        <time>2023-07-21T21:37:30.814Z</time>
      </trkpt>
      <trkpt lat="57.472169" lon="-4.191831">
        <ele>31.878131</ele>
        <time>2023-07-21T21:37:33.331Z</time>
      </trkpt>
      <trkpt lat="57.472177" lon="-4.192062">
        <ele>31.831540</ele>
        <time>2023-07-21T21:37:35.169Z</time>
      </trkpt>
      <trkpt lat="57.472120" lon="-4.192115">
        <ele>31.811933</ele>
        <time>2023-07-21T21:37:36.075Z</time>
      </trkpt>
      <trkpt lat="57.472206" lon="-4.192540">
        <ele>31.736810</ele>
        <time>2023-07-21T21:37:38.705Z</time>
      </trkpt>
      <trkpt lat="57.472554" lon="-4.194663">
        <ele>31.369640</ele>
        <time>2023-07-21T21:37:52.142Z</time>
      </trkpt>
      <trkpt lat="57.472558" lon="-4.194690">
        <ele>31.365007</ele>
        <time>2023-07-21T21:37:52.311Z</time>
      </trkpt>
      <trkpt lat="57.472785" lon="-4.196097">
        <ele>31.176642</ele>
        <time>2023-07-21T21:38:01.039Z</time>
      </trkpt>
      <trkpt lat="57.472876" lon="-4.196656">
        <ele>31.108570</ele>
        <time>2023-07-21T21:38:04.581Z</time>
      </trkpt>
      <trkpt lat="57.472943" lon="-4.197077">
        <ele>31.057399</ele>
        <time>2023-07-21T21:38:07.285Z</time>
      </trkpt>
      <trkpt lat="57.473025" lon="-4.197592">
        <ele>30.994799</ele>
        <time>2023-07-21T21:38:10.564Z</time>
      </trkpt>
      <trkpt lat="57.473050" lon="-4.197765">
        <ele>30.973921</ele>
        <time>2023-07-21T21:38:11.669Z</time>
      </trkpt>
      <trkpt lat="57.473103" lon="-4.198124">
        <ele>30.930531</ele>
        <time>2023-07-21T21:38:13.933Z</time>
      </trkpt>
      <trkpt lat="57.473154" lon="-4.198460">
        <ele>30.846384</ele>
        <time>2023-07-21T21:38:16.054Z</time>
      </trkpt>
      <trkpt lat="57.473183" lon="-4.198641">
        <ele>30.789253</ele>
        <time>2023-07-21T21:38:17.188Z</time>
      </trkpt>
      <trkpt lat="57.473206" lon="-4.198780">
        <ele>30.745260</ele>
        <time>2023-07-21T21:38:18.056Z</time>
      </trkpt>
      <trkpt lat="57.473149" lon="-4.198841">
        <ele>30.708262</ele>
        <time>2023-07-21T21:38:18.794Z</time>
      </trkpt>
      <trkpt lat="57.473132" lon="-4.198972">
        <ele>30.667497</ele>
        <time>2023-07-21T21:38:19.615Z</time>
      </trkpt>
      <trkpt lat="57.473193" lon="-4.199096">
        <ele>30.616657</ele>
        <time>2023-07-21T21:38:20.630Z</time>
      </trkpt>
      <trkpt lat="57.473183" lon="-4.199474">
        <ele>30.502174</ele>
        <time>2023-07-21T21:38:22.951Z</time>
      </trkpt>
      <trkpt lat="57.473193" lon="-4.199714">
        <ele>30.429357</ele>
        <time>2023-07-21T21:38:24.448Z</time>
      </trkpt>
      <trkpt lat="57.473209" lon="-4.200027">
        <ele>30.334248</ele>
        <time>2023-07-21T21:38:26.280Z</time>
      </trkpt>
      <trkpt lat="57.473212" lon="-4.200082">
        <ele>30.317525</ele>
        <time>2023-07-21T21:38:26.598Z</time>
      </trkpt>
      <trkpt lat="57.473243" lon="-4.201407">
        <ele>29.916336</ele>
        <time>2023-07-21T21:38:33.834Z</time>
      </trkpt>
      <trkpt lat="57.473247" lon="-4.201734">
        <ele>29.614662</ele>
        <time>2023-07-21T21:38:35.502Z</time>
      </trkpt>
      <trkpt lat="57.473257" lon="-4.202433">
        <ele>28.914708</ele>
        <time>2023-07-21T21:38:38.842Z</time>
      </trkpt>
      <trkpt lat="57.473215" lon="-4.203770">
        <ele>27.574074</ele>
        <time>2023-07-21T21:38:44.985Z</time>
      </trkpt>
      <trkpt lat="57.473119" lon="-4.205031">
        <ele>26.518626</ele>
        <time>2023-07-21T21:38:51.006Z</time>
      </trkpt>
      <trkpt lat="57.473121" lon="-4.205839">
        <ele>26.399039</ele>
        <time>2023-07-21T21:38:55.032Z</time>
      </trkpt>
      <trkpt lat="57.473163" lon="-4.206529">
        <ele>26.296264</ele>
        <time>2023-07-21T21:38:58.862Z</time>
      </trkpt>
      <trkpt lat="57.473175" lon="-4.206707">
        <ele>26.269714</ele>
        <time>2023-07-21T21:38:59.987Z</time>
      </trkpt>
      <trkpt lat="57.473181" lon="-4.206847">
        <ele>26.248928</ele>
        <time>2023-07-21T21:39:00.854Z</time>
      </trkpt>
      <trkpt lat="57.473178" lon="-4.207084">
        <ele>26.213841</ele>
        <time>2023-07-21T21:39:02.317Z</time>
      </trkpt>
      <trkpt lat="57.473159" lon="-4.207347">
        <ele>26.174567</ele>
        <time>2023-07-21T21:39:04.274Z</time>
      </trkpt>
      <trkpt lat="57.473098" lon="-4.207707">
        <ele>26.118703</ele>
        <time>2023-07-21T21:39:07.175Z</time>
      </trkpt>
      <trkpt lat="57.472932" lon="-4.208309">
        <ele>26.388233</ele>
        <time>2023-07-21T21:39:13.277Z</time>
      </trkpt>
      <trkpt lat="57.473268" lon="-4.208743">
        <ele>27.242729</ele>
        <time>2023-07-21T21:39:21.189Z</time>
      </trkpt>
      <trkpt lat="57.473537" lon="-4.209181">
        <ele>27.989526</ele>
        <time>2023-07-21T21:39:28.411Z</time>
      </trkpt>
      <trkpt lat="57.473858" lon="-4.209807">
        <ele>28.961058</ele>
        <time>2023-07-21T21:39:37.679Z</time>
      </trkpt>
      <trkpt lat="57.474172" lon="-4.210601">
        <ele>29.950634</ele>
        <time>2023-07-21T21:39:47.564Z</time>
      </trkpt>
      <trkpt lat="57.474499" lon="-4.211685">
        <ele>30.689597</ele>
        <time>2023-07-21T21:39:58.522Z</time>
      </trkpt>
      <trkpt lat="57.474687" lon="-4.212449">
        <ele>31.189118</ele>
        <time>2023-07-21T21:40:05.224Z</time>
      </trkpt>
      <trkpt lat="57.474788" lon="-4.212884">
        <ele>31.470816</ele>
        <time>2023-07-21T21:40:08.809Z</time>
      </trkpt>
      <trkpt lat="57.474870" lon="-4.213190">
        <ele>31.674080</ele>
        <time>2023-07-21T21:40:11.231Z</time>
      </trkpt>
      <trkpt lat="57.474962" lon="-4.213872">
        <ele>31.783397</ele>
        <time>2023-07-21T21:40:16.115Z</time>
      </trkpt>
      <trkpt lat="57.474985" lon="-4.214137">
        <ele>31.769946</ele>
        <time>2023-07-21T21:40:17.961Z</time>
      </trkpt>
      <trkpt lat="57.475036" lon="-4.214554">
        <ele>31.748516</ele>
        <time>2023-07-21T21:40:20.686Z</time>
      </trkpt>
      <trkpt lat="57.475221" lon="-4.215294">
        <ele>31.707621</ele>
        <time>2023-07-21T21:40:25.640Z</time>
      </trkpt>
      <trkpt lat="57.475608" lon="-4.216414">
        <ele>31.640907</ele>
        <time>2023-07-21T21:40:33.451Z</time>
      </trkpt>
      <trkpt lat="57.475711" lon="-4.216683">
        <ele>31.533880</ele>
        <time>2023-07-21T21:40:35.369Z</time>
      </trkpt>
      <trkpt lat="57.476117" lon="-4.217421">
        <ele>31.170155</ele>
        <time>2023-07-21T21:40:41.426Z</time>
      </trkpt>
      <trkpt lat="57.476243" lon="-4.217514">
        <ele>31.083301</ele>
        <time>2023-07-21T21:40:42.854Z</time>
      </trkpt>
      <trkpt lat="57.476453" lon="-4.217791">
        <ele>30.918353</ele>
        <time>2023-07-21T21:40:45.635Z</time>
      </trkpt>
      <trkpt lat="57.476484" lon="-4.217833">
        <ele>30.893780</ele>
        <time>2023-07-21T21:40:46.038Z</time>
      </trkpt>
      <trkpt lat="57.476759" lon="-4.218200">
        <ele>30.676924</ele>
        <time>2023-07-21T21:40:49.542Z</time>
      </trkpt>
      <trkpt lat="57.476898" lon="-4.218369">
        <ele>30.570527</ele>
        <time>2023-07-21T21:40:51.157Z</time>
      </trkpt>
      <trkpt lat="57.477301" lon="-4.218717">
        <ele>29.867345</ele>
        <time>2023-07-21T21:40:55.369Z</time>
      </trkpt>
      <trkpt lat="57.477356" lon="-4.218725">
        <ele>29.758588</ele>
        <time>2023-07-21T21:40:55.896Z</time>
      </trkpt>
      <trkpt lat="57.477379" lon="-4.218716">
        <ele>29.712254</ele>
        <time>2023-07-21T21:40:56.129Z</time>
      </trkpt>
      <trkpt lat="57.477428" lon="-4.218889">
        <ele>29.505006</ele>
        <time>2023-07-21T21:40:57.094Z</time>
      </trkpt>
      <trkpt lat="57.477504" lon="-4.218882">
        <ele>29.354998</ele>
        <time>2023-07-21T21:40:57.809Z</time>
      </trkpt>
      <trkpt lat="57.477735" lon="-4.219064">
        <ele>28.860440</ele>
        <time>2023-07-21T21:41:00.165Z</time>
      </trkpt>
      <trkpt lat="57.477911" lon="-4.219228">
        <ele>28.472374</ele>
        <time>2023-07-21T21:41:01.931Z</time>
      </trkpt>
      <trkpt lat="57.478267" lon="-4.219710">
        <ele>27.604326</ele>
        <time>2023-07-21T21:41:05.730Z</time>
      </trkpt>
      <trkpt lat="57.478402" lon="-4.219957">
        <ele>27.231018</ele>
        <time>2023-07-21T21:41:07.262Z</time>
      </trkpt>
      <trkpt lat="57.478417" lon="-4.220040">
        <ele>27.138214</ele>
        <time>2023-07-21T21:41:07.642Z</time>
      </trkpt>
      <trkpt lat="57.478368" lon="-4.221035">
        <ele>25.427279</ele>
        <time>2023-07-21T21:41:13.850Z</time>
      </trkpt>
      <trkpt lat="57.478402" lon="-4.221349">
        <ele>24.831134</ele>
        <time>2023-07-21T21:41:15.770Z</time>
      </trkpt>
      <trkpt lat="57.478481" lon="-4.221012">
        <ele>24.146885</ele>
        <time>2023-07-21T21:41:18.063Z</time>
      </trkpt>
      <trkpt lat="57.478591" lon="-4.221110">
        <ele>23.724649</ele>
        <time>2023-07-21T21:41:19.004Z</time>
      </trkpt>
      <trkpt lat="57.478945" lon="-4.221415">
        <ele>22.374053</ele>
        <time>2023-07-21T21:41:22.076Z</time>
      </trkpt>
      <trkpt lat="57.479194" lon="-4.221601">
        <ele>21.445128</ele>
        <time>2023-07-21T21:41:24.220Z</time>
      </trkpt>
      <trkpt lat="57.479183" lon="-4.221839">
        <ele>21.000544</ele>
        <time>2023-07-21T21:41:25.246Z</time>
      </trkpt>
      <trkpt lat="57.479124" lon="-4.222106">
        <ele>20.549063</ele>
        <time>2023-07-21T21:41:26.532Z</time>
      </trkpt>
      <trkpt lat="57.478819" lon="-4.222999">
        <ele>19.251484</ele>
        <time>2023-07-21T21:41:31.218Z</time>
      </trkpt>
      <trkpt lat="57.478811" lon="-4.223159">
        <ele>19.054401</ele>
        <time>2023-07-21T21:41:31.944Z</time>
      </trkpt>
      <trkpt lat="57.478833" lon="-4.223345">
        <ele>18.820820</ele>
        <time>2023-07-21T21:41:32.803Z</time>
      </trkpt>
      <trkpt lat="57.478862" lon="-4.223416">
        <ele>18.711458</ele>
        <time>2023-07-21T21:41:33.198Z</time>
      </trkpt>
      <trkpt lat="57.478974" lon="-4.223697">
        <ele>18.282433</ele>
        <time>2023-07-21T21:41:34.835Z</time>
      </trkpt>
      <trkpt lat="57.479101" lon="-4.224004">
        <ele>17.807336</ele>
        <time>2023-07-21T21:41:36.658Z</time>
      </trkpt>
      <trkpt lat="57.478789" lon="-4.224933">
        <ele>16.611498</ele>
        <time>2023-07-21T21:41:42.026Z</time>
      </trkpt>
      <trkpt lat="57.478673" lon="-4.225277">
        <ele>16.611498</ele>
        <time>2023-07-21T21:41:44.102Z</time>
      </trkpt>
      <trkpt lat="57.478384" lon="-4.226179">
        <ele>16.611498</ele>
        <time>2023-07-21T21:41:50.053Z</time>
      </trkpt>
      <trkpt lat="57.478377" lon="-4.226300">
        <ele>16.611498</ele>
        <time>2023-07-21T21:41:50.704Z</time>
      </trkpt>
      <trkpt lat="57.478756" lon="-4.226697">
        <ele>16.611498</ele>
        <time>2023-07-21T21:41:55.639Z</time>
      </trkpt>
      <trkpt lat="57.478980" lon="-4.225935">
        <ele>16.611498</ele>
        <time>2023-07-21T21:42:02.826Z</time>
      </trkpt>
      <trkpt lat="57.479018" lon="-4.225935">
        <ele>16.611498</ele>
        <time>2023-07-21T21:42:06.193Z</time>
      </trkpt>
      <trkpt lat="57.479065" lon="-4.225803">
        <ele>16.611498</ele>
        <time>2023-07-21T21:42:13.589Z</time>
      </trkpt>
    </trkseg>
  </trk>
</gpx>