<?xml version='1.0' encoding='UTF-8'?>
<gpx version="1.1" creator="https://www.komoot.de" xmlns="http://www.topografix.com/GPX/1/1" xmlns:xsi="http://www.w3.org/2001/XMLSchema-instance" xsi:schemaLocation="http://www.topografix.com/GPX/1/1 http://www.topografix.com/GPX/1/1/gpx.xsd">
  <metadata>
    <name>El Torcal de Antequera</name>
    <author>
      <link href="https://www.komoot.de">
        <text>komoot</text>
        <type>text/html</type>
      </link>
    </author>
  </metadata>
  <trk>
    <name>El Torcal de Antequera</name>
    <trkseg>
      <trkpt lat="36.717919" lon="-4.426458">
        <ele>6.816308</ele>
        <time>2024-09-05T13:21:43.889Z</time>
      </trkpt>
      <trkpt lat="36.718207" lon="-4.426694">
        <ele>6.816308</ele>
        <time>2024-09-05T13:21:52.099Z</time>
      </trkpt>
      <trkpt lat="36.718579" lon="-4.427018">
        <ele>6.816308</ele>
        <time>2024-09-05T13:22:03.367Z</time>
      </trkpt>
      <trkpt lat="36.718708" lon="-4.427130">
        <ele>6.938061</ele>
        <time>2024-09-05T13:22:07.714Z</time>
      </trkpt>
      <trkpt lat="36.718749" lon="-4.427167">
        <ele>7.047868</ele>
        <time>2024-09-05T13:22:09.255Z</time>
      </trkpt>
      <trkpt lat="36.718864" lon="-4.427272">
        <ele>7.357111</ele>
        <time>2024-09-05T13:22:13.711Z</time>
      </trkpt>
      <trkpt lat="36.718919" lon="-4.427321">
        <ele>7.503769</ele>
        <time>2024-09-05T13:22:15.749Z</time>
      </trkpt>
      <trkpt lat="36.719282" lon="-4.427645">
        <ele>8.472319</ele>
        <time>2024-09-05T13:22:30.252Z</time>
      </trkpt>
      <trkpt lat="36.719436" lon="-4.427791">
        <ele>8.892042</ele>
        <time>2024-09-05T13:22:36.206Z</time>
      </trkpt>
      <trkpt lat="36.719299" lon="-4.428150">
        <ele>9.583643</ele>
        <time>2024-09-05T13:22:45.061Z</time>
      </trkpt>
      <trkpt lat="36.718966" lon="-4.428798">
        <ele>10.844353</ele>
        <time>2024-09-05T13:23:01.731Z</time>
      </trkpt>
      <trkpt lat="36.719313" lon="-4.429203">
        <ele>11.478793</ele>
        <time>2024-09-05T13:23:12.782Z</time>
      </trkpt>
      <trkpt lat="36.719723" lon="-4.429168">
        <ele>12.027483</ele>
        <time>2024-09-05T13:23:22.163Z</time>
      </trkpt>
      <trkpt lat="36.720344" lon="-4.429098">
        <ele>12.859987</ele>
        <time>2024-09-05T13:23:34.224Z</time>
      </trkpt>
      <trkpt lat="36.720905" lon="-4.429032">
        <ele>13.363018</ele>
        <time>2024-09-05T13:23:42.060Z</time>
      </trkpt>
      <trkpt lat="36.720910" lon="-4.429029">
        <ele>13.366669</ele>
        <time>2024-09-05T13:23:42.142Z</time>
      </trkpt>
      <trkpt lat="36.720963" lon="-4.428995">
        <ele>13.405880</ele>
        <time>2024-09-05T13:23:43.053Z</time>
      </trkpt>
      <trkpt lat="36.721507" lon="-4.428945">
        <ele>13.764776</ele>
        <time>2024-09-05T13:23:52.063Z</time>
      </trkpt>
      <trkpt lat="36.721511" lon="-4.429036">
        <ele>13.812840</ele>
        <time>2024-09-05T13:23:53.770Z</time>
      </trkpt>
      <trkpt lat="36.721543" lon="-4.429183">
        <ele>13.893173</ele>
        <time>2024-09-05T13:23:56.629Z</time>
      </trkpt>
      <trkpt lat="36.721512" lon="-4.429882">
        <ele>14.262377</ele>
        <time>2024-09-05T13:24:10.242Z</time>
      </trkpt>
      <trkpt lat="36.721466" lon="-4.430836">
        <ele>15.495495</ele>
        <time>2024-09-05T13:24:30.147Z</time>
      </trkpt>
      <trkpt lat="36.721459" lon="-4.431306">
        <ele>16.134475</ele>
        <time>2024-09-05T13:24:40.887Z</time>
      </trkpt>
      <trkpt lat="36.721450" lon="-4.431870">
        <ele>16.901271</ele>
        <time>2024-09-05T13:24:53.847Z</time>
      </trkpt>
      <trkpt lat="36.721448" lon="-4.431989">
        <ele>17.063063</ele>
        <time>2024-09-05T13:24:56.528Z</time>
      </trkpt>
      <trkpt lat="36.721447" lon="-4.432552">
        <ele>17.686904</ele>
        <time>2024-09-05T13:25:08.681Z</time>
      </trkpt>
      <trkpt lat="36.721412" lon="-4.432603">
        <ele>17.750929</ele>
        <time>2024-09-05T13:25:10.119Z</time>
      </trkpt>
      <trkpt lat="36.721412" lon="-4.432652">
        <ele>17.797657</ele>
        <time>2024-09-05T13:25:11.175Z</time>
      </trkpt>
      <trkpt lat="36.721411" lon="-4.432986">
        <ele>18.116168</ele>
        <time>2024-09-05T13:25:17.727Z</time>
      </trkpt>
      <trkpt lat="36.721409" lon="-4.434910">
        <ele>19.864356</ele>
        <time>2024-09-05T13:25:54.826Z</time>
      </trkpt>
      <trkpt lat="36.721409" lon="-4.434914">
        <ele>19.867447</ele>
        <time>2024-09-05T13:25:54.902Z</time>
      </trkpt>
      <trkpt lat="36.721431" lon="-4.434956">
        <ele>19.906222</ele>
        <time>2024-09-05T13:25:55.941Z</time>
      </trkpt>
      <trkpt lat="36.721432" lon="-4.435098">
        <ele>20.015966</ele>
        <time>2024-09-05T13:25:58.890Z</time>
      </trkpt>
      <trkpt lat="36.721415" lon="-4.435221">
        <ele>20.112425</ele>
        <time>2024-09-05T13:26:01.316Z</time>
      </trkpt>
      <trkpt lat="36.721433" lon="-4.435583">
        <ele>20.392722</ele>
        <time>2024-09-05T13:26:08.482Z</time>
      </trkpt>
      <trkpt lat="36.721384" lon="-4.435681">
        <ele>20.481984</ele>
        <time>2024-09-05T13:26:10.634Z</time>
      </trkpt>
      <trkpt lat="36.721384" lon="-4.435772">
        <ele>20.552311</ele>
        <time>2024-09-05T13:26:12.254Z</time>
      </trkpt>
      <trkpt lat="36.721384" lon="-4.435929">
        <ele>20.673643</ele>
        <time>2024-09-05T13:26:15.425Z</time>
      </trkpt>
      <trkpt lat="36.721367" lon="-4.436801">
        <ele>21.258907</ele>
        <time>2024-09-05T13:26:31.897Z</time>
      </trkpt>
      <trkpt lat="36.721393" lon="-4.436894">
        <ele>21.278344</ele>
        <time>2024-09-05T13:26:33.908Z</time>
      </trkpt>
      <trkpt lat="36.721395" lon="-4.437183">
        <ele>21.335376</ele>
        <time>2024-09-05T13:26:39.479Z</time>
      </trkpt>
      <trkpt lat="36.721391" lon="-4.438480">
        <ele>21.591321</ele>
        <time>2024-09-05T13:27:01.298Z</time>
      </trkpt>
      <trkpt lat="36.721391" lon="-4.438619">
        <ele>21.618751</ele>
        <time>2024-09-05T13:27:03.486Z</time>
      </trkpt>
      <trkpt lat="36.721392" lon="-4.439010">
        <ele>21.693070</ele>
        <time>2024-09-05T13:27:09.170Z</time>
      </trkpt>
      <trkpt lat="36.721397" lon="-4.439464">
        <ele>21.772347</ele>
        <time>2024-09-05T13:27:16.020Z</time>
      </trkpt>
      <trkpt lat="36.721439" lon="-4.439463">
        <ele>21.781498</ele>
        <time>2024-09-05T13:27:16.828Z</time>
      </trkpt>
      <trkpt lat="36.721524" lon="-4.439462">
        <ele>21.800014</ele>
        <time>2024-09-05T13:27:18.382Z</time>
      </trkpt>
      <trkpt lat="36.721526" lon="-4.439575">
        <ele>21.819749</ele>
        <time>2024-09-05T13:27:19.571Z</time>
      </trkpt>
      <trkpt lat="36.721610" lon="-4.439608">
        <ele>21.838933</ele>
        <time>2024-09-05T13:27:21.318Z</time>
      </trkpt>
      <trkpt lat="36.721696" lon="-4.439680">
        <ele>21.861493</ele>
        <time>2024-09-05T13:27:23.216Z</time>
      </trkpt>
      <trkpt lat="36.721775" lon="-4.439798">
        <ele>21.888338</ele>
        <time>2024-09-05T13:27:24.994Z</time>
      </trkpt>
      <trkpt lat="36.721831" lon="-4.439948">
        <ele>21.917230</ele>
        <time>2024-09-05T13:27:27.558Z</time>
      </trkpt>
      <trkpt lat="36.721799" lon="-4.440206">
        <ele>21.962813</ele>
        <time>2024-09-05T13:27:30.162Z</time>
      </trkpt>
      <trkpt lat="36.721684" lon="-4.440371">
        <ele>22.000991</ele>
        <time>2024-09-05T13:27:33.265Z</time>
      </trkpt>
      <trkpt lat="36.721528" lon="-4.440451">
        <ele>22.037731</ele>
        <time>2024-09-05T13:27:35.510Z</time>
      </trkpt>
      <trkpt lat="36.721528" lon="-4.440494">
        <ele>22.045239</ele>
        <time>2024-09-05T13:27:36.012Z</time>
      </trkpt>
      <trkpt lat="36.721527" lon="-4.441542">
        <ele>24.175385</ele>
        <time>2024-09-05T13:27:54.244Z</time>
      </trkpt>
      <trkpt lat="36.721526" lon="-4.441927">
        <ele>25.035106</ele>
        <time>2024-09-05T13:28:02.716Z</time>
      </trkpt>
      <trkpt lat="36.721525" lon="-4.442242">
        <ele>25.738516</ele>
        <time>2024-09-05T13:28:10.446Z</time>
      </trkpt>
      <trkpt lat="36.721526" lon="-4.442396">
        <ele>26.082414</ele>
        <time>2024-09-05T13:28:14.599Z</time>
      </trkpt>
      <trkpt lat="36.721681" lon="-4.442507">
        <ele>26.580309</ele>
        <time>2024-09-05T13:28:20.058Z</time>
      </trkpt>
      <trkpt lat="36.721716" lon="-4.442598">
        <ele>26.805697</ele>
        <time>2024-09-05T13:28:22.597Z</time>
      </trkpt>
      <trkpt lat="36.721715" lon="-4.442666">
        <ele>26.957569</ele>
        <time>2024-09-05T13:28:24.364Z</time>
      </trkpt>
      <trkpt lat="36.721692" lon="-4.442781">
        <ele>27.315544</ele>
        <time>2024-09-05T13:28:27.703Z</time>
      </trkpt>
      <trkpt lat="36.721652" lon="-4.442852">
        <ele>27.631203</ele>
        <time>2024-09-05T13:28:29.686Z</time>
      </trkpt>
      <trkpt lat="36.721528" lon="-4.442934">
        <ele>28.268060</ele>
        <time>2024-09-05T13:28:34.051Z</time>
      </trkpt>
      <trkpt lat="36.721542" lon="-4.443573">
        <ele>30.593184</ele>
        <time>2024-09-05T13:28:50.813Z</time>
      </trkpt>
      <trkpt lat="36.721551" lon="-4.443711">
        <ele>31.096795</ele>
        <time>2024-09-05T13:28:54.757Z</time>
      </trkpt>
      <trkpt lat="36.721829" lon="-4.445224">
        <ele>36.108070</ele>
        <time>2024-09-05T13:29:37.341Z</time>
      </trkpt>
      <trkpt lat="36.721940" lon="-4.445827">
        <ele>37.410566</ele>
        <time>2024-09-05T13:29:50.778Z</time>
      </trkpt>
      <trkpt lat="36.722181" lon="-4.447137">
        <ele>40.074986</ele>
        <time>2024-09-05T13:30:13.910Z</time>
      </trkpt>
      <trkpt lat="36.722229" lon="-4.447386">
        <ele>40.296389</ele>
        <time>2024-09-05T13:30:17.214Z</time>
      </trkpt>
      <trkpt lat="36.722414" lon="-4.448405">
        <ele>41.199646</ele>
        <time>2024-09-05T13:30:32.875Z</time>
      </trkpt>
      <trkpt lat="36.722490" lon="-4.448840">
        <ele>41.584540</ele>
        <time>2024-09-05T13:30:39.635Z</time>
      </trkpt>
      <trkpt lat="36.722532" lon="-4.449093">
        <ele>41.807904</ele>
        <time>2024-09-05T13:30:43.247Z</time>
      </trkpt>
      <trkpt lat="36.722669" lon="-4.449992">
        <ele>43.293194</ele>
        <time>2024-09-05T13:30:57.867Z</time>
      </trkpt>
      <trkpt lat="36.722785" lon="-4.450757">
        <ele>44.634574</ele>
        <time>2024-09-05T13:31:12.747Z</time>
      </trkpt>
      <trkpt lat="36.722839" lon="-4.451103">
        <ele>45.241885</ele>
        <time>2024-09-05T13:31:20.209Z</time>
      </trkpt>
      <trkpt lat="36.722858" lon="-4.451228">
        <ele>45.461082</ele>
        <time>2024-09-05T13:31:23.405Z</time>
      </trkpt>
      <trkpt lat="36.722964" lon="-4.451932">
        <ele>47.149313</ele>
        <time>2024-09-05T13:31:38.956Z</time>
      </trkpt>
      <trkpt lat="36.723015" lon="-4.452250">
        <ele>47.981107</ele>
        <time>2024-09-05T13:31:46.308Z</time>
      </trkpt>
      <trkpt lat="36.723178" lon="-4.452962">
        <ele>49.880316</ele>
        <time>2024-09-05T13:32:03.107Z</time>
      </trkpt>
      <trkpt lat="36.723733" lon="-4.454545">
        <ele>54.245567</ele>
        <time>2024-09-05T13:32:41.219Z</time>
      </trkpt>
      <trkpt lat="36.723848" lon="-4.454775">
        <ele>54.924320</ele>
        <time>2024-09-05T13:32:47.282Z</time>
      </trkpt>
      <trkpt lat="36.723886" lon="-4.454834">
        <ele>55.113832</ele>
        <time>2024-09-05T13:32:48.928Z</time>
      </trkpt>
      <trkpt lat="36.724083" lon="-4.455155">
        <ele>56.126115</ele>
        <time>2024-09-05T13:32:57.810Z</time>
      </trkpt>
      <trkpt lat="36.724193" lon="-4.455394">
        <ele>56.816178</ele>
        <time>2024-09-05T13:33:03.861Z</time>
      </trkpt>
      <trkpt lat="36.724617" lon="-4.456456">
        <ele>59.142120</ele>
        <time>2024-09-05T13:33:28.624Z</time>
      </trkpt>
      <trkpt lat="36.724674" lon="-4.456600">
        <ele>59.446279</ele>
        <time>2024-09-05T13:33:31.428Z</time>
      </trkpt>
      <trkpt lat="36.725005" lon="-4.457411">
        <ele>61.169853</ele>
        <time>2024-09-05T13:33:48.046Z</time>
      </trkpt>
      <trkpt lat="36.725072" lon="-4.457374">
        <ele>61.342978</ele>
        <time>2024-09-05T13:33:56.721Z</time>
      </trkpt>
      <trkpt lat="36.725096" lon="-4.457439">
        <ele>61.443855</ele>
        <time>2024-09-05T13:33:58.361Z</time>
      </trkpt>
      <trkpt lat="36.725386" lon="-4.458115">
        <ele>62.326247</ele>
        <time>2024-09-05T13:34:14.994Z</time>
      </trkpt>
      <trkpt lat="36.725486" lon="-4.458295">
        <ele>62.578294</ele>
        <time>2024-09-05T13:34:19.257Z</time>
      </trkpt>
      <trkpt lat="36.725501" lon="-4.458449">
        <ele>62.756826</ele>
        <time>2024-09-05T13:34:22.474Z</time>
      </trkpt>
      <trkpt lat="36.725594" lon="-4.458693">
        <ele>63.067763</ele>
        <time>2024-09-05T13:34:27.528Z</time>
      </trkpt>
      <trkpt lat="36.725800" lon="-4.459321">
        <ele>63.848669</ele>
        <time>2024-09-05T13:34:40.704Z</time>
      </trkpt>
      <trkpt lat="36.726129" lon="-4.460431">
        <ele>66.118105</ele>
        <time>2024-09-05T13:35:07.290Z</time>
      </trkpt>
      <trkpt lat="36.726160" lon="-4.460531">
        <ele>66.331950</ele>
        <time>2024-09-05T13:35:10.130Z</time>
      </trkpt>
      <trkpt lat="36.726171" lon="-4.460663">
        <ele>66.596637</ele>
        <time>2024-09-05T13:35:13.487Z</time>
      </trkpt>
      <trkpt lat="36.726384" lon="-4.461240">
        <ele>67.863631</ele>
        <time>2024-09-05T13:35:29.912Z</time>
      </trkpt>
      <trkpt lat="36.726390" lon="-4.461372">
        <ele>68.127322</ele>
        <time>2024-09-05T13:35:33.395Z</time>
      </trkpt>
      <trkpt lat="36.726479" lon="-4.461534">
        <ele>68.541374</ele>
        <time>2024-09-05T13:35:38.601Z</time>
      </trkpt>
      <trkpt lat="36.726745" lon="-4.462009">
        <ele>70.062851</ele>
        <time>2024-09-05T13:35:54.668Z</time>
      </trkpt>
      <trkpt lat="36.726898" lon="-4.462262">
        <ele>70.895031</ele>
        <time>2024-09-05T13:36:03.306Z</time>
      </trkpt>
      <trkpt lat="36.727206" lon="-4.462770">
        <ele>72.567528</ele>
        <time>2024-09-05T13:36:20.329Z</time>
      </trkpt>
      <trkpt lat="36.727259" lon="-4.462806">
        <ele>72.765219</ele>
        <time>2024-09-05T13:36:22.323Z</time>
      </trkpt>
      <trkpt lat="36.727511" lon="-4.462821">
        <ele>73.591708</ele>
        <time>2024-09-05T13:36:30.369Z</time>
      </trkpt>
      <trkpt lat="36.727646" lon="-4.462915">
        <ele>74.098176</ele>
        <time>2024-09-05T13:36:35.392Z</time>
      </trkpt>
      <trkpt lat="36.727747" lon="-4.463088">
        <ele>74.637552</ele>
        <time>2024-09-05T13:36:40.821Z</time>
      </trkpt>
      <trkpt lat="36.727773" lon="-4.463190">
        <ele>74.898703</ele>
        <time>2024-09-05T13:36:43.558Z</time>
      </trkpt>
      <trkpt lat="36.727765" lon="-4.463402">
        <ele>75.416529</ele>
        <time>2024-09-05T13:36:49.306Z</time>
      </trkpt>
      <trkpt lat="36.727678" lon="-4.463590">
        <ele>75.946194</ele>
        <time>2024-09-05T13:36:55.140Z</time>
      </trkpt>
      <trkpt lat="36.727715" lon="-4.463647">
        <ele>76.125158</ele>
        <time>2024-09-05T13:36:57.166Z</time>
      </trkpt>
      <trkpt lat="36.727675" lon="-4.463691">
        <ele>76.287492</ele>
        <time>2024-09-05T13:36:59.079Z</time>
      </trkpt>
      <trkpt lat="36.728313" lon="-4.464663">
        <ele>79.352842</ele>
        <time>2024-09-05T13:37:26.510Z</time>
      </trkpt>
      <trkpt lat="36.728708" lon="-4.465308">
        <ele>81.076727</ele>
        <time>2024-09-05T13:37:42.880Z</time>
      </trkpt>
      <trkpt lat="36.728860" lon="-4.465556">
        <ele>81.709604</ele>
        <time>2024-09-05T13:37:48.994Z</time>
      </trkpt>
      <trkpt lat="36.729758" lon="-4.466942">
        <ele>85.550596</ele>
        <time>2024-09-05T13:38:24.334Z</time>
      </trkpt>
      <trkpt lat="36.730073" lon="-4.467377">
        <ele>87.022363</ele>
        <time>2024-09-05T13:38:35.449Z</time>
      </trkpt>
      <trkpt lat="36.730508" lon="-4.468070">
        <ele>89.232165</ele>
        <time>2024-09-05T13:38:55.645Z</time>
      </trkpt>
      <trkpt lat="36.730563" lon="-4.468158">
        <ele>89.512315</ele>
        <time>2024-09-05T13:38:58.679Z</time>
      </trkpt>
      <trkpt lat="36.730874" lon="-4.468654">
        <ele>91.440170</ele>
        <time>2024-09-05T13:39:14.803Z</time>
      </trkpt>
      <trkpt lat="36.731129" lon="-4.469039">
        <ele>93.091640</ele>
        <time>2024-09-05T13:39:28.125Z</time>
      </trkpt>
      <trkpt lat="36.731213" lon="-4.469168">
        <ele>93.641220</ele>
        <time>2024-09-05T13:39:32.579Z</time>
      </trkpt>
      <trkpt lat="36.731367" lon="-4.469418">
        <ele>94.683806</ele>
        <time>2024-09-05T13:39:40.537Z</time>
      </trkpt>
      <trkpt lat="36.731702" lon="-4.469996">
        <ele>97.042346</ele>
        <time>2024-09-05T13:39:57.280Z</time>
      </trkpt>
      <trkpt lat="36.731882" lon="-4.470394">
        <ele>98.620321</ele>
        <time>2024-09-05T13:40:08.569Z</time>
      </trkpt>
      <trkpt lat="36.732039" lon="-4.470809">
        <ele>100.227292</ele>
        <time>2024-09-05T13:40:20.219Z</time>
      </trkpt>
      <trkpt lat="36.732225" lon="-4.471492">
        <ele>102.753248</ele>
        <time>2024-09-05T13:40:38.354Z</time>
      </trkpt>
      <trkpt lat="36.732275" lon="-4.471748">
        <ele>103.675914</ele>
        <time>2024-09-05T13:40:45.227Z</time>
      </trkpt>
      <trkpt lat="36.732530" lon="-4.473089">
        <ele>109.617421</ele>
        <time>2024-09-05T13:41:24.474Z</time>
      </trkpt>
      <trkpt lat="36.732547" lon="-4.473176">
        <ele>110.039496</ele>
        <time>2024-09-05T13:41:27.303Z</time>
      </trkpt>
      <trkpt lat="36.732577" lon="-4.473329">
        <ele>110.781911</ele>
        <time>2024-09-05T13:41:32.449Z</time>
      </trkpt>
      <trkpt lat="36.732634" lon="-4.473639">
        <ele>112.281016</ele>
        <time>2024-09-05T13:41:43.310Z</time>
      </trkpt>
      <trkpt lat="36.732992" lon="-4.475571">
        <ele>120.117383</ele>
        <time>2024-09-05T13:42:47.089Z</time>
      </trkpt>
      <trkpt lat="36.733003" lon="-4.475634">
        <ele>120.341763</ele>
        <time>2024-09-05T13:42:48.637Z</time>
      </trkpt>
      <trkpt lat="36.733027" lon="-4.475769">
        <ele>120.822977</ele>
        <time>2024-09-05T13:42:51.915Z</time>
      </trkpt>
      <trkpt lat="36.733189" lon="-4.476619">
        <ele>123.597501</ele>
        <time>2024-09-05T13:43:08.384Z</time>
      </trkpt>
      <trkpt lat="36.733213" lon="-4.476821">
        <ele>123.347002</ele>
        <time>2024-09-05T13:43:11.522Z</time>
      </trkpt>
      <trkpt lat="36.733237" lon="-4.476880">
        <ele>123.265838</ele>
        <time>2024-09-05T13:43:12.426Z</time>
      </trkpt>
      <trkpt lat="36.733384" lon="-4.477204">
        <ele>122.809123</ele>
        <time>2024-09-05T13:43:16.624Z</time>
      </trkpt>
      <trkpt lat="36.733533" lon="-4.477420">
        <ele>122.459525</ele>
        <time>2024-09-05T13:43:19.255Z</time>
      </trkpt>
      <trkpt lat="36.733817" lon="-4.477708">
        <ele>121.899373</ele>
        <time>2024-09-05T13:43:23.183Z</time>
      </trkpt>
      <trkpt lat="36.733932" lon="-4.477779">
        <ele>121.702983</ele>
        <time>2024-09-05T13:43:24.522Z</time>
      </trkpt>
      <trkpt lat="36.734234" lon="-4.477981">
        <ele>121.178509</ele>
        <time>2024-09-05T13:43:27.977Z</time>
      </trkpt>
      <trkpt lat="36.734553" lon="-4.478193">
        <ele>120.369716</ele>
        <time>2024-09-05T13:43:31.530Z</time>
      </trkpt>
      <trkpt lat="36.734962" lon="-4.478458">
        <ele>119.039312</ele>
        <time>2024-09-05T13:43:36.051Z</time>
      </trkpt>
      <trkpt lat="36.735134" lon="-4.478571">
        <ele>118.478158</ele>
        <time>2024-09-05T13:43:37.986Z</time>
      </trkpt>
      <trkpt lat="36.735992" lon="-4.479132">
        <ele>115.713497</ele>
        <time>2024-09-05T13:43:48.249Z</time>
      </trkpt>
      <trkpt lat="36.736235" lon="-4.479286">
        <ele>115.556978</ele>
        <time>2024-09-05T13:43:51.308Z</time>
      </trkpt>
      <trkpt lat="36.736341" lon="-4.479355">
        <ele>115.488319</ele>
        <time>2024-09-05T13:43:52.745Z</time>
      </trkpt>
      <trkpt lat="36.737308" lon="-4.480009">
        <ele>114.856659</ele>
        <time>2024-09-05T13:44:07.566Z</time>
      </trkpt>
      <trkpt lat="36.737378" lon="-4.480060">
        <ele>114.810108</ele>
        <time>2024-09-05T13:44:08.635Z</time>
      </trkpt>
      <trkpt lat="36.737734" lon="-4.480317">
        <ele>114.910361</ele>
        <time>2024-09-05T13:44:15.443Z</time>
      </trkpt>
      <trkpt lat="36.737880" lon="-4.480422">
        <ele>115.097912</ele>
        <time>2024-09-05T13:44:18.889Z</time>
      </trkpt>
      <trkpt lat="36.737954" lon="-4.480475">
        <ele>115.192875</ele>
        <time>2024-09-05T13:44:20.589Z</time>
      </trkpt>
      <trkpt lat="36.737976" lon="-4.480491">
        <ele>115.221216</ele>
        <time>2024-09-05T13:44:21.076Z</time>
      </trkpt>
      <trkpt lat="36.738116" lon="-4.480594">
        <ele>115.402100</ele>
        <time>2024-09-05T13:44:24.686Z</time>
      </trkpt>
      <trkpt lat="36.738190" lon="-4.480650">
        <ele>115.498423</ele>
        <time>2024-09-05T13:44:26.790Z</time>
      </trkpt>
      <trkpt lat="36.738388" lon="-4.480790">
        <ele>115.751712</ele>
        <time>2024-09-05T13:44:31.757Z</time>
      </trkpt>
      <trkpt lat="36.738650" lon="-4.480977">
        <ele>116.087644</ele>
        <time>2024-09-05T13:44:38.221Z</time>
      </trkpt>
      <trkpt lat="36.738670" lon="-4.480992">
        <ele>116.113615</ele>
        <time>2024-09-05T13:44:38.713Z</time>
      </trkpt>
      <trkpt lat="36.738947" lon="-4.481193">
        <ele>116.470246</ele>
        <time>2024-09-05T13:44:45.262Z</time>
      </trkpt>
      <trkpt lat="36.739013" lon="-4.481241">
        <ele>116.555269</ele>
        <time>2024-09-05T13:44:46.701Z</time>
      </trkpt>
      <trkpt lat="36.739098" lon="-4.481306">
        <ele>116.666223</ele>
        <time>2024-09-05T13:44:48.528Z</time>
      </trkpt>
      <trkpt lat="36.739289" lon="-4.481456">
        <ele>116.424146</ele>
        <time>2024-09-05T13:44:52.150Z</time>
      </trkpt>
      <trkpt lat="36.739463" lon="-4.481585">
        <ele>116.160168</ele>
        <time>2024-09-05T13:44:55.665Z</time>
      </trkpt>
      <trkpt lat="36.739622" lon="-4.481691">
        <ele>115.925045</ele>
        <time>2024-09-05T13:44:58.073Z</time>
      </trkpt>
      <trkpt lat="36.739690" lon="-4.481765">
        <ele>115.807365</ele>
        <time>2024-09-05T13:44:59.405Z</time>
      </trkpt>
      <trkpt lat="36.739887" lon="-4.482020">
        <ele>115.437151</ele>
        <time>2024-09-05T13:45:02.900Z</time>
      </trkpt>
      <trkpt lat="36.739976" lon="-4.482192">
        <ele>115.223155</ele>
        <time>2024-09-05T13:45:04.841Z</time>
      </trkpt>
      <trkpt lat="36.740071" lon="-4.482464">
        <ele>114.913031</ele>
        <time>2024-09-05T13:45:07.405Z</time>
      </trkpt>
      <trkpt lat="36.740113" lon="-4.482633">
        <ele>114.728092</ele>
        <time>2024-09-05T13:45:08.893Z</time>
      </trkpt>
      <trkpt lat="36.740138" lon="-4.482777">
        <ele>114.574091</ele>
        <time>2024-09-05T13:45:10.076Z</time>
      </trkpt>
      <trkpt lat="36.740154" lon="-4.483003">
        <ele>114.323298</ele>
        <time>2024-09-05T13:45:11.933Z</time>
      </trkpt>
      <trkpt lat="36.740123" lon="-4.483547">
        <ele>112.698296</ele>
        <time>2024-09-05T13:45:16.127Z</time>
      </trkpt>
      <trkpt lat="36.740081" lon="-4.484108">
        <ele>111.019454</ele>
        <time>2024-09-05T13:45:20.403Z</time>
      </trkpt>
      <trkpt lat="36.740078" lon="-4.484153">
        <ele>110.884908</ele>
        <time>2024-09-05T13:45:20.757Z</time>
      </trkpt>
      <trkpt lat="36.740048" lon="-4.484507">
        <ele>109.824243</ele>
        <time>2024-09-05T13:45:23.456Z</time>
      </trkpt>
      <trkpt lat="36.739922" lon="-4.486131">
        <ele>107.481902</ele>
        <time>2024-09-05T13:45:37.283Z</time>
      </trkpt>
      <trkpt lat="36.739952" lon="-4.486294">
        <ele>107.449586</ele>
        <time>2024-09-05T13:45:38.992Z</time>
      </trkpt>
      <trkpt lat="36.740029" lon="-4.486500">
        <ele>107.405664</ele>
        <time>2024-09-05T13:45:42.043Z</time>
      </trkpt>
      <trkpt lat="36.740125" lon="-4.486612">
        <ele>107.373974</ele>
        <time>2024-09-05T13:45:44.201Z</time>
      </trkpt>
      <trkpt lat="36.740647" lon="-4.487003">
        <ele>107.227172</ele>
        <time>2024-09-05T13:45:57.283Z</time>
      </trkpt>
      <trkpt lat="36.741413" lon="-4.487724">
        <ele>109.898522</ele>
        <time>2024-09-05T13:46:23.729Z</time>
      </trkpt>
      <trkpt lat="36.741627" lon="-4.487930">
        <ele>110.666391</ele>
        <time>2024-09-05T13:46:31.527Z</time>
      </trkpt>
      <trkpt lat="36.742450" lon="-4.488661">
        <ele>113.270682</ele>
        <time>2024-09-05T13:46:57.435Z</time>
      </trkpt>
      <trkpt lat="36.742807" lon="-4.489019">
        <ele>114.284516</ele>
        <time>2024-09-05T13:47:08.619Z</time>
      </trkpt>
      <trkpt lat="36.742938" lon="-4.489152">
        <ele>114.658360</ele>
        <time>2024-09-05T13:47:12.545Z</time>
      </trkpt>
      <trkpt lat="36.743376" lon="-4.489631">
        <ele>115.947587</ele>
        <time>2024-09-05T13:47:25.316Z</time>
      </trkpt>
      <trkpt lat="36.744116" lon="-4.490447">
        <ele>118.215130</ele>
        <time>2024-09-05T13:47:47.048Z</time>
      </trkpt>
      <trkpt lat="36.744481" lon="-4.490847">
        <ele>119.338646</ele>
        <time>2024-09-05T13:47:58.713Z</time>
      </trkpt>
      <trkpt lat="36.744697" lon="-4.491077">
        <ele>119.995378</ele>
        <time>2024-09-05T13:48:06.390Z</time>
      </trkpt>
      <trkpt lat="36.745089" lon="-4.491390">
        <ele>121.399156</ele>
        <time>2024-09-05T13:48:18.714Z</time>
      </trkpt>
      <trkpt lat="36.745270" lon="-4.491501">
        <ele>122.121461</ele>
        <time>2024-09-05T13:48:24.410Z</time>
      </trkpt>
      <trkpt lat="36.746166" lon="-4.491926">
        <ele>125.554510</ele>
        <time>2024-09-05T13:48:53.859Z</time>
      </trkpt>
      <trkpt lat="36.746569" lon="-4.492178">
        <ele>127.063235</ele>
        <time>2024-09-05T13:49:07.499Z</time>
      </trkpt>
      <trkpt lat="36.746690" lon="-4.492266">
        <ele>127.354603</ele>
        <time>2024-09-05T13:49:11.523Z</time>
      </trkpt>
      <trkpt lat="36.747040" lon="-4.492515">
        <ele>128.192787</ele>
        <time>2024-09-05T13:49:21.897Z</time>
      </trkpt>
      <trkpt lat="36.747204" lon="-4.492619">
        <ele>128.575512</ele>
        <time>2024-09-05T13:49:26.252Z</time>
      </trkpt>
      <trkpt lat="36.747423" lon="-4.492709">
        <ele>129.055210</ele>
        <time>2024-09-05T13:49:31.643Z</time>
      </trkpt>
      <trkpt lat="36.747830" lon="-4.492795">
        <ele>129.914026</ele>
        <time>2024-09-05T13:49:40.349Z</time>
      </trkpt>
      <trkpt lat="36.748463" lon="-4.492885">
        <ele>130.805547</ele>
        <time>2024-09-05T13:49:52.030Z</time>
      </trkpt>
      <trkpt lat="36.748625" lon="-4.492859">
        <ele>130.891407</ele>
        <time>2024-09-05T13:49:54.512Z</time>
      </trkpt>
      <trkpt lat="36.748686" lon="-4.492755">
        <ele>130.945694</ele>
        <time>2024-09-05T13:49:55.977Z</time>
      </trkpt>
      <trkpt lat="36.748731" lon="-4.492722">
        <ele>130.973131</ele>
        <time>2024-09-05T13:49:56.680Z</time>
      </trkpt>
      <trkpt lat="36.748884" lon="-4.492717">
        <ele>131.053587</ele>
        <time>2024-09-05T13:49:58.658Z</time>
      </trkpt>
      <trkpt lat="36.748908" lon="-4.492695">
        <ele>131.069240</ele>
        <time>2024-09-05T13:49:59.033Z</time>
      </trkpt>
      <trkpt lat="36.749072" lon="-4.492546">
        <ele>131.175875</ele>
        <time>2024-09-05T13:50:01.637Z</time>
      </trkpt>
      <trkpt lat="36.750507" lon="-4.491815">
        <ele>132.913266</ele>
        <time>2024-09-05T13:50:30.630Z</time>
      </trkpt>
      <trkpt lat="36.750807" lon="-4.491773">
        <ele>133.450968</ele>
        <time>2024-09-05T13:50:38.538Z</time>
      </trkpt>
      <trkpt lat="36.750978" lon="-4.491732">
        <ele>133.761117</ele>
        <time>2024-09-05T13:50:43.104Z</time>
      </trkpt>
      <trkpt lat="36.751097" lon="-4.491672">
        <ele>133.989719</ele>
        <time>2024-09-05T13:50:46.214Z</time>
      </trkpt>
      <trkpt lat="36.751225" lon="-4.491500">
        <ele>134.324733</ele>
        <time>2024-09-05T13:50:51.018Z</time>
      </trkpt>
      <trkpt lat="36.751358" lon="-4.491387">
        <ele>134.611310</ele>
        <time>2024-09-05T13:50:54.495Z</time>
      </trkpt>
      <trkpt lat="36.751488" lon="-4.491328">
        <ele>134.848176</ele>
        <time>2024-09-05T13:50:57.650Z</time>
      </trkpt>
      <trkpt lat="36.751525" lon="-4.491318">
        <ele>134.902684</ele>
        <time>2024-09-05T13:50:58.540Z</time>
      </trkpt>
      <trkpt lat="36.751772" lon="-4.491323">
        <ele>135.258370</ele>
        <time>2024-09-05T13:51:03.693Z</time>
      </trkpt>
      <trkpt lat="36.751914" lon="-4.491376">
        <ele>135.471772</ele>
        <time>2024-09-05T13:51:07.139Z</time>
      </trkpt>
      <trkpt lat="36.752046" lon="-4.491471">
        <ele>135.691165</ele>
        <time>2024-09-05T13:51:10.298Z</time>
      </trkpt>
      <trkpt lat="36.752096" lon="-4.491526">
        <ele>135.787127</ele>
        <time>2024-09-05T13:51:11.831Z</time>
      </trkpt>
      <trkpt lat="36.752181" lon="-4.491640">
        <ele>135.966778</ele>
        <time>2024-09-05T13:51:14.943Z</time>
      </trkpt>
      <trkpt lat="36.752295" lon="-4.491930">
        <ele>136.339430</ele>
        <time>2024-09-05T13:51:20.884Z</time>
      </trkpt>
      <trkpt lat="36.752316" lon="-4.492105">
        <ele>136.543568</ele>
        <time>2024-09-05T13:51:23.979Z</time>
      </trkpt>
      <trkpt lat="36.752287" lon="-4.492410">
        <ele>136.897896</ele>
        <time>2024-09-05T13:51:28.645Z</time>
      </trkpt>
      <trkpt lat="36.752355" lon="-4.492572">
        <ele>137.108879</ele>
        <time>2024-09-05T13:51:31.201Z</time>
      </trkpt>
      <trkpt lat="36.752426" lon="-4.492649">
        <ele>137.244309</ele>
        <time>2024-09-05T13:51:32.731Z</time>
      </trkpt>
      <trkpt lat="36.752581" lon="-4.492732">
        <ele>137.419814</ele>
        <time>2024-09-05T13:51:35.433Z</time>
      </trkpt>
      <trkpt lat="36.753592" lon="-4.493267">
        <ele>137.809888</ele>
        <time>2024-09-05T13:51:51.010Z</time>
      </trkpt>
      <trkpt lat="36.754099" lon="-4.493603">
        <ele>138.013799</ele>
        <time>2024-09-05T13:52:01.581Z</time>
      </trkpt>
      <trkpt lat="36.755016" lon="-4.494305">
        <ele>138.558759</ele>
        <time>2024-09-05T13:52:21.114Z</time>
      </trkpt>
      <trkpt lat="36.755189" lon="-4.494442">
        <ele>138.664525</ele>
        <time>2024-09-05T13:52:24.579Z</time>
      </trkpt>
      <trkpt lat="36.755465" lon="-4.494654">
        <ele>138.831821</ele>
        <time>2024-09-05T13:52:29.892Z</time>
      </trkpt>
      <trkpt lat="36.756341" lon="-4.495057">
        <ele>137.984816</ele>
        <time>2024-09-05T13:52:43.153Z</time>
      </trkpt>
      <trkpt lat="36.756507" lon="-4.495133">
        <ele>137.728120</ele>
        <time>2024-09-05T13:52:45.282Z</time>
      </trkpt>
      <trkpt lat="36.757800" lon="-4.495687">
        <ele>134.733925</ele>
        <time>2024-09-05T13:52:59.882Z</time>
      </trkpt>
      <trkpt lat="36.757843" lon="-4.495727">
        <ele>134.527323</ele>
        <time>2024-09-05T13:53:00.400Z</time>
      </trkpt>
      <trkpt lat="36.757946" lon="-4.495819">
        <ele>134.039383</ele>
        <time>2024-09-05T13:53:01.602Z</time>
      </trkpt>
      <trkpt lat="36.758307" lon="-4.496370">
        <ele>131.842483</ele>
        <time>2024-09-05T13:53:07.094Z</time>
      </trkpt>
      <trkpt lat="36.758535" lon="-4.496657">
        <ele>130.595009</ele>
        <time>2024-09-05T13:53:10.178Z</time>
      </trkpt>
      <trkpt lat="36.758847" lon="-4.496817">
        <ele>129.343421</ele>
        <time>2024-09-05T13:53:13.413Z</time>
      </trkpt>
      <trkpt lat="36.759168" lon="-4.496940">
        <ele>128.529245</ele>
        <time>2024-09-05T13:53:16.657Z</time>
      </trkpt>
      <trkpt lat="36.759569" lon="-4.497052">
        <ele>127.532897</ele>
        <time>2024-09-05T13:53:20.773Z</time>
      </trkpt>
      <trkpt lat="36.759676" lon="-4.497078">
        <ele>127.268584</ele>
        <time>2024-09-05T13:53:21.893Z</time>
      </trkpt>
      <trkpt lat="36.759762" lon="-4.497095">
        <ele>127.057462</ele>
        <time>2024-09-05T13:53:22.780Z</time>
      </trkpt>
      <trkpt lat="36.759951" lon="-4.497133">
        <ele>126.593287</ele>
        <time>2024-09-05T13:53:24.788Z</time>
      </trkpt>
      <trkpt lat="36.760079" lon="-4.497159">
        <ele>126.278844</ele>
        <time>2024-09-05T13:53:26.193Z</time>
      </trkpt>
      <trkpt lat="36.760625" lon="-4.497208">
        <ele>125.150735</ele>
        <time>2024-09-05T13:53:33.186Z</time>
      </trkpt>
      <trkpt lat="36.760963" lon="-4.497215">
        <ele>125.788584</ele>
        <time>2024-09-05T13:53:39.479Z</time>
      </trkpt>
      <trkpt lat="36.761212" lon="-4.497155">
        <ele>126.267089</ele>
        <time>2024-09-05T13:53:45.232Z</time>
      </trkpt>
      <trkpt lat="36.761415" lon="-4.497078">
        <ele>126.667418</ele>
        <time>2024-09-05T13:53:50.403Z</time>
      </trkpt>
      <trkpt lat="36.761614" lon="-4.496995">
        <ele>127.063312</ele>
        <time>2024-09-05T13:53:55.596Z</time>
      </trkpt>
      <trkpt lat="36.761637" lon="-4.496986">
        <ele>127.108792</ele>
        <time>2024-09-05T13:53:56.213Z</time>
      </trkpt>
      <trkpt lat="36.761806" lon="-4.496989">
        <ele>127.427705</ele>
        <time>2024-09-05T13:54:00.168Z</time>
      </trkpt>
      <trkpt lat="36.762206" lon="-4.497063">
        <ele>128.190697</ele>
        <time>2024-09-05T13:54:09.010Z</time>
      </trkpt>
      <trkpt lat="36.762374" lon="-4.497240">
        <ele>128.847293</ele>
        <time>2024-09-05T13:54:14.987Z</time>
      </trkpt>
      <trkpt lat="36.762653" lon="-4.497424">
        <ele>130.414394</ele>
        <time>2024-09-05T13:54:25.032Z</time>
      </trkpt>
      <trkpt lat="36.762769" lon="-4.497467">
        <ele>131.015352</ele>
        <time>2024-09-05T13:54:28.994Z</time>
      </trkpt>
      <trkpt lat="36.763033" lon="-4.497557">
        <ele>132.374474</ele>
        <time>2024-09-05T13:54:40.056Z</time>
      </trkpt>
      <trkpt lat="36.763406" lon="-4.497769">
        <ele>134.409893</ele>
        <time>2024-09-05T13:54:56.244Z</time>
      </trkpt>
      <trkpt lat="36.763509" lon="-4.497776">
        <ele>134.922180</ele>
        <time>2024-09-05T13:55:00.505Z</time>
      </trkpt>
      <trkpt lat="36.763622" lon="-4.497742">
        <ele>135.499446</ele>
        <time>2024-09-05T13:55:05.081Z</time>
      </trkpt>
      <trkpt lat="36.763716" lon="-4.497658">
        <ele>136.073573</ele>
        <time>2024-09-05T13:55:09.086Z</time>
      </trkpt>
      <trkpt lat="36.763961" lon="-4.497297">
        <ele>137.658829</ele>
        <time>2024-09-05T13:55:22.079Z</time>
      </trkpt>
      <trkpt lat="36.764227" lon="-4.497017">
        <ele>138.479704</ele>
        <time>2024-09-05T13:55:32.874Z</time>
      </trkpt>
      <trkpt lat="36.764614" lon="-4.496675">
        <ele>139.598334</ele>
        <time>2024-09-05T13:55:48.066Z</time>
      </trkpt>
      <trkpt lat="36.765008" lon="-4.496562">
        <ele>140.552061</ele>
        <time>2024-09-05T13:56:00.053Z</time>
      </trkpt>
      <trkpt lat="36.765097" lon="-4.496470">
        <ele>140.824672</ele>
        <time>2024-09-05T13:56:01.499Z</time>
      </trkpt>
      <trkpt lat="36.765173" lon="-4.496304">
        <ele>141.186018</ele>
        <time>2024-09-05T13:56:04.030Z</time>
      </trkpt>
      <trkpt lat="36.765224" lon="-4.496074">
        <ele>141.624413</ele>
        <time>2024-09-05T13:56:06.032Z</time>
      </trkpt>
      <trkpt lat="36.765269" lon="-4.495704">
        <ele>139.967570</ele>
        <time>2024-09-05T13:56:09.064Z</time>
      </trkpt>
      <trkpt lat="36.765273" lon="-4.495140">
        <ele>137.470520</ele>
        <time>2024-09-05T13:56:13.233Z</time>
      </trkpt>
      <trkpt lat="36.765311" lon="-4.494940">
        <ele>136.560512</ele>
        <time>2024-09-05T13:56:14.785Z</time>
      </trkpt>
      <trkpt lat="36.765368" lon="-4.494841">
        <ele>136.020760</ele>
        <time>2024-09-05T13:56:15.663Z</time>
      </trkpt>
      <trkpt lat="36.765452" lon="-4.494796">
        <ele>135.515593</ele>
        <time>2024-09-05T13:56:16.469Z</time>
      </trkpt>
      <trkpt lat="36.765513" lon="-4.494809">
        <ele>135.173601</ele>
        <time>2024-09-05T13:56:17.038Z</time>
      </trkpt>
      <trkpt lat="36.765628" lon="-4.494865">
        <ele>134.491412</ele>
        <time>2024-09-05T13:56:18.189Z</time>
      </trkpt>
      <trkpt lat="36.765763" lon="-4.495037">
        <ele>133.425358</ele>
        <time>2024-09-05T13:56:19.892Z</time>
      </trkpt>
      <trkpt lat="36.765864" lon="-4.495383">
        <ele>131.795023</ele>
        <time>2024-09-05T13:56:22.539Z</time>
      </trkpt>
      <trkpt lat="36.765971" lon="-4.495523">
        <ele>130.751067</ele>
        <time>2024-09-05T13:56:23.923Z</time>
      </trkpt>
      <trkpt lat="36.766066" lon="-4.495524">
        <ele>130.095728</ele>
        <time>2024-09-05T13:56:24.771Z</time>
      </trkpt>
      <trkpt lat="36.766213" lon="-4.495354">
        <ele>128.713443</ele>
        <time>2024-09-05T13:56:26.519Z</time>
      </trkpt>
      <trkpt lat="36.766305" lon="-4.495349">
        <ele>128.078220</ele>
        <time>2024-09-05T13:56:27.327Z</time>
      </trkpt>
      <trkpt lat="36.766351" lon="-4.495438">
        <ele>127.492934</ele>
        <time>2024-09-05T13:56:28.050Z</time>
      </trkpt>
      <trkpt lat="36.766274" lon="-4.495817">
        <ele>125.332306</ele>
        <time>2024-09-05T13:56:30.765Z</time>
      </trkpt>
      <trkpt lat="36.766456" lon="-4.496676">
        <ele>120.422328</ele>
        <time>2024-09-05T13:56:37.267Z</time>
      </trkpt>
      <trkpt lat="36.766560" lon="-4.496923">
        <ele>119.203961</ele>
        <time>2024-09-05T13:56:39.405Z</time>
      </trkpt>
      <trkpt lat="36.766653" lon="-4.496998">
        <ele>119.049521</ele>
        <time>2024-09-05T13:56:40.599Z</time>
      </trkpt>
      <trkpt lat="36.766757" lon="-4.497015">
        <ele>118.903215</ele>
        <time>2024-09-05T13:56:41.620Z</time>
      </trkpt>
      <trkpt lat="36.766896" lon="-4.496987">
        <ele>118.706818</ele>
        <time>2024-09-05T13:56:43.084Z</time>
      </trkpt>
      <trkpt lat="36.767249" lon="-4.496935">
        <ele>118.211008</ele>
        <time>2024-09-05T13:56:47.056Z</time>
      </trkpt>
      <trkpt lat="36.767512" lon="-4.496970">
        <ele>117.842075</ele>
        <time>2024-09-05T13:56:50.260Z</time>
      </trkpt>
      <trkpt lat="36.767701" lon="-4.496924">
        <ele>117.573479</ele>
        <time>2024-09-05T13:56:53.028Z</time>
      </trkpt>
      <trkpt lat="36.767775" lon="-4.496785">
        <ele>117.386989</ele>
        <time>2024-09-05T13:56:54.599Z</time>
      </trkpt>
      <trkpt lat="36.767740" lon="-4.496509">
        <ele>117.074748</ele>
        <time>2024-09-05T13:56:58.096Z</time>
      </trkpt>
      <trkpt lat="36.767764" lon="-4.496258">
        <ele>116.792291</ele>
        <time>2024-09-05T13:57:00.800Z</time>
      </trkpt>
      <trkpt lat="36.768138" lon="-4.495849">
        <ele>118.119231</ele>
        <time>2024-09-05T13:57:12.851Z</time>
      </trkpt>
      <trkpt lat="36.768390" lon="-4.495613">
        <ele>118.988667</ele>
        <time>2024-09-05T13:57:21.489Z</time>
      </trkpt>
      <trkpt lat="36.768676" lon="-4.495545">
        <ele>119.792172</ele>
        <time>2024-09-05T13:57:29.925Z</time>
      </trkpt>
      <trkpt lat="36.768979" lon="-4.495711">
        <ele>120.705391</ele>
        <time>2024-09-05T13:57:39.683Z</time>
      </trkpt>
      <trkpt lat="36.769229" lon="-4.495989">
        <ele>121.629392</ele>
        <time>2024-09-05T13:57:49.415Z</time>
      </trkpt>
      <trkpt lat="36.769479" lon="-4.496168">
        <ele>122.552984</ele>
        <time>2024-09-05T13:57:57.497Z</time>
      </trkpt>
      <trkpt lat="36.769768" lon="-4.496159">
        <ele>123.500424</ele>
        <time>2024-09-05T13:58:05.216Z</time>
      </trkpt>
      <trkpt lat="36.769963" lon="-4.495993">
        <ele>124.273949</ele>
        <time>2024-09-05T13:58:11.426Z</time>
      </trkpt>
      <trkpt lat="36.770153" lon="-4.495373">
        <ele>126.016667</ele>
        <time>2024-09-05T13:58:26.143Z</time>
      </trkpt>
      <trkpt lat="36.770349" lon="-4.495133">
        <ele>126.916446</ele>
        <time>2024-09-05T13:58:34.314Z</time>
      </trkpt>
      <trkpt lat="36.771291" lon="-4.494454">
        <ele>130.537573</ele>
        <time>2024-09-05T13:59:05.135Z</time>
      </trkpt>
      <trkpt lat="36.771532" lon="-4.494025">
        <ele>131.940335</ele>
        <time>2024-09-05T13:59:15.724Z</time>
      </trkpt>
      <trkpt lat="36.771658" lon="-4.493688">
        <ele>132.935956</ele>
        <time>2024-09-05T13:59:24.045Z</time>
      </trkpt>
      <trkpt lat="36.771847" lon="-4.493420">
        <ele>133.963138</ele>
        <time>2024-09-05T13:59:32.609Z</time>
      </trkpt>
      <trkpt lat="36.772095" lon="-4.493326">
        <ele>135.081527</ele>
        <time>2024-09-05T13:59:40.961Z</time>
      </trkpt>
      <trkpt lat="36.772571" lon="-4.493274">
        <ele>137.143378</ele>
        <time>2024-09-05T13:59:55.314Z</time>
      </trkpt>
      <trkpt lat="36.772737" lon="-4.493235">
        <ele>137.872263</ele>
        <time>2024-09-05T14:00:00.752Z</time>
      </trkpt>
      <trkpt lat="36.772998" lon="-4.493155">
        <ele>139.031960</ele>
        <time>2024-09-05T14:00:09.139Z</time>
      </trkpt>
      <trkpt lat="36.773326" lon="-4.492996">
        <ele>140.550278</ele>
        <time>2024-09-05T14:00:21.198Z</time>
      </trkpt>
      <trkpt lat="36.773559" lon="-4.492977">
        <ele>141.563828</ele>
        <time>2024-09-05T14:00:29.856Z</time>
      </trkpt>
      <trkpt lat="36.773766" lon="-4.493090">
        <ele>142.577745</ele>
        <time>2024-09-05T14:00:38.160Z</time>
      </trkpt>
      <trkpt lat="36.773897" lon="-4.493382">
        <ele>143.780854</ele>
        <time>2024-09-05T14:00:47.719Z</time>
      </trkpt>
      <trkpt lat="36.774055" lon="-4.493614">
        <ele>144.875542</ele>
        <time>2024-09-05T14:00:56.589Z</time>
      </trkpt>
      <trkpt lat="36.774495" lon="-4.493651">
        <ele>146.854677</ele>
        <time>2024-09-05T14:01:10.040Z</time>
      </trkpt>
      <trkpt lat="36.774859" lon="-4.493553">
        <ele>148.525814</ele>
        <time>2024-09-05T14:01:20.231Z</time>
      </trkpt>
      <trkpt lat="36.775039" lon="-4.493417">
        <ele>149.470047</ele>
        <time>2024-09-05T14:01:26.543Z</time>
      </trkpt>
      <trkpt lat="36.775261" lon="-4.493366">
        <ele>150.572092</ele>
        <time>2024-09-05T14:01:33.579Z</time>
      </trkpt>
      <trkpt lat="36.775547" lon="-4.493522">
        <ele>152.097127</ele>
        <time>2024-09-05T14:01:45.076Z</time>
      </trkpt>
      <trkpt lat="36.775722" lon="-4.493566">
        <ele>152.969395</ele>
        <time>2024-09-05T14:01:51.458Z</time>
      </trkpt>
      <trkpt lat="36.776112" lon="-4.493545">
        <ele>154.876819</ele>
        <time>2024-09-05T14:02:05.007Z</time>
      </trkpt>
      <trkpt lat="36.776282" lon="-4.493539">
        <ele>155.707820</ele>
        <time>2024-09-05T14:02:10.788Z</time>
      </trkpt>
      <trkpt lat="36.777039" lon="-4.493585">
        <ele>159.198448</ele>
        <time>2024-09-05T14:02:38.028Z</time>
      </trkpt>
      <trkpt lat="36.777464" lon="-4.493434">
        <ele>160.955480</ele>
        <time>2024-09-05T14:02:53.688Z</time>
      </trkpt>
      <trkpt lat="36.777769" lon="-4.493115">
        <ele>162.537580</ele>
        <time>2024-09-05T14:03:07.181Z</time>
      </trkpt>
      <trkpt lat="36.777962" lon="-4.492832">
        <ele>163.721356</ele>
        <time>2024-09-05T14:03:16.425Z</time>
      </trkpt>
      <trkpt lat="36.778107" lon="-4.492750">
        <ele>164.354311</ele>
        <time>2024-09-05T14:03:20.658Z</time>
      </trkpt>
      <trkpt lat="36.778185" lon="-4.492705">
        <ele>164.695976</ele>
        <time>2024-09-05T14:03:22.930Z</time>
      </trkpt>
      <trkpt lat="36.778675" lon="-4.492609">
        <ele>164.777476</ele>
        <time>2024-09-05T14:03:33.053Z</time>
      </trkpt>
      <trkpt lat="36.778890" lon="-4.492409">
        <ele>164.227250</ele>
        <time>2024-09-05T14:03:37.433Z</time>
      </trkpt>
      <trkpt lat="36.779071" lon="-4.491899">
        <ele>163.310349</ele>
        <time>2024-09-05T14:03:42.739Z</time>
      </trkpt>
      <trkpt lat="36.779144" lon="-4.491754">
        <ele>163.028839</ele>
        <time>2024-09-05T14:03:44.132Z</time>
      </trkpt>
      <trkpt lat="36.779250" lon="-4.491695">
        <ele>162.790668</ele>
        <time>2024-09-05T14:03:45.288Z</time>
      </trkpt>
      <trkpt lat="36.779336" lon="-4.491789">
        <ele>162.556103</ele>
        <time>2024-09-05T14:03:46.382Z</time>
      </trkpt>
      <trkpt lat="36.779332" lon="-4.492033">
        <ele>162.154956</ele>
        <time>2024-09-05T14:03:48.206Z</time>
      </trkpt>
      <trkpt lat="36.779274" lon="-4.492282">
        <ele>161.725016</ele>
        <time>2024-09-05T14:03:50.122Z</time>
      </trkpt>
      <trkpt lat="36.779311" lon="-4.492759">
        <ele>158.556695</ele>
        <time>2024-09-05T14:03:53.584Z</time>
      </trkpt>
      <trkpt lat="36.779360" lon="-4.492903">
        <ele>157.522321</ele>
        <time>2024-09-05T14:03:54.696Z</time>
      </trkpt>
      <trkpt lat="36.779487" lon="-4.493047">
        <ele>156.106250</ele>
        <time>2024-09-05T14:03:56.216Z</time>
      </trkpt>
      <trkpt lat="36.780231" lon="-4.493142">
        <ele>149.933030</ele>
        <time>2024-09-05T14:04:02.747Z</time>
      </trkpt>
      <trkpt lat="36.780422" lon="-4.493388">
        <ele>147.667955</ele>
        <time>2024-09-05T14:04:05.109Z</time>
      </trkpt>
      <trkpt lat="36.780545" lon="-4.493633">
        <ele>145.692083</ele>
        <time>2024-09-05T14:04:07.101Z</time>
      </trkpt>
      <trkpt lat="36.780639" lon="-4.494598">
        <ele>138.898996</ele>
        <time>2024-09-05T14:04:13.798Z</time>
      </trkpt>
      <trkpt lat="36.780864" lon="-4.494994">
        <ele>135.506173</ele>
        <time>2024-09-05T14:04:17.211Z</time>
      </trkpt>
      <trkpt lat="36.781039" lon="-4.496089">
        <ele>128.964304</ele>
        <time>2024-09-05T14:04:25.262Z</time>
      </trkpt>
      <trkpt lat="36.781149" lon="-4.496421">
        <ele>127.361372</ele>
        <time>2024-09-05T14:04:27.882Z</time>
      </trkpt>
      <trkpt lat="36.781527" lon="-4.496845">
        <ele>124.530859</ele>
        <time>2024-09-05T14:04:32.545Z</time>
      </trkpt>
      <trkpt lat="36.781579" lon="-4.496977">
        <ele>123.874572</ele>
        <time>2024-09-05T14:04:33.645Z</time>
      </trkpt>
      <trkpt lat="36.781552" lon="-4.497161">
        <ele>123.040009</ele>
        <time>2024-09-05T14:04:35.056Z</time>
      </trkpt>
      <trkpt lat="36.781341" lon="-4.497722">
        <ele>120.814797</ele>
        <time>2024-09-05T14:04:39.928Z</time>
      </trkpt>
      <trkpt lat="36.781334" lon="-4.498182">
        <ele>119.997992</ele>
        <time>2024-09-05T14:04:43.925Z</time>
      </trkpt>
      <trkpt lat="36.781376" lon="-4.498334">
        <ele>119.712532</ele>
        <time>2024-09-05T14:04:45.453Z</time>
      </trkpt>
      <trkpt lat="36.781511" lon="-4.498544">
        <ele>119.234472</ele>
        <time>2024-09-05T14:04:48.318Z</time>
      </trkpt>
      <trkpt lat="36.781686" lon="-4.498742">
        <ele>118.710987</ele>
        <time>2024-09-05T14:04:51.170Z</time>
      </trkpt>
      <trkpt lat="36.781918" lon="-4.499140">
        <ele>117.837079</ele>
        <time>2024-09-05T14:04:55.558Z</time>
      </trkpt>
      <trkpt lat="36.781984" lon="-4.499197">
        <ele>117.659195</ele>
        <time>2024-09-05T14:04:56.433Z</time>
      </trkpt>
      <trkpt lat="36.782050" lon="-4.499229">
        <ele>117.502255</ele>
        <time>2024-09-05T14:04:57.211Z</time>
      </trkpt>
      <trkpt lat="36.782172" lon="-4.499197">
        <ele>117.225926</ele>
        <time>2024-09-05T14:04:58.482Z</time>
      </trkpt>
      <trkpt lat="36.782545" lon="-4.499039">
        <ele>116.310438</ele>
        <time>2024-09-05T14:05:02.538Z</time>
      </trkpt>
      <trkpt lat="36.782582" lon="-4.498992">
        <ele>116.187476</ele>
        <time>2024-09-05T14:05:03.081Z</time>
      </trkpt>
      <trkpt lat="36.782660" lon="-4.498815">
        <ele>115.810539</ele>
        <time>2024-09-05T14:05:04.785Z</time>
      </trkpt>
      <trkpt lat="36.782728" lon="-4.498719">
        <ele>115.571420</ele>
        <time>2024-09-05T14:05:05.813Z</time>
      </trkpt>
      <trkpt lat="36.782799" lon="-4.498705">
        <ele>115.403968</ele>
        <time>2024-09-05T14:05:06.548Z</time>
      </trkpt>
      <trkpt lat="36.782860" lon="-4.498784">
        <ele>115.199224</ele>
        <time>2024-09-05T14:05:07.494Z</time>
      </trkpt>
      <trkpt lat="36.782941" lon="-4.499229">
        <ele>114.347769</ele>
        <time>2024-09-05T14:05:11.393Z</time>
      </trkpt>
      <trkpt lat="36.783070" lon="-4.499607">
        <ele>113.581140</ele>
        <time>2024-09-05T14:05:15.020Z</time>
      </trkpt>
      <trkpt lat="36.783360" lon="-4.499993">
        <ele>112.886893</ele>
        <time>2024-09-05T14:05:19.816Z</time>
      </trkpt>
      <trkpt lat="36.783474" lon="-4.500068">
        <ele>112.806246</ele>
        <time>2024-09-05T14:05:21.300Z</time>
      </trkpt>
      <trkpt lat="36.783589" lon="-4.500095">
        <ele>112.733011</ele>
        <time>2024-09-05T14:05:22.573Z</time>
      </trkpt>
      <trkpt lat="36.783740" lon="-4.500013">
        <ele>112.629955</ele>
        <time>2024-09-05T14:05:24.361Z</time>
      </trkpt>
      <trkpt lat="36.783812" lon="-4.499904">
        <ele>112.559133</ele>
        <time>2024-09-05T14:05:25.634Z</time>
      </trkpt>
      <trkpt lat="36.783860" lon="-4.499776">
        <ele>112.488288</ele>
        <time>2024-09-05T14:05:26.972Z</time>
      </trkpt>
      <trkpt lat="36.783910" lon="-4.499505">
        <ele>112.348891</ele>
        <time>2024-09-05T14:05:29.711Z</time>
      </trkpt>
      <trkpt lat="36.784053" lon="-4.499298">
        <ele>112.211866</ele>
        <time>2024-09-05T14:05:32.624Z</time>
      </trkpt>
      <trkpt lat="36.784547" lon="-4.498781">
        <ele>111.718533</ele>
        <time>2024-09-05T14:05:43.923Z</time>
      </trkpt>
      <trkpt lat="36.784567" lon="-4.498603">
        <ele>111.494446</ele>
        <time>2024-09-05T14:05:46.885Z</time>
      </trkpt>
      <trkpt lat="36.784465" lon="-4.498229">
        <ele>111.001882</ele>
        <time>2024-09-05T14:05:54.425Z</time>
      </trkpt>
      <trkpt lat="36.784468" lon="-4.498166">
        <ele>110.923201</ele>
        <time>2024-09-05T14:05:55.696Z</time>
      </trkpt>
      <trkpt lat="36.784500" lon="-4.498114">
        <ele>110.841444</ele>
        <time>2024-09-05T14:05:56.944Z</time>
      </trkpt>
      <trkpt lat="36.784539" lon="-4.498076">
        <ele>110.764438</ele>
        <time>2024-09-05T14:05:58.219Z</time>
      </trkpt>
      <trkpt lat="36.784622" lon="-4.498068">
        <ele>110.634851</ele>
        <time>2024-09-05T14:05:59.920Z</time>
      </trkpt>
      <trkpt lat="36.784994" lon="-4.498341">
        <ele>109.963162</ele>
        <time>2024-09-05T14:06:05.033Z</time>
      </trkpt>
      <trkpt lat="36.785165" lon="-4.498392">
        <ele>109.689486</ele>
        <time>2024-09-05T14:06:06.731Z</time>
      </trkpt>
      <trkpt lat="36.785273" lon="-4.498326">
        <ele>109.502312</ele>
        <time>2024-09-05T14:06:07.915Z</time>
      </trkpt>
      <trkpt lat="36.785358" lon="-4.498207">
        <ele>109.303523</ele>
        <time>2024-09-05T14:06:09.104Z</time>
      </trkpt>
      <trkpt lat="36.785404" lon="-4.498049">
        <ele>109.093933</ele>
        <time>2024-09-05T14:06:10.318Z</time>
      </trkpt>
      <trkpt lat="36.785433" lon="-4.497745">
        <ele>107.181470</ele>
        <time>2024-09-05T14:06:12.537Z</time>
      </trkpt>
      <trkpt lat="36.785479" lon="-4.497602">
        <ele>106.165063</ele>
        <time>2024-09-05T14:06:13.643Z</time>
      </trkpt>
      <trkpt lat="36.785673" lon="-4.497461">
        <ele>104.316441</ele>
        <time>2024-09-05T14:06:15.635Z</time>
      </trkpt>
      <trkpt lat="36.786086" lon="-4.497362">
        <ele>100.853107</ele>
        <time>2024-09-05T14:06:19.295Z</time>
      </trkpt>
      <trkpt lat="36.786278" lon="-4.497235">
        <ele>99.063745</ele>
        <time>2024-09-05T14:06:21.183Z</time>
      </trkpt>
      <trkpt lat="36.786659" lon="-4.496845">
        <ele>95.006458</ele>
        <time>2024-09-05T14:06:25.451Z</time>
      </trkpt>
      <trkpt lat="36.786852" lon="-4.496758">
        <ele>93.615743</ele>
        <time>2024-09-05T14:06:27.232Z</time>
      </trkpt>
      <trkpt lat="36.787065" lon="-4.496742">
        <ele>92.417714</ele>
        <time>2024-09-05T14:06:29.071Z</time>
      </trkpt>
      <trkpt lat="36.787312" lon="-4.496783">
        <ele>91.018757</ele>
        <time>2024-09-05T14:06:31.242Z</time>
      </trkpt>
      <trkpt lat="36.787718" lon="-4.496950">
        <ele>88.618817</ele>
        <time>2024-09-05T14:06:35.150Z</time>
      </trkpt>
      <trkpt lat="36.787792" lon="-4.496986">
        <ele>88.172932</ele>
        <time>2024-09-05T14:06:35.916Z</time>
      </trkpt>
      <trkpt lat="36.788048" lon="-4.496992">
        <ele>86.735393</ele>
        <time>2024-09-05T14:06:38.390Z</time>
      </trkpt>
      <trkpt lat="36.788246" lon="-4.496992">
        <ele>85.623742</ele>
        <time>2024-09-05T14:06:40.387Z</time>
      </trkpt>
      <trkpt lat="36.788464" lon="-4.497074">
        <ele>84.345476</ele>
        <time>2024-09-05T14:06:42.921Z</time>
      </trkpt>
      <trkpt lat="36.788710" lon="-4.497211">
        <ele>84.414189</ele>
        <time>2024-09-05T14:06:46.040Z</time>
      </trkpt>
      <trkpt lat="36.788791" lon="-4.497375">
        <ele>84.581577</ele>
        <time>2024-09-05T14:06:48.588Z</time>
      </trkpt>
      <trkpt lat="36.788897" lon="-4.497876">
        <ele>85.031744</ele>
        <time>2024-09-05T14:06:56.979Z</time>
      </trkpt>
      <trkpt lat="36.789011" lon="-4.497989">
        <ele>85.189634</ele>
        <time>2024-09-05T14:07:00.956Z</time>
      </trkpt>
      <trkpt lat="36.789127" lon="-4.498045">
        <ele>85.324543</ele>
        <time>2024-09-05T14:07:04.160Z</time>
      </trkpt>
      <trkpt lat="36.789548" lon="-4.498161">
        <ele>85.792215</ele>
        <time>2024-09-05T14:07:14.533Z</time>
      </trkpt>
      <trkpt lat="36.789799" lon="-4.498192">
        <ele>86.065820</ele>
        <time>2024-09-05T14:07:20.622Z</time>
      </trkpt>
      <trkpt lat="36.790402" lon="-4.498056">
        <ele>86.307971</ele>
        <time>2024-09-05T14:07:33.859Z</time>
      </trkpt>
      <trkpt lat="36.790908" lon="-4.498053">
        <ele>86.483520</ele>
        <time>2024-09-05T14:07:41.905Z</time>
      </trkpt>
      <trkpt lat="36.791121" lon="-4.498096">
        <ele>86.558376</ele>
        <time>2024-09-05T14:07:44.546Z</time>
      </trkpt>
      <trkpt lat="36.791357" lon="-4.498194">
        <ele>86.644660</ele>
        <time>2024-09-05T14:07:47.558Z</time>
      </trkpt>
      <trkpt lat="36.791589" lon="-4.498372">
        <ele>86.753792</ele>
        <time>2024-09-05T14:07:50.740Z</time>
      </trkpt>
      <trkpt lat="36.791915" lon="-4.498680">
        <ele>87.252212</ele>
        <time>2024-09-05T14:07:55.999Z</time>
      </trkpt>
      <trkpt lat="36.792189" lon="-4.498990">
        <ele>87.703011</ele>
        <time>2024-09-05T14:08:02.112Z</time>
      </trkpt>
      <trkpt lat="36.792268" lon="-4.499115">
        <ele>87.858489</ele>
        <time>2024-09-05T14:08:04.474Z</time>
      </trkpt>
      <trkpt lat="36.792446" lon="-4.499610">
        <ele>88.388290</ele>
        <time>2024-09-05T14:08:13.846Z</time>
      </trkpt>
      <trkpt lat="36.792495" lon="-4.499755">
        <ele>88.541954</ele>
        <time>2024-09-05T14:08:16.999Z</time>
      </trkpt>
      <trkpt lat="36.792514" lon="-4.499805">
        <ele>88.595991</ele>
        <time>2024-09-05T14:08:18.102Z</time>
      </trkpt>
      <trkpt lat="36.792584" lon="-4.500019">
        <ele>88.821695</ele>
        <time>2024-09-05T14:08:22.803Z</time>
      </trkpt>
      <trkpt lat="36.792719" lon="-4.500280">
        <ele>89.619923</ele>
        <time>2024-09-05T14:08:30.171Z</time>
      </trkpt>
      <trkpt lat="36.792802" lon="-4.500377">
        <ele>90.103560</ele>
        <time>2024-09-05T14:08:33.561Z</time>
      </trkpt>
      <trkpt lat="36.792913" lon="-4.500458">
        <ele>90.650521</ele>
        <time>2024-09-05T14:08:37.892Z</time>
      </trkpt>
      <trkpt lat="36.793354" lon="-4.500601">
        <ele>92.588938</ele>
        <time>2024-09-05T14:08:54.775Z</time>
      </trkpt>
      <trkpt lat="36.795393" lon="-4.500922">
        <ele>99.276955</ele>
        <time>2024-09-05T14:09:59.438Z</time>
      </trkpt>
      <trkpt lat="36.796028" lon="-4.501103">
        <ele>100.849908</ele>
        <time>2024-09-05T14:10:09.227Z</time>
      </trkpt>
      <trkpt lat="36.796340" lon="-4.501126">
        <ele>100.775733</ele>
        <time>2024-09-05T14:10:13.203Z</time>
      </trkpt>
      <trkpt lat="36.796756" lon="-4.501078">
        <ele>100.559340</ele>
        <time>2024-09-05T14:10:18.122Z</time>
      </trkpt>
      <trkpt lat="36.797069" lon="-4.500835">
        <ele>100.368439</ele>
        <time>2024-09-05T14:10:22.166Z</time>
      </trkpt>
      <trkpt lat="36.798350" lon="-4.500057">
        <ele>100.489954</ele>
        <time>2024-09-05T14:10:45.137Z</time>
      </trkpt>
      <trkpt lat="36.799353" lon="-4.499365">
        <ele>101.222558</ele>
        <time>2024-09-05T14:11:09.290Z</time>
      </trkpt>
      <trkpt lat="36.799685" lon="-4.498798">
        <ele>100.406622</ele>
        <time>2024-09-05T14:11:15.681Z</time>
      </trkpt>
      <trkpt lat="36.800156" lon="-4.498364">
        <ele>99.557505</ele>
        <time>2024-09-05T14:11:22.349Z</time>
      </trkpt>
      <trkpt lat="36.800316" lon="-4.498440">
        <ele>99.309176</ele>
        <time>2024-09-05T14:11:24.341Z</time>
      </trkpt>
      <trkpt lat="36.800491" lon="-4.499004">
        <ele>98.643706</ele>
        <time>2024-09-05T14:11:29.303Z</time>
      </trkpt>
      <trkpt lat="36.800503" lon="-4.499163">
        <ele>98.559941</ele>
        <time>2024-09-05T14:11:30.785Z</time>
      </trkpt>
      <trkpt lat="36.800047" lon="-4.499975">
        <ele>98.039745</ele>
        <time>2024-09-05T14:11:39.222Z</time>
      </trkpt>
      <trkpt lat="36.799468" lon="-4.500806">
        <ele>97.800652</ele>
        <time>2024-09-05T14:11:54.696Z</time>
      </trkpt>
      <trkpt lat="36.799393" lon="-4.500990">
        <ele>98.766760</ele>
        <time>2024-09-05T14:11:59.566Z</time>
      </trkpt>
      <trkpt lat="36.799441" lon="-4.501102">
        <ele>99.361175</ele>
        <time>2024-09-05T14:12:02.724Z</time>
      </trkpt>
      <trkpt lat="36.799518" lon="-4.501139">
        <ele>99.843294</ele>
        <time>2024-09-05T14:12:04.727Z</time>
      </trkpt>
      <trkpt lat="36.799625" lon="-4.501088">
        <ele>100.512555</ele>
        <time>2024-09-05T14:12:08.257Z</time>
      </trkpt>
      <trkpt lat="36.799833" lon="-4.500822">
        <ele>102.252262</ele>
        <time>2024-09-05T14:12:17.867Z</time>
      </trkpt>
      <trkpt lat="36.800263" lon="-4.500055">
        <ele>106.633406</ele>
        <time>2024-09-05T14:12:52.535Z</time>
      </trkpt>
      <trkpt lat="36.800691" lon="-4.499632">
        <ele>110.457956</ele>
        <time>2024-09-05T14:13:21.005Z</time>
      </trkpt>
      <trkpt lat="36.800815" lon="-4.499626">
        <ele>111.436668</ele>
        <time>2024-09-05T14:13:26.818Z</time>
      </trkpt>
      <trkpt lat="36.800910" lon="-4.499724">
        <ele>112.408478</ele>
        <time>2024-09-05T14:13:32.367Z</time>
      </trkpt>
      <trkpt lat="36.801166" lon="-4.500106">
        <ele>115.554319</ele>
        <time>2024-09-05T14:13:49.959Z</time>
      </trkpt>
      <trkpt lat="36.801235" lon="-4.500363">
        <ele>117.266133</ele>
        <time>2024-09-05T14:13:59.650Z</time>
      </trkpt>
      <trkpt lat="36.801358" lon="-4.500621">
        <ele>119.162383</ele>
        <time>2024-09-05T14:14:11.038Z</time>
      </trkpt>
      <trkpt lat="36.801541" lon="-4.500760">
        <ele>120.851669</ele>
        <time>2024-09-05T14:14:21.216Z</time>
      </trkpt>
      <trkpt lat="36.801695" lon="-4.500630">
        <ele>122.277174</ele>
        <time>2024-09-05T14:14:30.163Z</time>
      </trkpt>
      <trkpt lat="36.801794" lon="-4.500167">
        <ele>124.324192</ele>
        <time>2024-09-05T14:14:47.701Z</time>
      </trkpt>
      <trkpt lat="36.801875" lon="-4.499908">
        <ele>125.511908</ele>
        <time>2024-09-05T14:14:56.344Z</time>
      </trkpt>
      <trkpt lat="36.801991" lon="-4.499721">
        <ele>126.522342</ele>
        <time>2024-09-05T14:15:02.665Z</time>
      </trkpt>
      <trkpt lat="36.802285" lon="-4.499668">
        <ele>128.106984</ele>
        <time>2024-09-05T14:15:10.943Z</time>
      </trkpt>
      <trkpt lat="36.802807" lon="-4.499685">
        <ele>130.892619</ele>
        <time>2024-09-05T14:15:25.247Z</time>
      </trkpt>
      <trkpt lat="36.802970" lon="-4.499581">
        <ele>131.896364</ele>
        <time>2024-09-05T14:15:31.035Z</time>
      </trkpt>
      <trkpt lat="36.802933" lon="-4.499397">
        <ele>132.978301</ele>
        <time>2024-09-05T14:15:37.086Z</time>
      </trkpt>
      <trkpt lat="36.802606" lon="-4.499088">
        <ele>135.898911</ele>
        <time>2024-09-05T14:15:54.767Z</time>
      </trkpt>
      <trkpt lat="36.802646" lon="-4.498838">
        <ele>137.352851</ele>
        <time>2024-09-05T14:16:03.836Z</time>
      </trkpt>
      <trkpt lat="36.802732" lon="-4.498722">
        <ele>138.254432</ele>
        <time>2024-09-05T14:16:09.727Z</time>
      </trkpt>
      <trkpt lat="36.802918" lon="-4.498765">
        <ele>139.601723</ele>
        <time>2024-09-05T14:16:17.989Z</time>
      </trkpt>
      <trkpt lat="36.803165" lon="-4.499054">
        <ele>142.012414</ele>
        <time>2024-09-05T14:16:33.109Z</time>
      </trkpt>
      <trkpt lat="36.803401" lon="-4.499175">
        <ele>143.829456</ele>
        <time>2024-09-05T14:16:44.818Z</time>
      </trkpt>
      <trkpt lat="36.803597" lon="-4.499191">
        <ele>145.477838</ele>
        <time>2024-09-05T14:16:54.135Z</time>
      </trkpt>
      <trkpt lat="36.804172" lon="-4.499237">
        <ele>151.206276</ele>
        <time>2024-09-05T14:17:24.816Z</time>
      </trkpt>
      <trkpt lat="36.804573" lon="-4.498996">
        <ele>155.630652</ele>
        <time>2024-09-05T14:17:51.122Z</time>
      </trkpt>
      <trkpt lat="36.804777" lon="-4.499041">
        <ele>157.690237</ele>
        <time>2024-09-05T14:18:03.497Z</time>
      </trkpt>
      <trkpt lat="36.805182" lon="-4.499035">
        <ele>161.717082</ele>
        <time>2024-09-05T14:18:26.514Z</time>
      </trkpt>
      <trkpt lat="36.805671" lon="-4.499335">
        <ele>166.380532</ele>
        <time>2024-09-05T14:18:55.926Z</time>
      </trkpt>
      <trkpt lat="36.805937" lon="-4.499668">
        <ele>169.518873</ele>
        <time>2024-09-05T14:19:14.834Z</time>
      </trkpt>
      <trkpt lat="36.806062" lon="-4.500092">
        <ele>172.533415</ele>
        <time>2024-09-05T14:19:31.811Z</time>
      </trkpt>
      <trkpt lat="36.806137" lon="-4.500377">
        <ele>174.534966</ele>
        <time>2024-09-05T14:19:42.449Z</time>
      </trkpt>
      <trkpt lat="36.806331" lon="-4.500807">
        <ele>177.705722</ele>
        <time>2024-09-05T14:19:59.183Z</time>
      </trkpt>
      <trkpt lat="36.806413" lon="-4.501280">
        <ele>179.836047</ele>
        <time>2024-09-05T14:20:14.594Z</time>
      </trkpt>
      <trkpt lat="36.806576" lon="-4.501459">
        <ele>181.029316</ele>
        <time>2024-09-05T14:20:22.814Z</time>
      </trkpt>
      <trkpt lat="36.806796" lon="-4.501536">
        <ele>182.285416</ele>
        <time>2024-09-05T14:20:31.308Z</time>
      </trkpt>
      <trkpt lat="36.807004" lon="-4.501551">
        <ele>183.430853</ele>
        <time>2024-09-05T14:20:38.568Z</time>
      </trkpt>
      <trkpt lat="36.807508" lon="-4.501891">
        <ele>186.580069</ele>
        <time>2024-09-05T14:20:57.303Z</time>
      </trkpt>
      <trkpt lat="36.808266" lon="-4.502472">
        <ele>191.117932</ele>
        <time>2024-09-05T14:21:28.936Z</time>
      </trkpt>
      <trkpt lat="36.808529" lon="-4.502486">
        <ele>192.441420</ele>
        <time>2024-09-05T14:21:39.247Z</time>
      </trkpt>
      <trkpt lat="36.808872" lon="-4.502342">
        <ele>194.260738</ele>
        <time>2024-09-05T14:21:53.464Z</time>
      </trkpt>
      <trkpt lat="36.809137" lon="-4.502270">
        <ele>195.624241</ele>
        <time>2024-09-05T14:22:03.389Z</time>
      </trkpt>
      <trkpt lat="36.809325" lon="-4.502423">
        <ele>196.549132</ele>
        <time>2024-09-05T14:22:10.326Z</time>
      </trkpt>
      <trkpt lat="36.809392" lon="-4.502727">
        <ele>197.085807</ele>
        <time>2024-09-05T14:22:16.936Z</time>
      </trkpt>
      <trkpt lat="36.809572" lon="-4.503418">
        <ele>198.322620</ele>
        <time>2024-09-05T14:22:29.132Z</time>
      </trkpt>
      <trkpt lat="36.809757" lon="-4.503875">
        <ele>199.194237</ele>
        <time>2024-09-05T14:22:37.591Z</time>
      </trkpt>
      <trkpt lat="36.809841" lon="-4.503985">
        <ele>199.452970</ele>
        <time>2024-09-05T14:22:40.099Z</time>
      </trkpt>
      <trkpt lat="36.810012" lon="-4.503976">
        <ele>199.816822</ele>
        <time>2024-09-05T14:22:43.997Z</time>
      </trkpt>
      <trkpt lat="36.810138" lon="-4.503811">
        <ele>200.204921</ele>
        <time>2024-09-05T14:22:47.887Z</time>
      </trkpt>
      <trkpt lat="36.810144" lon="-4.503473">
        <ele>200.354889</ele>
        <time>2024-09-05T14:22:53.734Z</time>
      </trkpt>
      <trkpt lat="36.810222" lon="-4.503404">
        <ele>200.402705</ele>
        <time>2024-09-05T14:22:55.617Z</time>
      </trkpt>
      <trkpt lat="36.810376" lon="-4.503428">
        <ele>200.480343</ele>
        <time>2024-09-05T14:22:58.463Z</time>
      </trkpt>
      <trkpt lat="36.810823" lon="-4.503813">
        <ele>200.751974</ele>
        <time>2024-09-05T14:23:06.076Z</time>
      </trkpt>
      <trkpt lat="36.811199" lon="-4.504038">
        <ele>200.960547</ele>
        <time>2024-09-05T14:23:11.311Z</time>
      </trkpt>
      <trkpt lat="36.811588" lon="-4.504004">
        <ele>201.367706</ele>
        <time>2024-09-05T14:23:17.081Z</time>
      </trkpt>
      <trkpt lat="36.811931" lon="-4.504124">
        <ele>202.731728</ele>
        <time>2024-09-05T14:23:24.974Z</time>
      </trkpt>
      <trkpt lat="36.812505" lon="-4.503648">
        <ele>205.370110</ele>
        <time>2024-09-05T14:23:45.597Z</time>
      </trkpt>
      <trkpt lat="36.812823" lon="-4.503591">
        <ele>206.600322</ele>
        <time>2024-09-05T14:23:56.517Z</time>
      </trkpt>
      <trkpt lat="36.812967" lon="-4.503718">
        <ele>207.275354</ele>
        <time>2024-09-05T14:24:02.999Z</time>
      </trkpt>
      <trkpt lat="36.813200" lon="-4.503989">
        <ele>209.164432</ele>
        <time>2024-09-05T14:24:15.874Z</time>
      </trkpt>
      <trkpt lat="36.813295" lon="-4.504228">
        <ele>211.116874</ele>
        <time>2024-09-05T14:24:25.089Z</time>
      </trkpt>
      <trkpt lat="36.813232" lon="-4.504832">
        <ele>215.573691</ele>
        <time>2024-09-05T14:24:49.291Z</time>
      </trkpt>
      <trkpt lat="36.813265" lon="-4.505043">
        <ele>217.146761</ele>
        <time>2024-09-05T14:24:58.869Z</time>
      </trkpt>
      <trkpt lat="36.813555" lon="-4.505258">
        <ele>220.228916</ele>
        <time>2024-09-05T14:25:18.517Z</time>
      </trkpt>
      <trkpt lat="36.813614" lon="-4.505515">
        <ele>222.185163</ele>
        <time>2024-09-05T14:25:31.673Z</time>
      </trkpt>
      <trkpt lat="36.813557" lon="-4.506104">
        <ele>225.681526</ele>
        <time>2024-09-05T14:25:59.517Z</time>
      </trkpt>
      <trkpt lat="36.813649" lon="-4.506414">
        <ele>227.116389</ele>
        <time>2024-09-05T14:26:13.745Z</time>
      </trkpt>
      <trkpt lat="36.813876" lon="-4.506679">
        <ele>228.800734</ele>
        <time>2024-09-05T14:26:28.183Z</time>
      </trkpt>
      <trkpt lat="36.813956" lon="-4.506923">
        <ele>229.945052</ele>
        <time>2024-09-05T14:26:36.096Z</time>
      </trkpt>
      <trkpt lat="36.813921" lon="-4.507607">
        <ele>232.919653</ele>
        <time>2024-09-05T14:26:49.995Z</time>
      </trkpt>
      <trkpt lat="36.814076" lon="-4.508311">
        <ele>233.451326</ele>
        <time>2024-09-05T14:26:57.826Z</time>
      </trkpt>
      <trkpt lat="36.814275" lon="-4.508446">
        <ele>232.964161</ele>
        <time>2024-09-05T14:27:00.234Z</time>
      </trkpt>
      <trkpt lat="36.814469" lon="-4.508309">
        <ele>232.484736</ele>
        <time>2024-09-05T14:27:02.512Z</time>
      </trkpt>
      <trkpt lat="36.814512" lon="-4.507759">
        <ele>231.532989</ele>
        <time>2024-09-05T14:27:06.841Z</time>
      </trkpt>
      <trkpt lat="36.814730" lon="-4.507433">
        <ele>230.801436</ele>
        <time>2024-09-05T14:27:10.104Z</time>
      </trkpt>
      <trkpt lat="36.815062" lon="-4.507038">
        <ele>231.606479</ele>
        <time>2024-09-05T14:27:14.982Z</time>
      </trkpt>
      <trkpt lat="36.815160" lon="-4.506842">
        <ele>232.589944</ele>
        <time>2024-09-05T14:27:17.768Z</time>
      </trkpt>
      <trkpt lat="36.815243" lon="-4.506486">
        <ele>234.167962</ele>
        <time>2024-09-05T14:27:25.377Z</time>
      </trkpt>
      <trkpt lat="36.815340" lon="-4.506237">
        <ele>235.346462</ele>
        <time>2024-09-05T14:27:33.836Z</time>
      </trkpt>
      <trkpt lat="36.815548" lon="-4.506170">
        <ele>236.488362</ele>
        <time>2024-09-05T14:27:43.349Z</time>
      </trkpt>
      <trkpt lat="36.815750" lon="-4.506338">
        <ele>237.778440</ele>
        <time>2024-09-05T14:27:56.061Z</time>
      </trkpt>
      <trkpt lat="36.815914" lon="-4.506519">
        <ele>238.941813</ele>
        <time>2024-09-05T14:28:08.387Z</time>
      </trkpt>
      <trkpt lat="36.816023" lon="-4.506879">
        <ele>241.329373</ele>
        <time>2024-09-05T14:28:27.268Z</time>
      </trkpt>
      <trkpt lat="36.816087" lon="-4.507494">
        <ele>246.848074</ele>
        <time>2024-09-05T14:29:01.058Z</time>
      </trkpt>
      <trkpt lat="36.816413" lon="-4.507859">
        <ele>251.714307</ele>
        <time>2024-09-05T14:29:31.583Z</time>
      </trkpt>
      <trkpt lat="36.816586" lon="-4.508274">
        <ele>255.877889</ele>
        <time>2024-09-05T14:29:55.459Z</time>
      </trkpt>
      <trkpt lat="36.817054" lon="-4.508905">
        <ele>261.508733</ele>
        <time>2024-09-05T14:30:26.068Z</time>
      </trkpt>
      <trkpt lat="36.817081" lon="-4.509310">
        <ele>263.118454</ele>
        <time>2024-09-05T14:30:35.315Z</time>
      </trkpt>
      <trkpt lat="36.817189" lon="-4.509527">
        <ele>264.130532</ele>
        <time>2024-09-05T14:30:40.449Z</time>
      </trkpt>
      <trkpt lat="36.817583" lon="-4.509533">
        <ele>266.080078</ele>
        <time>2024-09-05T14:30:50.721Z</time>
      </trkpt>
      <trkpt lat="36.817967" lon="-4.509578">
        <ele>267.988344</ele>
        <time>2024-09-05T14:31:02.922Z</time>
      </trkpt>
      <trkpt lat="36.818292" lon="-4.509767">
        <ele>270.424125</ele>
        <time>2024-09-05T14:31:16.409Z</time>
      </trkpt>
      <trkpt lat="36.818614" lon="-4.509645">
        <ele>273.216662</ele>
        <time>2024-09-05T14:31:30.404Z</time>
      </trkpt>
      <trkpt lat="36.818889" lon="-4.509652">
        <ele>275.499395</ele>
        <time>2024-09-05T14:31:42.828Z</time>
      </trkpt>
      <trkpt lat="36.819086" lon="-4.509810">
        <ele>277.442298</ele>
        <time>2024-09-05T14:31:54.216Z</time>
      </trkpt>
      <trkpt lat="36.819224" lon="-4.510206">
        <ele>280.311678</ele>
        <time>2024-09-05T14:32:12.313Z</time>
      </trkpt>
      <trkpt lat="36.819269" lon="-4.510720">
        <ele>283.744660</ele>
        <time>2024-09-05T14:32:36.599Z</time>
      </trkpt>
      <trkpt lat="36.819518" lon="-4.511435">
        <ele>288.594041</ele>
        <time>2024-09-05T14:33:14.683Z</time>
      </trkpt>
      <trkpt lat="36.819359" lon="-4.512224">
        <ele>293.654187</ele>
        <time>2024-09-05T14:33:46.476Z</time>
      </trkpt>
      <trkpt lat="36.819189" lon="-4.512513">
        <ele>295.884648</ele>
        <time>2024-09-05T14:33:56.387Z</time>
      </trkpt>
      <trkpt lat="36.818762" lon="-4.512875">
        <ele>298.409667</ele>
        <time>2024-09-05T14:34:08.831Z</time>
      </trkpt>
      <trkpt lat="36.818683" lon="-4.513155">
        <ele>299.015116</ele>
        <time>2024-09-05T14:34:13.782Z</time>
      </trkpt>
      <trkpt lat="36.818809" lon="-4.513356">
        <ele>299.535749</ele>
        <time>2024-09-05T14:34:17.732Z</time>
      </trkpt>
      <trkpt lat="36.819068" lon="-4.513347">
        <ele>300.195806</ele>
        <time>2024-09-05T14:34:22.999Z</time>
      </trkpt>
      <trkpt lat="36.819721" lon="-4.512853">
        <ele>302.140597</ele>
        <time>2024-09-05T14:34:41.576Z</time>
      </trkpt>
      <trkpt lat="36.820219" lon="-4.512431">
        <ele>305.820320</ele>
        <time>2024-09-05T14:35:00.196Z</time>
      </trkpt>
      <trkpt lat="36.820416" lon="-4.512337">
        <ele>307.177779</ele>
        <time>2024-09-05T14:35:08.395Z</time>
      </trkpt>
      <trkpt lat="36.820575" lon="-4.512393">
        <ele>308.241171</ele>
        <time>2024-09-05T14:35:15.464Z</time>
      </trkpt>
      <trkpt lat="36.820668" lon="-4.512563">
        <ele>309.302188</ele>
        <time>2024-09-05T14:35:22.660Z</time>
      </trkpt>
      <trkpt lat="36.820656" lon="-4.512869">
        <ele>310.880882</ele>
        <time>2024-09-05T14:35:34.069Z</time>
      </trkpt>
      <trkpt lat="36.820508" lon="-4.513801">
        <ele>316.424843</ele>
        <time>2024-09-05T14:36:12.448Z</time>
      </trkpt>
      <trkpt lat="36.820292" lon="-4.514164">
        <ele>319.537244</ele>
        <time>2024-09-05T14:36:31.800Z</time>
      </trkpt>
      <trkpt lat="36.820257" lon="-4.514277">
        <ele>320.371006</ele>
        <time>2024-09-05T14:36:36.592Z</time>
      </trkpt>
      <trkpt lat="36.820265" lon="-4.514390">
        <ele>321.151628</ele>
        <time>2024-09-05T14:36:41.357Z</time>
      </trkpt>
      <trkpt lat="36.820348" lon="-4.514690">
        <ele>323.335831</ele>
        <time>2024-09-05T14:36:55.413Z</time>
      </trkpt>
      <trkpt lat="36.820351" lon="-4.515127">
        <ele>326.343066</ele>
        <time>2024-09-05T14:37:14.196Z</time>
      </trkpt>
      <trkpt lat="36.820382" lon="-4.515260">
        <ele>327.296283</ele>
        <time>2024-09-05T14:37:19.635Z</time>
      </trkpt>
      <trkpt lat="36.820782" lon="-4.516188">
        <ele>330.970276</ele>
        <time>2024-09-05T14:37:51.671Z</time>
      </trkpt>
      <trkpt lat="36.820802" lon="-4.516322">
        <ele>331.267927</ele>
        <time>2024-09-05T14:37:54.418Z</time>
      </trkpt>
      <trkpt lat="36.820796" lon="-4.516472">
        <ele>331.595883</ele>
        <time>2024-09-05T14:37:56.844Z</time>
      </trkpt>
      <trkpt lat="36.820735" lon="-4.516804">
        <ele>332.339704</ele>
        <time>2024-09-05T14:38:01.533Z</time>
      </trkpt>
      <trkpt lat="36.820729" lon="-4.516957">
        <ele>332.674203</ele>
        <time>2024-09-05T14:38:03.441Z</time>
      </trkpt>
      <trkpt lat="36.820796" lon="-4.517276">
        <ele>333.394363</ele>
        <time>2024-09-05T14:38:07.971Z</time>
      </trkpt>
      <trkpt lat="36.820834" lon="-4.517370">
        <ele>333.624314</ele>
        <time>2024-09-05T14:38:09.377Z</time>
      </trkpt>
      <trkpt lat="36.820921" lon="-4.517475">
        <ele>333.954300</ele>
        <time>2024-09-05T14:38:11.068Z</time>
      </trkpt>
      <trkpt lat="36.821008" lon="-4.517517">
        <ele>334.208724</ele>
        <time>2024-09-05T14:38:12.903Z</time>
      </trkpt>
      <trkpt lat="36.821658" lon="-4.517645">
        <ele>334.866851</ele>
        <time>2024-09-05T14:38:23.214Z</time>
      </trkpt>
      <trkpt lat="36.821771" lon="-4.517691">
        <ele>334.985216</ele>
        <time>2024-09-05T14:38:25.073Z</time>
      </trkpt>
      <trkpt lat="36.821848" lon="-4.517757">
        <ele>335.078219</ele>
        <time>2024-09-05T14:38:26.278Z</time>
      </trkpt>
      <trkpt lat="36.821908" lon="-4.517852">
        <ele>335.174693</ele>
        <time>2024-09-05T14:38:27.425Z</time>
      </trkpt>
      <trkpt lat="36.821941" lon="-4.518068">
        <ele>335.350006</ele>
        <time>2024-09-05T14:38:29.846Z</time>
      </trkpt>
      <trkpt lat="36.821921" lon="-4.518197">
        <ele>335.454762</ele>
        <time>2024-09-05T14:38:31.341Z</time>
      </trkpt>
      <trkpt lat="36.821799" lon="-4.518456">
        <ele>335.694345</ele>
        <time>2024-09-05T14:38:35.492Z</time>
      </trkpt>
      <trkpt lat="36.821704" lon="-4.518563">
        <ele>335.821737</ele>
        <time>2024-09-05T14:38:38.288Z</time>
      </trkpt>
      <trkpt lat="36.821429" lon="-4.518708">
        <ele>336.529287</ele>
        <time>2024-09-05T14:38:47.084Z</time>
      </trkpt>
      <trkpt lat="36.821284" lon="-4.518846">
        <ele>337.360828</ele>
        <time>2024-09-05T14:38:53.323Z</time>
      </trkpt>
      <trkpt lat="36.821256" lon="-4.518961">
        <ele>337.799766</ele>
        <time>2024-09-05T14:38:57.326Z</time>
      </trkpt>
      <trkpt lat="36.821244" lon="-4.519319">
        <ele>339.108215</ele>
        <time>2024-09-05T14:39:09.448Z</time>
      </trkpt>
      <trkpt lat="36.821241" lon="-4.519420">
        <ele>339.477289</ele>
        <time>2024-09-05T14:39:12.645Z</time>
      </trkpt>
      <trkpt lat="36.821200" lon="-4.519623">
        <ele>340.241812</ele>
        <time>2024-09-05T14:39:19.412Z</time>
      </trkpt>
      <trkpt lat="36.820954" lon="-4.520190">
        <ele>342.596870</ele>
        <time>2024-09-05T14:39:36.033Z</time>
      </trkpt>
      <trkpt lat="36.820852" lon="-4.520358">
        <ele>343.366846</ele>
        <time>2024-09-05T14:39:40.706Z</time>
      </trkpt>
      <trkpt lat="36.820575" lon="-4.520716">
        <ele>345.056702</ele>
        <time>2024-09-05T14:39:52.143Z</time>
      </trkpt>
      <trkpt lat="36.820566" lon="-4.520864">
        <ele>345.527436</ele>
        <time>2024-09-05T14:39:55.615Z</time>
      </trkpt>
      <trkpt lat="36.820634" lon="-4.520985">
        <ele>345.996310</ele>
        <time>2024-09-05T14:39:59.765Z</time>
      </trkpt>
      <trkpt lat="36.820689" lon="-4.521016">
        <ele>346.235363</ele>
        <time>2024-09-05T14:40:01.836Z</time>
      </trkpt>
      <trkpt lat="36.821210" lon="-4.521119">
        <ele>348.325157</ele>
        <time>2024-09-05T14:40:20.249Z</time>
      </trkpt>
      <trkpt lat="36.821297" lon="-4.521235">
        <ele>348.829286</ele>
        <time>2024-09-05T14:40:24.625Z</time>
      </trkpt>
      <trkpt lat="36.821302" lon="-4.521321">
        <ele>349.102751</ele>
        <time>2024-09-05T14:40:26.976Z</time>
      </trkpt>
      <trkpt lat="36.821248" lon="-4.521505">
        <ele>349.724282</ele>
        <time>2024-09-05T14:40:31.232Z</time>
      </trkpt>
      <trkpt lat="36.820915" lon="-4.521995">
        <ele>351.685503</ele>
        <time>2024-09-05T14:40:44.477Z</time>
      </trkpt>
      <trkpt lat="36.820700" lon="-4.522407">
        <ele>352.963360</ele>
        <time>2024-09-05T14:40:54.390Z</time>
      </trkpt>
      <trkpt lat="36.820641" lon="-4.522580">
        <ele>353.451954</ele>
        <time>2024-09-05T14:40:58.541Z</time>
      </trkpt>
      <trkpt lat="36.820631" lon="-4.522883">
        <ele>354.239901</ele>
        <time>2024-09-05T14:41:06.364Z</time>
      </trkpt>
      <trkpt lat="36.820705" lon="-4.523352">
        <ele>355.481937</ele>
        <time>2024-09-05T14:41:19.323Z</time>
      </trkpt>
      <trkpt lat="36.820676" lon="-4.523449">
        <ele>355.750973</ele>
        <time>2024-09-05T14:41:22.033Z</time>
      </trkpt>
      <trkpt lat="36.820600" lon="-4.523577">
        <ele>356.165049</ele>
        <time>2024-09-05T14:41:25.693Z</time>
      </trkpt>
      <trkpt lat="36.820507" lon="-4.523661">
        <ele>356.537543</ele>
        <time>2024-09-05T14:41:29.262Z</time>
      </trkpt>
      <trkpt lat="36.820341" lon="-4.523719">
        <ele>357.097017</ele>
        <time>2024-09-05T14:41:33.668Z</time>
      </trkpt>
      <trkpt lat="36.820267" lon="-4.523783">
        <ele>357.300426</ele>
        <time>2024-09-05T14:41:35.260Z</time>
      </trkpt>
      <trkpt lat="36.820227" lon="-4.523878">
        <ele>357.464767</ele>
        <time>2024-09-05T14:41:37.124Z</time>
      </trkpt>
      <trkpt lat="36.820213" lon="-4.524227">
        <ele>357.999769</ele>
        <time>2024-09-05T14:41:41.614Z</time>
      </trkpt>
      <trkpt lat="36.820173" lon="-4.524363">
        <ele>358.221599</ele>
        <time>2024-09-05T14:41:43.788Z</time>
      </trkpt>
      <trkpt lat="36.820100" lon="-4.524497">
        <ele>358.469758</ele>
        <time>2024-09-05T14:41:46.022Z</time>
      </trkpt>
      <trkpt lat="36.820001" lon="-4.524614">
        <ele>358.730408</ele>
        <time>2024-09-05T14:41:48.119Z</time>
      </trkpt>
      <trkpt lat="36.819707" lon="-4.524779">
        <ele>359.346840</ele>
        <time>2024-09-05T14:41:54.635Z</time>
      </trkpt>
      <trkpt lat="36.819585" lon="-4.524907">
        <ele>359.651552</ele>
        <time>2024-09-05T14:41:58.617Z</time>
      </trkpt>
      <trkpt lat="36.819508" lon="-4.525022">
        <ele>359.881091</ele>
        <time>2024-09-05T14:42:01.583Z</time>
      </trkpt>
      <trkpt lat="36.819466" lon="-4.525151">
        <ele>360.094307</ele>
        <time>2024-09-05T14:42:04.326Z</time>
      </trkpt>
      <trkpt lat="36.819477" lon="-4.525396">
        <ele>360.470003</ele>
        <time>2024-09-05T14:42:10.135Z</time>
      </trkpt>
      <trkpt lat="36.819546" lon="-4.525485">
        <ele>360.688280</ele>
        <time>2024-09-05T14:42:12.762Z</time>
      </trkpt>
      <trkpt lat="36.820103" lon="-4.525847">
        <ele>362.626542</ele>
        <time>2024-09-05T14:42:29.362Z</time>
      </trkpt>
      <trkpt lat="36.820181" lon="-4.525969">
        <ele>363.012384</ele>
        <time>2024-09-05T14:42:32.342Z</time>
      </trkpt>
      <trkpt lat="36.820247" lon="-4.526142">
        <ele>363.485972</ele>
        <time>2024-09-05T14:42:36.265Z</time>
      </trkpt>
      <trkpt lat="36.820407" lon="-4.526376">
        <ele>364.246466</ele>
        <time>2024-09-05T14:42:41.897Z</time>
      </trkpt>
      <trkpt lat="36.820462" lon="-4.526572">
        <ele>364.759720</ele>
        <time>2024-09-05T14:42:45.764Z</time>
      </trkpt>
      <trkpt lat="36.820411" lon="-4.527029">
        <ele>365.899985</ele>
        <time>2024-09-05T14:42:56.727Z</time>
      </trkpt>
      <trkpt lat="36.820426" lon="-4.527535">
        <ele>367.434113</ele>
        <time>2024-09-05T14:43:10.515Z</time>
      </trkpt>
      <trkpt lat="36.820448" lon="-4.527644">
        <ele>367.791615</ele>
        <time>2024-09-05T14:43:13.808Z</time>
      </trkpt>
      <trkpt lat="36.820485" lon="-4.527750">
        <ele>368.159382</ele>
        <time>2024-09-05T14:43:17.045Z</time>
      </trkpt>
      <trkpt lat="36.820547" lon="-4.527822">
        <ele>368.495691</ele>
        <time>2024-09-05T14:43:19.935Z</time>
      </trkpt>
      <trkpt lat="36.820845" lon="-4.528031">
        <ele>369.853419</ele>
        <time>2024-09-05T14:43:31.811Z</time>
      </trkpt>
      <trkpt lat="36.820912" lon="-4.528120">
        <ele>370.241963</ele>
        <time>2024-09-05T14:43:35.069Z</time>
      </trkpt>
      <trkpt lat="36.820969" lon="-4.528488">
        <ele>371.434016</ele>
        <time>2024-09-05T14:43:44.260Z</time>
      </trkpt>
      <trkpt lat="36.821014" lon="-4.528560">
        <ele>371.724522</ele>
        <time>2024-09-05T14:43:46.354Z</time>
      </trkpt>
      <trkpt lat="36.821146" lon="-4.528583">
        <ele>372.254011</ele>
        <time>2024-09-05T14:43:50.208Z</time>
      </trkpt>
      <trkpt lat="36.821331" lon="-4.528510">
        <ele>373.024778</ele>
        <time>2024-09-05T14:43:55.507Z</time>
      </trkpt>
      <trkpt lat="36.821455" lon="-4.528504">
        <ele>373.406322</ele>
        <time>2024-09-05T14:43:58.814Z</time>
      </trkpt>
      <trkpt lat="36.821788" lon="-4.528587">
        <ele>374.027237</ele>
        <time>2024-09-05T14:44:07.249Z</time>
      </trkpt>
      <trkpt lat="36.821984" lon="-4.528765">
        <ele>374.470337</ele>
        <time>2024-09-05T14:44:11.183Z</time>
      </trkpt>
      <trkpt lat="36.822204" lon="-4.529088">
        <ele>375.091119</ele>
        <time>2024-09-05T14:44:19.435Z</time>
      </trkpt>
      <trkpt lat="36.822296" lon="-4.529181">
        <ele>375.307527</ele>
        <time>2024-09-05T14:44:21.558Z</time>
      </trkpt>
      <trkpt lat="36.822584" lon="-4.529386">
        <ele>375.913645</ele>
        <time>2024-09-05T14:44:28.236Z</time>
      </trkpt>
      <trkpt lat="36.822698" lon="-4.529588">
        <ele>376.275419</ele>
        <time>2024-09-05T14:44:34.277Z</time>
      </trkpt>
      <trkpt lat="36.822721" lon="-4.529751">
        <ele>376.517690</ele>
        <time>2024-09-05T14:44:35.571Z</time>
      </trkpt>
      <trkpt lat="36.822796" lon="-4.529781">
        <ele>376.681975</ele>
        <time>2024-09-05T14:44:38.502Z</time>
      </trkpt>
      <trkpt lat="36.822838" lon="-4.529864">
        <ele>376.873129</ele>
        <time>2024-09-05T14:44:40.627Z</time>
      </trkpt>
      <trkpt lat="36.822827" lon="-4.529961">
        <ele>377.063847</ele>
        <time>2024-09-05T14:44:42.525Z</time>
      </trkpt>
      <trkpt lat="36.822802" lon="-4.530001">
        <ele>377.162639</ele>
        <time>2024-09-05T14:44:42.989Z</time>
      </trkpt>
      <trkpt lat="36.822730" lon="-4.530038">
        <ele>377.351972</ele>
        <time>2024-09-05T14:44:43.703Z</time>
      </trkpt>
      <trkpt lat="36.822744" lon="-4.530193">
        <ele>377.655629</ele>
        <time>2024-09-05T14:44:47.632Z</time>
      </trkpt>
      <trkpt lat="36.822802" lon="-4.530390">
        <ele>378.064250</ele>
        <time>2024-09-05T14:44:51.028Z</time>
      </trkpt>
      <trkpt lat="36.822890" lon="-4.530523">
        <ele>378.400160</ele>
        <time>2024-09-05T14:44:53.046Z</time>
      </trkpt>
      <trkpt lat="36.822970" lon="-4.530610">
        <ele>378.658104</ele>
        <time>2024-09-05T14:44:56.426Z</time>
      </trkpt>
      <trkpt lat="36.823330" lon="-4.530814">
        <ele>379.619451</ele>
        <time>2024-09-05T14:45:06.446Z</time>
      </trkpt>
      <trkpt lat="36.823507" lon="-4.530990">
        <ele>380.169609</ele>
        <time>2024-09-05T14:45:11.602Z</time>
      </trkpt>
      <trkpt lat="36.823563" lon="-4.531118">
        <ele>380.453574</ele>
        <time>2024-09-05T14:45:15.999Z</time>
      </trkpt>
      <trkpt lat="36.823692" lon="-4.531730">
        <ele>382.523022</ele>
        <time>2024-09-05T14:45:32.020Z</time>
      </trkpt>
      <trkpt lat="36.823753" lon="-4.531914">
        <ele>383.367226</ele>
        <time>2024-09-05T14:45:37.400Z</time>
      </trkpt>
      <trkpt lat="36.823959" lon="-4.532281">
        <ele>385.267257</ele>
        <time>2024-09-05T14:45:48.790Z</time>
      </trkpt>
      <trkpt lat="36.824116" lon="-4.532486">
        <ele>386.469886</ele>
        <time>2024-09-05T14:45:56.734Z</time>
      </trkpt>
      <trkpt lat="36.824571" lon="-4.532906">
        <ele>389.465702</ele>
        <time>2024-09-05T14:46:19.479Z</time>
      </trkpt>
      <trkpt lat="36.825101" lon="-4.533178">
        <ele>392.395411</ele>
        <time>2024-09-05T14:46:44.272Z</time>
      </trkpt>
      <trkpt lat="36.825211" lon="-4.533212">
        <ele>392.964143</ele>
        <time>2024-09-05T14:46:48.977Z</time>
      </trkpt>
      <trkpt lat="36.825336" lon="-4.533212">
        <ele>393.591513</ele>
        <time>2024-09-05T14:46:53.941Z</time>
      </trkpt>
      <trkpt lat="36.825453" lon="-4.533170">
        <ele>394.202492</ele>
        <time>2024-09-05T14:46:58.415Z</time>
      </trkpt>
      <trkpt lat="36.825577" lon="-4.533068">
        <ele>394.947639</ele>
        <time>2024-09-05T14:47:03.783Z</time>
      </trkpt>
      <trkpt lat="36.825878" lon="-4.532763">
        <ele>396.892806</ele>
        <time>2024-09-05T14:47:16.520Z</time>
      </trkpt>
      <trkpt lat="36.826428" lon="-4.532563">
        <ele>399.619044</ele>
        <time>2024-09-05T14:47:32.892Z</time>
      </trkpt>
      <trkpt lat="36.826863" lon="-4.532300">
        <ele>400.550694</ele>
        <time>2024-09-05T14:47:45.921Z</time>
      </trkpt>
      <trkpt lat="36.826966" lon="-4.532263">
        <ele>400.757306</ele>
        <time>2024-09-05T14:47:48.236Z</time>
      </trkpt>
      <trkpt lat="36.827062" lon="-4.532263">
        <ele>400.942378</ele>
        <time>2024-09-05T14:47:50.316Z</time>
      </trkpt>
      <trkpt lat="36.827287" lon="-4.532369">
        <ele>401.405957</ele>
        <time>2024-09-05T14:47:55.083Z</time>
      </trkpt>
      <trkpt lat="36.827617" lon="-4.532780">
        <ele>402.304272</ele>
        <time>2024-09-05T14:48:03.456Z</time>
      </trkpt>
      <trkpt lat="36.828338" lon="-4.533565">
        <ele>404.206440</ele>
        <time>2024-09-05T14:48:23.713Z</time>
      </trkpt>
      <trkpt lat="36.828491" lon="-4.533781">
        <ele>404.674052</ele>
        <time>2024-09-05T14:48:30.655Z</time>
      </trkpt>
      <trkpt lat="36.828524" lon="-4.533941">
        <ele>404.941920</ele>
        <time>2024-09-05T14:48:34.349Z</time>
      </trkpt>
      <trkpt lat="36.828567" lon="-4.534216">
        <ele>405.396183</ele>
        <time>2024-09-05T14:48:41.711Z</time>
      </trkpt>
      <trkpt lat="36.828687" lon="-4.534813">
        <ele>406.394100</ele>
        <time>2024-09-05T14:48:53.790Z</time>
      </trkpt>
      <trkpt lat="36.828676" lon="-4.535030">
        <ele>406.466996</ele>
        <time>2024-09-05T14:48:57.392Z</time>
      </trkpt>
      <trkpt lat="36.828630" lon="-4.535123">
        <ele>406.193015</ele>
        <time>2024-09-05T14:48:58.775Z</time>
      </trkpt>
      <trkpt lat="36.828128" lon="-4.535738">
        <ele>403.991659</ele>
        <time>2024-09-05T14:49:06.175Z</time>
      </trkpt>
      <trkpt lat="36.827685" lon="-4.536323">
        <ele>401.973413</ele>
        <time>2024-09-05T14:49:12.395Z</time>
      </trkpt>
      <trkpt lat="36.827393" lon="-4.537267">
        <ele>399.910720</ele>
        <time>2024-09-05T14:49:19.829Z</time>
      </trkpt>
      <trkpt lat="36.827349" lon="-4.537618">
        <ele>399.289259</ele>
        <time>2024-09-05T14:49:22.423Z</time>
      </trkpt>
      <trkpt lat="36.827361" lon="-4.537706">
        <ele>399.133110</ele>
        <time>2024-09-05T14:49:23.094Z</time>
      </trkpt>
      <trkpt lat="36.827531" lon="-4.537998">
        <ele>398.501521</ele>
        <time>2024-09-05T14:49:26.160Z</time>
      </trkpt>
      <trkpt lat="36.827548" lon="-4.538158">
        <ele>398.219191</ele>
        <time>2024-09-05T14:49:27.716Z</time>
      </trkpt>
      <trkpt lat="36.827501" lon="-4.538308">
        <ele>397.937421</ele>
        <time>2024-09-05T14:49:30.092Z</time>
      </trkpt>
      <trkpt lat="36.827314" lon="-4.538482">
        <ele>397.427876</ele>
        <time>2024-09-05T14:49:34.670Z</time>
      </trkpt>
      <trkpt lat="36.827246" lon="-4.538637">
        <ele>397.118694</ele>
        <time>2024-09-05T14:49:38.645Z</time>
      </trkpt>
      <trkpt lat="36.827218" lon="-4.539176">
        <ele>399.273506</ele>
        <time>2024-09-05T14:49:53.596Z</time>
      </trkpt>
      <trkpt lat="36.827187" lon="-4.539338">
        <ele>399.984742</ele>
        <time>2024-09-05T14:49:58.938Z</time>
      </trkpt>
      <trkpt lat="36.827197" lon="-4.539441">
        <ele>400.427778</ele>
        <time>2024-09-05T14:50:02.490Z</time>
      </trkpt>
      <trkpt lat="36.827231" lon="-4.539516">
        <ele>400.795824</ele>
        <time>2024-09-05T14:50:05.711Z</time>
      </trkpt>
      <trkpt lat="36.827495" lon="-4.539687">
        <ele>402.382177</ele>
        <time>2024-09-05T14:50:17.938Z</time>
      </trkpt>
      <trkpt lat="36.827646" lon="-4.539825">
        <ele>403.380218</ele>
        <time>2024-09-05T14:50:25.938Z</time>
      </trkpt>
      <trkpt lat="36.827761" lon="-4.539993">
        <ele>404.324121</ele>
        <time>2024-09-05T14:50:33.163Z</time>
      </trkpt>
      <trkpt lat="36.828371" lon="-4.540894">
        <ele>407.060071</ele>
        <time>2024-09-05T14:51:07.204Z</time>
      </trkpt>
      <trkpt lat="36.828528" lon="-4.541038">
        <ele>407.210700</ele>
        <time>2024-09-05T14:51:11.518Z</time>
      </trkpt>
      <trkpt lat="36.828719" lon="-4.541093">
        <ele>407.362289</ele>
        <time>2024-09-05T14:51:15.017Z</time>
      </trkpt>
      <trkpt lat="36.829607" lon="-4.541134">
        <ele>408.049517</ele>
        <time>2024-09-05T14:51:25.038Z</time>
      </trkpt>
      <trkpt lat="36.829627" lon="-4.541135">
        <ele>408.046583</ele>
        <time>2024-09-05T14:51:25.234Z</time>
      </trkpt>
      <trkpt lat="36.830611" lon="-4.541186">
        <ele>405.600242</ele>
        <time>2024-09-05T14:51:34.895Z</time>
      </trkpt>
      <trkpt lat="36.830887" lon="-4.541227">
        <ele>404.909834</ele>
        <time>2024-09-05T14:51:37.818Z</time>
      </trkpt>
      <trkpt lat="36.831584" lon="-4.541411">
        <ele>403.757909</ele>
        <time>2024-09-05T14:51:46.354Z</time>
      </trkpt>
      <trkpt lat="36.832000" lon="-4.541510">
        <ele>404.141621</ele>
        <time>2024-09-05T14:51:52.857Z</time>
      </trkpt>
      <trkpt lat="36.832824" lon="-4.541795">
        <ele>404.916322</ele>
        <time>2024-09-05T14:52:09.902Z</time>
      </trkpt>
      <trkpt lat="36.833246" lon="-4.541991">
        <ele>405.601893</ele>
        <time>2024-09-05T14:52:21.028Z</time>
      </trkpt>
      <trkpt lat="36.833484" lon="-4.542185">
        <ele>406.562343</ele>
        <time>2024-09-05T14:52:27.885Z</time>
      </trkpt>
      <trkpt lat="36.833779" lon="-4.542436">
        <ele>407.768627</ele>
        <time>2024-09-05T14:52:37.037Z</time>
      </trkpt>
      <trkpt lat="36.834266" lon="-4.542878">
        <ele>409.803036</ele>
        <time>2024-09-05T14:52:54.520Z</time>
      </trkpt>
      <trkpt lat="36.834613" lon="-4.543194">
        <ele>411.254295</ele>
        <time>2024-09-05T14:53:08.285Z</time>
      </trkpt>
      <trkpt lat="36.835695" lon="-4.544181">
        <ele>418.374629</ele>
        <time>2024-09-05T14:53:56.306Z</time>
      </trkpt>
      <trkpt lat="36.836008" lon="-4.544413">
        <ele>420.316346</ele>
        <time>2024-09-05T14:54:10.140Z</time>
      </trkpt>
      <trkpt lat="36.836322" lon="-4.544507">
        <ele>422.052356</ele>
        <time>2024-09-05T14:54:22.726Z</time>
      </trkpt>
      <trkpt lat="36.837027" lon="-4.544431">
        <ele>425.871731</ele>
        <time>2024-09-05T14:54:51.479Z</time>
      </trkpt>
      <trkpt lat="36.837266" lon="-4.544523">
        <ele>427.221566</ele>
        <time>2024-09-05T14:55:01.444Z</time>
      </trkpt>
      <trkpt lat="36.837339" lon="-4.544609">
        <ele>427.763108</ele>
        <time>2024-09-05T14:55:05.334Z</time>
      </trkpt>
      <trkpt lat="36.837398" lon="-4.544722">
        <ele>428.345941</ele>
        <time>2024-09-05T14:55:09.170Z</time>
      </trkpt>
      <trkpt lat="36.837518" lon="-4.545158">
        <ele>430.337646</ele>
        <time>2024-09-05T14:55:21.439Z</time>
      </trkpt>
      <trkpt lat="36.837506" lon="-4.545311">
        <ele>430.543018</ele>
        <time>2024-09-05T14:55:25.255Z</time>
      </trkpt>
      <trkpt lat="36.837410" lon="-4.545410">
        <ele>430.435595</ele>
        <time>2024-09-05T14:55:28.760Z</time>
      </trkpt>
      <trkpt lat="36.837145" lon="-4.545465">
        <ele>430.203763</ele>
        <time>2024-09-05T14:55:34.627Z</time>
      </trkpt>
      <trkpt lat="36.837067" lon="-4.545525">
        <ele>430.124713</ele>
        <time>2024-09-05T14:55:36.025Z</time>
      </trkpt>
      <trkpt lat="36.836983" lon="-4.545699">
        <ele>429.984359</ele>
        <time>2024-09-05T14:55:37.982Z</time>
      </trkpt>
      <trkpt lat="36.836979" lon="-4.545815">
        <ele>429.904163</ele>
        <time>2024-09-05T14:55:39.140Z</time>
      </trkpt>
      <trkpt lat="36.837010" lon="-4.545923">
        <ele>429.824914</ele>
        <time>2024-09-05T14:55:40.155Z</time>
      </trkpt>
      <trkpt lat="36.837177" lon="-4.546250">
        <ele>429.556987</ele>
        <time>2024-09-05T14:55:43.471Z</time>
      </trkpt>
      <trkpt lat="36.837350" lon="-4.546801">
        <ele>429.148171</ele>
        <time>2024-09-05T14:55:48.196Z</time>
      </trkpt>
      <trkpt lat="36.837447" lon="-4.546927">
        <ele>428.952069</ele>
        <time>2024-09-05T14:55:49.589Z</time>
      </trkpt>
      <trkpt lat="36.837523" lon="-4.546986">
        <ele>428.656001</ele>
        <time>2024-09-05T14:55:50.497Z</time>
      </trkpt>
      <trkpt lat="36.837640" lon="-4.547036">
        <ele>428.246836</ele>
        <time>2024-09-05T14:55:51.691Z</time>
      </trkpt>
      <trkpt lat="36.837741" lon="-4.547040">
        <ele>427.912464</ele>
        <time>2024-09-05T14:55:52.650Z</time>
      </trkpt>
      <trkpt lat="36.838021" lon="-4.546982">
        <ele>426.973312</ele>
        <time>2024-09-05T14:55:55.384Z</time>
      </trkpt>
      <trkpt lat="36.838132" lon="-4.546983">
        <ele>426.606009</ele>
        <time>2024-09-05T14:55:56.454Z</time>
      </trkpt>
      <trkpt lat="36.838467" lon="-4.547067">
        <ele>425.475410</ele>
        <time>2024-09-05T14:55:59.744Z</time>
      </trkpt>
      <trkpt lat="36.838609" lon="-4.547128">
        <ele>424.978545</ele>
        <time>2024-09-05T14:56:01.239Z</time>
      </trkpt>
      <trkpt lat="36.838950" lon="-4.547399">
        <ele>423.641297</ele>
        <time>2024-09-05T14:56:05.283Z</time>
      </trkpt>
      <trkpt lat="36.839805" lon="-4.547860">
        <ele>423.393644</ele>
        <time>2024-09-05T14:56:17.882Z</time>
      </trkpt>
      <trkpt lat="36.840196" lon="-4.548187">
        <ele>423.572001</ele>
        <time>2024-09-05T14:56:27.568Z</time>
      </trkpt>
      <trkpt lat="36.840339" lon="-4.548250">
        <ele>423.629480</ele>
        <time>2024-09-05T14:56:30.374Z</time>
      </trkpt>
      <trkpt lat="36.840449" lon="-4.548263">
        <ele>423.671365</ele>
        <time>2024-09-05T14:56:32.272Z</time>
      </trkpt>
      <trkpt lat="36.840808" lon="-4.548025">
        <ele>424.040086</ele>
        <time>2024-09-05T14:56:40.634Z</time>
      </trkpt>
      <trkpt lat="36.840925" lon="-4.548005">
        <ele>424.318023</ele>
        <time>2024-09-05T14:56:43.264Z</time>
      </trkpt>
      <trkpt lat="36.841147" lon="-4.548027">
        <ele>424.842165</ele>
        <time>2024-09-05T14:56:48.532Z</time>
      </trkpt>
      <trkpt lat="36.841258" lon="-4.548011">
        <ele>425.105149</ele>
        <time>2024-09-05T14:56:50.925Z</time>
      </trkpt>
      <trkpt lat="36.841371" lon="-4.547948">
        <ele>425.396379</ele>
        <time>2024-09-05T14:56:54.109Z</time>
      </trkpt>
      <trkpt lat="36.841578" lon="-4.547698">
        <ele>426.073953</ele>
        <time>2024-09-05T14:57:00.912Z</time>
      </trkpt>
      <trkpt lat="36.841701" lon="-4.547384">
        <ele>426.732447</ele>
        <time>2024-09-05T14:57:07.816Z</time>
      </trkpt>
      <trkpt lat="36.841762" lon="-4.547312">
        <ele>426.929943</ele>
        <time>2024-09-05T14:57:10.236Z</time>
      </trkpt>
      <trkpt lat="36.841897" lon="-4.547283">
        <ele>427.252341</ele>
        <time>2024-09-05T14:57:13.995Z</time>
      </trkpt>
      <trkpt lat="36.842131" lon="-4.547406">
        <ele>427.849832</ele>
        <time>2024-09-05T14:57:20.877Z</time>
      </trkpt>
      <trkpt lat="36.842363" lon="-4.547415">
        <ele>428.270863</ele>
        <time>2024-09-05T14:57:26.813Z</time>
      </trkpt>
      <trkpt lat="36.842482" lon="-4.547385">
        <ele>428.462051</ele>
        <time>2024-09-05T14:57:30.487Z</time>
      </trkpt>
      <trkpt lat="36.842847" lon="-4.547158">
        <ele>429.104149</ele>
        <time>2024-09-05T14:57:41.130Z</time>
      </trkpt>
      <trkpt lat="36.843231" lon="-4.547002">
        <ele>429.740066</ele>
        <time>2024-09-05T14:57:50.364Z</time>
      </trkpt>
      <trkpt lat="36.843346" lon="-4.546981">
        <ele>429.923102</ele>
        <time>2024-09-05T14:57:52.777Z</time>
      </trkpt>
      <trkpt lat="36.843471" lon="-4.546988">
        <ele>430.120161</ele>
        <time>2024-09-05T14:57:55.196Z</time>
      </trkpt>
      <trkpt lat="36.843989" lon="-4.547259">
        <ele>430.696138</ele>
        <time>2024-09-05T14:58:02.933Z</time>
      </trkpt>
      <trkpt lat="36.844099" lon="-4.547288">
        <ele>430.519477</ele>
        <time>2024-09-05T14:58:04.385Z</time>
      </trkpt>
      <trkpt lat="36.844371" lon="-4.547247">
        <ele>430.088953</ele>
        <time>2024-09-05T14:58:07.744Z</time>
      </trkpt>
      <trkpt lat="36.844667" lon="-4.547280">
        <ele>429.621967</ele>
        <time>2024-09-05T14:58:11.265Z</time>
      </trkpt>
      <trkpt lat="36.845433" lon="-4.547607">
        <ele>428.349960</ele>
        <time>2024-09-05T14:58:19.977Z</time>
      </trkpt>
      <trkpt lat="36.845515" lon="-4.547700">
        <ele>428.175945</ele>
        <time>2024-09-05T14:58:21.107Z</time>
      </trkpt>
      <trkpt lat="36.845813" lon="-4.548166">
        <ele>427.768618</ele>
        <time>2024-09-05T14:58:26.189Z</time>
      </trkpt>
      <trkpt lat="36.845957" lon="-4.548305">
        <ele>427.646609</ele>
        <time>2024-09-05T14:58:28.234Z</time>
      </trkpt>
      <trkpt lat="36.846651" lon="-4.548782">
        <ele>427.115515</ele>
        <time>2024-09-05T14:58:38.423Z</time>
      </trkpt>
      <trkpt lat="36.847227" lon="-4.549232">
        <ele>427.507158</ele>
        <time>2024-09-05T14:58:50.874Z</time>
      </trkpt>
      <trkpt lat="36.847498" lon="-4.549370">
        <ele>428.364994</ele>
        <time>2024-09-05T14:58:57.372Z</time>
      </trkpt>
      <trkpt lat="36.847630" lon="-4.549395">
        <ele>428.756358</ele>
        <time>2024-09-05T14:59:00.563Z</time>
      </trkpt>
      <trkpt lat="36.848056" lon="-4.549388">
        <ele>430.005243</ele>
        <time>2024-09-05T14:59:12.558Z</time>
      </trkpt>
      <trkpt lat="36.849365" lon="-4.549517">
        <ele>434.256952</ele>
        <time>2024-09-05T14:59:54.839Z</time>
      </trkpt>
      <trkpt lat="36.849737" lon="-4.549493">
        <ele>435.598081</ele>
        <time>2024-09-05T15:00:06.178Z</time>
      </trkpt>
      <trkpt lat="36.849843" lon="-4.549517">
        <ele>435.985936</ele>
        <time>2024-09-05T15:00:09.329Z</time>
      </trkpt>
      <trkpt lat="36.849933" lon="-4.549596">
        <ele>436.381919</ele>
        <time>2024-09-05T15:00:12.444Z</time>
      </trkpt>
      <trkpt lat="36.850056" lon="-4.549850">
        <ele>437.237273</ele>
        <time>2024-09-05T15:00:19.018Z</time>
      </trkpt>
      <trkpt lat="36.850082" lon="-4.550020">
        <ele>437.735918</ele>
        <time>2024-09-05T15:00:22.686Z</time>
      </trkpt>
      <trkpt lat="36.850065" lon="-4.550489">
        <ele>438.812684</ele>
        <time>2024-09-05T15:00:32.173Z</time>
      </trkpt>
      <trkpt lat="36.850096" lon="-4.550626">
        <ele>439.006298</ele>
        <time>2024-09-05T15:00:34.959Z</time>
      </trkpt>
      <trkpt lat="36.850156" lon="-4.550724">
        <ele>439.174104</ele>
        <time>2024-09-05T15:00:37.344Z</time>
      </trkpt>
      <trkpt lat="36.850651" lon="-4.551132">
        <ele>440.181834</ele>
        <time>2024-09-05T15:00:50.602Z</time>
      </trkpt>
      <trkpt lat="36.851116" lon="-4.551619">
        <ele>441.212899</ele>
        <time>2024-09-05T15:01:02.611Z</time>
      </trkpt>
      <trkpt lat="36.851318" lon="-4.551799">
        <ele>441.629209</ele>
        <time>2024-09-05T15:01:07.152Z</time>
      </trkpt>
      <trkpt lat="36.852727" lon="-4.552672">
        <ele>443.090907</ele>
        <time>2024-09-05T15:01:35.393Z</time>
      </trkpt>
      <trkpt lat="36.852850" lon="-4.552771">
        <ele>443.226887</ele>
        <time>2024-09-05T15:01:38.265Z</time>
      </trkpt>
      <trkpt lat="36.852928" lon="-4.552888">
        <ele>443.399169</ele>
        <time>2024-09-05T15:01:40.726Z</time>
      </trkpt>
      <trkpt lat="36.853088" lon="-4.553394">
        <ele>444.327395</ele>
        <time>2024-09-05T15:01:49.706Z</time>
      </trkpt>
      <trkpt lat="36.853192" lon="-4.553588">
        <ele>444.725783</ele>
        <time>2024-09-05T15:01:53.632Z</time>
      </trkpt>
      <trkpt lat="36.853703" lon="-4.554322">
        <ele>446.385642</ele>
        <time>2024-09-05T15:02:10.851Z</time>
      </trkpt>
      <trkpt lat="36.854879" lon="-4.555576">
        <ele>452.163749</ele>
        <time>2024-09-05T15:02:57.708Z</time>
      </trkpt>
      <trkpt lat="36.855261" lon="-4.556264">
        <ele>454.922137</ele>
        <time>2024-09-05T15:03:22.115Z</time>
      </trkpt>
      <trkpt lat="36.855730" lon="-4.556713">
        <ele>456.892212</ele>
        <time>2024-09-05T15:03:41.773Z</time>
      </trkpt>
      <trkpt lat="36.856153" lon="-4.557322">
        <ele>459.043970</ele>
        <time>2024-09-05T15:03:59.645Z</time>
      </trkpt>
      <trkpt lat="36.856275" lon="-4.557437">
        <ele>459.553538</ele>
        <time>2024-09-05T15:04:03.290Z</time>
      </trkpt>
      <trkpt lat="36.857172" lon="-4.557998">
        <ele>461.515707</ele>
        <time>2024-09-05T15:04:23.872Z</time>
      </trkpt>
      <trkpt lat="36.857475" lon="-4.558281">
        <ele>461.986748</ele>
        <time>2024-09-05T15:04:30.257Z</time>
      </trkpt>
      <trkpt lat="36.857604" lon="-4.558423">
        <ele>462.200813</ele>
        <time>2024-09-05T15:04:33.224Z</time>
      </trkpt>
      <trkpt lat="36.857944" lon="-4.558824">
        <ele>462.782964</ele>
        <time>2024-09-05T15:04:41.749Z</time>
      </trkpt>
      <trkpt lat="36.858219" lon="-4.559043">
        <ele>463.586761</ele>
        <time>2024-09-05T15:04:48.992Z</time>
      </trkpt>
      <trkpt lat="36.858646" lon="-4.559196">
        <ele>464.994096</ele>
        <time>2024-09-05T15:05:00.267Z</time>
      </trkpt>
      <trkpt lat="36.858946" lon="-4.559252">
        <ele>465.955109</ele>
        <time>2024-09-05T15:05:09.385Z</time>
      </trkpt>
      <trkpt lat="36.859087" lon="-4.559328">
        <ele>466.441602</ele>
        <time>2024-09-05T15:05:14.102Z</time>
      </trkpt>
      <trkpt lat="36.859661" lon="-4.559835">
        <ele>468.673158</ele>
        <time>2024-09-05T15:05:35.347Z</time>
      </trkpt>
      <trkpt lat="36.859814" lon="-4.559935">
        <ele>469.286748</ele>
        <time>2024-09-05T15:05:40.540Z</time>
      </trkpt>
      <trkpt lat="36.859954" lon="-4.560010">
        <ele>469.828057</ele>
        <time>2024-09-05T15:05:45.181Z</time>
      </trkpt>
      <trkpt lat="36.860462" lon="-4.560149">
        <ele>471.676141</ele>
        <time>2024-09-05T15:06:00.696Z</time>
      </trkpt>
      <trkpt lat="36.860580" lon="-4.560224">
        <ele>472.146598</ele>
        <time>2024-09-05T15:06:04.518Z</time>
      </trkpt>
      <trkpt lat="36.861428" lon="-4.561051">
        <ele>476.124762</ele>
        <time>2024-09-05T15:06:34.217Z</time>
      </trkpt>
      <trkpt lat="36.861588" lon="-4.561166">
        <ele>476.888513</ele>
        <time>2024-09-05T15:06:39.533Z</time>
      </trkpt>
      <trkpt lat="36.862285" lon="-4.561435">
        <ele>479.907082</ele>
        <time>2024-09-05T15:07:02.535Z</time>
      </trkpt>
      <trkpt lat="36.862522" lon="-4.561553">
        <ele>480.962739</ele>
        <time>2024-09-05T15:07:10.913Z</time>
      </trkpt>
      <trkpt lat="36.862848" lon="-4.561800">
        <ele>482.566118</ele>
        <time>2024-09-05T15:07:23.755Z</time>
      </trkpt>
      <trkpt lat="36.863014" lon="-4.562029">
        <ele>483.940190</ele>
        <time>2024-09-05T15:07:32.331Z</time>
      </trkpt>
      <trkpt lat="36.863061" lon="-4.562164">
        <ele>484.594857</ele>
        <time>2024-09-05T15:07:36.416Z</time>
      </trkpt>
      <trkpt lat="36.863080" lon="-4.562309">
        <ele>485.248208</ele>
        <time>2024-09-05T15:07:40.708Z</time>
      </trkpt>
      <trkpt lat="36.863064" lon="-4.562750">
        <ele>487.211188</ele>
        <time>2024-09-05T15:07:54.217Z</time>
      </trkpt>
      <trkpt lat="36.863106" lon="-4.563056">
        <ele>488.591735</ele>
        <time>2024-09-05T15:08:04.316Z</time>
      </trkpt>
      <trkpt lat="36.863460" lon="-4.564025">
        <ele>493.173934</ele>
        <time>2024-09-05T15:08:37.615Z</time>
      </trkpt>
      <trkpt lat="36.863706" lon="-4.564788">
        <ele>496.180048</ele>
        <time>2024-09-05T15:08:58.703Z</time>
      </trkpt>
      <trkpt lat="36.863762" lon="-4.564869">
        <ele>496.571249</ele>
        <time>2024-09-05T15:09:01.364Z</time>
      </trkpt>
      <trkpt lat="36.863873" lon="-4.564919">
        <ele>497.110160</ele>
        <time>2024-09-05T15:09:05.124Z</time>
      </trkpt>
      <trkpt lat="36.863934" lon="-4.564900">
        <ele>497.397298</ele>
        <time>2024-09-05T15:09:07.180Z</time>
      </trkpt>
      <trkpt lat="36.863986" lon="-4.564848">
        <ele>497.701469</ele>
        <time>2024-09-05T15:09:09.369Z</time>
      </trkpt>
      <trkpt lat="36.864317" lon="-4.563737">
        <ele>502.360562</ele>
        <time>2024-09-05T15:09:39.249Z</time>
      </trkpt>
      <trkpt lat="36.864391" lon="-4.563630">
        <ele>503.001876</ele>
        <time>2024-09-05T15:09:42.688Z</time>
      </trkpt>
      <trkpt lat="36.864658" lon="-4.563455">
        <ele>504.710525</ele>
        <time>2024-09-05T15:09:52.000Z</time>
      </trkpt>
      <trkpt lat="36.864901" lon="-4.563367">
        <ele>506.144364</ele>
        <time>2024-09-05T15:10:00.255Z</time>
      </trkpt>
      <trkpt lat="36.865167" lon="-4.563323">
        <ele>507.665060</ele>
        <time>2024-09-05T15:10:10.066Z</time>
      </trkpt>
      <trkpt lat="36.865229" lon="-4.563282">
        <ele>508.062591</ele>
        <time>2024-09-05T15:10:12.811Z</time>
      </trkpt>
      <trkpt lat="36.865266" lon="-4.563201">
        <ele>508.485515</ele>
        <time>2024-09-05T15:10:15.892Z</time>
      </trkpt>
      <trkpt lat="36.865308" lon="-4.562769">
        <ele>510.458727</ele>
        <time>2024-09-05T15:10:31.583Z</time>
      </trkpt>
      <trkpt lat="36.865353" lon="-4.562688">
        <ele>510.928299</ele>
        <time>2024-09-05T15:10:35.520Z</time>
      </trkpt>
      <trkpt lat="36.865471" lon="-4.562625">
        <ele>512.115151</ele>
        <time>2024-09-05T15:10:42.007Z</time>
      </trkpt>
      <trkpt lat="36.865538" lon="-4.562644">
        <ele>512.750624</ele>
        <time>2024-09-05T15:10:45.535Z</time>
      </trkpt>
      <trkpt lat="36.866168" lon="-4.563262">
        <ele>520.158145</ele>
        <time>2024-09-05T15:11:29.489Z</time>
      </trkpt>
      <trkpt lat="36.866277" lon="-4.563400">
        <ele>521.593185</ele>
        <time>2024-09-05T15:11:38.124Z</time>
      </trkpt>
      <trkpt lat="36.866355" lon="-4.563535">
        <ele>522.825470</ele>
        <time>2024-09-05T15:11:45.400Z</time>
      </trkpt>
      <trkpt lat="36.866800" lon="-4.564544">
        <ele>530.196283</ele>
        <time>2024-09-05T15:12:32.892Z</time>
      </trkpt>
      <trkpt lat="36.866914" lon="-4.564683">
        <ele>531.226708</ele>
        <time>2024-09-05T15:12:40.028Z</time>
      </trkpt>
      <trkpt lat="36.867338" lon="-4.565021">
        <ele>534.480526</ele>
        <time>2024-09-05T15:12:58.772Z</time>
      </trkpt>
      <trkpt lat="36.867418" lon="-4.565055">
        <ele>535.027248</ele>
        <time>2024-09-05T15:13:01.739Z</time>
      </trkpt>
      <trkpt lat="36.867558" lon="-4.565114">
        <ele>535.983182</ele>
        <time>2024-09-05T15:13:07.257Z</time>
      </trkpt>
      <trkpt lat="36.867654" lon="-4.565115">
        <ele>536.604348</ele>
        <time>2024-09-05T15:13:10.290Z</time>
      </trkpt>
      <trkpt lat="36.867728" lon="-4.565092">
        <ele>537.097726</ele>
        <time>2024-09-05T15:13:12.846Z</time>
      </trkpt>
      <trkpt lat="36.867778" lon="-4.565044">
        <ele>537.505641</ele>
        <time>2024-09-05T15:13:15.132Z</time>
      </trkpt>
      <trkpt lat="36.867823" lon="-4.564858">
        <ele>538.511503</ele>
        <time>2024-09-05T15:13:20.813Z</time>
      </trkpt>
      <trkpt lat="36.867767" lon="-4.564296">
        <ele>541.024076</ele>
        <time>2024-09-05T15:13:36.219Z</time>
      </trkpt>
      <trkpt lat="36.867793" lon="-4.564176">
        <ele>541.550290</ele>
        <time>2024-09-05T15:13:39.647Z</time>
      </trkpt>
      <trkpt lat="36.867912" lon="-4.564021">
        <ele>542.459570</ele>
        <time>2024-09-05T15:13:45.724Z</time>
      </trkpt>
      <trkpt lat="36.868023" lon="-4.563968">
        <ele>543.088219</ele>
        <time>2024-09-05T15:13:49.568Z</time>
      </trkpt>
      <trkpt lat="36.868127" lon="-4.563953">
        <ele>543.642097</ele>
        <time>2024-09-05T15:13:53.484Z</time>
      </trkpt>
      <trkpt lat="36.868230" lon="-4.563972">
        <ele>544.192936</ele>
        <time>2024-09-05T15:13:57.365Z</time>
      </trkpt>
      <trkpt lat="36.868339" lon="-4.564036">
        <ele>544.830070</ele>
        <time>2024-09-05T15:14:01.321Z</time>
      </trkpt>
      <trkpt lat="36.868757" lon="-4.564450">
        <ele>547.651633</ele>
        <time>2024-09-05T15:14:21.410Z</time>
      </trkpt>
      <trkpt lat="36.868872" lon="-4.564532">
        <ele>548.352089</ele>
        <time>2024-09-05T15:14:26.639Z</time>
      </trkpt>
      <trkpt lat="36.869065" lon="-4.564668">
        <ele>549.350811</ele>
        <time>2024-09-05T15:14:36.255Z</time>
      </trkpt>
      <trkpt lat="36.870386" lon="-4.565282">
        <ele>555.309520</ele>
        <time>2024-09-05T15:15:23.747Z</time>
      </trkpt>
      <trkpt lat="36.870457" lon="-4.565291">
        <ele>555.611242</ele>
        <time>2024-09-05T15:15:25.311Z</time>
      </trkpt>
      <trkpt lat="36.870646" lon="-4.565275">
        <ele>556.262036</ele>
        <time>2024-09-05T15:15:28.678Z</time>
      </trkpt>
      <trkpt lat="36.870883" lon="-4.565069">
        <ele>556.234943</ele>
        <time>2024-09-05T15:15:34.122Z</time>
      </trkpt>
      <trkpt lat="36.871219" lon="-4.564562">
        <ele>556.185510</ele>
        <time>2024-09-05T15:15:42.211Z</time>
      </trkpt>
      <trkpt lat="36.871348" lon="-4.564433">
        <ele>556.170005</ele>
        <time>2024-09-05T15:15:44.260Z</time>
      </trkpt>
      <trkpt lat="36.871591" lon="-4.564340">
        <ele>556.146153</ele>
        <time>2024-09-05T15:15:47.426Z</time>
      </trkpt>
      <trkpt lat="36.871784" lon="-4.564334">
        <ele>556.128033</ele>
        <time>2024-09-05T15:15:49.545Z</time>
      </trkpt>
      <trkpt lat="36.874434" lon="-4.564757">
        <ele>553.254332</ele>
        <time>2024-09-05T15:16:21.290Z</time>
      </trkpt>
      <trkpt lat="36.874550" lon="-4.564815">
        <ele>553.113716</ele>
        <time>2024-09-05T15:16:22.770Z</time>
      </trkpt>
      <trkpt lat="36.874610" lon="-4.564898">
        <ele>553.012995</ele>
        <time>2024-09-05T15:16:23.833Z</time>
      </trkpt>
      <trkpt lat="36.874653" lon="-4.565022">
        <ele>552.891312</ele>
        <time>2024-09-05T15:16:25.124Z</time>
      </trkpt>
      <trkpt lat="36.874654" lon="-4.565167">
        <ele>552.760757</ele>
        <time>2024-09-05T15:16:26.507Z</time>
      </trkpt>
      <trkpt lat="36.874501" lon="-4.565646">
        <ele>552.296379</ele>
        <time>2024-09-05T15:16:31.451Z</time>
      </trkpt>
      <trkpt lat="36.874461" lon="-4.565958">
        <ele>552.011883</ele>
        <time>2024-09-05T15:16:34.514Z</time>
      </trkpt>
      <trkpt lat="36.874487" lon="-4.566093">
        <ele>551.886862</ele>
        <time>2024-09-05T15:16:35.844Z</time>
      </trkpt>
      <trkpt lat="36.874544" lon="-4.566226">
        <ele>551.804076</ele>
        <time>2024-09-05T15:16:37.328Z</time>
      </trkpt>
      <trkpt lat="36.874638" lon="-4.566342">
        <ele>551.750451</ele>
        <time>2024-09-05T15:16:38.951Z</time>
      </trkpt>
      <trkpt lat="36.875387" lon="-4.567020">
        <ele>551.375017</ele>
        <time>2024-09-05T15:16:50.875Z</time>
      </trkpt>
      <trkpt lat="36.875557" lon="-4.567117">
        <ele>551.299151</ele>
        <time>2024-09-05T15:16:53.525Z</time>
      </trkpt>
      <trkpt lat="36.875705" lon="-4.567168">
        <ele>551.236824</ele>
        <time>2024-09-05T15:16:55.750Z</time>
      </trkpt>
      <trkpt lat="36.876796" lon="-4.567341">
        <ele>551.956759</ele>
        <time>2024-09-05T15:17:14.074Z</time>
      </trkpt>
      <trkpt lat="36.876997" lon="-4.567412">
        <ele>552.187513</ele>
        <time>2024-09-05T15:17:18.119Z</time>
      </trkpt>
      <trkpt lat="36.877155" lon="-4.567510">
        <ele>552.382371</ele>
        <time>2024-09-05T15:17:21.607Z</time>
      </trkpt>
      <trkpt lat="36.877311" lon="-4.567651">
        <ele>552.595043</ele>
        <time>2024-09-05T15:17:25.607Z</time>
      </trkpt>
      <trkpt lat="36.877432" lon="-4.567830">
        <ele>552.802149</ele>
        <time>2024-09-05T15:17:29.630Z</time>
      </trkpt>
      <trkpt lat="36.878217" lon="-4.569116">
        <ele>555.040044</ele>
        <time>2024-09-05T15:17:59.645Z</time>
      </trkpt>
      <trkpt lat="36.878376" lon="-4.569312">
        <ele>555.461527</ele>
        <time>2024-09-05T15:18:04.803Z</time>
      </trkpt>
      <trkpt lat="36.879103" lon="-4.570058">
        <ele>556.878162</ele>
        <time>2024-09-05T15:18:24.923Z</time>
      </trkpt>
      <trkpt lat="36.879319" lon="-4.570208">
        <ele>557.121789</ele>
        <time>2024-09-05T15:18:29.880Z</time>
      </trkpt>
      <trkpt lat="36.879451" lon="-4.570282">
        <ele>557.264427</ele>
        <time>2024-09-05T15:18:32.744Z</time>
      </trkpt>
      <trkpt lat="36.880124" lon="-4.570357">
        <ele>557.930631</ele>
        <time>2024-09-05T15:18:45.323Z</time>
      </trkpt>
      <trkpt lat="36.881226" lon="-4.570636">
        <ele>558.240635</ele>
        <time>2024-09-05T15:19:02.512Z</time>
      </trkpt>
      <trkpt lat="36.881515" lon="-4.570642">
        <ele>558.233799</ele>
        <time>2024-09-05T15:19:06.859Z</time>
      </trkpt>
      <trkpt lat="36.881847" lon="-4.570580">
        <ele>558.225859</ele>
        <time>2024-09-05T15:19:11.974Z</time>
      </trkpt>
      <trkpt lat="36.882724" lon="-4.570530">
        <ele>557.686249</ele>
        <time>2024-09-05T15:19:23.561Z</time>
      </trkpt>
      <trkpt lat="36.882922" lon="-4.570544">
        <ele>557.473680</ele>
        <time>2024-09-05T15:19:25.976Z</time>
      </trkpt>
      <trkpt lat="36.883316" lon="-4.570653">
        <ele>557.041149</ele>
        <time>2024-09-05T15:19:30.823Z</time>
      </trkpt>
      <trkpt lat="36.883429" lon="-4.570710">
        <ele>556.910541</ele>
        <time>2024-09-05T15:19:32.268Z</time>
      </trkpt>
      <trkpt lat="36.883969" lon="-4.571119">
        <ele>556.157107</ele>
        <time>2024-09-05T15:19:39.770Z</time>
      </trkpt>
      <trkpt lat="36.884133" lon="-4.571148">
        <ele>555.732426</ele>
        <time>2024-09-05T15:19:41.627Z</time>
      </trkpt>
      <trkpt lat="36.885137" lon="-4.571168">
        <ele>553.157848</ele>
        <time>2024-09-05T15:19:52.150Z</time>
      </trkpt>
      <trkpt lat="36.885293" lon="-4.571214">
        <ele>552.746891</ele>
        <time>2024-09-05T15:19:53.752Z</time>
      </trkpt>
      <trkpt lat="36.885770" lon="-4.571466">
        <ele>551.428363</ele>
        <time>2024-09-05T15:19:58.997Z</time>
      </trkpt>
      <trkpt lat="36.886035" lon="-4.571666">
        <ele>550.663015</ele>
        <time>2024-09-05T15:20:02.155Z</time>
      </trkpt>
      <trkpt lat="36.886395" lon="-4.572013">
        <ele>549.539086</ele>
        <time>2024-09-05T15:20:06.893Z</time>
      </trkpt>
      <trkpt lat="36.886558" lon="-4.572116">
        <ele>549.087511</ele>
        <time>2024-09-05T15:20:08.808Z</time>
      </trkpt>
      <trkpt lat="36.887153" lon="-4.572332">
        <ele>547.555589</ele>
        <time>2024-09-05T15:20:15.507Z</time>
      </trkpt>
      <trkpt lat="36.887391" lon="-4.572514">
        <ele>547.070978</ele>
        <time>2024-09-05T15:20:18.662Z</time>
      </trkpt>
      <trkpt lat="36.887569" lon="-4.572590">
        <ele>546.867952</ele>
        <time>2024-09-05T15:20:20.795Z</time>
      </trkpt>
      <trkpt lat="36.888437" lon="-4.572795">
        <ele>545.914468</ele>
        <time>2024-09-05T15:20:32.140Z</time>
      </trkpt>
      <trkpt lat="36.888725" lon="-4.572917">
        <ele>545.586244</ele>
        <time>2024-09-05T15:20:36.203Z</time>
      </trkpt>
      <trkpt lat="36.889099" lon="-4.573131">
        <ele>545.010136</ele>
        <time>2024-09-05T15:20:41.160Z</time>
      </trkpt>
      <trkpt lat="36.889351" lon="-4.573220">
        <ele>544.472051</ele>
        <time>2024-09-05T15:20:44.214Z</time>
      </trkpt>
      <trkpt lat="36.890246" lon="-4.573406">
        <ele>542.607725</ele>
        <time>2024-09-05T15:20:54.083Z</time>
      </trkpt>
      <trkpt lat="36.890360" lon="-4.573403">
        <ele>542.373420</ele>
        <time>2024-09-05T15:20:55.321Z</time>
      </trkpt>
      <trkpt lat="36.890454" lon="-4.573373">
        <ele>542.174070</ele>
        <time>2024-09-05T15:20:56.346Z</time>
      </trkpt>
      <trkpt lat="36.890547" lon="-4.573300">
        <ele>541.948432</ele>
        <time>2024-09-05T15:20:57.497Z</time>
      </trkpt>
      <trkpt lat="36.890780" lon="-4.572990">
        <ele>540.861202</ele>
        <time>2024-09-05T15:21:01.056Z</time>
      </trkpt>
      <trkpt lat="36.890858" lon="-4.572931">
        <ele>540.462084</ele>
        <time>2024-09-05T15:21:01.979Z</time>
      </trkpt>
      <trkpt lat="36.891074" lon="-4.572907">
        <ele>539.512692</ele>
        <time>2024-09-05T15:21:04.132Z</time>
      </trkpt>
      <trkpt lat="36.891687" lon="-4.573057">
        <ele>536.778018</ele>
        <time>2024-09-05T15:21:10.244Z</time>
      </trkpt>
      <trkpt lat="36.891890" lon="-4.573032">
        <ele>535.884967</ele>
        <time>2024-09-05T15:21:12.204Z</time>
      </trkpt>
      <trkpt lat="36.893368" lon="-4.572378">
        <ele>527.265169</ele>
        <time>2024-09-05T15:21:26.515Z</time>
      </trkpt>
      <trkpt lat="36.893460" lon="-4.572258">
        <ele>526.465558</ele>
        <time>2024-09-05T15:21:27.706Z</time>
      </trkpt>
      <trkpt lat="36.893475" lon="-4.572095">
        <ele>525.676321</ele>
        <time>2024-09-05T15:21:28.892Z</time>
      </trkpt>
      <trkpt lat="36.893267" lon="-4.571591">
        <ele>522.948217</ele>
        <time>2024-09-05T15:21:33.064Z</time>
      </trkpt>
      <trkpt lat="36.893226" lon="-4.571408">
        <ele>522.406908</ele>
        <time>2024-09-05T15:21:34.497Z</time>
      </trkpt>
      <trkpt lat="36.893228" lon="-4.571126">
        <ele>521.634579</ele>
        <time>2024-09-05T15:21:36.650Z</time>
      </trkpt>
      <trkpt lat="36.893308" lon="-4.570834">
        <ele>520.789273</ele>
        <time>2024-09-05T15:21:39.043Z</time>
      </trkpt>
      <trkpt lat="36.893671" lon="-4.570269">
        <ele>518.804486</ele>
        <time>2024-09-05T15:21:44.772Z</time>
      </trkpt>
      <trkpt lat="36.893775" lon="-4.570174">
        <ele>518.363443</ele>
        <time>2024-09-05T15:21:46.112Z</time>
      </trkpt>
      <trkpt lat="36.893861" lon="-4.570139">
        <ele>518.053742</ele>
        <time>2024-09-05T15:21:47.081Z</time>
      </trkpt>
      <trkpt lat="36.894258" lon="-4.570074">
        <ele>516.720846</ele>
        <time>2024-09-05T15:21:51.630Z</time>
      </trkpt>
      <trkpt lat="36.894371" lon="-4.570031">
        <ele>516.582794</ele>
        <time>2024-09-05T15:21:53.088Z</time>
      </trkpt>
      <trkpt lat="36.894471" lon="-4.569958">
        <ele>516.447456</ele>
        <time>2024-09-05T15:21:54.622Z</time>
      </trkpt>
      <trkpt lat="36.894764" lon="-4.569576">
        <ele>515.952719</ele>
        <time>2024-09-05T15:22:00.589Z</time>
      </trkpt>
      <trkpt lat="36.894891" lon="-4.569490">
        <ele>515.783916</ele>
        <time>2024-09-05T15:22:02.420Z</time>
      </trkpt>
      <trkpt lat="36.895317" lon="-4.569332">
        <ele>515.264577</ele>
        <time>2024-09-05T15:22:07.966Z</time>
      </trkpt>
      <trkpt lat="36.895475" lon="-4.569343">
        <ele>515.079625</ele>
        <time>2024-09-05T15:22:09.821Z</time>
      </trkpt>
      <trkpt lat="36.895610" lon="-4.569476">
        <ele>514.878751</ele>
        <time>2024-09-05T15:22:11.745Z</time>
      </trkpt>
      <trkpt lat="36.895705" lon="-4.569533">
        <ele>514.755597</ele>
        <time>2024-09-05T15:22:12.938Z</time>
      </trkpt>
      <trkpt lat="36.895816" lon="-4.569541">
        <ele>514.618653</ele>
        <time>2024-09-05T15:22:14.152Z</time>
      </trkpt>
      <trkpt lat="36.896465" lon="-4.569286">
        <ele>513.388158</ele>
        <time>2024-09-05T15:22:21.663Z</time>
      </trkpt>
      <trkpt lat="36.896566" lon="-4.569185">
        <ele>513.154235</ele>
        <time>2024-09-05T15:22:23.094Z</time>
      </trkpt>
      <trkpt lat="36.896894" lon="-4.568539">
        <ele>512.047351</ele>
        <time>2024-09-05T15:22:29.920Z</time>
      </trkpt>
      <trkpt lat="36.897391" lon="-4.567532">
        <ele>509.972371</ele>
        <time>2024-09-05T15:22:40.540Z</time>
      </trkpt>
      <trkpt lat="36.897430" lon="-4.567194">
        <ele>509.307387</ele>
        <time>2024-09-05T15:22:43.579Z</time>
      </trkpt>
      <trkpt lat="36.897423" lon="-4.567039">
        <ele>509.005084</ele>
        <time>2024-09-05T15:22:44.944Z</time>
      </trkpt>
      <trkpt lat="36.897392" lon="-4.566914">
        <ele>508.750243</ele>
        <time>2024-09-05T15:22:46.048Z</time>
      </trkpt>
      <trkpt lat="36.897277" lon="-4.566782">
        <ele>508.370141</ele>
        <time>2024-09-05T15:22:47.704Z</time>
      </trkpt>
      <trkpt lat="36.896563" lon="-4.566302">
        <ele>506.040573</ele>
        <time>2024-09-05T15:22:55.851Z</time>
      </trkpt>
      <trkpt lat="36.896460" lon="-4.566134">
        <ele>505.387677</ele>
        <time>2024-09-05T15:22:57.499Z</time>
      </trkpt>
      <trkpt lat="36.896446" lon="-4.566026">
        <ele>505.050233</ele>
        <time>2024-09-05T15:22:58.362Z</time>
      </trkpt>
      <trkpt lat="36.896459" lon="-4.565871">
        <ele>504.569556</ele>
        <time>2024-09-05T15:22:59.588Z</time>
      </trkpt>
      <trkpt lat="36.896879" lon="-4.564502">
        <ele>500.051348</ele>
        <time>2024-09-05T15:23:11.033Z</time>
      </trkpt>
      <trkpt lat="36.897061" lon="-4.564040">
        <ele>498.766570</ele>
        <time>2024-09-05T15:23:15.045Z</time>
      </trkpt>
      <trkpt lat="36.897358" lon="-4.563579">
        <ele>497.289776</ele>
        <time>2024-09-05T15:23:19.765Z</time>
      </trkpt>
      <trkpt lat="36.897907" lon="-4.563064">
        <ele>495.148882</ele>
        <time>2024-09-05T15:23:26.981Z</time>
      </trkpt>
      <trkpt lat="36.898457" lon="-4.562721">
        <ele>493.321898</ele>
        <time>2024-09-05T15:23:33.634Z</time>
      </trkpt>
      <trkpt lat="36.899045" lon="-4.562403">
        <ele>491.470516</ele>
        <time>2024-09-05T15:23:40.331Z</time>
      </trkpt>
      <trkpt lat="36.900108" lon="-4.562033">
        <ele>488.225514</ele>
        <time>2024-09-05T15:23:51.418Z</time>
      </trkpt>
      <trkpt lat="36.900292" lon="-4.561858">
        <ele>487.519045</ele>
        <time>2024-09-05T15:23:53.704Z</time>
      </trkpt>
      <trkpt lat="36.900679" lon="-4.560892">
        <ele>484.878606</ele>
        <time>2024-09-05T15:24:02.346Z</time>
      </trkpt>
      <trkpt lat="36.901244" lon="-4.560239">
        <ele>483.968977</ele>
        <time>2024-09-05T15:24:10.724Z</time>
      </trkpt>
      <trkpt lat="36.901658" lon="-4.560068">
        <ele>484.190578</ele>
        <time>2024-09-05T15:24:16.629Z</time>
      </trkpt>
      <trkpt lat="36.901724" lon="-4.559575">
        <ele>484.393741</ele>
        <time>2024-09-05T15:24:24.186Z</time>
      </trkpt>
      <trkpt lat="36.901466" lon="-4.558704">
        <ele>485.380009</ele>
        <time>2024-09-05T15:24:42.956Z</time>
      </trkpt>
      <trkpt lat="36.901543" lon="-4.557853">
        <ele>487.990520</ele>
        <time>2024-09-05T15:25:05.010Z</time>
      </trkpt>
      <trkpt lat="36.901364" lon="-4.556383">
        <ele>491.741313</ele>
        <time>2024-09-05T15:25:43.007Z</time>
      </trkpt>
      <trkpt lat="36.901416" lon="-4.556183">
        <ele>491.875925</ele>
        <time>2024-09-05T15:25:47.134Z</time>
      </trkpt>
      <trkpt lat="36.901568" lon="-4.556070">
        <ele>492.017466</ele>
        <time>2024-09-05T15:25:51.435Z</time>
      </trkpt>
      <trkpt lat="36.901677" lon="-4.556136">
        <ele>492.114403</ele>
        <time>2024-09-05T15:25:53.938Z</time>
      </trkpt>
      <trkpt lat="36.902556" lon="-4.556674">
        <ele>492.897731</ele>
        <time>2024-09-05T15:26:08.173Z</time>
      </trkpt>
      <trkpt lat="36.903002" lon="-4.556720">
        <ele>491.210965</ele>
        <time>2024-09-05T15:26:12.903Z</time>
      </trkpt>
      <trkpt lat="36.903227" lon="-4.556843">
        <ele>489.985682</ele>
        <time>2024-09-05T15:26:15.252Z</time>
      </trkpt>
      <trkpt lat="36.904060" lon="-4.557693">
        <ele>484.621085</ele>
        <time>2024-09-05T15:26:25.081Z</time>
      </trkpt>
      <trkpt lat="36.905368" lon="-4.557783">
        <ele>476.285091</ele>
        <time>2024-09-05T15:26:36.874Z</time>
      </trkpt>
      <trkpt lat="36.906500" lon="-4.557986">
        <ele>470.757909</ele>
        <time>2024-09-05T15:26:47.331Z</time>
      </trkpt>
      <trkpt lat="36.906957" lon="-4.558373">
        <ele>469.160057</ele>
        <time>2024-09-05T15:26:53.063Z</time>
      </trkpt>
      <trkpt lat="36.907075" lon="-4.558319">
        <ele>468.796281</ele>
        <time>2024-09-05T15:26:54.393Z</time>
      </trkpt>
      <trkpt lat="36.907321" lon="-4.557664">
        <ele>467.121055</ele>
        <time>2024-09-05T15:27:02.063Z</time>
      </trkpt>
      <trkpt lat="36.907162" lon="-4.556472">
        <ele>468.287654</ele>
        <time>2024-09-05T15:27:18.589Z</time>
      </trkpt>
      <trkpt lat="36.907044" lon="-4.556290">
        <ele>468.523766</ele>
        <time>2024-09-05T15:27:22.586Z</time>
      </trkpt>
      <trkpt lat="36.906520" lon="-4.555818">
        <ele>469.337581</ele>
        <time>2024-09-05T15:27:38.992Z</time>
      </trkpt>
      <trkpt lat="36.906247" lon="-4.555478">
        <ele>470.350932</ele>
        <time>2024-09-05T15:27:48.833Z</time>
      </trkpt>
      <trkpt lat="36.906079" lon="-4.555017">
        <ele>471.433523</ele>
        <time>2024-09-05T15:27:58.622Z</time>
      </trkpt>
      <trkpt lat="36.906102" lon="-4.553506">
        <ele>475.027297</ele>
        <time>2024-09-05T15:28:29.010Z</time>
      </trkpt>
      <trkpt lat="36.906216" lon="-4.552644">
        <ele>478.243489</ele>
        <time>2024-09-05T15:28:51.395Z</time>
      </trkpt>
      <trkpt lat="36.906663" lon="-4.552125">
        <ele>481.051397</ele>
        <time>2024-09-05T15:29:12.989Z</time>
      </trkpt>
      <trkpt lat="36.907563" lon="-4.551920">
        <ele>485.650028</ele>
        <time>2024-09-05T15:29:48.094Z</time>
      </trkpt>
      <trkpt lat="36.907606" lon="-4.551016">
        <ele>489.440735</ele>
        <time>2024-09-05T15:30:15.477Z</time>
      </trkpt>
      <trkpt lat="36.907995" lon="-4.550334">
        <ele>492.419915</ele>
        <time>2024-09-05T15:30:37.134Z</time>
      </trkpt>
      <trkpt lat="36.907880" lon="-4.549569">
        <ele>494.105491</ele>
        <time>2024-09-05T15:30:53.693Z</time>
      </trkpt>
      <trkpt lat="36.908027" lon="-4.548863">
        <ele>495.685266</ele>
        <time>2024-09-05T15:31:07.160Z</time>
      </trkpt>
      <trkpt lat="36.908700" lon="-4.548687">
        <ele>497.548677</ele>
        <time>2024-09-05T15:31:21.857Z</time>
      </trkpt>
      <trkpt lat="36.909101" lon="-4.548155">
        <ele>499.134566</ele>
        <time>2024-09-05T15:31:35.316Z</time>
      </trkpt>
      <trkpt lat="36.909747" lon="-4.547976">
        <ele>500.929531</ele>
        <time>2024-09-05T15:31:53.226Z</time>
      </trkpt>
      <trkpt lat="36.910653" lon="-4.547644">
        <ele>504.860807</ele>
        <time>2024-09-05T15:32:23.071Z</time>
      </trkpt>
      <trkpt lat="36.911330" lon="-4.547688">
        <ele>508.036090</ele>
        <time>2024-09-05T15:32:46.469Z</time>
      </trkpt>
      <trkpt lat="36.911922" lon="-4.546898">
        <ele>512.344944</ele>
        <time>2024-09-05T15:33:17.887Z</time>
      </trkpt>
      <trkpt lat="36.912249" lon="-4.546956">
        <ele>514.082490</ele>
        <time>2024-09-05T15:33:29.847Z</time>
      </trkpt>
      <trkpt lat="36.912968" lon="-4.547775">
        <ele>519.198798</ele>
        <time>2024-09-05T15:34:04.555Z</time>
      </trkpt>
      <trkpt lat="36.913974" lon="-4.548051">
        <ele>524.147042</ele>
        <time>2024-09-05T15:34:41.402Z</time>
      </trkpt>
      <trkpt lat="36.914634" lon="-4.548544">
        <ele>527.820393</ele>
        <time>2024-09-05T15:35:06.426Z</time>
      </trkpt>
      <trkpt lat="36.915659" lon="-4.548623">
        <ele>531.655432</ele>
        <time>2024-09-05T15:35:37.352Z</time>
      </trkpt>
      <trkpt lat="36.916598" lon="-4.547901">
        <ele>535.818669</ele>
        <time>2024-09-05T15:36:08.326Z</time>
      </trkpt>
      <trkpt lat="36.916793" lon="-4.547344">
        <ele>537.805023</ele>
        <time>2024-09-05T15:36:22.635Z</time>
      </trkpt>
      <trkpt lat="36.917309" lon="-4.546817">
        <ele>540.526925</ele>
        <time>2024-09-05T15:36:43.574Z</time>
      </trkpt>
      <trkpt lat="36.918622" lon="-4.543027">
        <ele>555.240429</ele>
        <time>2024-09-05T15:38:39.193Z</time>
      </trkpt>
      <trkpt lat="36.918944" lon="-4.543008">
        <ele>556.426551</ele>
        <time>2024-09-05T15:38:47.369Z</time>
      </trkpt>
      <trkpt lat="36.919721" lon="-4.543447">
        <ele>557.714349</ele>
        <time>2024-09-05T15:39:03.211Z</time>
      </trkpt>
      <trkpt lat="36.921264" lon="-4.543342">
        <ele>557.467828</ele>
        <time>2024-09-05T15:39:23.876Z</time>
      </trkpt>
      <trkpt lat="36.922134" lon="-4.544083">
        <ele>556.224524</ele>
        <time>2024-09-05T15:39:36.938Z</time>
      </trkpt>
      <trkpt lat="36.922496" lon="-4.545708">
        <ele>554.713339</ele>
        <time>2024-09-05T15:39:51.548Z</time>
      </trkpt>
      <trkpt lat="36.922726" lon="-4.545751">
        <ele>554.460828</ele>
        <time>2024-09-05T15:39:54.107Z</time>
      </trkpt>
      <trkpt lat="36.922774" lon="-4.545672">
        <ele>554.374694</ele>
        <time>2024-09-05T15:39:55.098Z</time>
      </trkpt>
      <trkpt lat="36.922935" lon="-4.545206">
        <ele>553.934025</ele>
        <time>2024-09-05T15:40:00.707Z</time>
      </trkpt>
      <trkpt lat="36.923075" lon="-4.544977">
        <ele>553.715040</ele>
        <time>2024-09-05T15:40:04.436Z</time>
      </trkpt>
      <trkpt lat="36.923215" lon="-4.544847">
        <ele>554.287547</ele>
        <time>2024-09-05T15:40:07.971Z</time>
      </trkpt>
      <trkpt lat="36.923735" lon="-4.544458">
        <ele>556.277008</ele>
        <time>2024-09-05T15:40:21.477Z</time>
      </trkpt>
      <trkpt lat="36.923887" lon="-4.544380">
        <ele>556.816465</ele>
        <time>2024-09-05T15:40:26.624Z</time>
      </trkpt>
      <trkpt lat="36.924259" lon="-4.544267">
        <ele>558.073428</ele>
        <time>2024-09-05T15:40:39.816Z</time>
      </trkpt>
      <trkpt lat="36.925214" lon="-4.544046">
        <ele>561.245270</ele>
        <time>2024-09-05T15:41:14.765Z</time>
      </trkpt>
      <trkpt lat="36.925412" lon="-4.543939">
        <ele>561.946200</ele>
        <time>2024-09-05T15:41:21.380Z</time>
      </trkpt>
      <trkpt lat="36.925524" lon="-4.543788">
        <ele>562.481329</ele>
        <time>2024-09-05T15:41:26.048Z</time>
      </trkpt>
      <trkpt lat="36.925783" lon="-4.543166">
        <ele>564.303297</ele>
        <time>2024-09-05T15:41:39.316Z</time>
      </trkpt>
      <trkpt lat="36.925898" lon="-4.542996">
        <ele>564.881844</ele>
        <time>2024-09-05T15:41:43.056Z</time>
      </trkpt>
      <trkpt lat="36.926372" lon="-4.542449">
        <ele>566.197858</ele>
        <time>2024-09-05T15:41:56.186Z</time>
      </trkpt>
      <trkpt lat="36.926879" lon="-4.541644">
        <ele>567.507853</ele>
        <time>2024-09-05T15:42:12.935Z</time>
      </trkpt>
      <trkpt lat="36.926965" lon="-4.541556">
        <ele>567.685516</ele>
        <time>2024-09-05T15:42:15.254Z</time>
      </trkpt>
      <trkpt lat="36.927096" lon="-4.541486">
        <ele>567.913298</ele>
        <time>2024-09-05T15:42:18.244Z</time>
      </trkpt>
      <trkpt lat="36.928163" lon="-4.541301">
        <ele>570.319824</ele>
        <time>2024-09-05T15:42:43.273Z</time>
      </trkpt>
      <trkpt lat="36.928809" lon="-4.540979">
        <ele>572.009266</ele>
        <time>2024-09-05T15:43:01.551Z</time>
      </trkpt>
      <trkpt lat="36.928931" lon="-4.540859">
        <ele>572.386311</ele>
        <time>2024-09-05T15:43:05.563Z</time>
      </trkpt>
      <trkpt lat="36.928982" lon="-4.540637">
        <ele>572.852669</ele>
        <time>2024-09-05T15:43:10.346Z</time>
      </trkpt>
      <trkpt lat="36.928996" lon="-4.539354">
        <ele>575.646750</ele>
        <time>2024-09-05T15:43:36.548Z</time>
      </trkpt>
      <trkpt lat="36.929048" lon="-4.539013">
        <ele>576.402691</ele>
        <time>2024-09-05T15:43:43.910Z</time>
      </trkpt>
      <trkpt lat="36.929207" lon="-4.538735">
        <ele>577.147045</ele>
        <time>2024-09-05T15:43:51.086Z</time>
      </trkpt>
      <trkpt lat="36.929905" lon="-4.537930">
        <ele>579.627697</ele>
        <time>2024-09-05T15:44:15.112Z</time>
      </trkpt>
      <trkpt lat="36.929964" lon="-4.537827">
        <ele>579.890055</ele>
        <time>2024-09-05T15:44:17.629Z</time>
      </trkpt>
      <trkpt lat="36.929994" lon="-4.537605">
        <ele>580.356221</ele>
        <time>2024-09-05T15:44:22.183Z</time>
      </trkpt>
      <trkpt lat="36.929927" lon="-4.537405">
        <ele>580.805207</ele>
        <time>2024-09-05T15:44:26.632Z</time>
      </trkpt>
      <trkpt lat="36.929398" lon="-4.536334">
        <ele>583.240134</ele>
        <time>2024-09-05T15:44:51.421Z</time>
      </trkpt>
      <trkpt lat="36.929264" lon="-4.535927">
        <ele>584.017181</ele>
        <time>2024-09-05T15:44:59.487Z</time>
      </trkpt>
      <trkpt lat="36.929221" lon="-4.535669">
        <ele>584.482432</ele>
        <time>2024-09-05T15:45:04.454Z</time>
      </trkpt>
      <trkpt lat="36.929219" lon="-4.535520">
        <ele>584.745505</ele>
        <time>2024-09-05T15:45:06.987Z</time>
      </trkpt>
      <trkpt lat="36.929247" lon="-4.535313">
        <ele>585.116125</ele>
        <time>2024-09-05T15:45:10.826Z</time>
      </trkpt>
      <trkpt lat="36.929497" lon="-4.534640">
        <ele>586.490434</ele>
        <time>2024-09-05T15:45:24.413Z</time>
      </trkpt>
      <trkpt lat="36.929757" lon="-4.533965">
        <ele>588.222763</ele>
        <time>2024-09-05T15:45:39.844Z</time>
      </trkpt>
      <trkpt lat="36.929770" lon="-4.533859">
        <ele>588.470702</ele>
        <time>2024-09-05T15:45:41.999Z</time>
      </trkpt>
      <trkpt lat="36.929734" lon="-4.533379">
        <ele>589.585336</ele>
        <time>2024-09-05T15:45:52.005Z</time>
      </trkpt>
      <trkpt lat="36.929745" lon="-4.533221">
        <ele>589.952014</ele>
        <time>2024-09-05T15:45:55.665Z</time>
      </trkpt>
      <trkpt lat="36.929821" lon="-4.533015">
        <ele>590.476564</ele>
        <time>2024-09-05T15:46:00.811Z</time>
      </trkpt>
      <trkpt lat="36.929907" lon="-4.532912">
        <ele>590.820915</ele>
        <time>2024-09-05T15:46:04.387Z</time>
      </trkpt>
      <trkpt lat="36.930082" lon="-4.532781">
        <ele>591.410758</ele>
        <time>2024-09-05T15:46:10.298Z</time>
      </trkpt>
      <trkpt lat="36.930155" lon="-4.532720">
        <ele>591.720496</ele>
        <time>2024-09-05T15:46:12.762Z</time>
      </trkpt>
      <trkpt lat="36.930300" lon="-4.532600">
        <ele>592.338547</ele>
        <time>2024-09-05T15:46:17.879Z</time>
      </trkpt>
      <trkpt lat="36.930494" lon="-4.532438">
        <ele>593.167735</ele>
        <time>2024-09-05T15:46:24.204Z</time>
      </trkpt>
      <trkpt lat="36.930574" lon="-4.532362">
        <ele>593.524838</ele>
        <time>2024-09-05T15:46:27.183Z</time>
      </trkpt>
      <trkpt lat="36.930627" lon="-4.532178">
        <ele>594.080618</ele>
        <time>2024-09-05T15:46:31.481Z</time>
      </trkpt>
      <trkpt lat="36.930818" lon="-4.531564">
        <ele>595.952870</ele>
        <time>2024-09-05T15:46:47.509Z</time>
      </trkpt>
      <trkpt lat="36.931074" lon="-4.530740">
        <ele>597.966223</ele>
        <time>2024-09-05T15:47:08.663Z</time>
      </trkpt>
      <trkpt lat="36.931197" lon="-4.530344">
        <ele>598.247035</ele>
        <time>2024-09-05T15:47:17.816Z</time>
      </trkpt>
      <trkpt lat="36.931238" lon="-4.530280">
        <ele>598.301246</ele>
        <time>2024-09-05T15:47:19.571Z</time>
      </trkpt>
      <trkpt lat="36.931839" lon="-4.529595">
        <ele>598.973526</ele>
        <time>2024-09-05T15:47:34.591Z</time>
      </trkpt>
      <trkpt lat="36.932304" lon="-4.529028">
        <ele>597.838235</ele>
        <time>2024-09-05T15:47:41.754Z</time>
      </trkpt>
      <trkpt lat="36.932043" lon="-4.528900">
        <ele>596.207860</ele>
        <time>2024-09-05T15:47:44.443Z</time>
      </trkpt>
      <trkpt lat="36.931829" lon="-4.528726">
        <ele>594.723522</ele>
        <time>2024-09-05T15:47:46.790Z</time>
      </trkpt>
      <trkpt lat="36.931732" lon="-4.528524">
        <ele>593.628043</ele>
        <time>2024-09-05T15:47:48.510Z</time>
      </trkpt>
      <trkpt lat="36.931531" lon="-4.528169">
        <ele>591.605648</ele>
        <time>2024-09-05T15:47:51.614Z</time>
      </trkpt>
      <trkpt lat="36.931276" lon="-4.527835">
        <ele>589.458500</ele>
        <time>2024-09-05T15:47:54.877Z</time>
      </trkpt>
      <trkpt lat="36.930757" lon="-4.527556">
        <ele>585.119417</ele>
        <time>2024-09-05T15:47:59.818Z</time>
      </trkpt>
      <trkpt lat="36.929804" lon="-4.529014">
        <ele>574.188103</ele>
        <time>2024-09-05T15:48:18.558Z</time>
      </trkpt>
      <trkpt lat="36.929485" lon="-4.528750">
        <ele>574.043943</ele>
        <time>2024-09-05T15:48:23.907Z</time>
      </trkpt>
      <trkpt lat="36.929447" lon="-4.528710">
        <ele>574.025225</ele>
        <time>2024-09-05T15:48:24.673Z</time>
      </trkpt>
      <trkpt lat="36.929302" lon="-4.528559">
        <ele>573.954117</ele>
        <time>2024-09-05T15:48:27.502Z</time>
      </trkpt>
      <trkpt lat="36.929387" lon="-4.528488">
        <ele>573.915596</ele>
        <time>2024-09-05T15:48:29.729Z</time>
      </trkpt>
      <trkpt lat="36.929538" lon="-4.528290">
        <ele>573.833148</ele>
        <time>2024-09-05T15:48:33.050Z</time>
      </trkpt>
      <trkpt lat="36.929803" lon="-4.527659">
        <ele>573.618398</ele>
        <time>2024-09-05T15:48:48.535Z</time>
      </trkpt>
      <trkpt lat="36.929839" lon="-4.527562">
        <ele>573.586177</ele>
        <time>2024-09-05T15:48:51.148Z</time>
      </trkpt>
      <trkpt lat="36.929892" lon="-4.527495">
        <ele>573.964621</ele>
        <time>2024-09-05T15:48:53.413Z</time>
      </trkpt>
      <trkpt lat="36.929989" lon="-4.527460">
        <ele>574.967173</ele>
        <time>2024-09-05T15:48:57.560Z</time>
      </trkpt>
      <trkpt lat="36.930019" lon="-4.527462">
        <ele>575.265518</ele>
        <time>2024-09-05T15:48:59.048Z</time>
      </trkpt>
      <trkpt lat="36.930583" lon="-4.527493">
        <ele>580.871862</ele>
        <time>2024-09-05T15:49:29.910Z</time>
      </trkpt>
      <trkpt lat="36.930757" lon="-4.527556">
        <ele>582.670728</ele>
        <time>2024-09-05T15:49:40.979Z</time>
      </trkpt>
      <trkpt lat="36.931276" lon="-4.527835">
        <ele>588.280496</ele>
        <time>2024-09-05T15:50:16.129Z</time>
      </trkpt>
      <trkpt lat="36.931531" lon="-4.528169">
        <ele>591.927317</ele>
        <time>2024-09-05T15:50:40.181Z</time>
      </trkpt>
      <trkpt lat="36.931732" lon="-4.528524">
        <ele>595.248763</ele>
        <time>2024-09-05T15:51:01.017Z</time>
      </trkpt>
      <trkpt lat="36.931829" lon="-4.528726">
        <ele>597.047906</ele>
        <time>2024-09-05T15:51:11.073Z</time>
      </trkpt>
      <trkpt lat="36.932043" lon="-4.528900">
        <ele>599.485683</ele>
        <time>2024-09-05T15:51:23.963Z</time>
      </trkpt>
      <trkpt lat="36.932304" lon="-4.529028">
        <ele>602.163303</ele>
        <time>2024-09-05T15:51:37.522Z</time>
      </trkpt>
      <trkpt lat="36.932710" lon="-4.528484">
        <ele>607.845569</ele>
        <time>2024-09-05T15:52:07.020Z</time>
      </trkpt>
      <trkpt lat="36.933097" lon="-4.527941">
        <ele>613.358805</ele>
        <time>2024-09-05T15:52:35.573Z</time>
      </trkpt>
      <trkpt lat="36.933217" lon="-4.527807">
        <ele>614.881970</ele>
        <time>2024-09-05T15:52:43.808Z</time>
      </trkpt>
      <trkpt lat="36.933309" lon="-4.527809">
        <ele>615.753292</ele>
        <time>2024-09-05T15:52:48.249Z</time>
      </trkpt>
      <trkpt lat="36.933402" lon="-4.527869">
        <ele>616.744160</ele>
        <time>2024-09-05T15:52:53.887Z</time>
      </trkpt>
      <trkpt lat="36.933436" lon="-4.527973">
        <ele>617.594659</ele>
        <time>2024-09-05T15:52:58.907Z</time>
      </trkpt>
      <trkpt lat="36.933522" lon="-4.528252">
        <ele>619.858064</ele>
        <time>2024-09-05T15:53:11.314Z</time>
      </trkpt>
      <trkpt lat="36.933585" lon="-4.528367">
        <ele>620.913341</ele>
        <time>2024-09-05T15:53:17.550Z</time>
      </trkpt>
      <trkpt lat="36.933777" lon="-4.528499">
        <ele>622.987926</ele>
        <time>2024-09-05T15:53:29.007Z</time>
      </trkpt>
      <trkpt lat="36.933979" lon="-4.528550">
        <ele>624.939321</ele>
        <time>2024-09-05T15:53:40.426Z</time>
      </trkpt>
      <trkpt lat="36.934207" lon="-4.528566">
        <ele>627.415287</ele>
        <time>2024-09-05T15:53:53.387Z</time>
      </trkpt>
      <trkpt lat="36.934711" lon="-4.528545">
        <ele>633.219187</ele>
        <time>2024-09-05T15:54:24.234Z</time>
      </trkpt>
      <trkpt lat="36.934813" lon="-4.528564">
        <ele>634.406076</ele>
        <time>2024-09-05T15:54:30.624Z</time>
      </trkpt>
      <trkpt lat="36.934891" lon="-4.528610">
        <ele>635.398544</ele>
        <time>2024-09-05T15:54:36.076Z</time>
      </trkpt>
      <trkpt lat="36.934915" lon="-4.528819">
        <ele>637.340999</ele>
        <time>2024-09-05T15:54:46.806Z</time>
      </trkpt>
      <trkpt lat="36.934856" lon="-4.529214">
        <ele>641.037740</ele>
        <time>2024-09-05T15:55:07.216Z</time>
      </trkpt>
      <trkpt lat="36.934865" lon="-4.529405">
        <ele>642.797914</ele>
        <time>2024-09-05T15:55:16.897Z</time>
      </trkpt>
      <trkpt lat="36.934947" lon="-4.529623">
        <ele>645.014389</ele>
        <time>2024-09-05T15:55:28.953Z</time>
      </trkpt>
      <trkpt lat="36.935081" lon="-4.529777">
        <ele>647.093584</ele>
        <time>2024-09-05T15:55:40.229Z</time>
      </trkpt>
      <trkpt lat="36.935736" lon="-4.530234">
        <ele>655.555132</ele>
        <time>2024-09-05T15:56:25.117Z</time>
      </trkpt>
      <trkpt lat="36.935864" lon="-4.530255">
        <ele>657.011654</ele>
        <time>2024-09-05T15:56:32.351Z</time>
      </trkpt>
      <trkpt lat="36.936067" lon="-4.530177">
        <ele>659.407580</ele>
        <time>2024-09-05T15:56:44.842Z</time>
      </trkpt>
      <trkpt lat="36.936568" lon="-4.529636">
        <ele>666.867168</ele>
        <time>2024-09-05T15:57:24.768Z</time>
      </trkpt>
      <trkpt lat="36.936711" lon="-4.529540">
        <ele>668.641374</ele>
        <time>2024-09-05T15:57:34.688Z</time>
      </trkpt>
      <trkpt lat="36.936897" lon="-4.529485">
        <ele>670.730853</ele>
        <time>2024-09-05T15:57:46.069Z</time>
      </trkpt>
      <trkpt lat="36.937134" lon="-4.529475">
        <ele>673.323341</ele>
        <time>2024-09-05T15:58:00.030Z</time>
      </trkpt>
      <trkpt lat="36.937278" lon="-4.529547">
        <ele>675.018694</ele>
        <time>2024-09-05T15:58:09.037Z</time>
      </trkpt>
      <trkpt lat="36.937354" lon="-4.529652">
        <ele>676.256515</ele>
        <time>2024-09-05T15:58:15.714Z</time>
      </trkpt>
      <trkpt lat="36.937881" lon="-4.530725">
        <ele>687.270302</ele>
        <time>2024-09-05T15:59:13.326Z</time>
      </trkpt>
      <trkpt lat="36.937959" lon="-4.530823">
        <ele>688.490078</ele>
        <time>2024-09-05T15:59:19.885Z</time>
      </trkpt>
      <trkpt lat="36.938351" lon="-4.531179">
        <ele>693.835023</ele>
        <time>2024-09-05T15:59:49.439Z</time>
      </trkpt>
      <trkpt lat="36.938615" lon="-4.531535">
        <ele>698.118066</ele>
        <time>2024-09-05T16:00:12.760Z</time>
      </trkpt>
      <trkpt lat="36.938827" lon="-4.531769">
        <ele>701.237615</ele>
        <time>2024-09-05T16:00:29.328Z</time>
      </trkpt>
      <trkpt lat="36.939024" lon="-4.532045">
        <ele>704.501161</ele>
        <time>2024-09-05T16:00:46.418Z</time>
      </trkpt>
      <trkpt lat="36.939441" lon="-4.532727">
        <ele>712.286295</ele>
        <time>2024-09-05T16:01:26.211Z</time>
      </trkpt>
      <trkpt lat="36.939653" lon="-4.532860">
        <ele>714.996891</ele>
        <time>2024-09-05T16:01:40.354Z</time>
      </trkpt>
      <trkpt lat="36.939971" lon="-4.532915">
        <ele>718.666022</ele>
        <time>2024-09-05T16:01:59.930Z</time>
      </trkpt>
      <trkpt lat="36.940061" lon="-4.532885">
        <ele>719.730554</ele>
        <time>2024-09-05T16:02:05.678Z</time>
      </trkpt>
      <trkpt lat="36.940223" lon="-4.532765">
        <ele>721.882301</ele>
        <time>2024-09-05T16:02:17.323Z</time>
      </trkpt>
      <trkpt lat="36.940521" lon="-4.532508">
        <ele>726.019027</ele>
        <time>2024-09-05T16:02:40.056Z</time>
      </trkpt>
      <trkpt lat="36.940689" lon="-4.532455">
        <ele>728.067925</ele>
        <time>2024-09-05T16:02:51.079Z</time>
      </trkpt>
      <trkpt lat="36.940878" lon="-4.532456">
        <ele>730.343033</ele>
        <time>2024-09-05T16:03:03.112Z</time>
      </trkpt>
      <trkpt lat="36.940974" lon="-4.532481">
        <ele>731.523399</ele>
        <time>2024-09-05T16:03:09.428Z</time>
      </trkpt>
      <trkpt lat="36.941061" lon="-4.532570">
        <ele>732.876158</ele>
        <time>2024-09-05T16:03:16.642Z</time>
      </trkpt>
      <trkpt lat="36.941493" lon="-4.534169">
        <ele>749.068766</ele>
        <time>2024-09-05T16:04:42.364Z</time>
      </trkpt>
      <trkpt lat="36.941853" lon="-4.535520">
        <ele>761.926535</ele>
        <time>2024-09-05T16:05:50.285Z</time>
      </trkpt>
      <trkpt lat="36.941921" lon="-4.535662">
        <ele>763.421110</ele>
        <time>2024-09-05T16:05:58.089Z</time>
      </trkpt>
      <trkpt lat="36.941998" lon="-4.535749">
        <ele>764.593113</ele>
        <time>2024-09-05T16:06:04.208Z</time>
      </trkpt>
      <trkpt lat="36.942079" lon="-4.535751">
        <ele>765.508302</ele>
        <time>2024-09-05T16:06:09.030Z</time>
      </trkpt>
      <trkpt lat="36.942140" lon="-4.535671">
        <ele>766.506568</ele>
        <time>2024-09-05T16:06:14.216Z</time>
      </trkpt>
      <trkpt lat="36.942200" lon="-4.535080">
        <ele>771.967217</ele>
        <time>2024-09-05T16:06:42.285Z</time>
      </trkpt>
      <trkpt lat="36.942259" lon="-4.534907">
        <ele>773.708772</ele>
        <time>2024-09-05T16:06:51.453Z</time>
      </trkpt>
      <trkpt lat="36.942343" lon="-4.534824">
        <ele>774.948760</ele>
        <time>2024-09-05T16:06:57.780Z</time>
      </trkpt>
      <trkpt lat="36.942489" lon="-4.534795">
        <ele>776.661327</ele>
        <time>2024-09-05T16:07:06.558Z</time>
      </trkpt>
      <trkpt lat="36.943176" lon="-4.534761">
        <ele>784.626330</ele>
        <time>2024-09-05T16:07:48.402Z</time>
      </trkpt>
      <trkpt lat="36.943314" lon="-4.534795">
        <ele>786.255737</ele>
        <time>2024-09-05T16:07:57.426Z</time>
      </trkpt>
      <trkpt lat="36.943497" lon="-4.534902">
        <ele>788.595823</ele>
        <time>2024-09-05T16:08:10.117Z</time>
      </trkpt>
      <trkpt lat="36.943599" lon="-4.535029">
        <ele>790.336379</ele>
        <time>2024-09-05T16:08:19.581Z</time>
      </trkpt>
      <trkpt lat="36.943647" lon="-4.535199">
        <ele>792.169897</ele>
        <time>2024-09-05T16:08:28.839Z</time>
      </trkpt>
      <trkpt lat="36.943648" lon="-4.535399">
        <ele>794.203824</ele>
        <time>2024-09-05T16:08:39.372Z</time>
      </trkpt>
      <trkpt lat="36.943614" lon="-4.535698">
        <ele>797.275108</ele>
        <time>2024-09-05T16:08:55.259Z</time>
      </trkpt>
      <trkpt lat="36.943622" lon="-4.535957">
        <ele>799.910959</ele>
        <time>2024-09-05T16:09:08.854Z</time>
      </trkpt>
      <trkpt lat="36.943674" lon="-4.536125">
        <ele>801.743072</ele>
        <time>2024-09-05T16:09:18.642Z</time>
      </trkpt>
      <trkpt lat="36.943751" lon="-4.536262">
        <ele>803.446292</ele>
        <time>2024-09-05T16:09:27.423Z</time>
      </trkpt>
      <trkpt lat="36.943825" lon="-4.536339">
        <ele>804.670929</ele>
        <time>2024-09-05T16:09:33.895Z</time>
      </trkpt>
      <trkpt lat="36.943917" lon="-4.536380">
        <ele>805.913582</ele>
        <time>2024-09-05T16:09:40.709Z</time>
      </trkpt>
      <trkpt lat="36.944103" lon="-4.536357">
        <ele>808.291792</ele>
        <time>2024-09-05T16:09:53.349Z</time>
      </trkpt>
      <trkpt lat="36.944642" lon="-4.536189">
        <ele>814.782031</ele>
        <time>2024-09-05T16:10:30.338Z</time>
      </trkpt>
      <trkpt lat="36.944835" lon="-4.536138">
        <ele>816.801870</ele>
        <time>2024-09-05T16:10:42.778Z</time>
      </trkpt>
      <trkpt lat="36.944933" lon="-4.536169">
        <ele>817.836924</ele>
        <time>2024-09-05T16:10:49.219Z</time>
      </trkpt>
      <trkpt lat="36.944958" lon="-4.536238">
        <ele>818.456912</ele>
        <time>2024-09-05T16:10:53.102Z</time>
      </trkpt>
      <trkpt lat="36.944967" lon="-4.536730">
        <ele>822.484318</ele>
        <time>2024-09-05T16:11:16.102Z</time>
      </trkpt>
      <trkpt lat="36.945007" lon="-4.536786">
        <ele>823.098959</ele>
        <time>2024-09-05T16:11:19.308Z</time>
      </trkpt>
      <trkpt lat="36.945061" lon="-4.536809">
        <ele>823.683057</ele>
        <time>2024-09-05T16:11:22.472Z</time>
      </trkpt>
      <trkpt lat="36.945144" lon="-4.536785">
        <ele>824.555345</ele>
        <time>2024-09-05T16:11:27.086Z</time>
      </trkpt>
      <trkpt lat="36.945718" lon="-4.536405">
        <ele>831.013484</ele>
        <time>2024-09-05T16:11:58.189Z</time>
      </trkpt>
      <trkpt lat="36.945931" lon="-4.536236">
        <ele>832.315950</ele>
        <time>2024-09-05T16:12:08.865Z</time>
      </trkpt>
      <trkpt lat="36.946066" lon="-4.536073">
        <ele>833.284763</ele>
        <time>2024-09-05T16:12:16.316Z</time>
      </trkpt>
      <trkpt lat="36.946294" lon="-4.535723">
        <ele>835.148348</ele>
        <time>2024-09-05T16:12:29.022Z</time>
      </trkpt>
      <trkpt lat="36.946947" lon="-4.534413">
        <ele>841.356871</ele>
        <time>2024-09-05T16:13:06.977Z</time>
      </trkpt>
      <trkpt lat="36.947050" lon="-4.534284">
        <ele>842.022378</ele>
        <time>2024-09-05T16:13:11.385Z</time>
      </trkpt>
      <trkpt lat="36.947177" lon="-4.534186">
        <ele>842.703761</ele>
        <time>2024-09-05T16:13:15.711Z</time>
      </trkpt>
      <trkpt lat="36.947742" lon="-4.533976">
        <ele>845.395345</ele>
        <time>2024-09-05T16:13:34.413Z</time>
      </trkpt>
      <trkpt lat="36.947817" lon="-4.533918">
        <ele>845.797977</ele>
        <time>2024-09-05T16:13:37.316Z</time>
      </trkpt>
      <trkpt lat="36.947910" lon="-4.533786">
        <ele>846.440198</ele>
        <time>2024-09-05T16:13:42.186Z</time>
      </trkpt>
      <trkpt lat="36.947962" lon="-4.533650">
        <ele>846.990423</ele>
        <time>2024-09-05T16:13:46.520Z</time>
      </trkpt>
      <trkpt lat="36.948121" lon="-4.533034">
        <ele>849.696852</ele>
        <time>2024-09-05T16:14:05.954Z</time>
      </trkpt>
      <trkpt lat="36.948169" lon="-4.532903">
        <ele>850.398098</ele>
        <time>2024-09-05T16:14:10.543Z</time>
      </trkpt>
      <trkpt lat="36.948254" lon="-4.532775">
        <ele>851.207901</ele>
        <time>2024-09-05T16:14:15.773Z</time>
      </trkpt>
      <trkpt lat="36.948322" lon="-4.532718">
        <ele>851.706249</ele>
        <time>2024-09-05T16:14:18.961Z</time>
      </trkpt>
      <trkpt lat="36.948630" lon="-4.532595">
        <ele>853.674760</ele>
        <time>2024-09-05T16:14:31.474Z</time>
      </trkpt>
      <trkpt lat="36.948780" lon="-4.532500">
        <ele>854.698387</ele>
        <time>2024-09-05T16:14:37.959Z</time>
      </trkpt>
      <trkpt lat="36.949539" lon="-4.531806">
        <ele>860.534162</ele>
        <time>2024-09-05T16:15:15.895Z</time>
      </trkpt>
      <trkpt lat="36.949786" lon="-4.531478">
        <ele>862.940950</ele>
        <time>2024-09-05T16:15:31.206Z</time>
      </trkpt>
      <trkpt lat="36.949939" lon="-4.531188">
        <ele>864.796704</ele>
        <time>2024-09-05T16:15:42.981Z</time>
      </trkpt>
      <trkpt lat="36.950428" lon="-4.529926">
        <ele>872.135825</ele>
        <time>2024-09-05T16:16:29.844Z</time>
      </trkpt>
      <trkpt lat="36.950503" lon="-4.529805">
        <ele>872.829629</ele>
        <time>2024-09-05T16:16:34.790Z</time>
      </trkpt>
      <trkpt lat="36.950619" lon="-4.529693">
        <ele>873.660310</ele>
        <time>2024-09-05T16:16:40.614Z</time>
      </trkpt>
      <trkpt lat="36.950814" lon="-4.529635">
        <ele>874.796670</ele>
        <time>2024-09-05T16:16:48.576Z</time>
      </trkpt>
      <trkpt lat="36.951181" lon="-4.529645">
        <ele>876.877878</ele>
        <time>2024-09-05T16:17:02.954Z</time>
      </trkpt>
      <trkpt lat="36.951386" lon="-4.529598">
        <ele>878.059477</ele>
        <time>2024-09-05T16:17:10.857Z</time>
      </trkpt>
      <trkpt lat="36.952387" lon="-4.528507">
        <ele>884.424841</ele>
        <time>2024-09-05T16:17:55.111Z</time>
      </trkpt>
      <trkpt lat="36.952489" lon="-4.528340">
        <ele>885.107321</ele>
        <time>2024-09-05T16:17:59.923Z</time>
      </trkpt>
      <trkpt lat="36.952835" lon="-4.527223">
        <ele>889.014476</ele>
        <time>2024-09-05T16:18:27.533Z</time>
      </trkpt>
      <trkpt lat="36.952941" lon="-4.526972">
        <ele>890.016487</ele>
        <time>2024-09-05T16:18:34.520Z</time>
      </trkpt>
      <trkpt lat="36.953327" lon="-4.526336">
        <ele>892.835273</ele>
        <time>2024-09-05T16:18:55.686Z</time>
      </trkpt>
      <trkpt lat="36.953487" lon="-4.525833">
        <ele>894.746094</ele>
        <time>2024-09-05T16:19:10.341Z</time>
      </trkpt>
      <trkpt lat="36.953660" lon="-4.525023">
        <ele>897.549626</ele>
        <time>2024-09-05T16:19:32.740Z</time>
      </trkpt>
      <trkpt lat="36.953771" lon="-4.524767">
        <ele>898.411567</ele>
        <time>2024-09-05T16:19:40.344Z</time>
      </trkpt>
      <trkpt lat="36.953877" lon="-4.524597">
        <ele>899.049691</ele>
        <time>2024-09-05T16:19:45.846Z</time>
      </trkpt>
      <trkpt lat="36.954272" lon="-4.524126">
        <ele>901.070255</ele>
        <time>2024-09-05T16:20:02.796Z</time>
      </trkpt>
      <trkpt lat="36.954666" lon="-4.523528">
        <ele>903.363905</ele>
        <time>2024-09-05T16:20:19.282Z</time>
      </trkpt>
      <trkpt lat="36.955389" lon="-4.522266">
        <ele>906.628735</ele>
        <time>2024-09-05T16:20:47.785Z</time>
      </trkpt>
      <trkpt lat="36.955681" lon="-4.521922">
        <ele>907.680276</ele>
        <time>2024-09-05T16:20:58.507Z</time>
      </trkpt>
      <trkpt lat="36.955914" lon="-4.521695">
        <ele>908.724166</ele>
        <time>2024-09-05T16:21:07.096Z</time>
      </trkpt>
      <trkpt lat="36.956200" lon="-4.521336">
        <ele>910.638384</ele>
        <time>2024-09-05T16:21:19.640Z</time>
      </trkpt>
      <trkpt lat="36.956428" lon="-4.520992">
        <ele>912.326030</ele>
        <time>2024-09-05T16:21:31.323Z</time>
      </trkpt>
      <trkpt lat="36.957019" lon="-4.519953">
        <ele>917.255278</ele>
        <time>2024-09-05T16:22:08.459Z</time>
      </trkpt>
      <trkpt lat="36.957164" lon="-4.519775">
        <ele>918.422874</ele>
        <time>2024-09-05T16:22:16.408Z</time>
      </trkpt>
      <trkpt lat="36.957408" lon="-4.519563">
        <ele>920.130392</ele>
        <time>2024-09-05T16:22:27.918Z</time>
      </trkpt>
      <trkpt lat="36.957554" lon="-4.519484">
        <ele>921.044749</ele>
        <time>2024-09-05T16:22:34.053Z</time>
      </trkpt>
      <trkpt lat="36.957705" lon="-4.519427">
        <ele>921.951386</ele>
        <time>2024-09-05T16:22:39.747Z</time>
      </trkpt>
      <trkpt lat="36.958234" lon="-4.519374">
        <ele>925.002016</ele>
        <time>2024-09-05T16:22:59.773Z</time>
      </trkpt>
      <trkpt lat="36.958364" lon="-4.519310">
        <ele>925.805052</ele>
        <time>2024-09-05T16:23:05.208Z</time>
      </trkpt>
      <trkpt lat="36.958469" lon="-4.519201">
        <ele>926.589264</ele>
        <time>2024-09-05T16:23:10.517Z</time>
      </trkpt>
      <trkpt lat="36.958546" lon="-4.519033">
        <ele>927.308600</ele>
        <time>2024-09-05T16:23:16.546Z</time>
      </trkpt>
      <trkpt lat="36.958625" lon="-4.518614">
        <ele>928.640647</ele>
        <time>2024-09-05T16:23:29.755Z</time>
      </trkpt>
      <trkpt lat="36.958701" lon="-4.518420">
        <ele>929.309168</ele>
        <time>2024-09-05T16:23:35.987Z</time>
      </trkpt>
      <trkpt lat="36.958818" lon="-4.518265">
        <ele>929.968909</ele>
        <time>2024-09-05T16:23:41.711Z</time>
      </trkpt>
      <trkpt lat="36.958954" lon="-4.518161">
        <ele>930.586058</ele>
        <time>2024-09-05T16:23:46.810Z</time>
      </trkpt>
      <trkpt lat="36.959334" lon="-4.518032">
        <ele>932.110662</ele>
        <time>2024-09-05T16:23:57.683Z</time>
      </trkpt>
      <trkpt lat="36.959407" lon="-4.517973">
        <ele>932.447155</ele>
        <time>2024-09-05T16:23:59.829Z</time>
      </trkpt>
      <trkpt lat="36.959476" lon="-4.517858">
        <ele>932.892121</ele>
        <time>2024-09-05T16:24:02.474Z</time>
      </trkpt>
      <trkpt lat="36.959563" lon="-4.517595">
        <ele>933.772847</ele>
        <time>2024-09-05T16:24:07.514Z</time>
      </trkpt>
      <trkpt lat="36.959675" lon="-4.517373">
        <ele>934.014611</ele>
        <time>2024-09-05T16:24:11.874Z</time>
      </trkpt>
      <trkpt lat="36.959788" lon="-4.517254">
        <ele>934.094588</ele>
        <time>2024-09-05T16:24:14.755Z</time>
      </trkpt>
      <trkpt lat="36.960260" lon="-4.516878">
        <ele>934.397586</ele>
        <time>2024-09-05T16:24:25.204Z</time>
      </trkpt>
      <trkpt lat="36.960430" lon="-4.516659">
        <ele>934.529707</ele>
        <time>2024-09-05T16:24:28.867Z</time>
      </trkpt>
      <trkpt lat="36.960908" lon="-4.515862">
        <ele>935.042783</ele>
        <time>2024-09-05T16:24:39.408Z</time>
      </trkpt>
      <trkpt lat="36.960994" lon="-4.515779">
        <ele>935.175615</ele>
        <time>2024-09-05T16:24:40.948Z</time>
      </trkpt>
      <trkpt lat="36.961445" lon="-4.515498">
        <ele>935.791816</ele>
        <time>2024-09-05T16:24:49.323Z</time>
      </trkpt>
      <trkpt lat="36.961621" lon="-4.515359">
        <ele>936.046363</ele>
        <time>2024-09-05T16:24:53.514Z</time>
      </trkpt>
      <trkpt lat="36.961855" lon="-4.515093">
        <ele>936.433009</ele>
        <time>2024-09-05T16:25:00.362Z</time>
      </trkpt>
      <trkpt lat="36.962485" lon="-4.514095">
        <ele>938.207599</ele>
        <time>2024-09-05T16:25:25.170Z</time>
      </trkpt>
      <trkpt lat="36.964159" lon="-4.511075">
        <ele>945.339192</ele>
        <time>2024-09-05T16:26:36.293Z</time>
      </trkpt>
      <trkpt lat="36.964364" lon="-4.510727">
        <ele>946.500176</ele>
        <time>2024-09-05T16:26:45.423Z</time>
      </trkpt>
      <trkpt lat="36.964252" lon="-4.511295">
        <ele>948.542093</ele>
        <time>2024-09-05T16:26:58.869Z</time>
      </trkpt>
      <trkpt lat="36.964238" lon="-4.511331">
        <ele>948.681833</ele>
        <time>2024-09-05T16:26:59.706Z</time>
      </trkpt>
      <trkpt lat="36.964151" lon="-4.511558">
        <ele>949.560542</ele>
        <time>2024-09-05T16:27:05.864Z</time>
      </trkpt>
      <trkpt lat="36.963948" lon="-4.512091">
        <ele>951.621364</ele>
        <time>2024-09-05T16:27:21.841Z</time>
      </trkpt>
      <trkpt lat="36.963924" lon="-4.512158">
        <ele>951.877634</ele>
        <time>2024-09-05T16:27:23.814Z</time>
      </trkpt>
      <trkpt lat="36.963485" lon="-4.513493">
        <ele>958.376425</ele>
        <time>2024-09-05T16:28:08.816Z</time>
      </trkpt>
      <trkpt lat="36.963324" lon="-4.514052">
        <ele>961.380540</ele>
        <time>2024-09-05T16:28:26.201Z</time>
      </trkpt>
      <trkpt lat="36.963125" lon="-4.514532">
        <ele>964.114483</ele>
        <time>2024-09-05T16:28:44.068Z</time>
      </trkpt>
      <trkpt lat="36.962717" lon="-4.515285">
        <ele>971.075099</ele>
        <time>2024-09-05T16:29:18.711Z</time>
      </trkpt>
      <trkpt lat="36.962631" lon="-4.515587">
        <ele>973.737921</ele>
        <time>2024-09-05T16:29:31.956Z</time>
      </trkpt>
      <trkpt lat="36.962255" lon="-4.517595">
        <ele>992.958929</ele>
        <time>2024-09-05T16:31:17.744Z</time>
      </trkpt>
      <trkpt lat="36.962186" lon="-4.518135">
        <ele>998.833342</ele>
        <time>2024-09-05T16:31:49.939Z</time>
      </trkpt>
      <trkpt lat="36.962187" lon="-4.518472">
        <ele>1002.453441</ele>
        <time>2024-09-05T16:32:09.183Z</time>
      </trkpt>
      <trkpt lat="36.962267" lon="-4.518932">
        <ele>1007.510476</ele>
        <time>2024-09-05T16:32:35.594Z</time>
      </trkpt>
      <trkpt lat="36.962490" lon="-4.519676">
        <ele>1015.921064</ele>
        <time>2024-09-05T16:33:19.543Z</time>
      </trkpt>
      <trkpt lat="36.962515" lon="-4.519860">
        <ele>1017.895065</ele>
        <time>2024-09-05T16:33:29.663Z</time>
      </trkpt>
      <trkpt lat="36.962526" lon="-4.520046">
        <ele>1019.867664</ele>
        <time>2024-09-05T16:33:39.527Z</time>
      </trkpt>
      <trkpt lat="36.962472" lon="-4.520777">
        <ele>1027.632016</ele>
        <time>2024-09-05T16:34:17.969Z</time>
      </trkpt>
      <trkpt lat="36.962427" lon="-4.521084">
        <ele>1030.933169</ele>
        <time>2024-09-05T16:34:34.609Z</time>
      </trkpt>
      <trkpt lat="36.961835" lon="-4.523002">
        <ele>1053.070670</ele>
        <time>2024-09-05T16:36:29.323Z</time>
      </trkpt>
      <trkpt lat="36.961512" lon="-4.524538">
        <ele>1067.673984</ele>
        <time>2024-09-05T16:37:53.979Z</time>
      </trkpt>
      <trkpt lat="36.961290" lon="-4.525340">
        <ele>1075.203335</ele>
        <time>2024-09-05T16:38:30.523Z</time>
      </trkpt>
      <trkpt lat="36.960331" lon="-4.527371">
        <ele>1087.467995</ele>
        <time>2024-09-05T16:39:43.203Z</time>
      </trkpt>
      <trkpt lat="36.959617" lon="-4.528513">
        <ele>1095.592558</ele>
        <time>2024-09-05T16:40:26.923Z</time>
      </trkpt>
      <trkpt lat="36.959373" lon="-4.528944">
        <ele>1098.552137</ele>
        <time>2024-09-05T16:40:46.007Z</time>
      </trkpt>
      <trkpt lat="36.958757" lon="-4.530188">
        <ele>1111.769725</ele>
        <time>2024-09-05T16:41:54.073Z</time>
      </trkpt>
      <trkpt lat="36.958616" lon="-4.530488">
        <ele>1115.157075</ele>
        <time>2024-09-05T16:42:13.152Z</time>
      </trkpt>
      <trkpt lat="36.958474" lon="-4.530966">
        <ele>1120.120290</ele>
        <time>2024-09-05T16:42:42.966Z</time>
      </trkpt>
      <trkpt lat="36.958423" lon="-4.531343">
        <ele>1124.339236</ele>
        <time>2024-09-05T16:43:05.487Z</time>
      </trkpt>
      <trkpt lat="36.958410" lon="-4.532018">
        <ele>1132.553179</ele>
        <time>2024-09-05T16:43:46.339Z</time>
      </trkpt>
      <trkpt lat="36.958381" lon="-4.532329">
        <ele>1136.362252</ele>
        <time>2024-09-05T16:44:05.657Z</time>
      </trkpt>
      <trkpt lat="36.958122" lon="-4.532844">
        <ele>1143.764934</ele>
        <time>2024-09-05T16:44:44.009Z</time>
      </trkpt>
      <trkpt lat="36.958090" lon="-4.532978">
        <ele>1145.466328</ele>
        <time>2024-09-05T16:44:52.729Z</time>
      </trkpt>
      <trkpt lat="36.958107" lon="-4.533153">
        <ele>1147.610933</ele>
        <time>2024-09-05T16:45:03.627Z</time>
      </trkpt>
      <trkpt lat="36.958145" lon="-4.533237">
        <ele>1148.785215</ele>
        <time>2024-09-05T16:45:09.389Z</time>
      </trkpt>
      <trkpt lat="36.958649" lon="-4.533958">
        <ele>1158.769270</ele>
        <time>2024-09-05T16:46:04.877Z</time>
      </trkpt>
      <trkpt lat="36.958692" lon="-4.534092">
        <ele>1160.264186</ele>
        <time>2024-09-05T16:46:12.693Z</time>
      </trkpt>
      <trkpt lat="36.958627" lon="-4.534633">
        <ele>1165.927845</ele>
        <time>2024-09-05T16:46:41.196Z</time>
      </trkpt>
      <trkpt lat="36.958674" lon="-4.535350">
        <ele>1173.085789</ele>
        <time>2024-09-05T16:47:15.895Z</time>
      </trkpt>
      <trkpt lat="36.958576" lon="-4.535748">
        <ele>1175.908142</ele>
        <time>2024-09-05T16:47:34.262Z</time>
      </trkpt>
      <trkpt lat="36.958395" lon="-4.536277">
        <ele>1179.807945</ele>
        <time>2024-09-05T16:47:57.433Z</time>
      </trkpt>
      <trkpt lat="36.958264" lon="-4.536415">
        <ele>1181.260171</ele>
        <time>2024-09-05T16:48:05.408Z</time>
      </trkpt>
      <trkpt lat="36.958003" lon="-4.536584">
        <ele>1183.752446</ele>
        <time>2024-09-05T16:48:18.380Z</time>
      </trkpt>
      <trkpt lat="36.957942" lon="-4.536677">
        <ele>1184.567837</ele>
        <time>2024-09-05T16:48:22.484Z</time>
      </trkpt>
      <trkpt lat="36.957259" lon="-4.538254">
        <ele>1195.223656</ele>
        <time>2024-09-05T16:49:22.209Z</time>
      </trkpt>
      <trkpt lat="36.957149" lon="-4.538458">
        <ele>1196.611373</ele>
        <time>2024-09-05T16:49:30.795Z</time>
      </trkpt>
      <trkpt lat="36.957060" lon="-4.538550">
        <ele>1197.425962</ele>
        <time>2024-09-05T16:49:35.913Z</time>
      </trkpt>
      <trkpt lat="36.956703" lon="-4.538786">
        <ele>1200.275055</ele>
        <time>2024-09-05T16:49:54.415Z</time>
      </trkpt>
      <trkpt lat="36.956515" lon="-4.538963">
        <ele>1201.763024</ele>
        <time>2024-09-05T16:50:05.517Z</time>
      </trkpt>
      <trkpt lat="36.956398" lon="-4.539123">
        <ele>1202.840964</ele>
        <time>2024-09-05T16:50:14.018Z</time>
      </trkpt>
      <trkpt lat="36.955572" lon="-4.540748">
        <ele>1211.756224</ele>
        <time>2024-09-05T16:51:14.622Z</time>
      </trkpt>
      <trkpt lat="36.955506" lon="-4.541003">
        <ele>1211.910272</ele>
        <time>2024-09-05T16:51:20.137Z</time>
      </trkpt>
      <trkpt lat="36.955497" lon="-4.541277">
        <ele>1212.067878</ele>
        <time>2024-09-05T16:51:25.346Z</time>
      </trkpt>
      <trkpt lat="36.955536" lon="-4.542245">
        <ele>1212.624911</ele>
        <time>2024-09-05T16:51:37.115Z</time>
      </trkpt>
      <trkpt lat="36.955518" lon="-4.542351">
        <ele>1212.687191</ele>
        <time>2024-09-05T16:51:38.071Z</time>
      </trkpt>
      <trkpt lat="36.955449" lon="-4.542590">
        <ele>1212.833238</ele>
        <time>2024-09-05T16:51:40.288Z</time>
      </trkpt>
      <trkpt lat="36.955135" lon="-4.543274">
        <ele>1211.974409</ele>
        <time>2024-09-05T16:51:46.898Z</time>
      </trkpt>
      <trkpt lat="36.955062" lon="-4.543363">
        <ele>1211.749621</ele>
        <time>2024-09-05T16:51:47.979Z</time>
      </trkpt>
      <trkpt lat="36.954062" lon="-4.543955">
        <ele>1209.309680</ele>
        <time>2024-09-05T16:51:59.604Z</time>
      </trkpt>
      <trkpt lat="36.953616" lon="-4.544180">
        <ele>1209.145569</ele>
        <time>2024-09-05T16:52:05.273Z</time>
      </trkpt>
      <trkpt lat="36.953526" lon="-4.544212">
        <ele>1209.186604</ele>
        <time>2024-09-05T16:52:06.507Z</time>
      </trkpt>
      <trkpt lat="36.953288" lon="-4.544295">
        <ele>1209.294966</ele>
        <time>2024-09-05T16:52:09.951Z</time>
      </trkpt>
      <trkpt lat="36.953616" lon="-4.544180">
        <ele>1209.444362</ele>
        <time>2024-09-05T16:52:15.443Z</time>
      </trkpt>
      <trkpt lat="36.954062" lon="-4.543955">
        <ele>1209.655269</ele>
        <time>2024-09-05T16:52:25.058Z</time>
      </trkpt>
      <trkpt lat="36.955062" lon="-4.543363">
        <ele>1211.522461</ele>
        <time>2024-09-05T16:52:52.925Z</time>
      </trkpt>
      <trkpt lat="36.955135" lon="-4.543274">
        <ele>1211.741306</ele>
        <time>2024-09-05T16:52:55.408Z</time>
      </trkpt>
      <trkpt lat="36.955449" lon="-4.542590">
        <ele>1213.094869</ele>
        <time>2024-09-05T16:53:11.397Z</time>
      </trkpt>
      <trkpt lat="36.955518" lon="-4.542351">
        <ele>1213.530913</ele>
        <time>2024-09-05T16:53:16.074Z</time>
      </trkpt>
      <trkpt lat="36.955536" lon="-4.542245">
        <ele>1213.574609</ele>
        <time>2024-09-05T16:53:18.004Z</time>
      </trkpt>
      <trkpt lat="36.955497" lon="-4.541277">
        <ele>1211.805768</ele>
        <time>2024-09-05T16:53:29.226Z</time>
      </trkpt>
      <trkpt lat="36.955506" lon="-4.541003">
        <ele>1211.305296</ele>
        <time>2024-09-05T16:53:31.586Z</time>
      </trkpt>
      <trkpt lat="36.955572" lon="-4.540748">
        <ele>1210.816120</ele>
        <time>2024-09-05T16:53:33.821Z</time>
      </trkpt>
      <trkpt lat="36.956398" lon="-4.539123">
        <ele>1202.865857</ele>
        <time>2024-09-05T16:53:47.900Z</time>
      </trkpt>
      <trkpt lat="36.956515" lon="-4.538963">
        <ele>1201.685881</ele>
        <time>2024-09-05T16:53:49.418Z</time>
      </trkpt>
      <trkpt lat="36.956703" lon="-4.538786">
        <ele>1200.084082</ele>
        <time>2024-09-05T16:53:51.497Z</time>
      </trkpt>
      <trkpt lat="36.957060" lon="-4.538550">
        <ele>1197.335147</ele>
        <time>2024-09-05T16:53:55.078Z</time>
      </trkpt>
      <trkpt lat="36.957149" lon="-4.538458">
        <ele>1196.524632</ele>
        <time>2024-09-05T16:53:56.104Z</time>
      </trkpt>
      <trkpt lat="36.957259" lon="-4.538254">
        <ele>1195.141548</ele>
        <time>2024-09-05T16:53:57.865Z</time>
      </trkpt>
      <trkpt lat="36.957942" lon="-4.536677">
        <ele>1185.060802</ele>
        <time>2024-09-05T16:54:10.818Z</time>
      </trkpt>
      <trkpt lat="36.958003" lon="-4.536584">
        <ele>1184.294215</ele>
        <time>2024-09-05T16:54:11.681Z</time>
      </trkpt>
      <trkpt lat="36.958264" lon="-4.536415">
        <ele>1181.507442</ele>
        <time>2024-09-05T16:54:14.308Z</time>
      </trkpt>
      <trkpt lat="36.958395" lon="-4.536277">
        <ele>1179.883615</ele>
        <time>2024-09-05T16:54:15.824Z</time>
      </trkpt>
      <trkpt lat="36.958576" lon="-4.535748">
        <ele>1175.522995</ele>
        <time>2024-09-05T16:54:19.836Z</time>
      </trkpt>
      <trkpt lat="36.958674" lon="-4.535350">
        <ele>1172.367142</ele>
        <time>2024-09-05T16:54:22.701Z</time>
      </trkpt>
      <trkpt lat="36.958627" lon="-4.534633">
        <ele>1166.602222</ele>
        <time>2024-09-05T16:54:27.581Z</time>
      </trkpt>
      <trkpt lat="36.958692" lon="-4.534092">
        <ele>1160.521864</ele>
        <time>2024-09-05T16:54:31.265Z</time>
      </trkpt>
      <trkpt lat="36.958649" lon="-4.533958">
        <ele>1158.916960</ele>
        <time>2024-09-05T16:54:32.229Z</time>
      </trkpt>
      <trkpt lat="36.958145" lon="-4.533237">
        <ele>1148.270128</ele>
        <time>2024-09-05T16:54:38.614Z</time>
      </trkpt>
      <trkpt lat="36.958107" lon="-4.533153">
        <ele>1147.197301</ele>
        <time>2024-09-05T16:54:39.250Z</time>
      </trkpt>
      <trkpt lat="36.958090" lon="-4.532978">
        <ele>1145.237986</ele>
        <time>2024-09-05T16:54:40.423Z</time>
      </trkpt>
      <trkpt lat="36.958122" lon="-4.532844">
        <ele>1143.683590</ele>
        <time>2024-09-05T16:54:41.347Z</time>
      </trkpt>
      <trkpt lat="36.958381" lon="-4.532329">
        <ele>1136.505264</ele>
        <time>2024-09-05T16:54:45.369Z</time>
      </trkpt>
      <trkpt lat="36.958410" lon="-4.532018">
        <ele>1132.769531</ele>
        <time>2024-09-05T16:54:47.446Z</time>
      </trkpt>
      <trkpt lat="36.958423" lon="-4.531343">
        <ele>1124.713742</ele>
        <time>2024-09-05T16:54:51.925Z</time>
      </trkpt>
      <trkpt lat="36.958474" lon="-4.530966">
        <ele>1120.151740</ele>
        <time>2024-09-05T16:54:54.464Z</time>
      </trkpt>
      <trkpt lat="36.958616" lon="-4.530488">
        <ele>1114.513926</ele>
        <time>2024-09-05T16:54:57.859Z</time>
      </trkpt>
      <trkpt lat="36.958757" lon="-4.530188">
        <ele>1111.487224</ele>
        <time>2024-09-05T16:55:00.191Z</time>
      </trkpt>
      <trkpt lat="36.959373" lon="-4.528944">
        <ele>1098.760346</ele>
        <time>2024-09-05T16:55:10.178Z</time>
      </trkpt>
      <trkpt lat="36.959617" lon="-4.528513">
        <ele>1094.993053</ele>
        <time>2024-09-05T16:55:13.931Z</time>
      </trkpt>
      <trkpt lat="36.960331" lon="-4.527371">
        <ele>1087.663191</ele>
        <time>2024-09-05T16:55:24.634Z</time>
      </trkpt>
      <trkpt lat="36.961290" lon="-4.525340">
        <ele>1074.698480</ele>
        <time>2024-09-05T16:55:41.963Z</time>
      </trkpt>
      <trkpt lat="36.961512" lon="-4.524538">
        <ele>1068.338170</ele>
        <time>2024-09-05T16:55:47.821Z</time>
      </trkpt>
      <trkpt lat="36.961835" lon="-4.523002">
        <ele>1052.847521</ele>
        <time>2024-09-05T16:55:58.486Z</time>
      </trkpt>
      <trkpt lat="36.962427" lon="-4.521084">
        <ele>1031.040657</ele>
        <time>2024-09-05T16:56:12.222Z</time>
      </trkpt>
      <trkpt lat="36.962472" lon="-4.520777">
        <ele>1027.688408</ele>
        <time>2024-09-05T16:56:14.323Z</time>
      </trkpt>
      <trkpt lat="36.962526" lon="-4.520046">
        <ele>1019.819223</ele>
        <time>2024-09-05T16:56:19.260Z</time>
      </trkpt>
      <trkpt lat="36.962515" lon="-4.519860">
        <ele>1017.821099</ele>
        <time>2024-09-05T16:56:20.517Z</time>
      </trkpt>
      <trkpt lat="36.962490" lon="-4.519676">
        <ele>1015.821556</ele>
        <time>2024-09-05T16:56:21.765Z</time>
      </trkpt>
      <trkpt lat="36.962267" lon="-4.518932">
        <ele>1007.308506</ele>
        <time>2024-09-05T16:56:27.081Z</time>
      </trkpt>
      <trkpt lat="36.962187" lon="-4.518472">
        <ele>1002.264990</ele>
        <time>2024-09-05T16:56:30.229Z</time>
      </trkpt>
      <trkpt lat="36.962186" lon="-4.518135">
        <ele>998.746419</ele>
        <time>2024-09-05T16:56:32.474Z</time>
      </trkpt>
      <trkpt lat="36.962255" lon="-4.517595">
        <ele>993.057424</ele>
        <time>2024-09-05T16:56:36.111Z</time>
      </trkpt>
      <trkpt lat="36.962631" lon="-4.515587">
        <ele>973.617921</ele>
        <time>2024-09-05T16:56:50.012Z</time>
      </trkpt>
      <trkpt lat="36.962717" lon="-4.515285">
        <ele>971.270462</ele>
        <time>2024-09-05T16:56:52.244Z</time>
      </trkpt>
      <trkpt lat="36.963125" lon="-4.514532">
        <ele>964.608951</ele>
        <time>2024-09-05T16:56:58.645Z</time>
      </trkpt>
      <trkpt lat="36.963324" lon="-4.514052">
        <ele>961.076573</ele>
        <time>2024-09-05T16:57:02.550Z</time>
      </trkpt>
      <trkpt lat="36.963485" lon="-4.513493">
        <ele>958.181447</ele>
        <time>2024-09-05T16:57:06.977Z</time>
      </trkpt>
      <trkpt lat="36.963924" lon="-4.512158">
        <ele>951.147704</ele>
        <time>2024-09-05T16:57:17.494Z</time>
      </trkpt>
      <trkpt lat="36.963948" lon="-4.512091">
        <ele>950.849372</ele>
        <time>2024-09-05T16:57:18.043Z</time>
      </trkpt>
      <trkpt lat="36.964151" lon="-4.511558">
        <ele>948.988265</ele>
        <time>2024-09-05T16:57:22.472Z</time>
      </trkpt>
      <trkpt lat="36.964238" lon="-4.511331">
        <ele>948.194712</ele>
        <time>2024-09-05T16:57:24.412Z</time>
      </trkpt>
      <trkpt lat="36.964252" lon="-4.511295">
        <ele>948.068514</ele>
        <time>2024-09-05T16:57:24.742Z</time>
      </trkpt>
      <trkpt lat="36.964226" lon="-4.511154">
        <ele>947.612403</ele>
        <time>2024-09-05T16:57:25.857Z</time>
      </trkpt>
      <trkpt lat="36.964159" lon="-4.511075">
        <ele>947.249276</ele>
        <time>2024-09-05T16:57:26.737Z</time>
      </trkpt>
      <trkpt lat="36.962485" lon="-4.514095">
        <ele>938.419668</ele>
        <time>2024-09-05T16:57:57.305Z</time>
      </trkpt>
      <trkpt lat="36.961855" lon="-4.515093">
        <ele>936.308827</ele>
        <time>2024-09-05T16:58:08.124Z</time>
      </trkpt>
      <trkpt lat="36.961621" lon="-4.515359">
        <ele>935.652234</ele>
        <time>2024-09-05T16:58:11.688Z</time>
      </trkpt>
      <trkpt lat="36.961445" lon="-4.515498">
        <ele>935.258915</ele>
        <time>2024-09-05T16:58:14.137Z</time>
      </trkpt>
      <trkpt lat="36.960994" lon="-4.515779">
        <ele>935.120178</ele>
        <time>2024-09-05T16:58:20.877Z</time>
      </trkpt>
      <trkpt lat="36.960908" lon="-4.515862">
        <ele>935.090271</ele>
        <time>2024-09-05T16:58:22.563Z</time>
      </trkpt>
      <trkpt lat="36.960430" lon="-4.516659">
        <ele>934.870992</ele>
        <time>2024-09-05T16:58:35.982Z</time>
      </trkpt>
      <trkpt lat="36.960260" lon="-4.516878">
        <ele>934.803807</ele>
        <time>2024-09-05T16:58:39.543Z</time>
      </trkpt>
      <trkpt lat="36.959788" lon="-4.517254">
        <ele>933.797565</ele>
        <time>2024-09-05T16:58:46.423Z</time>
      </trkpt>
      <trkpt lat="36.959675" lon="-4.517373">
        <ele>933.467670</ele>
        <time>2024-09-05T16:58:48.181Z</time>
      </trkpt>
      <trkpt lat="36.959563" lon="-4.517595">
        <ele>932.999045</ele>
        <time>2024-09-05T16:58:50.609Z</time>
      </trkpt>
      <trkpt lat="36.959476" lon="-4.517858">
        <ele>932.490972</ele>
        <time>2024-09-05T16:58:53.130Z</time>
      </trkpt>
      <trkpt lat="36.959407" lon="-4.517973">
        <ele>932.234279</ele>
        <time>2024-09-05T16:58:54.398Z</time>
      </trkpt>
      <trkpt lat="36.959334" lon="-4.518032">
        <ele>932.040163</ele>
        <time>2024-09-05T16:58:55.313Z</time>
      </trkpt>
      <trkpt lat="36.958954" lon="-4.518161">
        <ele>931.160649</ele>
        <time>2024-09-05T16:58:59.305Z</time>
      </trkpt>
      <trkpt lat="36.958818" lon="-4.518265">
        <ele>930.804628</ele>
        <time>2024-09-05T16:59:00.846Z</time>
      </trkpt>
      <trkpt lat="36.958701" lon="-4.518420">
        <ele>929.949436</ele>
        <time>2024-09-05T16:59:02.466Z</time>
      </trkpt>
      <trkpt lat="36.958625" lon="-4.518614">
        <ele>929.005305</ele>
        <time>2024-09-05T16:59:04.073Z</time>
      </trkpt>
      <trkpt lat="36.958546" lon="-4.519033">
        <ele>927.124096</ele>
        <time>2024-09-05T16:59:07.245Z</time>
      </trkpt>
      <trkpt lat="36.958469" lon="-4.519201">
        <ele>926.277786</ele>
        <time>2024-09-05T16:59:08.665Z</time>
      </trkpt>
      <trkpt lat="36.958364" lon="-4.519310">
        <ele>925.531749</ele>
        <time>2024-09-05T16:59:09.916Z</time>
      </trkpt>
      <trkpt lat="36.958234" lon="-4.519374">
        <ele>924.767805</ele>
        <time>2024-09-05T16:59:11.194Z</time>
      </trkpt>
      <trkpt lat="36.957705" lon="-4.519427">
        <ele>921.865681</ele>
        <time>2024-09-05T16:59:16.097Z</time>
      </trkpt>
      <trkpt lat="36.957554" lon="-4.519484">
        <ele>921.003180</ele>
        <time>2024-09-05T16:59:17.568Z</time>
      </trkpt>
      <trkpt lat="36.957408" lon="-4.519563">
        <ele>920.143719</ele>
        <time>2024-09-05T16:59:19.035Z</time>
      </trkpt>
      <trkpt lat="36.957164" lon="-4.519775">
        <ele>918.540883</ele>
        <time>2024-09-05T16:59:21.762Z</time>
      </trkpt>
      <trkpt lat="36.957019" lon="-4.519953">
        <ele>917.444869</ele>
        <time>2024-09-05T16:59:23.617Z</time>
      </trkpt>
      <trkpt lat="36.956428" lon="-4.520992">
        <ele>911.945724</ele>
        <time>2024-09-05T16:59:33.119Z</time>
      </trkpt>
      <trkpt lat="36.956200" lon="-4.521336">
        <ele>910.470422</ele>
        <time>2024-09-05T16:59:36.548Z</time>
      </trkpt>
      <trkpt lat="36.955914" lon="-4.521695">
        <ele>909.113282</ele>
        <time>2024-09-05T16:59:40.504Z</time>
      </trkpt>
      <trkpt lat="36.955681" lon="-4.521922">
        <ele>908.124000</ele>
        <time>2024-09-05T16:59:43.439Z</time>
      </trkpt>
      <trkpt lat="36.955389" lon="-4.522266">
        <ele>906.780428</ele>
        <time>2024-09-05T16:59:47.558Z</time>
      </trkpt>
      <trkpt lat="36.954666" lon="-4.523528">
        <ele>902.970575</ele>
        <time>2024-09-05T17:00:01.132Z</time>
      </trkpt>
      <trkpt lat="36.954272" lon="-4.524126">
        <ele>901.177013</ele>
        <time>2024-09-05T17:00:07.499Z</time>
      </trkpt>
      <trkpt lat="36.953877" lon="-4.524597">
        <ele>899.391939</ele>
        <time>2024-09-05T17:00:12.826Z</time>
      </trkpt>
      <trkpt lat="36.953771" lon="-4.524767">
        <ele>898.622814</ele>
        <time>2024-09-05T17:00:14.489Z</time>
      </trkpt>
      <trkpt lat="36.953660" lon="-4.525023">
        <ele>897.583923</ele>
        <time>2024-09-05T17:00:16.717Z</time>
      </trkpt>
      <trkpt lat="36.953487" lon="-4.525833">
        <ele>894.593288</ele>
        <time>2024-09-05T17:00:23.109Z</time>
      </trkpt>
      <trkpt lat="36.953327" lon="-4.526336">
        <ele>892.662199</ele>
        <time>2024-09-05T17:00:27.216Z</time>
      </trkpt>
      <trkpt lat="36.952941" lon="-4.526972">
        <ele>890.037767</ele>
        <time>2024-09-05T17:00:33.318Z</time>
      </trkpt>
      <trkpt lat="36.952835" lon="-4.527223">
        <ele>889.131547</ele>
        <time>2024-09-05T17:00:35.538Z</time>
      </trkpt>
      <trkpt lat="36.952489" lon="-4.528340">
        <ele>885.307450</ele>
        <time>2024-09-05T17:00:45.099Z</time>
      </trkpt>
      <trkpt lat="36.952387" lon="-4.528507">
        <ele>884.608345</ele>
        <time>2024-09-05T17:00:46.775Z</time>
      </trkpt>
      <trkpt lat="36.951386" lon="-4.529598">
        <ele>878.123758</ele>
        <time>2024-09-05T17:00:59.451Z</time>
      </trkpt>
      <trkpt lat="36.951181" lon="-4.529645">
        <ele>877.105671</ele>
        <time>2024-09-05T17:01:01.364Z</time>
      </trkpt>
      <trkpt lat="36.950814" lon="-4.529635">
        <ele>875.093751</ele>
        <time>2024-09-05T17:01:04.734Z</time>
      </trkpt>
      <trkpt lat="36.950619" lon="-4.529693">
        <ele>873.792125</ele>
        <time>2024-09-05T17:01:06.564Z</time>
      </trkpt>
      <trkpt lat="36.950503" lon="-4.529805">
        <ele>872.840635</ele>
        <time>2024-09-05T17:01:07.895Z</time>
      </trkpt>
      <trkpt lat="36.950428" lon="-4.529926">
        <ele>872.045928</ele>
        <time>2024-09-05T17:01:09.014Z</time>
      </trkpt>
      <trkpt lat="36.949939" lon="-4.531188">
        <ele>864.767154</ele>
        <time>2024-09-05T17:01:19.137Z</time>
      </trkpt>
      <trkpt lat="36.949786" lon="-4.531478">
        <ele>862.973990</ele>
        <time>2024-09-05T17:01:21.634Z</time>
      </trkpt>
      <trkpt lat="36.949539" lon="-4.531806">
        <ele>860.653091</ele>
        <time>2024-09-05T17:01:24.877Z</time>
      </trkpt>
      <trkpt lat="36.948780" lon="-4.532500">
        <ele>854.595443</ele>
        <time>2024-09-05T17:01:33.428Z</time>
      </trkpt>
      <trkpt lat="36.948630" lon="-4.532595">
        <ele>853.512085</ele>
        <time>2024-09-05T17:01:34.979Z</time>
      </trkpt>
      <trkpt lat="36.948322" lon="-4.532718">
        <ele>851.658130</ele>
        <time>2024-09-05T17:01:37.941Z</time>
      </trkpt>
      <trkpt lat="36.948254" lon="-4.532775">
        <ele>851.225475</ele>
        <time>2024-09-05T17:01:38.694Z</time>
      </trkpt>
      <trkpt lat="36.948169" lon="-4.532903">
        <ele>850.522421</ele>
        <time>2024-09-05T17:01:39.915Z</time>
      </trkpt>
      <trkpt lat="36.948121" lon="-4.533034">
        <ele>849.913614</ele>
        <time>2024-09-05T17:01:40.966Z</time>
      </trkpt>
      <trkpt lat="36.947962" lon="-4.533650">
        <ele>847.178937</ele>
        <time>2024-09-05T17:01:45.755Z</time>
      </trkpt>
      <trkpt lat="36.947910" lon="-4.533786">
        <ele>846.542030</ele>
        <time>2024-09-05T17:01:46.880Z</time>
      </trkpt>
      <trkpt lat="36.947817" lon="-4.533918">
        <ele>845.798634</ele>
        <time>2024-09-05T17:01:48.201Z</time>
      </trkpt>
      <trkpt lat="36.947742" lon="-4.533976">
        <ele>845.332571</ele>
        <time>2024-09-05T17:01:49.050Z</time>
      </trkpt>
      <trkpt lat="36.947177" lon="-4.534186">
        <ele>842.404428</ele>
        <time>2024-09-05T17:01:54.759Z</time>
      </trkpt>
      <trkpt lat="36.947050" lon="-4.534284">
        <ele>841.766463</ele>
        <time>2024-09-05T17:01:56.242Z</time>
      </trkpt>
      <trkpt lat="36.946947" lon="-4.534413">
        <ele>841.143363</ele>
        <time>2024-09-05T17:01:57.673Z</time>
      </trkpt>
      <trkpt lat="36.946294" lon="-4.535723">
        <ele>835.867627</ele>
        <time>2024-09-05T17:02:09.734Z</time>
      </trkpt>
      <trkpt lat="36.946066" lon="-4.536073">
        <ele>833.315534</ele>
        <time>2024-09-05T17:02:13.135Z</time>
      </trkpt>
      <trkpt lat="36.945931" lon="-4.536236">
        <ele>831.828965</ele>
        <time>2024-09-05T17:02:14.842Z</time>
      </trkpt>
      <trkpt lat="36.945718" lon="-4.536405">
        <ele>829.830431</ele>
        <time>2024-09-05T17:02:17.112Z</time>
      </trkpt>
      <trkpt lat="36.945144" lon="-4.536785">
        <ele>824.684672</ele>
        <time>2024-09-05T17:02:22.824Z</time>
      </trkpt>
      <trkpt lat="36.945061" lon="-4.536809">
        <ele>824.009648</ele>
        <time>2024-09-05T17:02:23.561Z</time>
      </trkpt>
      <trkpt lat="36.945007" lon="-4.536786">
        <ele>823.557641</ele>
        <time>2024-09-05T17:02:24.053Z</time>
      </trkpt>
      <trkpt lat="36.944967" lon="-4.536730">
        <ele>823.081999</ele>
        <time>2024-09-05T17:02:24.564Z</time>
      </trkpt>
      <trkpt lat="36.944958" lon="-4.536238">
        <ele>819.241890</ele>
        <time>2024-09-05T17:02:27.923Z</time>
      </trkpt>
      <trkpt lat="36.944933" lon="-4.536169">
        <ele>818.492936</ele>
        <time>2024-09-05T17:02:28.439Z</time>
      </trkpt>
      <trkpt lat="36.944835" lon="-4.536138">
        <ele>817.242577</ele>
        <time>2024-09-05T17:02:29.290Z</time>
      </trkpt>
      <trkpt lat="36.944642" lon="-4.536189">
        <ele>814.802586</ele>
        <time>2024-09-05T17:02:30.961Z</time>
      </trkpt>
      <trkpt lat="36.944103" lon="-4.536357">
        <ele>807.931621</ele>
        <time>2024-09-05T17:02:35.630Z</time>
      </trkpt>
      <trkpt lat="36.943917" lon="-4.536380">
        <ele>805.619667</ele>
        <time>2024-09-05T17:02:37.191Z</time>
      </trkpt>
      <trkpt lat="36.943825" lon="-4.536339">
        <ele>804.411635</ele>
        <time>2024-09-05T17:02:38.015Z</time>
      </trkpt>
      <trkpt lat="36.943751" lon="-4.536262">
        <ele>803.221115</ele>
        <time>2024-09-05T17:02:38.821Z</time>
      </trkpt>
      <trkpt lat="36.943674" lon="-4.536125">
        <ele>801.565347</ele>
        <time>2024-09-05T17:02:39.948Z</time>
      </trkpt>
      <trkpt lat="36.943622" lon="-4.535957">
        <ele>799.784277</ele>
        <time>2024-09-05T17:02:41.155Z</time>
      </trkpt>
      <trkpt lat="36.943614" lon="-4.535698">
        <ele>797.253195</ele>
        <time>2024-09-05T17:02:42.902Z</time>
      </trkpt>
      <trkpt lat="36.943648" lon="-4.535399">
        <ele>794.319902</ele>
        <time>2024-09-05T17:02:44.931Z</time>
      </trkpt>
      <trkpt lat="36.943647" lon="-4.535199">
        <ele>792.377358</ele>
        <time>2024-09-05T17:02:46.273Z</time>
      </trkpt>
      <trkpt lat="36.943599" lon="-4.535029">
        <ele>790.626219</ele>
        <time>2024-09-05T17:02:47.494Z</time>
      </trkpt>
      <trkpt lat="36.943497" lon="-4.534902">
        <ele>788.877512</ele>
        <time>2024-09-05T17:02:48.701Z</time>
      </trkpt>
      <trkpt lat="36.943314" lon="-4.534795">
        <ele>786.422779</ele>
        <time>2024-09-05T17:02:50.413Z</time>
      </trkpt>
      <trkpt lat="36.943176" lon="-4.534761">
        <ele>784.713544</ele>
        <time>2024-09-05T17:02:51.601Z</time>
      </trkpt>
      <trkpt lat="36.942489" lon="-4.534795">
        <ele>776.421716</ele>
        <time>2024-09-05T17:02:57.436Z</time>
      </trkpt>
      <trkpt lat="36.942343" lon="-4.534824">
        <ele>774.769370</ele>
        <time>2024-09-05T17:02:58.693Z</time>
      </trkpt>
      <trkpt lat="36.942259" lon="-4.534907">
        <ele>773.572984</ele>
        <time>2024-09-05T17:02:59.607Z</time>
      </trkpt>
      <trkpt lat="36.942200" lon="-4.535080">
        <ele>771.892670</ele>
        <time>2024-09-05T17:03:00.882Z</time>
      </trkpt>
      <trkpt lat="36.942140" lon="-4.535671">
        <ele>766.570545</ele>
        <time>2024-09-05T17:03:04.944Z</time>
      </trkpt>
      <trkpt lat="36.942079" lon="-4.535751">
        <ele>765.582792</ele>
        <time>2024-09-05T17:03:05.698Z</time>
      </trkpt>
      <trkpt lat="36.941998" lon="-4.535749">
        <ele>764.677242</ele>
        <time>2024-09-05T17:03:06.390Z</time>
      </trkpt>
      <trkpt lat="36.941921" lon="-4.535662">
        <ele>763.517582</ele>
        <time>2024-09-05T17:03:07.272Z</time>
      </trkpt>
      <trkpt lat="36.941853" lon="-4.535520">
        <ele>762.038747</ele>
        <time>2024-09-05T17:03:08.400Z</time>
      </trkpt>
      <trkpt lat="36.941493" lon="-4.534169">
        <ele>748.888354</ele>
        <time>2024-09-05T17:03:18.091Z</time>
      </trkpt>
      <trkpt lat="36.941061" lon="-4.532570">
        <ele>732.960218</ele>
        <time>2024-09-05T17:03:29.489Z</time>
      </trkpt>
      <trkpt lat="36.940974" lon="-4.532481">
        <ele>731.628000</ele>
        <time>2024-09-05T17:03:30.439Z</time>
      </trkpt>
      <trkpt lat="36.940878" lon="-4.532456">
        <ele>730.465557</ele>
        <time>2024-09-05T17:03:31.267Z</time>
      </trkpt>
      <trkpt lat="36.940689" lon="-4.532455">
        <ele>728.224997</ele>
        <time>2024-09-05T17:03:32.867Z</time>
      </trkpt>
      <trkpt lat="36.940521" lon="-4.532508">
        <ele>726.171070</ele>
        <time>2024-09-05T17:03:34.329Z</time>
      </trkpt>
      <trkpt lat="36.940223" lon="-4.532765">
        <ele>721.880429</ele>
        <time>2024-09-05T17:03:37.390Z</time>
      </trkpt>
      <trkpt lat="36.940061" lon="-4.532885">
        <ele>719.648623</ele>
        <time>2024-09-05T17:03:38.986Z</time>
      </trkpt>
      <trkpt lat="36.939971" lon="-4.532915">
        <ele>718.544483</ele>
        <time>2024-09-05T17:03:39.773Z</time>
      </trkpt>
      <trkpt lat="36.939653" lon="-4.532860">
        <ele>714.738835</ele>
        <time>2024-09-05T17:03:42.505Z</time>
      </trkpt>
      <trkpt lat="36.939441" lon="-4.532727">
        <ele>712.104670</ele>
        <time>2024-09-05T17:03:44.518Z</time>
      </trkpt>
      <trkpt lat="36.939024" lon="-4.532045">
        <ele>704.528384</ele>
        <time>2024-09-05T17:03:50.390Z</time>
      </trkpt>
      <trkpt lat="36.938827" lon="-4.531769">
        <ele>701.263473</ele>
        <time>2024-09-05T17:03:52.915Z</time>
      </trkpt>
      <trkpt lat="36.938615" lon="-4.531535">
        <ele>698.142619</ele>
        <time>2024-09-05T17:03:55.323Z</time>
      </trkpt>
      <trkpt lat="36.938351" lon="-4.531179">
        <ele>693.864853</ele>
        <time>2024-09-05T17:03:58.630Z</time>
      </trkpt>
      <trkpt lat="36.937959" lon="-4.530823">
        <ele>688.565460</ele>
        <time>2024-09-05T17:04:02.742Z</time>
      </trkpt>
      <trkpt lat="36.937881" lon="-4.530725">
        <ele>687.356080</ele>
        <time>2024-09-05T17:04:03.681Z</time>
      </trkpt>
      <trkpt lat="36.937354" lon="-4.529652">
        <ele>676.343286</ele>
        <time>2024-09-05T17:04:12.298Z</time>
      </trkpt>
      <trkpt lat="36.937278" lon="-4.529547">
        <ele>675.104574</ele>
        <time>2024-09-05T17:04:13.270Z</time>
      </trkpt>
      <trkpt lat="36.937134" lon="-4.529475">
        <ele>673.380627</ele>
        <time>2024-09-05T17:04:14.591Z</time>
      </trkpt>
      <trkpt lat="36.936897" lon="-4.529485">
        <ele>670.740833</ele>
        <time>2024-09-05T17:04:16.615Z</time>
      </trkpt>
      <trkpt lat="36.936711" lon="-4.529540">
        <ele>668.613226</ele>
        <time>2024-09-05T17:04:18.237Z</time>
      </trkpt>
      <trkpt lat="36.936568" lon="-4.529636">
        <ele>666.806645</ele>
        <time>2024-09-05T17:04:19.617Z</time>
      </trkpt>
      <trkpt lat="36.936067" lon="-4.530177">
        <ele>659.439360</ele>
        <time>2024-09-05T17:04:25.247Z</time>
      </trkpt>
      <trkpt lat="36.935864" lon="-4.530255">
        <ele>657.075379</ele>
        <time>2024-09-05T17:04:27.060Z</time>
      </trkpt>
      <trkpt lat="36.935736" lon="-4.530234">
        <ele>655.638278</ele>
        <time>2024-09-05T17:04:28.160Z</time>
      </trkpt>
      <trkpt lat="36.935081" lon="-4.529777">
        <ele>646.954092</ele>
        <time>2024-09-05T17:04:34.550Z</time>
      </trkpt>
      <trkpt lat="36.934947" lon="-4.529623">
        <ele>644.839818</ele>
        <time>2024-09-05T17:04:36.089Z</time>
      </trkpt>
      <trkpt lat="36.934865" lon="-4.529405">
        <ele>642.602092</ele>
        <time>2024-09-05T17:04:37.721Z</time>
      </trkpt>
      <trkpt lat="36.934856" lon="-4.529214">
        <ele>640.825043</ele>
        <time>2024-09-05T17:04:39.009Z</time>
      </trkpt>
      <trkpt lat="36.934915" lon="-4.528819">
        <ele>637.092859</ele>
        <time>2024-09-05T17:04:41.726Z</time>
      </trkpt>
      <trkpt lat="36.934891" lon="-4.528610">
        <ele>635.131781</ele>
        <time>2024-09-05T17:04:43.148Z</time>
      </trkpt>
      <trkpt lat="36.934813" lon="-4.528564">
        <ele>634.129798</ele>
        <time>2024-09-05T17:04:43.882Z</time>
      </trkpt>
      <trkpt lat="36.934711" lon="-4.528545">
        <ele>633.049553</ele>
        <time>2024-09-05T17:04:44.757Z</time>
      </trkpt>
      <trkpt lat="36.934207" lon="-4.528566">
        <ele>627.809060</ele>
        <time>2024-09-05T17:04:49.028Z</time>
      </trkpt>
      <trkpt lat="36.933979" lon="-4.528550">
        <ele>625.435950</ele>
        <time>2024-09-05T17:04:50.990Z</time>
      </trkpt>
      <trkpt lat="36.933777" lon="-4.528499">
        <ele>623.294437</ele>
        <time>2024-09-05T17:04:52.764Z</time>
      </trkpt>
      <trkpt lat="36.933585" lon="-4.528367">
        <ele>621.017732</ele>
        <time>2024-09-05T17:04:54.663Z</time>
      </trkpt>
      <trkpt lat="36.933522" lon="-4.528252">
        <ele>619.859642</ele>
        <time>2024-09-05T17:04:55.617Z</time>
      </trkpt>
      <trkpt lat="36.933436" lon="-4.527973">
        <ele>617.375720</ele>
        <time>2024-09-05T17:04:57.693Z</time>
      </trkpt>
      <trkpt lat="36.933402" lon="-4.527869">
        <ele>616.442360</ele>
        <time>2024-09-05T17:04:58.466Z</time>
      </trkpt>
      <trkpt lat="36.933309" lon="-4.527809">
        <ele>615.355258</ele>
        <time>2024-09-05T17:04:59.370Z</time>
      </trkpt>
      <trkpt lat="36.933217" lon="-4.527807">
        <ele>614.535260</ele>
        <time>2024-09-05T17:05:00.173Z</time>
      </trkpt>
      <trkpt lat="36.933097" lon="-4.527941">
        <ele>613.101813</ele>
        <time>2024-09-05T17:05:01.574Z</time>
      </trkpt>
      <trkpt lat="36.932710" lon="-4.528484">
        <ele>607.919526</ele>
        <time>2024-09-05T17:05:06.666Z</time>
      </trkpt>
      <trkpt lat="36.932304" lon="-4.529028">
        <ele>602.617827</ele>
        <time>2024-09-05T17:05:11.874Z</time>
      </trkpt>
      <trkpt lat="36.932043" lon="-4.528900">
        <ele>600.119540</ele>
        <time>2024-09-05T17:05:14.339Z</time>
      </trkpt>
      <trkpt lat="36.931829" lon="-4.528726">
        <ele>597.342492</ele>
        <time>2024-09-05T17:05:16.566Z</time>
      </trkpt>
      <trkpt lat="36.931732" lon="-4.528524">
        <ele>595.095055</ele>
        <time>2024-09-05T17:05:18.191Z</time>
      </trkpt>
      <trkpt lat="36.931531" lon="-4.528169">
        <ele>590.946002</ele>
        <time>2024-09-05T17:05:21.162Z</time>
      </trkpt>
      <trkpt lat="36.931276" lon="-4.527835">
        <ele>586.541008</ele>
        <time>2024-09-05T17:05:24.280Z</time>
      </trkpt>
      <trkpt lat="36.930757" lon="-4.527556">
        <ele>579.801143</ele>
        <time>2024-09-05T17:05:29.007Z</time>
      </trkpt>
      <trkpt lat="36.930790" lon="-4.527530">
        <ele>579.335830</ele>
        <time>2024-09-05T17:05:29.328Z</time>
      </trkpt>
      <trkpt lat="36.930897" lon="-4.527166">
        <ele>575.209661</ele>
        <time>2024-09-05T17:05:31.913Z</time>
      </trkpt>
      <trkpt lat="36.930771" lon="-4.526711">
        <ele>569.737633</ele>
        <time>2024-09-05T17:05:35.114Z</time>
      </trkpt>
      <trkpt lat="36.930716" lon="-4.526216">
        <ele>564.058445</ele>
        <time>2024-09-05T17:05:38.436Z</time>
      </trkpt>
      <trkpt lat="36.930753" lon="-4.526044">
        <ele>562.034323</ele>
        <time>2024-09-05T17:05:39.629Z</time>
      </trkpt>
      <trkpt lat="36.931297" lon="-4.524866">
        <ele>547.738427</ele>
        <time>2024-09-05T17:05:48.706Z</time>
      </trkpt>
      <trkpt lat="36.931478" lon="-4.524393">
        <ele>542.991100</ele>
        <time>2024-09-05T17:05:52.244Z</time>
      </trkpt>
      <trkpt lat="36.931615" lon="-4.523861">
        <ele>537.931275</ele>
        <time>2024-09-05T17:05:56.064Z</time>
      </trkpt>
      <trkpt lat="36.931616" lon="-4.523396">
        <ele>533.721726</ele>
        <time>2024-09-05T17:05:59.290Z</time>
      </trkpt>
      <trkpt lat="36.931647" lon="-4.522959">
        <ele>530.389216</ele>
        <time>2024-09-05T17:06:02.354Z</time>
      </trkpt>
      <trkpt lat="36.931708" lon="-4.522638">
        <ele>528.278647</ele>
        <time>2024-09-05T17:06:04.675Z</time>
      </trkpt>
      <trkpt lat="36.931881" lon="-4.522167">
        <ele>524.962955</ele>
        <time>2024-09-05T17:06:08.324Z</time>
      </trkpt>
      <trkpt lat="36.931992" lon="-4.521990">
        <ele>523.523887</ele>
        <time>2024-09-05T17:06:09.931Z</time>
      </trkpt>
      <trkpt lat="36.932123" lon="-4.521708">
        <ele>521.437533</ele>
        <time>2024-09-05T17:06:12.247Z</time>
      </trkpt>
      <trkpt lat="36.932244" lon="-4.521449">
        <ele>519.518588</ele>
        <time>2024-09-05T17:06:14.390Z</time>
      </trkpt>
      <trkpt lat="36.932527" lon="-4.520093">
        <ele>511.052073</ele>
        <time>2024-09-05T17:06:24.374Z</time>
      </trkpt>
      <trkpt lat="36.932591" lon="-4.519894">
        <ele>509.777878</ele>
        <time>2024-09-05T17:06:25.885Z</time>
      </trkpt>
      <trkpt lat="36.933068" lon="-4.519080">
        <ele>503.851120</ele>
        <time>2024-09-05T17:06:33.061Z</time>
      </trkpt>
      <trkpt lat="36.933109" lon="-4.519006">
        <ele>503.411445</ele>
        <time>2024-09-05T17:06:33.713Z</time>
      </trkpt>
      <trkpt lat="36.933195" lon="-4.518813">
        <ele>502.332444</ele>
        <time>2024-09-05T17:06:35.305Z</time>
      </trkpt>
      <trkpt lat="36.933427" lon="-4.518121">
        <ele>498.668098</ele>
        <time>2024-09-05T17:06:40.823Z</time>
      </trkpt>
      <trkpt lat="36.933697" lon="-4.517480">
        <ele>495.129989</ele>
        <time>2024-09-05T17:06:46.229Z</time>
      </trkpt>
      <trkpt lat="36.933763" lon="-4.517252">
        <ele>493.945872</ele>
        <time>2024-09-05T17:06:48.010Z</time>
      </trkpt>
      <trkpt lat="36.933927" lon="-4.516480">
        <ele>489.982662</ele>
        <time>2024-09-05T17:06:53.846Z</time>
      </trkpt>
      <trkpt lat="36.933961" lon="-4.515877">
        <ele>486.971914</ele>
        <time>2024-09-05T17:06:58.221Z</time>
      </trkpt>
      <trkpt lat="36.933951" lon="-4.515735">
        <ele>486.261933</ele>
        <time>2024-09-05T17:06:59.252Z</time>
      </trkpt>
      <trkpt lat="36.933913" lon="-4.515467">
        <ele>484.906302</ele>
        <time>2024-09-05T17:07:01.229Z</time>
      </trkpt>
      <trkpt lat="36.933859" lon="-4.515274">
        <ele>483.887864</ele>
        <time>2024-09-05T17:07:02.703Z</time>
      </trkpt>
      <trkpt lat="36.933721" lon="-4.514917">
        <ele>481.964848</ele>
        <time>2024-09-05T17:07:05.583Z</time>
      </trkpt>
      <trkpt lat="36.933711" lon="-4.514637">
        <ele>481.768667</ele>
        <time>2024-09-05T17:07:07.647Z</time>
      </trkpt>
      <trkpt lat="36.933732" lon="-4.514464">
        <ele>481.646187</ele>
        <time>2024-09-05T17:07:08.923Z</time>
      </trkpt>
      <trkpt lat="36.933787" lon="-4.514296">
        <ele>481.519116</ele>
        <time>2024-09-05T17:07:10.295Z</time>
      </trkpt>
      <trkpt lat="36.933899" lon="-4.514097">
        <ele>481.348763</ele>
        <time>2024-09-05T17:07:12.193Z</time>
      </trkpt>
      <trkpt lat="36.934460" lon="-4.513540">
        <ele>480.721607</ele>
        <time>2024-09-05T17:07:22.285Z</time>
      </trkpt>
      <trkpt lat="36.934547" lon="-4.513374">
        <ele>480.582669</ele>
        <time>2024-09-05T17:07:26.796Z</time>
      </trkpt>
      <trkpt lat="36.934601" lon="-4.513044">
        <ele>480.984040</ele>
        <time>2024-09-05T17:07:35.752Z</time>
      </trkpt>
      <trkpt lat="36.934620" lon="-4.512803">
        <ele>482.913672</ele>
        <time>2024-09-05T17:07:43.732Z</time>
      </trkpt>
      <trkpt lat="36.934655" lon="-4.512300">
        <ele>486.936789</ele>
        <time>2024-09-05T17:08:03.423Z</time>
      </trkpt>
      <trkpt lat="36.934576" lon="-4.512134">
        <ele>488.476184</ele>
        <time>2024-09-05T17:08:11.597Z</time>
      </trkpt>
      <trkpt lat="36.934463" lon="-4.512009">
        <ele>489.979826</ele>
        <time>2024-09-05T17:08:20.287Z</time>
      </trkpt>
      <trkpt lat="36.934085" lon="-4.511759">
        <ele>494.242102</ele>
        <time>2024-09-05T17:08:47.426Z</time>
      </trkpt>
      <trkpt lat="36.933979" lon="-4.511609">
        <ele>495.837444</ele>
        <time>2024-09-05T17:08:58.066Z</time>
      </trkpt>
      <trkpt lat="36.933745" lon="-4.510915">
        <ele>503.043105</ele>
        <time>2024-09-05T17:09:41.237Z</time>
      </trkpt>
      <trkpt lat="36.933581" lon="-4.510206">
        <ele>510.941015</ele>
        <time>2024-09-05T17:10:21.732Z</time>
      </trkpt>
      <trkpt lat="36.933461" lon="-4.509824">
        <ele>515.332934</ele>
        <time>2024-09-05T17:10:44.239Z</time>
      </trkpt>
      <trkpt lat="36.933454" lon="-4.509673">
        <ele>516.951426</ele>
        <time>2024-09-05T17:10:52.543Z</time>
      </trkpt>
      <trkpt lat="36.933597" lon="-4.509152">
        <ele>522.818454</ele>
        <time>2024-09-05T17:11:22.515Z</time>
      </trkpt>
      <trkpt lat="36.933551" lon="-4.508846">
        <ele>525.942232</ele>
        <time>2024-09-05T17:11:39.137Z</time>
      </trkpt>
      <trkpt lat="36.933248" lon="-4.507458">
        <ele>540.377407</ele>
        <time>2024-09-05T17:12:53.525Z</time>
      </trkpt>
      <trkpt lat="36.933199" lon="-4.507305">
        <ele>542.031015</ele>
        <time>2024-09-05T17:13:01.755Z</time>
      </trkpt>
      <trkpt lat="36.933130" lon="-4.507153">
        <ele>543.784724</ele>
        <time>2024-09-05T17:13:10.721Z</time>
      </trkpt>
      <trkpt lat="36.933008" lon="-4.507007">
        <ele>545.865908</ele>
        <time>2024-09-05T17:13:21.630Z</time>
      </trkpt>
      <trkpt lat="36.932865" lon="-4.506933">
        <ele>547.728546</ele>
        <time>2024-09-05T17:13:31.504Z</time>
      </trkpt>
      <trkpt lat="36.932591" lon="-4.506850">
        <ele>551.121811</ele>
        <time>2024-09-05T17:13:49.675Z</time>
      </trkpt>
      <trkpt lat="36.932502" lon="-4.506772">
        <ele>552.429759</ele>
        <time>2024-09-05T17:13:56.492Z</time>
      </trkpt>
      <trkpt lat="36.932281" lon="-4.506402">
        <ele>556.873664</ele>
        <time>2024-09-05T17:14:19.665Z</time>
      </trkpt>
      <trkpt lat="36.932154" lon="-4.506065">
        <ele>560.458288</ele>
        <time>2024-09-05T17:14:37.943Z</time>
      </trkpt>
      <trkpt lat="36.932179" lon="-4.505926">
        <ele>561.829074</ele>
        <time>2024-09-05T17:14:45.213Z</time>
      </trkpt>
      <trkpt lat="36.932235" lon="-4.505831">
        <ele>562.964746</ele>
        <time>2024-09-05T17:14:51.114Z</time>
      </trkpt>
      <trkpt lat="36.932305" lon="-4.505778">
        <ele>563.949584</ele>
        <time>2024-09-05T17:14:56.211Z</time>
      </trkpt>
      <trkpt lat="36.932541" lon="-4.505708">
        <ele>566.873315</ele>
        <time>2024-09-05T17:15:11.477Z</time>
      </trkpt>
      <trkpt lat="36.933221" lon="-4.505520">
        <ele>575.410270</ele>
        <time>2024-09-05T17:15:55.800Z</time>
      </trkpt>
      <trkpt lat="36.933450" lon="-4.505516">
        <ele>578.217756</ele>
        <time>2024-09-05T17:16:10.078Z</time>
      </trkpt>
      <trkpt lat="36.933583" lon="-4.505554">
        <ele>579.890124</ele>
        <time>2024-09-05T17:16:19.147Z</time>
      </trkpt>
      <trkpt lat="36.933797" lon="-4.505668">
        <ele>582.741383</ele>
        <time>2024-09-05T17:16:33.943Z</time>
      </trkpt>
      <trkpt lat="36.933919" lon="-4.505685">
        <ele>584.246176</ele>
        <time>2024-09-05T17:16:41.810Z</time>
      </trkpt>
      <trkpt lat="36.934035" lon="-4.505612">
        <ele>585.837943</ele>
        <time>2024-09-05T17:16:49.966Z</time>
      </trkpt>
      <trkpt lat="36.934085" lon="-4.505511">
        <ele>587.002034</ele>
        <time>2024-09-05T17:16:55.944Z</time>
      </trkpt>
      <trkpt lat="36.934114" lon="-4.505331">
        <ele>588.808655</ele>
        <time>2024-09-05T17:17:05.369Z</time>
      </trkpt>
      <trkpt lat="36.934108" lon="-4.504354">
        <ele>598.963130</ele>
        <time>2024-09-05T17:17:57.543Z</time>
      </trkpt>
      <trkpt lat="36.934138" lon="-4.504159">
        <ele>601.027005</ele>
        <time>2024-09-05T17:18:08.530Z</time>
      </trkpt>
      <trkpt lat="36.934203" lon="-4.504013">
        <ele>602.763906</ele>
        <time>2024-09-05T17:18:17.752Z</time>
      </trkpt>
      <trkpt lat="36.934539" lon="-4.503511">
        <ele>609.568881</ele>
        <time>2024-09-05T17:18:53.037Z</time>
      </trkpt>
      <trkpt lat="36.934675" lon="-4.503241">
        <ele>612.895326</ele>
        <time>2024-09-05T17:19:10.037Z</time>
      </trkpt>
      <trkpt lat="36.934726" lon="-4.503047">
        <ele>615.042688</ele>
        <time>2024-09-05T17:19:20.946Z</time>
      </trkpt>
      <trkpt lat="36.934747" lon="-4.502427">
        <ele>621.567713</ele>
        <time>2024-09-05T17:19:54.346Z</time>
      </trkpt>
      <trkpt lat="36.934654" lon="-4.501631">
        <ele>630.026431</ele>
        <time>2024-09-05T17:20:38.129Z</time>
      </trkpt>
      <trkpt lat="36.934669" lon="-4.501405">
        <ele>632.410956</ele>
        <time>2024-09-05T17:20:50.420Z</time>
      </trkpt>
      <trkpt lat="36.934710" lon="-4.501222">
        <ele>634.409323</ele>
        <time>2024-09-05T17:21:00.698Z</time>
      </trkpt>
      <trkpt lat="36.935231" lon="-4.500086">
        <ele>647.580324</ele>
        <time>2024-09-05T17:22:10.688Z</time>
      </trkpt>
      <trkpt lat="36.935251" lon="-4.499930">
        <ele>649.161509</ele>
        <time>2024-09-05T17:22:18.852Z</time>
      </trkpt>
      <trkpt lat="36.935245" lon="-4.499453">
        <ele>653.935863</ele>
        <time>2024-09-05T17:22:43.551Z</time>
      </trkpt>
      <trkpt lat="36.935321" lon="-4.499330">
        <ele>655.491743</ele>
        <time>2024-09-05T17:22:51.642Z</time>
      </trkpt>
      <trkpt lat="36.935599" lon="-4.499035">
        <ele>659.660044</ele>
        <time>2024-09-05T17:23:14.162Z</time>
      </trkpt>
      <trkpt lat="36.935793" lon="-4.498611">
        <ele>663.479590</ele>
        <time>2024-09-05T17:23:37.106Z</time>
      </trkpt>
      <trkpt lat="36.936087" lon="-4.497784">
        <ele>670.555772</ele>
        <time>2024-09-05T17:24:16.392Z</time>
      </trkpt>
      <trkpt lat="36.936123" lon="-4.497683">
        <ele>671.420347</ele>
        <time>2024-09-05T17:24:20.831Z</time>
      </trkpt>
      <trkpt lat="36.936173" lon="-4.496882">
        <ele>677.215895</ele>
        <time>2024-09-05T17:24:51.313Z</time>
      </trkpt>
      <trkpt lat="36.935731" lon="-4.495860">
        <ele>683.931004</ele>
        <time>2024-09-05T17:25:31.231Z</time>
      </trkpt>
      <trkpt lat="36.935690" lon="-4.495696">
        <ele>684.924016</ele>
        <time>2024-09-05T17:25:37.060Z</time>
      </trkpt>
      <trkpt lat="36.935504" lon="-4.494153">
        <ele>693.504030</ele>
        <time>2024-09-05T17:26:30.051Z</time>
      </trkpt>
      <trkpt lat="36.935455" lon="-4.493891">
        <ele>694.925518</ele>
        <time>2024-09-05T17:26:39.079Z</time>
      </trkpt>
      <trkpt lat="36.935387" lon="-4.493785">
        <ele>695.643547</ele>
        <time>2024-09-05T17:26:43.609Z</time>
      </trkpt>
      <trkpt lat="36.935155" lon="-4.493553">
        <ele>697.606528</ele>
        <time>2024-09-05T17:26:55.885Z</time>
      </trkpt>
      <trkpt lat="36.935075" lon="-4.493431">
        <ele>698.440169</ele>
        <time>2024-09-05T17:27:00.938Z</time>
      </trkpt>
      <trkpt lat="36.935012" lon="-4.493234">
        <ele>699.561100</ele>
        <time>2024-09-05T17:27:07.782Z</time>
      </trkpt>
      <trkpt lat="36.935038" lon="-4.493064">
        <ele>700.475481</ele>
        <time>2024-09-05T17:27:13.329Z</time>
      </trkpt>
      <trkpt lat="36.935215" lon="-4.492747">
        <ele>702.036960</ele>
        <time>2024-09-05T17:27:25.515Z</time>
      </trkpt>
      <trkpt lat="36.935246" lon="-4.492642">
        <ele>702.469057</ele>
        <time>2024-09-05T17:27:28.867Z</time>
      </trkpt>
      <trkpt lat="36.935233" lon="-4.492325">
        <ele>703.694381</ele>
        <time>2024-09-05T17:27:38.352Z</time>
      </trkpt>
      <trkpt lat="36.935277" lon="-4.491894">
        <ele>705.371684</ele>
        <time>2024-09-05T17:27:49.963Z</time>
      </trkpt>
      <trkpt lat="36.935460" lon="-4.490907">
        <ele>709.282953</ele>
        <time>2024-09-05T17:28:14.864Z</time>
      </trkpt>
      <trkpt lat="36.935532" lon="-4.490685">
        <ele>710.091091</ele>
        <time>2024-09-05T17:28:20.691Z</time>
      </trkpt>
      <trkpt lat="36.935593" lon="-4.490570">
        <ele>710.545213</ele>
        <time>2024-09-05T17:28:24.081Z</time>
      </trkpt>
      <trkpt lat="36.935753" lon="-4.490378">
        <ele>711.457837</ele>
        <time>2024-09-05T17:28:30.903Z</time>
      </trkpt>
      <trkpt lat="36.935966" lon="-4.490111">
        <ele>712.699026</ele>
        <time>2024-09-05T17:28:40.264Z</time>
      </trkpt>
      <trkpt lat="36.936208" lon="-4.489537">
        <ele>714.834266</ele>
        <time>2024-09-05T17:28:57.586Z</time>
      </trkpt>
      <trkpt lat="36.936289" lon="-4.489177">
        <ele>716.064800</ele>
        <time>2024-09-05T17:29:07.481Z</time>
      </trkpt>
      <trkpt lat="36.936297" lon="-4.489043">
        <ele>716.506924</ele>
        <time>2024-09-05T17:29:10.596Z</time>
      </trkpt>
      <trkpt lat="36.936417" lon="-4.488518">
        <ele>717.686615</ele>
        <time>2024-09-05T17:29:23.081Z</time>
      </trkpt>
      <trkpt lat="36.936410" lon="-4.488364">
        <ele>717.982886</ele>
        <time>2024-09-05T17:29:26.673Z</time>
      </trkpt>
      <trkpt lat="36.936332" lon="-4.487932">
        <ele>718.833551</ele>
        <time>2024-09-05T17:29:36.551Z</time>
      </trkpt>
      <trkpt lat="36.936348" lon="-4.487794">
        <ele>719.101386</ele>
        <time>2024-09-05T17:29:39.361Z</time>
      </trkpt>
      <trkpt lat="36.936433" lon="-4.487520">
        <ele>719.665915</ele>
        <time>2024-09-05T17:29:44.436Z</time>
      </trkpt>
      <trkpt lat="36.936502" lon="-4.487424">
        <ele>719.913891</ele>
        <time>2024-09-05T17:29:46.719Z</time>
      </trkpt>
      <trkpt lat="36.936731" lon="-4.487201">
        <ele>720.611229</ele>
        <time>2024-09-05T17:29:51.971Z</time>
      </trkpt>
      <trkpt lat="36.937012" lon="-4.486865">
        <ele>721.373924</ele>
        <time>2024-09-05T17:29:59.250Z</time>
      </trkpt>
      <trkpt lat="36.937131" lon="-4.486794">
        <ele>721.555606</ele>
        <time>2024-09-05T17:30:01.703Z</time>
      </trkpt>
      <trkpt lat="36.937407" lon="-4.486828">
        <ele>721.937791</ele>
        <time>2024-09-05T17:30:07.140Z</time>
      </trkpt>
      <trkpt lat="36.937662" lon="-4.486912">
        <ele>722.301174</ele>
        <time>2024-09-05T17:30:11.862Z</time>
      </trkpt>
      <trkpt lat="36.938066" lon="-4.486879">
        <ele>722.859097</ele>
        <time>2024-09-05T17:30:18.928Z</time>
      </trkpt>
      <trkpt lat="36.938214" lon="-4.486829">
        <ele>723.070355</ele>
        <time>2024-09-05T17:30:22.040Z</time>
      </trkpt>
      <trkpt lat="36.938858" lon="-4.486309">
        <ele>725.157317</ele>
        <time>2024-09-05T17:30:40.397Z</time>
      </trkpt>
      <trkpt lat="36.939130" lon="-4.486145">
        <ele>726.423614</ele>
        <time>2024-09-05T17:30:49.492Z</time>
      </trkpt>
      <trkpt lat="36.939673" lon="-4.485780">
        <ele>729.008768</ele>
        <time>2024-09-05T17:31:10.852Z</time>
      </trkpt>
      <trkpt lat="36.940333" lon="-4.485220">
        <ele>732.769999</ele>
        <time>2024-09-05T17:31:39.257Z</time>
      </trkpt>
      <trkpt lat="36.940445" lon="-4.485030">
        <ele>733.839059</ele>
        <time>2024-09-05T17:31:46.231Z</time>
      </trkpt>
      <trkpt lat="36.940599" lon="-4.484639">
        <ele>735.812919</ele>
        <time>2024-09-05T17:31:59.670Z</time>
      </trkpt>
      <trkpt lat="36.940740" lon="-4.484387">
        <ele>737.205873</ele>
        <time>2024-09-05T17:32:09.339Z</time>
      </trkpt>
      <trkpt lat="36.941164" lon="-4.483815">
        <ele>740.738510</ele>
        <time>2024-09-05T17:32:33.461Z</time>
      </trkpt>
      <trkpt lat="36.941471" lon="-4.483327">
        <ele>743.790260</ele>
        <time>2024-09-05T17:32:51.231Z</time>
      </trkpt>
      <trkpt lat="36.941586" lon="-4.483220">
        <ele>744.690836</ele>
        <time>2024-09-05T17:32:56.574Z</time>
      </trkpt>
      <trkpt lat="36.941919" lon="-4.483013">
        <ele>747.027437</ele>
        <time>2024-09-05T17:33:09.762Z</time>
      </trkpt>
      <trkpt lat="36.942597" lon="-4.482484">
        <ele>752.048504</ele>
        <time>2024-09-05T17:33:42.997Z</time>
      </trkpt>
      <trkpt lat="36.942969" lon="-4.482302">
        <ele>755.174568</ele>
        <time>2024-09-05T17:34:02.158Z</time>
      </trkpt>
      <trkpt lat="36.943027" lon="-4.482251">
        <ele>755.764486</ele>
        <time>2024-09-05T17:34:05.685Z</time>
      </trkpt>
      <trkpt lat="36.943047" lon="-4.482190">
        <ele>756.203000</ele>
        <time>2024-09-05T17:34:08.260Z</time>
      </trkpt>
      <trkpt lat="36.943041" lon="-4.482116">
        <ele>756.697690</ele>
        <time>2024-09-05T17:34:11.088Z</time>
      </trkpt>
      <trkpt lat="36.942970" lon="-4.481973">
        <ele>757.817342</ele>
        <time>2024-09-05T17:34:17.208Z</time>
      </trkpt>
      <trkpt lat="36.942774" lon="-4.481737">
        <ele>760.080947</ele>
        <time>2024-09-05T17:34:30.606Z</time>
      </trkpt>
      <trkpt lat="36.942489" lon="-4.481313">
        <ele>763.765642</ele>
        <time>2024-09-05T17:34:52.326Z</time>
      </trkpt>
      <trkpt lat="36.942375" lon="-4.481083">
        <ele>765.565632</ele>
        <time>2024-09-05T17:35:03.698Z</time>
      </trkpt>
      <trkpt lat="36.942348" lon="-4.480959">
        <ele>766.420405</ele>
        <time>2024-09-05T17:35:08.816Z</time>
      </trkpt>
      <trkpt lat="36.942333" lon="-4.480804">
        <ele>767.458827</ele>
        <time>2024-09-05T17:35:15.170Z</time>
      </trkpt>
      <trkpt lat="36.942350" lon="-4.480573">
        <ele>768.845900</ele>
        <time>2024-09-05T17:35:24.637Z</time>
      </trkpt>
      <trkpt lat="36.942687" lon="-4.478919">
        <ele>778.912693</ele>
        <time>2024-09-05T17:36:26.762Z</time>
      </trkpt>
      <trkpt lat="36.942669" lon="-4.478533">
        <ele>781.101114</ele>
        <time>2024-09-05T17:36:37.921Z</time>
      </trkpt>
      <trkpt lat="36.942692" lon="-4.477849">
        <ele>783.878259</ele>
        <time>2024-09-05T17:36:57.155Z</time>
      </trkpt>
      <trkpt lat="36.942619" lon="-4.476793">
        <ele>788.177986</ele>
        <time>2024-09-05T17:37:26.571Z</time>
      </trkpt>
      <trkpt lat="36.942586" lon="-4.476636">
        <ele>788.836524</ele>
        <time>2024-09-05T17:37:31.009Z</time>
      </trkpt>
      <trkpt lat="36.942475" lon="-4.476349">
        <ele>790.103057</ele>
        <time>2024-09-05T17:37:39.691Z</time>
      </trkpt>
      <trkpt lat="36.942309" lon="-4.476030">
        <ele>791.241935</ele>
        <time>2024-09-05T17:37:49.706Z</time>
      </trkpt>
      <trkpt lat="36.942060" lon="-4.475663">
        <ele>792.682240</ele>
        <time>2024-09-05T17:38:01.742Z</time>
      </trkpt>
      <trkpt lat="36.941975" lon="-4.475497">
        <ele>793.272080</ele>
        <time>2024-09-05T17:38:06.785Z</time>
      </trkpt>
      <trkpt lat="36.941909" lon="-4.474928">
        <ele>794.992304</ele>
        <time>2024-09-05T17:38:19.178Z</time>
      </trkpt>
      <trkpt lat="36.941707" lon="-4.474433">
        <ele>796.655172</ele>
        <time>2024-09-05T17:38:30.814Z</time>
      </trkpt>
      <trkpt lat="36.941721" lon="-4.474266">
        <ele>797.106613</ele>
        <time>2024-09-05T17:38:34.959Z</time>
      </trkpt>
      <trkpt lat="36.941746" lon="-4.474204">
        <ele>797.287713</ele>
        <time>2024-09-05T17:38:36.703Z</time>
      </trkpt>
      <trkpt lat="36.941775" lon="-4.474132">
        <ele>797.497974</ele>
        <time>2024-09-05T17:38:38.410Z</time>
      </trkpt>
      <trkpt lat="36.941871" lon="-4.474033">
        <ele>797.903899</ele>
        <time>2024-09-05T17:38:41.354Z</time>
      </trkpt>
      <trkpt lat="36.942197" lon="-4.473795">
        <ele>799.135443</ele>
        <time>2024-09-05T17:38:52.193Z</time>
      </trkpt>
      <trkpt lat="36.942338" lon="-4.473643">
        <ele>799.742725</ele>
        <time>2024-09-05T17:38:58.109Z</time>
      </trkpt>
      <trkpt lat="36.942582" lon="-4.473243">
        <ele>801.054969</ele>
        <time>2024-09-05T17:39:09.402Z</time>
      </trkpt>
      <trkpt lat="36.943223" lon="-4.472357">
        <ele>804.117892</ele>
        <time>2024-09-05T17:39:34.938Z</time>
      </trkpt>
      <trkpt lat="36.943557" lon="-4.471531">
        <ele>806.447954</ele>
        <time>2024-09-05T17:39:56.037Z</time>
      </trkpt>
      <trkpt lat="36.943629" lon="-4.471410">
        <ele>806.827662</ele>
        <time>2024-09-05T17:39:59.277Z</time>
      </trkpt>
      <trkpt lat="36.943874" lon="-4.471110">
        <ele>807.907280</ele>
        <time>2024-09-05T17:40:08.413Z</time>
      </trkpt>
      <trkpt lat="36.944444" lon="-4.470152">
        <ele>810.767754</ele>
        <time>2024-09-05T17:40:33.666Z</time>
      </trkpt>
      <trkpt lat="36.944564" lon="-4.469540">
        <ele>812.265639</ele>
        <time>2024-09-05T17:40:47.742Z</time>
      </trkpt>
      <trkpt lat="36.944680" lon="-4.469166">
        <ele>813.219245</ele>
        <time>2024-09-05T17:40:56.420Z</time>
      </trkpt>
      <trkpt lat="36.944710" lon="-4.469019">
        <ele>813.579880</ele>
        <time>2024-09-05T17:40:59.724Z</time>
      </trkpt>
      <trkpt lat="36.944697" lon="-4.468895">
        <ele>813.858494</ele>
        <time>2024-09-05T17:41:02.194Z</time>
      </trkpt>
      <trkpt lat="36.944586" lon="-4.468640">
        <ele>814.493562</ele>
        <time>2024-09-05T17:41:07.887Z</time>
      </trkpt>
      <trkpt lat="36.944394" lon="-4.468369">
        <ele>815.285627</ele>
        <time>2024-09-05T17:41:14.956Z</time>
      </trkpt>
      <trkpt lat="36.944347" lon="-4.468179">
        <ele>815.720627</ele>
        <time>2024-09-05T17:41:19.002Z</time>
      </trkpt>
      <trkpt lat="36.944373" lon="-4.467810">
        <ele>816.530802</ele>
        <time>2024-09-05T17:41:26.586Z</time>
      </trkpt>
      <trkpt lat="36.944608" lon="-4.466950">
        <ele>818.518615</ele>
        <time>2024-09-05T17:41:46.015Z</time>
      </trkpt>
      <trkpt lat="36.944560" lon="-4.466447">
        <ele>819.300961</ele>
        <time>2024-09-05T17:41:56.389Z</time>
      </trkpt>
      <trkpt lat="36.944605" lon="-4.465318">
        <ele>821.014511</ele>
        <time>2024-09-05T17:42:17.189Z</time>
      </trkpt>
      <trkpt lat="36.944642" lon="-4.464969">
        <ele>821.548185</ele>
        <time>2024-09-05T17:42:23.117Z</time>
      </trkpt>
      <trkpt lat="36.944822" lon="-4.464447">
        <ele>821.847177</ele>
        <time>2024-09-05T17:42:31.701Z</time>
      </trkpt>
      <trkpt lat="36.945123" lon="-4.464055">
        <ele>821.599689</ele>
        <time>2024-09-05T17:42:37.703Z</time>
      </trkpt>
      <trkpt lat="36.945337" lon="-4.463732">
        <ele>821.408678</ele>
        <time>2024-09-05T17:42:41.752Z</time>
      </trkpt>
      <trkpt lat="36.945473" lon="-4.463651">
        <ele>821.322877</ele>
        <time>2024-09-05T17:42:43.466Z</time>
      </trkpt>
      <trkpt lat="36.946033" lon="-4.463757">
        <ele>821.000244</ele>
        <time>2024-09-05T17:42:50.045Z</time>
      </trkpt>
      <trkpt lat="36.946340" lon="-4.463766">
        <ele>820.700709</ele>
        <time>2024-09-05T17:42:53.739Z</time>
      </trkpt>
      <trkpt lat="36.946585" lon="-4.463703">
        <ele>820.418718</ele>
        <time>2024-09-05T17:42:57.005Z</time>
      </trkpt>
      <trkpt lat="36.946843" lon="-4.463591">
        <ele>820.110834</ele>
        <time>2024-09-05T17:43:00.721Z</time>
      </trkpt>
      <trkpt lat="36.947030" lon="-4.463495">
        <ele>819.882951</ele>
        <time>2024-09-05T17:43:03.640Z</time>
      </trkpt>
      <trkpt lat="36.947119" lon="-4.463387">
        <ele>819.743174</ele>
        <time>2024-09-05T17:43:05.398Z</time>
      </trkpt>
      <trkpt lat="36.947266" lon="-4.463302">
        <ele>819.560602</ele>
        <time>2024-09-05T17:43:07.846Z</time>
      </trkpt>
      <trkpt lat="36.947741" lon="-4.463247">
        <ele>819.022788</ele>
        <time>2024-09-05T17:43:14.267Z</time>
      </trkpt>
      <trkpt lat="36.948010" lon="-4.463085">
        <ele>817.756014</ele>
        <time>2024-09-05T17:43:17.329Z</time>
      </trkpt>
      <trkpt lat="36.948859" lon="-4.462720">
        <ele>812.796919</ele>
        <time>2024-09-05T17:43:25.512Z</time>
      </trkpt>
      <trkpt lat="36.948925" lon="-4.463008">
        <ele>811.474233</ele>
        <time>2024-09-05T17:43:28.579Z</time>
      </trkpt>
      <trkpt lat="36.948981" lon="-4.463472">
        <ele>809.402569</ele>
        <time>2024-09-05T17:43:33.367Z</time>
      </trkpt>
      <trkpt lat="36.948962" lon="-4.463644">
        <ele>808.871643</ele>
        <time>2024-09-05T17:43:35.139Z</time>
      </trkpt>
      <trkpt lat="36.949049" lon="-4.463743">
        <ele>808.655932</ele>
        <time>2024-09-05T17:43:36.655Z</time>
      </trkpt>
      <trkpt lat="36.949244" lon="-4.463845">
        <ele>808.268238</ele>
        <time>2024-09-05T17:43:39.487Z</time>
      </trkpt>
      <trkpt lat="36.949356" lon="-4.463890">
        <ele>808.052460</ele>
        <time>2024-09-05T17:43:41.040Z</time>
      </trkpt>
      <trkpt lat="36.949594" lon="-4.463737">
        <ele>807.561640</ele>
        <time>2024-09-05T17:43:44.841Z</time>
      </trkpt>
      <trkpt lat="36.949705" lon="-4.463665">
        <ele>807.332296</ele>
        <time>2024-09-05T17:43:46.609Z</time>
      </trkpt>
      <trkpt lat="36.949825" lon="-4.463629">
        <ele>807.105937</ele>
        <time>2024-09-05T17:43:48.566Z</time>
      </trkpt>
      <trkpt lat="36.950050" lon="-4.463727">
        <ele>806.668920</ele>
        <time>2024-09-05T17:43:52.773Z</time>
      </trkpt>
      <trkpt lat="36.950245" lon="-4.463689">
        <ele>806.306910</ele>
        <time>2024-09-05T17:43:57.199Z</time>
      </trkpt>
      <trkpt lat="36.950418" lon="-4.463589">
        <ele>805.957345</ele>
        <time>2024-09-05T17:44:03.017Z</time>
      </trkpt>
      <trkpt lat="36.950617" lon="-4.463229">
        <ele>806.499541</ele>
        <time>2024-09-05T17:44:16.563Z</time>
      </trkpt>
      <trkpt lat="36.950978" lon="-4.462745">
        <ele>808.602964</ele>
        <time>2024-09-05T17:44:39.504Z</time>
      </trkpt>
      <trkpt lat="36.951145" lon="-4.462608">
        <ele>809.396849</ele>
        <time>2024-09-05T17:44:48.482Z</time>
      </trkpt>
      <trkpt lat="36.951535" lon="-4.462399">
        <ele>811.083541</ele>
        <time>2024-09-05T17:45:03.356Z</time>
      </trkpt>
      <trkpt lat="36.951929" lon="-4.462258">
        <ele>812.712731</ele>
        <time>2024-09-05T17:45:14.729Z</time>
      </trkpt>
      <trkpt lat="36.952150" lon="-4.462212">
        <ele>812.326878</ele>
        <time>2024-09-05T17:45:19.760Z</time>
      </trkpt>
      <trkpt lat="36.952871" lon="-4.461915">
        <ele>810.297527</ele>
        <time>2024-09-05T17:45:28.361Z</time>
      </trkpt>
      <trkpt lat="36.953180" lon="-4.461886">
        <ele>809.469095</ele>
        <time>2024-09-05T17:45:31.407Z</time>
      </trkpt>
      <trkpt lat="36.954131" lon="-4.461902">
        <ele>804.660080</ele>
        <time>2024-09-05T17:45:40.079Z</time>
      </trkpt>
      <trkpt lat="36.954277" lon="-4.461827">
        <ele>803.372856</ele>
        <time>2024-09-05T17:45:41.474Z</time>
      </trkpt>
      <trkpt lat="36.954349" lon="-4.461746">
        <ele>802.583193</ele>
        <time>2024-09-05T17:45:42.316Z</time>
      </trkpt>
      <trkpt lat="36.954386" lon="-4.461704">
        <ele>802.175757</ele>
        <time>2024-09-05T17:45:42.757Z</time>
      </trkpt>
      <trkpt lat="36.954507" lon="-4.461094">
        <ele>798.079316</ele>
        <time>2024-09-05T17:45:47.124Z</time>
      </trkpt>
      <trkpt lat="36.954858" lon="-4.460190">
        <ele>791.833537</ele>
        <time>2024-09-05T17:45:54.106Z</time>
      </trkpt>
      <trkpt lat="36.955020" lon="-4.459624">
        <ele>788.566848</ele>
        <time>2024-09-05T17:45:58.316Z</time>
      </trkpt>
      <trkpt lat="36.955043" lon="-4.459251">
        <ele>786.534122</ele>
        <time>2024-09-05T17:46:00.987Z</time>
      </trkpt>
      <trkpt lat="36.954932" lon="-4.458440">
        <ele>782.063371</ele>
        <time>2024-09-05T17:46:07.096Z</time>
      </trkpt>
      <trkpt lat="36.954794" lon="-4.457517">
        <ele>778.932047</ele>
        <time>2024-09-05T17:46:14.574Z</time>
      </trkpt>
      <trkpt lat="36.954772" lon="-4.457217">
        <ele>778.068698</ele>
        <time>2024-09-05T17:46:17.051Z</time>
      </trkpt>
      <trkpt lat="36.954832" lon="-4.456777">
        <ele>776.789525</ele>
        <time>2024-09-05T17:46:20.731Z</time>
      </trkpt>
      <trkpt lat="36.954946" lon="-4.456358">
        <ele>775.521071</ele>
        <time>2024-09-05T17:46:24.344Z</time>
      </trkpt>
      <trkpt lat="36.955395" lon="-4.455365">
        <ele>771.437926</ele>
        <time>2024-09-05T17:46:33.203Z</time>
      </trkpt>
      <trkpt lat="36.955490" lon="-4.455206">
        <ele>770.678525</ele>
        <time>2024-09-05T17:46:34.719Z</time>
      </trkpt>
      <trkpt lat="36.955783" lon="-4.454912">
        <ele>768.880819</ele>
        <time>2024-09-05T17:46:38.232Z</time>
      </trkpt>
      <trkpt lat="36.956093" lon="-4.454527">
        <ele>766.790202</ele>
        <time>2024-09-05T17:46:42.272Z</time>
      </trkpt>
      <trkpt lat="36.956427" lon="-4.454038">
        <ele>764.329726</ele>
        <time>2024-09-05T17:46:47.038Z</time>
      </trkpt>
      <trkpt lat="36.957265" lon="-4.452513">
        <ele>757.285600</ele>
        <time>2024-09-05T17:47:01.102Z</time>
      </trkpt>
      <trkpt lat="36.957594" lon="-4.452068">
        <ele>755.345327</ele>
        <time>2024-09-05T17:47:05.958Z</time>
      </trkpt>
      <trkpt lat="36.957778" lon="-4.451605">
        <ele>753.690387</ele>
        <time>2024-09-05T17:47:10.102Z</time>
      </trkpt>
      <trkpt lat="36.957940" lon="-4.451324">
        <ele>752.581440</ele>
        <time>2024-09-05T17:47:12.872Z</time>
      </trkpt>
      <trkpt lat="36.958316" lon="-4.450770">
        <ele>750.253328</ele>
        <time>2024-09-05T17:47:18.525Z</time>
      </trkpt>
      <trkpt lat="36.958393" lon="-4.450602">
        <ele>749.325423</ele>
        <time>2024-09-05T17:47:19.992Z</time>
      </trkpt>
      <trkpt lat="36.958667" lon="-4.449659">
        <ele>744.518033</ele>
        <time>2024-09-05T17:47:27.395Z</time>
      </trkpt>
      <trkpt lat="36.958745" lon="-4.449477">
        <ele>743.528564</ele>
        <time>2024-09-05T17:47:28.905Z</time>
      </trkpt>
      <trkpt lat="36.959398" lon="-4.448614">
        <ele>737.487931</ele>
        <time>2024-09-05T17:47:37.466Z</time>
      </trkpt>
      <trkpt lat="36.959336" lon="-4.448459">
        <ele>736.482115</ele>
        <time>2024-09-05T17:47:38.704Z</time>
      </trkpt>
      <trkpt lat="36.959369" lon="-4.448311">
        <ele>735.590507</ele>
        <time>2024-09-05T17:47:39.787Z</time>
      </trkpt>
      <trkpt lat="36.958765" lon="-4.447754">
        <ele>730.142100</ele>
        <time>2024-09-05T17:47:46.446Z</time>
      </trkpt>
      <trkpt lat="36.958584" lon="-4.447660">
        <ele>728.719014</ele>
        <time>2024-09-05T17:47:48.201Z</time>
      </trkpt>
      <trkpt lat="36.958415" lon="-4.447618">
        <ele>727.467790</ele>
        <time>2024-09-05T17:47:49.747Z</time>
      </trkpt>
      <trkpt lat="36.957783" lon="-4.447658">
        <ele>722.857175</ele>
        <time>2024-09-05T17:47:55.477Z</time>
      </trkpt>
      <trkpt lat="36.957341" lon="-4.447717">
        <ele>719.615322</ele>
        <time>2024-09-05T17:47:59.461Z</time>
      </trkpt>
      <trkpt lat="36.957114" lon="-4.447823">
        <ele>717.848281</ele>
        <time>2024-09-05T17:48:01.619Z</time>
      </trkpt>
      <trkpt lat="36.957009" lon="-4.447930">
        <ele>716.860723</ele>
        <time>2024-09-05T17:48:02.824Z</time>
      </trkpt>
      <trkpt lat="36.956770" lon="-4.448297">
        <ele>714.101588</ele>
        <time>2024-09-05T17:48:06.186Z</time>
      </trkpt>
      <trkpt lat="36.956671" lon="-4.448395">
        <ele>713.160425</ele>
        <time>2024-09-05T17:48:07.298Z</time>
      </trkpt>
      <trkpt lat="36.956540" lon="-4.448473">
        <ele>711.912121</ele>
        <time>2024-09-05T17:48:08.589Z</time>
      </trkpt>
      <trkpt lat="36.956313" lon="-4.448511">
        <ele>709.941452</ele>
        <time>2024-09-05T17:48:10.615Z</time>
      </trkpt>
      <trkpt lat="36.956178" lon="-4.448514">
        <ele>708.779632</ele>
        <time>2024-09-05T17:48:11.800Z</time>
      </trkpt>
      <trkpt lat="36.955676" lon="-4.448276">
        <ele>704.160459</ele>
        <time>2024-09-05T17:48:16.512Z</time>
      </trkpt>
      <trkpt lat="36.955517" lon="-4.448230">
        <ele>702.756224</ele>
        <time>2024-09-05T17:48:17.925Z</time>
      </trkpt>
      <trkpt lat="36.954689" lon="-4.448190">
        <ele>696.155762</ele>
        <time>2024-09-05T17:48:25.114Z</time>
      </trkpt>
      <trkpt lat="36.954320" lon="-4.448094">
        <ele>693.696080</ele>
        <time>2024-09-05T17:48:28.421Z</time>
      </trkpt>
      <trkpt lat="36.954149" lon="-4.447989">
        <ele>692.452979</ele>
        <time>2024-09-05T17:48:30.124Z</time>
      </trkpt>
      <trkpt lat="36.953961" lon="-4.447793">
        <ele>690.856031</ele>
        <time>2024-09-05T17:48:32.351Z</time>
      </trkpt>
      <trkpt lat="36.953803" lon="-4.447522">
        <ele>689.106521</ele>
        <time>2024-09-05T17:48:34.869Z</time>
      </trkpt>
      <trkpt lat="36.953679" lon="-4.447193">
        <ele>687.209432</ele>
        <time>2024-09-05T17:48:37.688Z</time>
      </trkpt>
      <trkpt lat="36.953650" lon="-4.446883">
        <ele>686.057292</ele>
        <time>2024-09-05T17:48:40.071Z</time>
      </trkpt>
      <trkpt lat="36.953677" lon="-4.446587">
        <ele>685.986162</ele>
        <time>2024-09-05T17:48:42.390Z</time>
      </trkpt>
      <trkpt lat="36.953732" lon="-4.446400">
        <ele>685.938587</ele>
        <time>2024-09-05T17:48:44.022Z</time>
      </trkpt>
      <trkpt lat="36.953795" lon="-4.446296">
        <ele>685.907429</ele>
        <time>2024-09-05T17:48:45.129Z</time>
      </trkpt>
      <trkpt lat="36.953911" lon="-4.446164">
        <ele>685.860585</ele>
        <time>2024-09-05T17:48:46.767Z</time>
      </trkpt>
      <trkpt lat="36.954372" lon="-4.445798">
        <ele>685.697471</ele>
        <time>2024-09-05T17:48:55.341Z</time>
      </trkpt>
      <trkpt lat="36.954674" lon="-4.445350">
        <ele>685.557536</ele>
        <time>2024-09-05T17:49:07.272Z</time>
      </trkpt>
      <trkpt lat="36.954847" lon="-4.444959">
        <ele>687.252771</ele>
        <time>2024-09-05T17:49:19.104Z</time>
      </trkpt>
      <trkpt lat="36.954939" lon="-4.444667">
        <ele>688.647195</ele>
        <time>2024-09-05T17:49:27.995Z</time>
      </trkpt>
      <trkpt lat="36.955204" lon="-4.442964">
        <ele>696.683568</ele>
        <time>2024-09-05T17:50:22.272Z</time>
      </trkpt>
      <trkpt lat="36.955297" lon="-4.442173">
        <ele>701.671162</ele>
        <time>2024-09-05T17:50:52.528Z</time>
      </trkpt>
      <trkpt lat="36.955433" lon="-4.440986">
        <ele>709.151702</ele>
        <time>2024-09-05T17:51:37.933Z</time>
      </trkpt>
      <trkpt lat="36.955532" lon="-4.440544">
        <ele>712.195760</ele>
        <time>2024-09-05T17:51:55.410Z</time>
      </trkpt>
      <trkpt lat="36.955678" lon="-4.440206">
        <ele>714.770506</ele>
        <time>2024-09-05T17:52:10.459Z</time>
      </trkpt>
      <trkpt lat="36.956192" lon="-4.439403">
        <ele>721.665081</ele>
        <time>2024-09-05T17:52:49.803Z</time>
      </trkpt>
      <trkpt lat="36.956352" lon="-4.439063">
        <ele>724.309204</ele>
        <time>2024-09-05T17:53:04.971Z</time>
      </trkpt>
      <trkpt lat="36.956456" lon="-4.438636">
        <ele>727.380239</ele>
        <time>2024-09-05T17:53:23.173Z</time>
      </trkpt>
      <trkpt lat="36.956396" lon="-4.438137">
        <ele>730.864058</ele>
        <time>2024-09-05T17:53:44.328Z</time>
      </trkpt>
      <trkpt lat="36.956223" lon="-4.437634">
        <ele>734.644714</ele>
        <time>2024-09-05T17:54:06.617Z</time>
      </trkpt>
      <trkpt lat="36.956092" lon="-4.437219">
        <ele>737.725279</ele>
        <time>2024-09-05T17:54:23.982Z</time>
      </trkpt>
      <trkpt lat="36.956014" lon="-4.436801">
        <ele>740.626528</ele>
        <time>2024-09-05T17:54:40.088Z</time>
      </trkpt>
      <trkpt lat="36.956026" lon="-4.436240">
        <ele>744.001238</ele>
        <time>2024-09-05T17:55:00.338Z</time>
      </trkpt>
      <trkpt lat="36.956171" lon="-4.434088">
        <ele>756.599064</ele>
        <time>2024-09-05T17:56:17.167Z</time>
      </trkpt>
      <trkpt lat="36.956170" lon="-4.433060">
        <ele>762.040348</ele>
        <time>2024-09-05T17:56:50.742Z</time>
      </trkpt>
      <trkpt lat="36.956223" lon="-4.432635">
        <ele>764.317133</ele>
        <time>2024-09-05T17:57:04.946Z</time>
      </trkpt>
      <trkpt lat="36.956840" lon="-4.429196">
        <ele>780.481585</ele>
        <time>2024-09-05T17:58:51.711Z</time>
      </trkpt>
      <trkpt lat="36.956923" lon="-4.428630">
        <ele>782.907596</ele>
        <time>2024-09-05T17:59:08.147Z</time>
      </trkpt>
      <trkpt lat="36.956923" lon="-4.428174">
        <ele>784.830017</ele>
        <time>2024-09-05T17:59:20.925Z</time>
      </trkpt>
      <trkpt lat="36.956677" lon="-4.426298">
        <ele>790.976889</ele>
        <time>2024-09-05T18:00:09.522Z</time>
      </trkpt>
      <trkpt lat="36.956565" lon="-4.425399">
        <ele>793.506572</ele>
        <time>2024-09-05T18:00:28.042Z</time>
      </trkpt>
      <trkpt lat="36.956484" lon="-4.425003">
        <ele>794.433263</ele>
        <time>2024-09-05T18:00:36.176Z</time>
      </trkpt>
      <trkpt lat="36.956279" lon="-4.424073">
        <ele>796.620355</ele>
        <time>2024-09-05T18:00:55.568Z</time>
      </trkpt>
      <trkpt lat="36.956105" lon="-4.423521">
        <ele>798.027555</ele>
        <time>2024-09-05T18:01:07.808Z</time>
      </trkpt>
      <trkpt lat="36.954634" lon="-4.419887">
        <ele>810.794100</ele>
        <time>2024-09-05T18:02:48.747Z</time>
      </trkpt>
      <trkpt lat="36.954282" lon="-4.419079">
        <ele>813.526329</ele>
        <time>2024-09-05T18:03:11.334Z</time>
      </trkpt>
      <trkpt lat="36.954016" lon="-4.418768">
        <ele>814.810549</ele>
        <time>2024-09-05T18:03:22.066Z</time>
      </trkpt>
      <trkpt lat="36.953100" lon="-4.418183">
        <ele>818.397936</ele>
        <time>2024-09-05T18:03:50.887Z</time>
      </trkpt>
      <trkpt lat="36.952483" lon="-4.417980">
        <ele>820.122886</ele>
        <time>2024-09-05T18:04:08.030Z</time>
      </trkpt>
      <trkpt lat="36.950642" lon="-4.417014">
        <ele>824.523624</ele>
        <time>2024-09-05T18:04:57.298Z</time>
      </trkpt>
      <trkpt lat="36.950295" lon="-4.416788">
        <ele>825.140593</ele>
        <time>2024-09-05T18:05:05.586Z</time>
      </trkpt>
      <trkpt lat="36.947894" lon="-4.414259">
        <ele>825.875981</ele>
        <time>2024-09-05T18:05:54.604Z</time>
      </trkpt>
      <trkpt lat="36.947783" lon="-4.414119">
        <ele>825.772030</ele>
        <time>2024-09-05T18:05:56.471Z</time>
      </trkpt>
      <trkpt lat="36.947580" lon="-4.413788">
        <ele>825.552101</ele>
        <time>2024-09-05T18:06:00.397Z</time>
      </trkpt>
      <trkpt lat="36.947258" lon="-4.412968">
        <ele>825.003258</ele>
        <time>2024-09-05T18:06:08.898Z</time>
      </trkpt>
      <trkpt lat="36.946996" lon="-4.412242">
        <ele>824.404770</ele>
        <time>2024-09-05T18:06:16.260Z</time>
      </trkpt>
      <trkpt lat="36.946839" lon="-4.411990">
        <ele>824.164706</ele>
        <time>2024-09-05T18:06:19.206Z</time>
      </trkpt>
      <trkpt lat="36.946633" lon="-4.411724">
        <ele>823.886417</ele>
        <time>2024-09-05T18:06:22.757Z</time>
      </trkpt>
      <trkpt lat="36.946402" lon="-4.411513">
        <ele>823.617548</ele>
        <time>2024-09-05T18:06:26.495Z</time>
      </trkpt>
      <trkpt lat="36.945049" lon="-4.410540">
        <ele>825.413241</ele>
        <time>2024-09-05T18:06:55.939Z</time>
      </trkpt>
      <trkpt lat="36.944491" lon="-4.410058">
        <ele>827.442478</ele>
        <time>2024-09-05T18:07:13.467Z</time>
      </trkpt>
      <trkpt lat="36.944274" lon="-4.409803">
        <ele>828.799715</ele>
        <time>2024-09-05T18:07:22.314Z</time>
      </trkpt>
      <trkpt lat="36.944076" lon="-4.409503">
        <ele>830.217387</ele>
        <time>2024-09-05T18:07:32.405Z</time>
      </trkpt>
      <trkpt lat="36.944008" lon="-4.409372">
        <ele>830.786559</ele>
        <time>2024-09-05T18:07:36.719Z</time>
      </trkpt>
      <trkpt lat="36.943690" lon="-4.408552">
        <ele>834.154969</ele>
        <time>2024-09-05T18:08:04.742Z</time>
      </trkpt>
      <trkpt lat="36.943564" lon="-4.408008">
        <ele>837.387962</ele>
        <time>2024-09-05T18:08:23.675Z</time>
      </trkpt>
      <trkpt lat="36.943461" lon="-4.407358">
        <ele>841.170478</ele>
        <time>2024-09-05T18:08:46.675Z</time>
      </trkpt>
      <trkpt lat="36.943288" lon="-4.406753">
        <ele>844.838290</ele>
        <time>2024-09-05T18:09:09.588Z</time>
      </trkpt>
      <trkpt lat="36.942561" lon="-4.404689">
        <ele>858.384744</ele>
        <time>2024-09-05T18:10:32.961Z</time>
      </trkpt>
      <trkpt lat="36.942380" lon="-4.404294">
        <ele>860.877002</ele>
        <time>2024-09-05T18:10:49.928Z</time>
      </trkpt>
      <trkpt lat="36.941529" lon="-4.403087">
        <ele>866.509254</ele>
        <time>2024-09-05T18:11:37.571Z</time>
      </trkpt>
      <trkpt lat="36.941355" lon="-4.402776">
        <ele>867.837703</ele>
        <time>2024-09-05T18:11:45.367Z</time>
      </trkpt>
      <trkpt lat="36.940498" lon="-4.400555">
        <ele>864.838362</ele>
        <time>2024-09-05T18:12:06.936Z</time>
      </trkpt>
      <trkpt lat="36.940395" lon="-4.400016">
        <ele>862.762115</ele>
        <time>2024-09-05T18:12:11.109Z</time>
      </trkpt>
      <trkpt lat="36.940395" lon="-4.399067">
        <ele>859.206737</ele>
        <time>2024-09-05T18:12:18.232Z</time>
      </trkpt>
      <trkpt lat="36.940348" lon="-4.398804">
        <ele>858.197092</ele>
        <time>2024-09-05T18:12:20.254Z</time>
      </trkpt>
      <trkpt lat="36.940230" lon="-4.398525">
        <ele>857.014510</ele>
        <time>2024-09-05T18:12:22.617Z</time>
      </trkpt>
      <trkpt lat="36.940082" lon="-4.398299">
        <ele>855.899950</ele>
        <time>2024-09-05T18:12:24.818Z</time>
      </trkpt>
      <trkpt lat="36.939543" lon="-4.397686">
        <ele>852.389535</ele>
        <time>2024-09-05T18:12:31.713Z</time>
      </trkpt>
      <trkpt lat="36.938961" lon="-4.397020">
        <ele>848.588424</ele>
        <time>2024-09-05T18:12:39.221Z</time>
      </trkpt>
      <trkpt lat="36.938550" lon="-4.396674">
        <ele>846.100152</ele>
        <time>2024-09-05T18:12:43.959Z</time>
      </trkpt>
      <trkpt lat="36.937256" lon="-4.396107">
        <ele>839.113706</ele>
        <time>2024-09-05T18:12:56.821Z</time>
      </trkpt>
      <trkpt lat="36.936971" lon="-4.395942">
        <ele>837.413135</ele>
        <time>2024-09-05T18:12:59.726Z</time>
      </trkpt>
      <trkpt lat="36.936713" lon="-4.395741">
        <ele>835.743142</ele>
        <time>2024-09-05T18:13:02.543Z</time>
      </trkpt>
      <trkpt lat="36.936492" lon="-4.395479">
        <ele>834.070250</ele>
        <time>2024-09-05T18:13:05.365Z</time>
      </trkpt>
      <trkpt lat="36.936337" lon="-4.395131">
        <ele>832.320612</ele>
        <time>2024-09-05T18:13:08.331Z</time>
      </trkpt>
      <trkpt lat="36.935707" lon="-4.393328">
        <ele>823.273941</ele>
        <time>2024-09-05T18:13:22.941Z</time>
      </trkpt>
      <trkpt lat="36.935436" lon="-4.392578">
        <ele>819.379678</ele>
        <time>2024-09-05T18:13:28.989Z</time>
      </trkpt>
      <trkpt lat="36.935350" lon="-4.392247">
        <ele>817.629288</ele>
        <time>2024-09-05T18:13:31.499Z</time>
      </trkpt>
      <trkpt lat="36.935342" lon="-4.391868">
        <ele>815.486534</ele>
        <time>2024-09-05T18:13:34.209Z</time>
      </trkpt>
      <trkpt lat="36.935384" lon="-4.391497">
        <ele>813.368815</ele>
        <time>2024-09-05T18:13:36.908Z</time>
      </trkpt>
      <trkpt lat="36.935619" lon="-4.390408">
        <ele>806.993735</ele>
        <time>2024-09-05T18:13:44.984Z</time>
      </trkpt>
      <trkpt lat="36.935655" lon="-4.390028">
        <ele>804.821573</ele>
        <time>2024-09-05T18:13:47.708Z</time>
      </trkpt>
      <trkpt lat="36.935638" lon="-4.389711">
        <ele>803.002211</ele>
        <time>2024-09-05T18:13:49.977Z</time>
      </trkpt>
      <trkpt lat="36.935586" lon="-4.389427">
        <ele>801.333778</ele>
        <time>2024-09-05T18:13:52.040Z</time>
      </trkpt>
      <trkpt lat="36.935518" lon="-4.389234">
        <ele>800.125967</ele>
        <time>2024-09-05T18:13:53.543Z</time>
      </trkpt>
      <trkpt lat="36.935319" lon="-4.388942">
        <ele>797.928568</ele>
        <time>2024-09-05T18:13:56.285Z</time>
      </trkpt>
      <trkpt lat="36.934272" lon="-4.387949">
        <ele>788.880537</ele>
        <time>2024-09-05T18:14:08.135Z</time>
      </trkpt>
      <trkpt lat="36.933902" lon="-4.387647">
        <ele>785.993889</ele>
        <time>2024-09-05T18:14:12.099Z</time>
      </trkpt>
      <trkpt lat="36.933637" lon="-4.387520">
        <ele>784.139656</ele>
        <time>2024-09-05T18:14:14.658Z</time>
      </trkpt>
      <trkpt lat="36.932571" lon="-4.387396">
        <ele>777.953529</ele>
        <time>2024-09-05T18:14:24.538Z</time>
      </trkpt>
      <trkpt lat="36.932367" lon="-4.387337">
        <ele>776.879451</ele>
        <time>2024-09-05T18:14:26.514Z</time>
      </trkpt>
      <trkpt lat="36.932144" lon="-4.387176">
        <ele>775.558677</ele>
        <time>2024-09-05T18:14:28.966Z</time>
      </trkpt>
      <trkpt lat="36.932065" lon="-4.387083">
        <ele>775.002210</ele>
        <time>2024-09-05T18:14:30.009Z</time>
      </trkpt>
      <trkpt lat="36.931964" lon="-4.386943">
        <ele>774.228910</ele>
        <time>2024-09-05T18:14:31.451Z</time>
      </trkpt>
      <trkpt lat="36.931870" lon="-4.386645">
        <ele>772.915260</ele>
        <time>2024-09-05T18:14:33.887Z</time>
      </trkpt>
      <trkpt lat="36.931835" lon="-4.386350">
        <ele>771.692359</ele>
        <time>2024-09-05T18:14:36.153Z</time>
      </trkpt>
      <trkpt lat="36.931865" lon="-4.386104">
        <ele>770.449984</ele>
        <time>2024-09-05T18:14:38.053Z</time>
      </trkpt>
      <trkpt lat="36.931921" lon="-4.385900">
        <ele>769.371344</ele>
        <time>2024-09-05T18:14:39.670Z</time>
      </trkpt>
      <trkpt lat="36.932012" lon="-4.385713">
        <ele>768.276537</ele>
        <time>2024-09-05T18:14:41.313Z</time>
      </trkpt>
      <trkpt lat="36.932041" lon="-4.385653">
        <ele>767.925905</ele>
        <time>2024-09-05T18:14:41.844Z</time>
      </trkpt>
      <trkpt lat="36.932317" lon="-4.385396">
        <ele>765.773434</ele>
        <time>2024-09-05T18:14:45.002Z</time>
      </trkpt>
      <trkpt lat="36.932963" lon="-4.385141">
        <ele>761.535611</ele>
        <time>2024-09-05T18:14:51.096Z</time>
      </trkpt>
      <trkpt lat="36.933255" lon="-4.384999">
        <ele>759.319444</ele>
        <time>2024-09-05T18:14:53.874Z</time>
      </trkpt>
      <trkpt lat="36.933396" lon="-4.384891">
        <ele>757.975131</ele>
        <time>2024-09-05T18:14:55.336Z</time>
      </trkpt>
      <trkpt lat="36.933546" lon="-4.384682">
        <ele>756.149522</ele>
        <time>2024-09-05T18:14:57.296Z</time>
      </trkpt>
      <trkpt lat="36.933630" lon="-4.384457">
        <ele>754.535494</ele>
        <time>2024-09-05T18:14:59.038Z</time>
      </trkpt>
      <trkpt lat="36.933678" lon="-4.384245">
        <ele>753.103391</ele>
        <time>2024-09-05T18:15:00.574Z</time>
      </trkpt>
      <trkpt lat="36.933699" lon="-4.383285">
        <ele>746.861545</ele>
        <time>2024-09-05T18:15:07.305Z</time>
      </trkpt>
      <trkpt lat="36.933798" lon="-4.383006">
        <ele>745.017286</ele>
        <time>2024-09-05T18:15:09.461Z</time>
      </trkpt>
      <trkpt lat="36.934645" lon="-4.381166">
        <ele>733.308210</ele>
        <time>2024-09-05T18:15:24.793Z</time>
      </trkpt>
      <trkpt lat="36.934679" lon="-4.380861">
        <ele>731.862588</ele>
        <time>2024-09-05T18:15:27.043Z</time>
      </trkpt>
      <trkpt lat="36.934670" lon="-4.380602">
        <ele>730.645613</ele>
        <time>2024-09-05T18:15:28.928Z</time>
      </trkpt>
      <trkpt lat="36.934589" lon="-4.380265">
        <ele>728.993656</ele>
        <time>2024-09-05T18:15:31.497Z</time>
      </trkpt>
      <trkpt lat="36.934312" lon="-4.379859">
        <ele>726.487888</ele>
        <time>2024-09-05T18:15:35.403Z</time>
      </trkpt>
      <trkpt lat="36.933579" lon="-4.379498">
        <ele>722.359984</ele>
        <time>2024-09-05T18:15:42.711Z</time>
      </trkpt>
      <trkpt lat="36.933346" lon="-4.379329">
        <ele>721.601190</ele>
        <time>2024-09-05T18:15:45.298Z</time>
      </trkpt>
      <trkpt lat="36.932274" lon="-4.378037">
        <ele>717.911815</ele>
        <time>2024-09-05T18:16:01.178Z</time>
      </trkpt>
      <trkpt lat="36.931862" lon="-4.377471">
        <ele>718.710158</ele>
        <time>2024-09-05T18:16:12.670Z</time>
      </trkpt>
      <trkpt lat="36.931779" lon="-4.377193">
        <ele>719.019643</ele>
        <time>2024-09-05T18:16:17.691Z</time>
      </trkpt>
      <trkpt lat="36.931754" lon="-4.376796">
        <ele>719.434952</ele>
        <time>2024-09-05T18:16:25.040Z</time>
      </trkpt>
      <trkpt lat="36.931779" lon="-4.376471">
        <ele>719.775456</ele>
        <time>2024-09-05T18:16:31.578Z</time>
      </trkpt>
      <trkpt lat="36.931935" lon="-4.376143">
        <ele>720.289604</ele>
        <time>2024-09-05T18:16:40.163Z</time>
      </trkpt>
      <trkpt lat="36.932363" lon="-4.375518">
        <ele>722.482139</ele>
        <time>2024-09-05T18:16:58.533Z</time>
      </trkpt>
      <trkpt lat="36.932605" lon="-4.375037">
        <ele>723.996263</ele>
        <time>2024-09-05T18:17:10.551Z</time>
      </trkpt>
      <trkpt lat="36.932920" lon="-4.374182">
        <ele>726.508981</ele>
        <time>2024-09-05T18:17:32.974Z</time>
      </trkpt>
      <trkpt lat="36.933038" lon="-4.373788">
        <ele>727.642519</ele>
        <time>2024-09-05T18:17:43.418Z</time>
      </trkpt>
      <trkpt lat="36.933106" lon="-4.373445">
        <ele>728.594595</ele>
        <time>2024-09-05T18:17:52.175Z</time>
      </trkpt>
      <trkpt lat="36.933115" lon="-4.373227">
        <ele>729.182693</ele>
        <time>2024-09-05T18:17:57.418Z</time>
      </trkpt>
      <trkpt lat="36.933080" lon="-4.372929">
        <ele>729.994156</ele>
        <time>2024-09-05T18:18:05.068Z</time>
      </trkpt>
      <trkpt lat="36.932986" lon="-4.372666">
        <ele>730.770312</ele>
        <time>2024-09-05T18:18:11.709Z</time>
      </trkpt>
      <trkpt lat="36.932476" lon="-4.371913">
        <ele>731.674763</ele>
        <time>2024-09-05T18:18:30.405Z</time>
      </trkpt>
      <trkpt lat="36.932397" lon="-4.371666">
        <ele>731.404198</ele>
        <time>2024-09-05T18:18:34.178Z</time>
      </trkpt>
      <trkpt lat="36.932376" lon="-4.371483">
        <ele>731.216176</ele>
        <time>2024-09-05T18:18:36.619Z</time>
      </trkpt>
      <trkpt lat="36.932388" lon="-4.371171">
        <ele>730.898501</ele>
        <time>2024-09-05T18:18:39.724Z</time>
      </trkpt>
      <trkpt lat="36.932523" lon="-4.370770">
        <ele>730.455984</ele>
        <time>2024-09-05T18:18:43.382Z</time>
      </trkpt>
      <trkpt lat="36.933543" lon="-4.368203">
        <ele>721.579463</ele>
        <time>2024-09-05T18:19:04.999Z</time>
      </trkpt>
      <trkpt lat="36.933593" lon="-4.367734">
        <ele>721.298577</ele>
        <time>2024-09-05T18:19:08.933Z</time>
      </trkpt>
      <trkpt lat="36.933576" lon="-4.367501">
        <ele>721.159682</ele>
        <time>2024-09-05T18:19:11.037Z</time>
      </trkpt>
      <trkpt lat="36.933468" lon="-4.367156">
        <ele>720.939727</ele>
        <time>2024-09-05T18:19:14.566Z</time>
      </trkpt>
      <trkpt lat="36.933356" lon="-4.366891">
        <ele>720.761773</ele>
        <time>2024-09-05T18:19:17.816Z</time>
      </trkpt>
      <trkpt lat="36.933139" lon="-4.366710">
        <ele>720.568076</ele>
        <time>2024-09-05T18:19:22.642Z</time>
      </trkpt>
      <trkpt lat="36.932051" lon="-4.366164">
        <ele>720.486406</ele>
        <time>2024-09-05T18:19:49.747Z</time>
      </trkpt>
      <trkpt lat="36.931490" lon="-4.365927">
        <ele>720.656971</ele>
        <time>2024-09-05T18:19:58.308Z</time>
      </trkpt>
      <trkpt lat="36.931267" lon="-4.365871">
        <ele>720.722489</ele>
        <time>2024-09-05T18:20:01.308Z</time>
      </trkpt>
      <trkpt lat="36.930615" lon="-4.366024">
        <ele>718.882340</ele>
        <time>2024-09-05T18:20:08.474Z</time>
      </trkpt>
      <trkpt lat="36.930358" lon="-4.365971">
        <ele>717.780944</ele>
        <time>2024-09-05T18:20:11.056Z</time>
      </trkpt>
      <trkpt lat="36.930152" lon="-4.365826">
        <ele>716.781449</ele>
        <time>2024-09-05T18:20:13.324Z</time>
      </trkpt>
      <trkpt lat="36.929891" lon="-4.365547">
        <ele>715.329762</ele>
        <time>2024-09-05T18:20:16.514Z</time>
      </trkpt>
      <trkpt lat="36.929737" lon="-4.365416">
        <ele>714.542283</ele>
        <time>2024-09-05T18:20:18.209Z</time>
      </trkpt>
      <trkpt lat="36.928995" lon="-4.364919">
        <ele>710.939243</ele>
        <time>2024-09-05T18:20:25.964Z</time>
      </trkpt>
      <trkpt lat="36.928518" lon="-4.364686">
        <ele>708.730490</ele>
        <time>2024-09-05T18:20:30.816Z</time>
      </trkpt>
      <trkpt lat="36.925815" lon="-4.363753">
        <ele>700.720344</ele>
        <time>2024-09-05T18:20:59.806Z</time>
      </trkpt>
      <trkpt lat="36.924594" lon="-4.363223">
        <ele>700.927419</ele>
        <time>2024-09-05T18:21:21.033Z</time>
      </trkpt>
      <trkpt lat="36.922205" lon="-4.362577">
        <ele>705.916565</ele>
        <time>2024-09-05T18:22:18.673Z</time>
      </trkpt>
      <trkpt lat="36.921686" lon="-4.362379">
        <ele>707.567093</ele>
        <time>2024-09-05T18:22:33.814Z</time>
      </trkpt>
      <trkpt lat="36.921536" lon="-4.362282">
        <ele>708.080743</ele>
        <time>2024-09-05T18:22:38.514Z</time>
      </trkpt>
      <trkpt lat="36.921339" lon="-4.362008">
        <ele>708.976898</ele>
        <time>2024-09-05T18:22:47.099Z</time>
      </trkpt>
      <trkpt lat="36.920845" lon="-4.361032">
        <ele>711.208592</ele>
        <time>2024-09-05T18:23:13.410Z</time>
      </trkpt>
      <trkpt lat="36.920309" lon="-4.360351">
        <ele>712.664388</ele>
        <time>2024-09-05T18:23:32.045Z</time>
      </trkpt>
      <trkpt lat="36.920198" lon="-4.360136">
        <ele>713.054269</ele>
        <time>2024-09-05T18:23:35.981Z</time>
      </trkpt>
      <trkpt lat="36.919885" lon="-4.359283">
        <ele>712.952961</ele>
        <time>2024-09-05T18:23:46.056Z</time>
      </trkpt>
      <trkpt lat="36.919799" lon="-4.359096">
        <ele>712.665355</ele>
        <time>2024-09-05T18:23:47.974Z</time>
      </trkpt>
      <trkpt lat="36.919683" lon="-4.358929">
        <ele>712.370424</ele>
        <time>2024-09-05T18:23:49.872Z</time>
      </trkpt>
      <trkpt lat="36.919525" lon="-4.358774">
        <ele>712.035584</ele>
        <time>2024-09-05T18:23:51.989Z</time>
      </trkpt>
      <trkpt lat="36.918410" lon="-4.357898">
        <ele>710.333145</ele>
        <time>2024-09-05T18:24:06.035Z</time>
      </trkpt>
      <trkpt lat="36.917963" lon="-4.357404">
        <ele>709.930776</ele>
        <time>2024-09-05T18:24:14.405Z</time>
      </trkpt>
      <trkpt lat="36.917785" lon="-4.357122">
        <ele>709.737003</ele>
        <time>2024-09-05T18:24:19.300Z</time>
      </trkpt>
      <trkpt lat="36.917735" lon="-4.356978">
        <ele>709.652334</ele>
        <time>2024-09-05T18:24:21.088Z</time>
      </trkpt>
      <trkpt lat="36.917644" lon="-4.356714">
        <ele>709.497285</ele>
        <time>2024-09-05T18:24:25.035Z</time>
      </trkpt>
      <trkpt lat="36.917659" lon="-4.356400">
        <ele>709.068789</ele>
        <time>2024-09-05T18:24:28.890Z</time>
      </trkpt>
      <trkpt lat="36.917723" lon="-4.355946">
        <ele>708.314483</ele>
        <time>2024-09-05T18:24:34.367Z</time>
      </trkpt>
      <trkpt lat="36.917718" lon="-4.355589">
        <ele>707.730262</ele>
        <time>2024-09-05T18:24:37.964Z</time>
      </trkpt>
      <trkpt lat="36.917714" lon="-4.355314">
        <ele>707.280225</ele>
        <time>2024-09-05T18:24:40.520Z</time>
      </trkpt>
      <trkpt lat="36.917565" lon="-4.354228">
        <ele>704.775889</ele>
        <time>2024-09-05T18:24:49.211Z</time>
      </trkpt>
      <trkpt lat="36.917507" lon="-4.354027">
        <ele>703.599264</ele>
        <time>2024-09-05T18:24:50.780Z</time>
      </trkpt>
      <trkpt lat="36.917385" lon="-4.353499">
        <ele>700.573007</ele>
        <time>2024-09-05T18:24:54.731Z</time>
      </trkpt>
      <trkpt lat="36.917282" lon="-4.353204">
        <ele>698.800535</ele>
        <time>2024-09-05T18:24:57.017Z</time>
      </trkpt>
      <trkpt lat="36.917108" lon="-4.352834">
        <ele>696.436929</ele>
        <time>2024-09-05T18:25:00.056Z</time>
      </trkpt>
      <trkpt lat="36.916701" lon="-4.352241">
        <ele>692.236251</ele>
        <time>2024-09-05T18:25:05.564Z</time>
      </trkpt>
      <trkpt lat="36.916424" lon="-4.351935">
        <ele>689.899500</ele>
        <time>2024-09-05T18:25:08.826Z</time>
      </trkpt>
      <trkpt lat="36.916083" lon="-4.351676">
        <ele>687.376994</ele>
        <time>2024-09-05T18:25:12.387Z</time>
      </trkpt>
      <trkpt lat="36.915828" lon="-4.351417">
        <ele>685.300000</ele>
        <time>2024-09-05T18:25:15.374Z</time>
      </trkpt>
      <trkpt lat="36.915624" lon="-4.351013">
        <ele>682.884457</ele>
        <time>2024-09-05T18:25:18.949Z</time>
      </trkpt>
      <trkpt lat="36.915481" lon="-4.350654">
        <ele>681.992317</ele>
        <time>2024-09-05T18:25:22.119Z</time>
      </trkpt>
      <trkpt lat="36.915441" lon="-4.350547">
        <ele>681.981158</ele>
        <time>2024-09-05T18:25:23.104Z</time>
      </trkpt>
      <trkpt lat="36.915238" lon="-4.349970">
        <ele>681.921601</ele>
        <time>2024-09-05T18:25:29.420Z</time>
      </trkpt>
      <trkpt lat="36.915122" lon="-4.349667">
        <ele>681.889862</ele>
        <time>2024-09-05T18:25:33.619Z</time>
      </trkpt>
      <trkpt lat="36.914892" lon="-4.349030">
        <ele>681.823829</ele>
        <time>2024-09-05T18:25:45.479Z</time>
      </trkpt>
      <trkpt lat="36.914742" lon="-4.348637">
        <ele>682.275522</ele>
        <time>2024-09-05T18:25:54.683Z</time>
      </trkpt>
      <trkpt lat="36.914578" lon="-4.348288">
        <ele>683.244214</ele>
        <time>2024-09-05T18:26:03.946Z</time>
      </trkpt>
      <trkpt lat="36.914456" lon="-4.348093">
        <ele>683.836715</ele>
        <time>2024-09-05T18:26:09.275Z</time>
      </trkpt>
      <trkpt lat="36.914400" lon="-4.348019">
        <ele>684.080533</ele>
        <time>2024-09-05T18:26:11.889Z</time>
      </trkpt>
      <trkpt lat="36.914009" lon="-4.347584">
        <ele>685.646726</ele>
        <time>2024-09-05T18:26:27.535Z</time>
      </trkpt>
      <trkpt lat="36.913212" lon="-4.346879">
        <ele>688.335300</ele>
        <time>2024-09-05T18:26:51.454Z</time>
      </trkpt>
      <trkpt lat="36.912832" lon="-4.346597">
        <ele>689.435007</ele>
        <time>2024-09-05T18:27:01.637Z</time>
      </trkpt>
      <trkpt lat="36.912034" lon="-4.345754">
        <ele>692.053335</ele>
        <time>2024-09-05T18:27:28.209Z</time>
      </trkpt>
      <trkpt lat="36.911566" lon="-4.345248">
        <ele>693.669606</ele>
        <time>2024-09-05T18:27:44.254Z</time>
      </trkpt>
      <trkpt lat="36.911381" lon="-4.345001">
        <ele>694.376607</ele>
        <time>2024-09-05T18:27:51.354Z</time>
      </trkpt>
      <trkpt lat="36.910823" lon="-4.344007">
        <ele>696.622942</ele>
        <time>2024-09-05T18:28:15.560Z</time>
      </trkpt>
      <trkpt lat="36.910737" lon="-4.343852">
        <ele>696.809972</ele>
        <time>2024-09-05T18:28:19.244Z</time>
      </trkpt>
      <trkpt lat="36.910552" lon="-4.343514">
        <ele>697.216036</ele>
        <time>2024-09-05T18:28:26.237Z</time>
      </trkpt>
      <trkpt lat="36.910319" lon="-4.343191">
        <ele>697.647299</ele>
        <time>2024-09-05T18:28:33.389Z</time>
      </trkpt>
      <trkpt lat="36.909768" lon="-4.342665">
        <ele>698.506728</ele>
        <time>2024-09-05T18:28:45.384Z</time>
      </trkpt>
      <trkpt lat="36.909496" lon="-4.342447">
        <ele>698.517202</ele>
        <time>2024-09-05T18:28:50.007Z</time>
      </trkpt>
      <trkpt lat="36.909453" lon="-4.342408">
        <ele>698.502000</ele>
        <time>2024-09-05T18:28:50.736Z</time>
      </trkpt>
      <trkpt lat="36.909336" lon="-4.342359">
        <ele>698.466686</ele>
        <time>2024-09-05T18:28:52.244Z</time>
      </trkpt>
      <trkpt lat="36.909160" lon="-4.342225">
        <ele>698.407713</ele>
        <time>2024-09-05T18:28:54.956Z</time>
      </trkpt>
      <trkpt lat="36.909135" lon="-4.342206">
        <ele>698.399340</ele>
        <time>2024-09-05T18:28:55.359Z</time>
      </trkpt>
      <trkpt lat="36.908755" lon="-4.341915">
        <ele>698.271812</ele>
        <time>2024-09-05T18:29:01.130Z</time>
      </trkpt>
      <trkpt lat="36.908197" lon="-4.341647">
        <ele>698.100736</ele>
        <time>2024-09-05T18:29:09.617Z</time>
      </trkpt>
      <trkpt lat="36.907945" lon="-4.341577">
        <ele>698.025624</ele>
        <time>2024-09-05T18:29:13.191Z</time>
      </trkpt>
      <trkpt lat="36.907238" lon="-4.341399">
        <ele>697.814003</ele>
        <time>2024-09-05T18:29:23.143Z</time>
      </trkpt>
      <trkpt lat="36.906739" lon="-4.341078">
        <ele>697.649343</ele>
        <time>2024-09-05T18:29:30.981Z</time>
      </trkpt>
      <trkpt lat="36.906355" lon="-4.340747">
        <ele>697.386340</ele>
        <time>2024-09-05T18:29:37.451Z</time>
      </trkpt>
      <trkpt lat="36.905758" lon="-4.340159">
        <ele>696.366382</ele>
        <time>2024-09-05T18:29:47.211Z</time>
      </trkpt>
      <trkpt lat="36.905539" lon="-4.339998">
        <ele>696.025415</ele>
        <time>2024-09-05T18:29:50.107Z</time>
      </trkpt>
      <trkpt lat="36.905312" lon="-4.339929">
        <ele>695.711866</ele>
        <time>2024-09-05T18:29:52.658Z</time>
      </trkpt>
      <trkpt lat="36.904404" lon="-4.339762">
        <ele>693.682030</ele>
        <time>2024-09-05T18:30:02.439Z</time>
      </trkpt>
      <trkpt lat="36.903985" lon="-4.339681">
        <ele>692.418191</ele>
        <time>2024-09-05T18:30:06.905Z</time>
      </trkpt>
      <trkpt lat="36.903717" lon="-4.339711">
        <ele>691.616112</ele>
        <time>2024-09-05T18:30:09.693Z</time>
      </trkpt>
      <trkpt lat="36.903674" lon="-4.339716">
        <ele>691.487379</ele>
        <time>2024-09-05T18:30:10.125Z</time>
      </trkpt>
      <trkpt lat="36.903375" lon="-4.339859">
        <ele>690.533129</ele>
        <time>2024-09-05T18:30:13.346Z</time>
      </trkpt>
      <trkpt lat="36.903219" lon="-4.340042">
        <ele>689.895532</ele>
        <time>2024-09-05T18:30:15.446Z</time>
      </trkpt>
      <trkpt lat="36.903099" lon="-4.340201">
        <ele>689.273777</ele>
        <time>2024-09-05T18:30:17.143Z</time>
      </trkpt>
      <trkpt lat="36.902900" lon="-4.340791">
        <ele>687.361286</ele>
        <time>2024-09-05T18:30:22.086Z</time>
      </trkpt>
      <trkpt lat="36.902856" lon="-4.340965">
        <ele>686.816234</ele>
        <time>2024-09-05T18:30:23.477Z</time>
      </trkpt>
      <trkpt lat="36.902746" lon="-4.341293">
        <ele>685.753930</ele>
        <time>2024-09-05T18:30:26.221Z</time>
      </trkpt>
      <trkpt lat="36.902616" lon="-4.341566">
        <ele>684.804936</ele>
        <time>2024-09-05T18:30:28.716Z</time>
      </trkpt>
      <trkpt lat="36.902507" lon="-4.341707">
        <ele>684.219198</ele>
        <time>2024-09-05T18:30:30.239Z</time>
      </trkpt>
      <trkpt lat="36.901742" lon="-4.342391">
        <ele>683.263616</ele>
        <time>2024-09-05T18:30:40.221Z</time>
      </trkpt>
      <trkpt lat="36.901653" lon="-4.342462">
        <ele>683.298802</ele>
        <time>2024-09-05T18:30:41.545Z</time>
      </trkpt>
      <trkpt lat="36.901353" lon="-4.342715">
        <ele>683.419406</ele>
        <time>2024-09-05T18:30:48.670Z</time>
      </trkpt>
      <trkpt lat="36.900879" lon="-4.343162">
        <ele>683.617279</ele>
        <time>2024-09-05T18:31:02.869Z</time>
      </trkpt>
      <trkpt lat="36.900762" lon="-4.343254">
        <ele>683.758382</ele>
        <time>2024-09-05T18:31:06.142Z</time>
      </trkpt>
      <trkpt lat="36.900680" lon="-4.343277">
        <ele>684.060409</ele>
        <time>2024-09-05T18:31:08.643Z</time>
      </trkpt>
      <trkpt lat="36.900520" lon="-4.343322">
        <ele>684.649807</ele>
        <time>2024-09-05T18:31:13.382Z</time>
      </trkpt>
      <trkpt lat="36.900294" lon="-4.343305">
        <ele>685.463510</ele>
        <time>2024-09-05T18:31:20.787Z</time>
      </trkpt>
      <trkpt lat="36.899983" lon="-4.343211">
        <ele>686.613418</ele>
        <time>2024-09-05T18:31:31.341Z</time>
      </trkpt>
      <trkpt lat="36.899894" lon="-4.343216">
        <ele>686.933603</ele>
        <time>2024-09-05T18:31:34.490Z</time>
      </trkpt>
      <trkpt lat="36.899841" lon="-4.343255">
        <ele>687.154614</ele>
        <time>2024-09-05T18:31:36.489Z</time>
      </trkpt>
      <trkpt lat="36.899815" lon="-4.343311">
        <ele>687.340720</ele>
        <time>2024-09-05T18:31:38.219Z</time>
      </trkpt>
      <trkpt lat="36.899859" lon="-4.343439">
        <ele>687.741145</ele>
        <time>2024-09-05T18:31:41.816Z</time>
      </trkpt>
      <trkpt lat="36.899927" lon="-4.343668">
        <ele>688.443209</ele>
        <time>2024-09-05T18:31:47.323Z</time>
      </trkpt>
      <trkpt lat="36.899924" lon="-4.343765">
        <ele>688.722199</ele>
        <time>2024-09-05T18:31:49.242Z</time>
      </trkpt>
      <trkpt lat="36.899881" lon="-4.343877">
        <ele>689.079267</ele>
        <time>2024-09-05T18:31:52.137Z</time>
      </trkpt>
      <trkpt lat="36.899814" lon="-4.343899">
        <ele>689.328225</ele>
        <time>2024-09-05T18:31:54.106Z</time>
      </trkpt>
      <trkpt lat="36.899477" lon="-4.343905">
        <ele>690.375083</ele>
        <time>2024-09-05T18:32:03.596Z</time>
      </trkpt>
      <trkpt lat="36.899379" lon="-4.343949">
        <ele>690.603364</ele>
        <time>2024-09-05T18:32:06.119Z</time>
      </trkpt>
      <trkpt lat="36.899237" lon="-4.344593">
        <ele>691.774574</ele>
        <time>2024-09-05T18:32:18.716Z</time>
      </trkpt>
      <trkpt lat="36.899162" lon="-4.344693">
        <ele>692.014937</ele>
        <time>2024-09-05T18:32:20.971Z</time>
      </trkpt>
      <trkpt lat="36.898975" lon="-4.344798">
        <ele>692.464345</ele>
        <time>2024-09-05T18:32:25.237Z</time>
      </trkpt>
      <trkpt lat="36.898856" lon="-4.344787">
        <ele>692.725950</ele>
        <time>2024-09-05T18:32:28.982Z</time>
      </trkpt>
      <trkpt lat="36.898771" lon="-4.344726">
        <ele>692.940810</ele>
        <time>2024-09-05T18:32:31.423Z</time>
      </trkpt>
      <trkpt lat="36.898696" lon="-4.344493">
        <ele>693.381164</ele>
        <time>2024-09-05T18:32:36.709Z</time>
      </trkpt>
      <trkpt lat="36.898469" lon="-4.343794">
        <ele>694.596332</ele>
        <time>2024-09-05T18:32:48.112Z</time>
      </trkpt>
      <trkpt lat="36.898349" lon="-4.343588">
        <ele>694.968393</ele>
        <time>2024-09-05T18:32:52.053Z</time>
      </trkpt>
      <trkpt lat="36.898259" lon="-4.343484">
        <ele>695.192101</ele>
        <time>2024-09-05T18:32:54.339Z</time>
      </trkpt>
      <trkpt lat="36.898132" lon="-4.343416">
        <ele>695.444302</ele>
        <time>2024-09-05T18:32:57.433Z</time>
      </trkpt>
      <trkpt lat="36.897665" lon="-4.343317">
        <ele>696.308985</ele>
        <time>2024-09-05T18:33:10.492Z</time>
      </trkpt>
      <trkpt lat="36.897475" lon="-4.343205">
        <ele>696.692442</ele>
        <time>2024-09-05T18:33:15.897Z</time>
      </trkpt>
      <trkpt lat="36.897253" lon="-4.343008">
        <ele>697.189387</ele>
        <time>2024-09-05T18:33:22.089Z</time>
      </trkpt>
      <trkpt lat="36.897161" lon="-4.342875">
        <ele>697.394289</ele>
        <time>2024-09-05T18:33:24.791Z</time>
      </trkpt>
      <trkpt lat="36.896862" lon="-4.341995">
        <ele>698.077245</ele>
        <time>2024-09-05T18:33:35.691Z</time>
      </trkpt>
      <trkpt lat="36.896702" lon="-4.341862">
        <ele>698.248850</ele>
        <time>2024-09-05T18:33:38.469Z</time>
      </trkpt>
      <trkpt lat="36.896574" lon="-4.341812">
        <ele>698.368625</ele>
        <time>2024-09-05T18:33:40.724Z</time>
      </trkpt>
      <trkpt lat="36.896409" lon="-4.341797">
        <ele>698.516389</ele>
        <time>2024-09-05T18:33:44.071Z</time>
      </trkpt>
      <trkpt lat="36.896300" lon="-4.341850">
        <ele>698.620847</ele>
        <time>2024-09-05T18:33:46.441Z</time>
      </trkpt>
      <trkpt lat="36.896067" lon="-4.342161">
        <ele>698.925247</ele>
        <time>2024-09-05T18:33:54.112Z</time>
      </trkpt>
      <trkpt lat="36.895961" lon="-4.342223">
        <ele>699.360154</ele>
        <time>2024-09-05T18:33:56.925Z</time>
      </trkpt>
      <trkpt lat="36.895872" lon="-4.342239">
        <ele>699.777981</ele>
        <time>2024-09-05T18:33:58.681Z</time>
      </trkpt>
      <trkpt lat="36.895730" lon="-4.342156">
        <ele>700.506376</ele>
        <time>2024-09-05T18:34:01.551Z</time>
      </trkpt>
      <trkpt lat="36.895481" lon="-4.341767">
        <ele>702.358048</ele>
        <time>2024-09-05T18:34:10.925Z</time>
      </trkpt>
      <trkpt lat="36.895250" lon="-4.341667">
        <ele>703.493994</ele>
        <time>2024-09-05T18:34:18.234Z</time>
      </trkpt>
      <trkpt lat="36.895086" lon="-4.341695">
        <ele>704.263159</ele>
        <time>2024-09-05T18:34:23.579Z</time>
      </trkpt>
      <trkpt lat="36.894639" lon="-4.341872">
        <ele>706.441993</ele>
        <time>2024-09-05T18:34:43.130Z</time>
      </trkpt>
      <trkpt lat="36.894434" lon="-4.341999">
        <ele>707.761636</ele>
        <time>2024-09-05T18:34:54.060Z</time>
      </trkpt>
      <trkpt lat="36.893942" lon="-4.342176">
        <ele>713.256998</ele>
        <time>2024-09-05T18:35:23.224Z</time>
      </trkpt>
      <trkpt lat="36.893865" lon="-4.342228">
        <ele>714.196359</ele>
        <time>2024-09-05T18:35:28.415Z</time>
      </trkpt>
      <trkpt lat="36.893847" lon="-4.342345">
        <ele>715.219161</ele>
        <time>2024-09-05T18:35:34.015Z</time>
      </trkpt>
      <trkpt lat="36.893952" lon="-4.342863">
        <ele>719.806539</ele>
        <time>2024-09-05T18:36:00.765Z</time>
      </trkpt>
      <trkpt lat="36.893921" lon="-4.343133">
        <ele>722.148115</ele>
        <time>2024-09-05T18:36:15.438Z</time>
      </trkpt>
      <trkpt lat="36.893839" lon="-4.343350">
        <ele>724.208428</ele>
        <time>2024-09-05T18:36:28.181Z</time>
      </trkpt>
      <trkpt lat="36.892942" lon="-4.344299">
        <ele>734.209711</ele>
        <time>2024-09-05T18:37:32.663Z</time>
      </trkpt>
      <trkpt lat="36.892843" lon="-4.344323">
        <ele>735.015191</ele>
        <time>2024-09-05T18:37:36.816Z</time>
      </trkpt>
      <trkpt lat="36.892706" lon="-4.344299">
        <ele>736.120155</ele>
        <time>2024-09-05T18:37:41.611Z</time>
      </trkpt>
      <trkpt lat="36.892626" lon="-4.344143">
        <ele>737.303958</ele>
        <time>2024-09-05T18:37:47.487Z</time>
      </trkpt>
      <trkpt lat="36.892622" lon="-4.344027">
        <ele>738.045658</ele>
        <time>2024-09-05T18:37:51.043Z</time>
      </trkpt>
      <trkpt lat="36.892653" lon="-4.343905">
        <ele>738.863388</ele>
        <time>2024-09-05T18:37:54.484Z</time>
      </trkpt>
      <trkpt lat="36.892728" lon="-4.343827">
        <ele>739.642578</ele>
        <time>2024-09-05T18:37:58.045Z</time>
      </trkpt>
      <trkpt lat="36.893070" lon="-4.343633">
        <ele>741.529741</ele>
        <time>2024-09-05T18:38:11.331Z</time>
      </trkpt>
      <trkpt lat="36.893208" lon="-4.343494">
        <ele>741.996464</ele>
        <time>2024-09-05T18:38:17.341Z</time>
      </trkpt>
      <trkpt lat="36.893334" lon="-4.343275">
        <ele>742.564730</ele>
        <time>2024-09-05T18:38:24.193Z</time>
      </trkpt>
      <trkpt lat="36.893368" lon="-4.343105">
        <ele>742.933842</ele>
        <time>2024-09-05T18:38:27.844Z</time>
      </trkpt>
      <trkpt lat="36.893332" lon="-4.342872">
        <ele>743.433705</ele>
        <time>2024-09-05T18:38:32.410Z</time>
      </trkpt>
      <trkpt lat="36.893217" lon="-4.342733">
        <ele>743.854970</ele>
        <time>2024-09-05T18:38:35.680Z</time>
      </trkpt>
      <trkpt lat="36.893132" lon="-4.342693">
        <ele>744.094172</ele>
        <time>2024-09-05T18:38:37.464Z</time>
      </trkpt>
      <trkpt lat="36.892715" lon="-4.342661">
        <ele>745.194529</ele>
        <time>2024-09-05T18:38:44.918Z</time>
      </trkpt>
      <trkpt lat="36.892459" lon="-4.342537">
        <ele>745.895770</ele>
        <time>2024-09-05T18:38:48.739Z</time>
      </trkpt>
      <trkpt lat="36.892370" lon="-4.342441">
        <ele>746.171197</ele>
        <time>2024-09-05T18:38:51.122Z</time>
      </trkpt>
      <trkpt lat="36.892237" lon="-4.342080">
        <ele>746.916064</ele>
        <time>2024-09-05T18:38:58.500Z</time>
      </trkpt>
      <trkpt lat="36.892091" lon="-4.341930">
        <ele>747.358857</ele>
        <time>2024-09-05T18:39:03.273Z</time>
      </trkpt>
      <trkpt lat="36.892049" lon="-4.341897">
        <ele>747.475092</ele>
        <time>2024-09-05T18:39:04.790Z</time>
      </trkpt>
      <trkpt lat="36.891580" lon="-4.341831">
        <ele>748.581019</ele>
        <time>2024-09-05T18:39:19.173Z</time>
      </trkpt>
      <trkpt lat="36.891391" lon="-4.341803">
        <ele>749.026993</ele>
        <time>2024-09-05T18:39:23.770Z</time>
      </trkpt>
      <trkpt lat="36.891214" lon="-4.341865">
        <ele>749.457718</ele>
        <time>2024-09-05T18:39:28.831Z</time>
      </trkpt>
      <trkpt lat="36.891121" lon="-4.341973">
        <ele>749.755135</ele>
        <time>2024-09-05T18:39:31.497Z</time>
      </trkpt>
      <trkpt lat="36.891055" lon="-4.342106">
        <ele>750.119850</ele>
        <time>2024-09-05T18:39:34.004Z</time>
      </trkpt>
      <trkpt lat="36.891032" lon="-4.342295">
        <ele>750.702261</ele>
        <time>2024-09-05T18:39:37.224Z</time>
      </trkpt>
      <trkpt lat="36.891112" lon="-4.342739">
        <ele>752.088796</ele>
        <time>2024-09-05T18:39:45.114Z</time>
      </trkpt>
      <trkpt lat="36.891081" lon="-4.343000">
        <ele>752.892645</ele>
        <time>2024-09-05T18:39:50.181Z</time>
      </trkpt>
      <trkpt lat="36.890955" lon="-4.343171">
        <ele>753.600981</ele>
        <time>2024-09-05T18:39:55.494Z</time>
      </trkpt>
      <trkpt lat="36.890586" lon="-4.343330">
        <ele>755.087681</ele>
        <time>2024-09-05T18:40:08.773Z</time>
      </trkpt>
      <trkpt lat="36.890391" lon="-4.343449">
        <ele>755.914214</ele>
        <time>2024-09-05T18:40:17.270Z</time>
      </trkpt>
      <trkpt lat="36.889932" lon="-4.344045">
        <ele>759.494189</ele>
        <time>2024-09-05T18:40:43.145Z</time>
      </trkpt>
      <trkpt lat="36.889172" lon="-4.345243">
        <ele>767.144870</ele>
        <time>2024-09-05T18:41:32.976Z</time>
      </trkpt>
      <trkpt lat="36.889052" lon="-4.345315">
        <ele>767.977531</ele>
        <time>2024-09-05T18:41:38.670Z</time>
      </trkpt>
      <trkpt lat="36.888661" lon="-4.345248">
        <ele>769.634025</ele>
        <time>2024-09-05T18:41:54.314Z</time>
      </trkpt>
      <trkpt lat="36.888457" lon="-4.345148">
        <ele>770.542479</ele>
        <time>2024-09-05T18:42:01.787Z</time>
      </trkpt>
      <trkpt lat="36.888364" lon="-4.345015">
        <ele>771.128284</ele>
        <time>2024-09-05T18:42:06.377Z</time>
      </trkpt>
      <trkpt lat="36.888323" lon="-4.344620">
        <ele>772.449073</ele>
        <time>2024-09-05T18:42:14.640Z</time>
      </trkpt>
      <trkpt lat="36.888158" lon="-4.344163">
        <ele>774.111720</ele>
        <time>2024-09-05T18:42:25.130Z</time>
      </trkpt>
      <trkpt lat="36.887986" lon="-4.343827">
        <ele>775.434552</ele>
        <time>2024-09-05T18:42:34.777Z</time>
      </trkpt>
      <trkpt lat="36.887822" lon="-4.343655">
        <ele>776.079019</ele>
        <time>2024-09-05T18:42:40.464Z</time>
      </trkpt>
      <trkpt lat="36.887598" lon="-4.343484">
        <ele>776.847517</ele>
        <time>2024-09-05T18:42:47.734Z</time>
      </trkpt>
      <trkpt lat="36.887391" lon="-4.343383">
        <ele>777.498160</ele>
        <time>2024-09-05T18:42:53.538Z</time>
      </trkpt>
      <trkpt lat="36.887209" lon="-4.343400">
        <ele>778.032566</ele>
        <time>2024-09-05T18:42:57.252Z</time>
      </trkpt>
      <trkpt lat="36.886996" lon="-4.343744">
        <ele>779.051413</ele>
        <time>2024-09-05T18:43:06.285Z</time>
      </trkpt>
      <trkpt lat="36.886850" lon="-4.343838">
        <ele>779.532274</ele>
        <time>2024-09-05T18:43:11.071Z</time>
      </trkpt>
      <trkpt lat="36.886676" lon="-4.343894">
        <ele>780.058379</ele>
        <time>2024-09-05T18:43:15.191Z</time>
      </trkpt>
      <trkpt lat="36.886263" lon="-4.343873">
        <ele>780.979122</ele>
        <time>2024-09-05T18:43:26.351Z</time>
      </trkpt>
      <trkpt lat="36.886035" lon="-4.343833">
        <ele>781.268455</ele>
        <time>2024-09-05T18:43:33.492Z</time>
      </trkpt>
      <trkpt lat="36.885700" lon="-4.343749">
        <ele>781.697830</ele>
        <time>2024-09-05T18:43:44.314Z</time>
      </trkpt>
      <trkpt lat="36.885575" lon="-4.343572">
        <ele>781.935166</ele>
        <time>2024-09-05T18:43:49.114Z</time>
      </trkpt>
      <trkpt lat="36.885291" lon="-4.343016">
        <ele>782.598270</ele>
        <time>2024-09-05T18:43:57.050Z</time>
      </trkpt>
      <trkpt lat="36.884794" lon="-4.342678">
        <ele>782.422610</ele>
        <time>2024-09-05T18:44:03.296Z</time>
      </trkpt>
      <trkpt lat="36.884634" lon="-4.342434">
        <ele>781.761761</ele>
        <time>2024-09-05T18:44:05.920Z</time>
      </trkpt>
      <trkpt lat="36.884416" lon="-4.341718">
        <ele>780.157125</ele>
        <time>2024-09-05T18:44:11.958Z</time>
      </trkpt>
      <trkpt lat="36.884310" lon="-4.341362">
        <ele>779.361494</ele>
        <time>2024-09-05T18:44:14.997Z</time>
      </trkpt>
      <trkpt lat="36.883834" lon="-4.340768">
        <ele>779.242288</ele>
        <time>2024-09-05T18:44:22.145Z</time>
      </trkpt>
      <trkpt lat="36.883639" lon="-4.340407">
        <ele>780.435687</ele>
        <time>2024-09-05T18:44:27.864Z</time>
      </trkpt>
      <trkpt lat="36.883382" lon="-4.339685">
        <ele>782.600711</ele>
        <time>2024-09-05T18:44:48.027Z</time>
      </trkpt>
      <trkpt lat="36.883279" lon="-4.339522">
        <ele>783.169809</ele>
        <time>2024-09-05T18:44:55.023Z</time>
      </trkpt>
      <trkpt lat="36.883124" lon="-4.339358">
        <ele>783.865306</ele>
        <time>2024-09-05T18:45:04.471Z</time>
      </trkpt>
      <trkpt lat="36.883019" lon="-4.339315">
        <ele>784.243747</ele>
        <time>2024-09-05T18:45:09.477Z</time>
      </trkpt>
      <trkpt lat="36.881964" lon="-4.338908">
        <ele>792.175651</ele>
        <time>2024-09-05T18:46:03.553Z</time>
      </trkpt>
      <trkpt lat="36.881759" lon="-4.338793">
        <ele>793.844211</ele>
        <time>2024-09-05T18:46:13.706Z</time>
      </trkpt>
      <trkpt lat="36.881397" lon="-4.338458">
        <ele>797.188763</ele>
        <time>2024-09-05T18:46:32.407Z</time>
      </trkpt>
      <trkpt lat="36.881303" lon="-4.338447">
        <ele>797.869317</ele>
        <time>2024-09-05T18:46:35.670Z</time>
      </trkpt>
      <trkpt lat="36.881179" lon="-4.338508">
        <ele>798.524501</ele>
        <time>2024-09-05T18:46:41.025Z</time>
      </trkpt>
      <trkpt lat="36.880800" lon="-4.338926">
        <ele>801.009459</ele>
        <time>2024-09-05T18:46:58.415Z</time>
      </trkpt>
      <trkpt lat="36.880757" lon="-4.339003">
        <ele>801.378790</ele>
        <time>2024-09-05T18:47:00.448Z</time>
      </trkpt>
      <trkpt lat="36.880642" lon="-4.339624">
        <ele>803.885704</ele>
        <time>2024-09-05T18:47:16.507Z</time>
      </trkpt>
      <trkpt lat="36.880239" lon="-4.340478">
        <ele>807.608169</ele>
        <time>2024-09-05T18:47:43.201Z</time>
      </trkpt>
      <trkpt lat="36.879727" lon="-4.340964">
        <ele>810.265761</ele>
        <time>2024-09-05T18:48:07.232Z</time>
      </trkpt>
      <trkpt lat="36.879326" lon="-4.341066">
        <ele>811.957465</ele>
        <time>2024-09-05T18:48:21.497Z</time>
      </trkpt>
      <trkpt lat="36.879143" lon="-4.341175">
        <ele>812.795467</ele>
        <time>2024-09-05T18:48:27.806Z</time>
      </trkpt>
      <trkpt lat="36.878903" lon="-4.341584">
        <ele>813.975038</ele>
        <time>2024-09-05T18:48:37.533Z</time>
      </trkpt>
      <trkpt lat="36.878540" lon="-4.342373">
        <ele>812.875597</ele>
        <time>2024-09-05T18:48:47.382Z</time>
      </trkpt>
      <trkpt lat="36.877876" lon="-4.343202">
        <ele>811.458515</ele>
        <time>2024-09-05T18:48:56.949Z</time>
      </trkpt>
      <trkpt lat="36.877545" lon="-4.343794">
        <ele>809.277921</ele>
        <time>2024-09-05T18:49:02.538Z</time>
      </trkpt>
      <trkpt lat="36.877330" lon="-4.344723">
        <ele>806.213994</ele>
        <time>2024-09-05T18:49:09.997Z</time>
      </trkpt>
      <trkpt lat="36.877309" lon="-4.344799">
        <ele>805.959253</ele>
        <time>2024-09-05T18:49:10.640Z</time>
      </trkpt>
      <trkpt lat="36.877066" lon="-4.345187">
        <ele>804.398062</ele>
        <time>2024-09-05T18:49:14.535Z</time>
      </trkpt>
      <trkpt lat="36.876895" lon="-4.345822">
        <ele>803.064959</ele>
        <time>2024-09-05T18:49:19.859Z</time>
      </trkpt>
      <trkpt lat="36.876824" lon="-4.346277">
        <ele>802.178126</ele>
        <time>2024-09-05T18:49:23.612Z</time>
      </trkpt>
      <trkpt lat="36.876705" lon="-4.346554">
        <ele>801.576633</ele>
        <time>2024-09-05T18:49:26.456Z</time>
      </trkpt>
      <trkpt lat="36.876221" lon="-4.347066">
        <ele>800.060342</ele>
        <time>2024-09-05T18:49:34.114Z</time>
      </trkpt>
      <trkpt lat="36.875907" lon="-4.347624">
        <ele>799.020093</ele>
        <time>2024-09-05T18:49:40.387Z</time>
      </trkpt>
      <trkpt lat="36.875817" lon="-4.347728">
        <ele>798.791061</ele>
        <time>2024-09-05T18:49:42.089Z</time>
      </trkpt>
      <trkpt lat="36.875455" lon="-4.347892">
        <ele>798.071530</ele>
        <time>2024-09-05T18:49:46.089Z</time>
      </trkpt>
      <trkpt lat="36.875003" lon="-4.347937">
        <ele>797.224193</ele>
        <time>2024-09-05T18:49:50.780Z</time>
      </trkpt>
      <trkpt lat="36.874596" lon="-4.347806">
        <ele>796.668009</ele>
        <time>2024-09-05T18:49:55.611Z</time>
      </trkpt>
      <trkpt lat="36.874049" lon="-4.347572">
        <ele>797.070160</ele>
        <time>2024-09-05T18:50:02.813Z</time>
      </trkpt>
      <trkpt lat="36.873719" lon="-4.347651">
        <ele>797.303876</ele>
        <time>2024-09-05T18:50:07.157Z</time>
      </trkpt>
      <trkpt lat="36.873454" lon="-4.347740">
        <ele>797.494745</ele>
        <time>2024-09-05T18:50:12.379Z</time>
      </trkpt>
      <trkpt lat="36.873157" lon="-4.347724">
        <ele>797.701527</ele>
        <time>2024-09-05T18:50:19.160Z</time>
      </trkpt>
      <trkpt lat="36.872816" lon="-4.347640">
        <ele>798.485496</ele>
        <time>2024-09-05T18:50:29.157Z</time>
      </trkpt>
      <trkpt lat="36.871904" lon="-4.347392">
        <ele>803.212411</ele>
        <time>2024-09-05T18:51:05.966Z</time>
      </trkpt>
      <trkpt lat="36.871594" lon="-4.347281">
        <ele>804.845569</ele>
        <time>2024-09-05T18:51:18.227Z</time>
      </trkpt>
      <trkpt lat="36.871210" lon="-4.346968">
        <ele>807.062422</ele>
        <time>2024-09-05T18:51:34.420Z</time>
      </trkpt>
      <trkpt lat="36.870943" lon="-4.346836">
        <ele>807.757775</ele>
        <time>2024-09-05T18:51:43.346Z</time>
      </trkpt>
      <trkpt lat="36.870599" lon="-4.346913">
        <ele>808.604122</ele>
        <time>2024-09-05T18:51:52.471Z</time>
      </trkpt>
      <trkpt lat="36.870036" lon="-4.346842">
        <ele>809.974510</ele>
        <time>2024-09-05T18:52:03.579Z</time>
      </trkpt>
      <trkpt lat="36.869779" lon="-4.346907">
        <ele>810.609522</ele>
        <time>2024-09-05T18:52:08.884Z</time>
      </trkpt>
      <trkpt lat="36.869447" lon="-4.346939">
        <ele>811.423288</ele>
        <time>2024-09-05T18:52:15.561Z</time>
      </trkpt>
      <trkpt lat="36.868866" lon="-4.346830">
        <ele>812.957656</ele>
        <time>2024-09-05T18:52:29.232Z</time>
      </trkpt>
      <trkpt lat="36.868642" lon="-4.346923">
        <ele>813.574093</ele>
        <time>2024-09-05T18:52:35.236Z</time>
      </trkpt>
      <trkpt lat="36.868045" lon="-4.347336">
        <ele>815.356111</ele>
        <time>2024-09-05T18:52:53.088Z</time>
      </trkpt>
      <trkpt lat="36.867755" lon="-4.347472">
        <ele>816.221435</ele>
        <time>2024-09-05T18:53:01.637Z</time>
      </trkpt>
      <trkpt lat="36.867341" lon="-4.347565">
        <ele>817.746188</ele>
        <time>2024-09-05T18:53:14.412Z</time>
      </trkpt>
      <trkpt lat="36.866868" lon="-4.347876">
        <ele>819.683513</ele>
        <time>2024-09-05T18:53:31.941Z</time>
      </trkpt>
      <trkpt lat="36.866754" lon="-4.347900">
        <ele>820.102573</ele>
        <time>2024-09-05T18:53:35.673Z</time>
      </trkpt>
      <trkpt lat="36.866633" lon="-4.347888">
        <ele>820.542565</ele>
        <time>2024-09-05T18:53:39.356Z</time>
      </trkpt>
      <trkpt lat="36.866501" lon="-4.347785">
        <ele>821.106635</ele>
        <time>2024-09-05T18:53:43.767Z</time>
      </trkpt>
      <trkpt lat="36.866299" lon="-4.347565">
        <ele>822.077831</ele>
        <time>2024-09-05T18:53:50.683Z</time>
      </trkpt>
      <trkpt lat="36.866142" lon="-4.347520">
        <ele>822.672387</ele>
        <time>2024-09-05T18:53:54.787Z</time>
      </trkpt>
      <trkpt lat="36.865657" lon="-4.347582">
        <ele>824.594122</ele>
        <time>2024-09-05T18:54:07.369Z</time>
      </trkpt>
      <trkpt lat="36.865216" lon="-4.347771">
        <ele>826.431790</ele>
        <time>2024-09-05T18:54:20.645Z</time>
      </trkpt>
      <trkpt lat="36.864854" lon="-4.347975">
        <ele>827.997036</ele>
        <time>2024-09-05T18:54:33.073Z</time>
      </trkpt>
      <trkpt lat="36.864458" lon="-4.348225">
        <ele>829.864688</ele>
        <time>2024-09-05T18:54:48.222Z</time>
      </trkpt>
      <trkpt lat="36.864224" lon="-4.348406">
        <ele>832.058035</ele>
        <time>2024-09-05T18:54:58.415Z</time>
      </trkpt>
      <trkpt lat="36.863986" lon="-4.348534">
        <ele>834.123165</ele>
        <time>2024-09-05T18:55:09.316Z</time>
      </trkpt>
      <trkpt lat="36.863199" lon="-4.348645">
        <ele>840.435746</ele>
        <time>2024-09-05T18:55:49.472Z</time>
      </trkpt>
      <trkpt lat="36.862791" lon="-4.348870">
        <ele>843.989517</ele>
        <time>2024-09-05T18:56:13.745Z</time>
      </trkpt>
      <trkpt lat="36.862522" lon="-4.348942">
        <ele>846.124296</ele>
        <time>2024-09-05T18:56:27.778Z</time>
      </trkpt>
      <trkpt lat="36.862044" lon="-4.348984">
        <ele>849.842750</ele>
        <time>2024-09-05T18:56:51.142Z</time>
      </trkpt>
      <trkpt lat="36.861593" lon="-4.348872">
        <ele>853.410943</ele>
        <time>2024-09-05T18:57:12.185Z</time>
      </trkpt>
      <trkpt lat="36.860763" lon="-4.348523">
        <ele>859.165128</ele>
        <time>2024-09-05T18:57:48.499Z</time>
      </trkpt>
      <trkpt lat="36.860516" lon="-4.348492">
        <ele>860.212971</ele>
        <time>2024-09-05T18:57:57.255Z</time>
      </trkpt>
      <trkpt lat="36.860009" lon="-4.348538">
        <ele>862.358676</ele>
        <time>2024-09-05T18:58:12.676Z</time>
      </trkpt>
      <trkpt lat="36.859674" lon="-4.348531">
        <ele>863.772927</ele>
        <time>2024-09-05T18:58:21.765Z</time>
      </trkpt>
      <trkpt lat="36.859315" lon="-4.348535">
        <ele>865.288345</ele>
        <time>2024-09-05T18:58:31.222Z</time>
      </trkpt>
      <trkpt lat="36.859006" lon="-4.348653">
        <ele>865.949288</ele>
        <time>2024-09-05T18:58:39.734Z</time>
      </trkpt>
      <trkpt lat="36.858618" lon="-4.348945">
        <ele>866.679159</ele>
        <time>2024-09-05T18:58:51.658Z</time>
      </trkpt>
      <trkpt lat="36.858378" lon="-4.349068">
        <ele>867.097176</ele>
        <time>2024-09-05T18:58:57.560Z</time>
      </trkpt>
      <trkpt lat="36.858000" lon="-4.349121">
        <ele>867.710149</ele>
        <time>2024-09-05T18:59:04.829Z</time>
      </trkpt>
      <trkpt lat="36.857131" lon="-4.349395">
        <ele>868.710023</ele>
        <time>2024-09-05T18:59:17.737Z</time>
      </trkpt>
      <trkpt lat="36.856760" lon="-4.349570">
        <ele>868.965634</ele>
        <time>2024-09-05T18:59:24.066Z</time>
      </trkpt>
      <trkpt lat="36.856457" lon="-4.349909">
        <ele>869.227775</ele>
        <time>2024-09-05T18:59:31.966Z</time>
      </trkpt>
      <trkpt lat="36.856181" lon="-4.350110">
        <ele>869.433685</ele>
        <time>2024-09-05T18:59:38.686Z</time>
      </trkpt>
      <trkpt lat="36.855589" lon="-4.350307">
        <ele>869.192083</ele>
        <time>2024-09-05T18:59:50.040Z</time>
      </trkpt>
      <trkpt lat="36.855121" lon="-4.350394">
        <ele>868.737064</ele>
        <time>2024-09-05T18:59:56.767Z</time>
      </trkpt>
      <trkpt lat="36.854854" lon="-4.350507">
        <ele>868.465972</ele>
        <time>2024-09-05T18:59:59.941Z</time>
      </trkpt>
      <trkpt lat="36.854633" lon="-4.350564">
        <ele>868.248961</ele>
        <time>2024-09-05T19:00:02.418Z</time>
      </trkpt>
      <trkpt lat="36.854407" lon="-4.350531">
        <ele>868.030143</ele>
        <time>2024-09-05T19:00:04.823Z</time>
      </trkpt>
      <trkpt lat="36.853939" lon="-4.350232">
        <ele>866.481567</ele>
        <time>2024-09-05T19:00:10.336Z</time>
      </trkpt>
      <trkpt lat="36.853786" lon="-4.350161">
        <ele>865.810999</ele>
        <time>2024-09-05T19:00:11.994Z</time>
      </trkpt>
      <trkpt lat="36.853498" lon="-4.350058">
        <ele>864.580196</ele>
        <time>2024-09-05T19:00:14.921Z</time>
      </trkpt>
      <trkpt lat="36.853268" lon="-4.350013">
        <ele>863.623687</ele>
        <time>2024-09-05T19:00:17.132Z</time>
      </trkpt>
      <trkpt lat="36.853040" lon="-4.350025">
        <ele>862.686075</ele>
        <time>2024-09-05T19:00:19.270Z</time>
      </trkpt>
      <trkpt lat="36.852432" lon="-4.350348">
        <ele>860.025667</ele>
        <time>2024-09-05T19:00:25.416Z</time>
      </trkpt>
      <trkpt lat="36.850856" lon="-4.350220">
        <ele>854.264366</ele>
        <time>2024-09-05T19:00:41.143Z</time>
      </trkpt>
      <trkpt lat="36.850712" lon="-4.350234">
        <ele>853.860256</ele>
        <time>2024-09-05T19:00:42.589Z</time>
      </trkpt>
      <trkpt lat="36.850434" lon="-4.350311">
        <ele>853.646877</ele>
        <time>2024-09-05T19:00:45.609Z</time>
      </trkpt>
      <trkpt lat="36.849352" lon="-4.349983">
        <ele>852.812547</ele>
        <time>2024-09-05T19:00:59.068Z</time>
      </trkpt>
      <trkpt lat="36.849143" lon="-4.349863">
        <ele>852.640190</ele>
        <time>2024-09-05T19:01:03.517Z</time>
      </trkpt>
      <trkpt lat="36.848992" lon="-4.349813">
        <ele>852.693790</ele>
        <time>2024-09-05T19:01:06.790Z</time>
      </trkpt>
      <trkpt lat="36.848904" lon="-4.349784">
        <ele>853.179149</ele>
        <time>2024-09-05T19:01:09.009Z</time>
      </trkpt>
      <trkpt lat="36.848436" lon="-4.349871">
        <ele>855.702513</ele>
        <time>2024-09-05T19:01:21.984Z</time>
      </trkpt>
      <trkpt lat="36.848144" lon="-4.349867">
        <ele>857.259877</ele>
        <time>2024-09-05T19:01:31.943Z</time>
      </trkpt>
      <trkpt lat="36.847878" lon="-4.349863">
        <ele>858.678589</ele>
        <time>2024-09-05T19:01:42.719Z</time>
      </trkpt>
      <trkpt lat="36.846862" lon="-4.349602">
        <ele>865.514871</ele>
        <time>2024-09-05T19:02:32.056Z</time>
      </trkpt>
      <trkpt lat="36.846258" lon="-4.349672">
        <ele>870.784884</ele>
        <time>2024-09-05T19:03:00.670Z</time>
      </trkpt>
      <trkpt lat="36.845976" lon="-4.349635">
        <ele>873.248340</ele>
        <time>2024-09-05T19:03:14.377Z</time>
      </trkpt>
      <trkpt lat="36.845643" lon="-4.349370">
        <ele>876.678262</ele>
        <time>2024-09-05T19:03:34.918Z</time>
      </trkpt>
      <trkpt lat="36.845259" lon="-4.348982">
        <ele>881.251291</ele>
        <time>2024-09-05T19:04:03.051Z</time>
      </trkpt>
      <trkpt lat="36.844974" lon="-4.348839">
        <ele>884.154801</ele>
        <time>2024-09-05T19:04:20.459Z</time>
      </trkpt>
      <trkpt lat="36.844785" lon="-4.348841">
        <ele>885.941687</ele>
        <time>2024-09-05T19:04:30.708Z</time>
      </trkpt>
      <trkpt lat="36.844569" lon="-4.348926">
        <ele>888.082636</ele>
        <time>2024-09-05T19:04:41.688Z</time>
      </trkpt>
      <trkpt lat="36.844041" lon="-4.349302">
        <ele>893.828085</ele>
        <time>2024-09-05T19:05:10.796Z</time>
      </trkpt>
      <trkpt lat="36.843851" lon="-4.349341">
        <ele>895.503593</ele>
        <time>2024-09-05T19:05:20.438Z</time>
      </trkpt>
      <trkpt lat="36.843405" lon="-4.349198">
        <ele>899.140983</ele>
        <time>2024-09-05T19:05:47.431Z</time>
      </trkpt>
      <trkpt lat="36.843121" lon="-4.348960">
        <ele>901.842319</ele>
        <time>2024-09-05T19:06:08.130Z</time>
      </trkpt>
      <trkpt lat="36.842895" lon="-4.348814">
        <ele>903.852129</ele>
        <time>2024-09-05T19:06:20.543Z</time>
      </trkpt>
      <trkpt lat="36.842402" lon="-4.348721">
        <ele>907.790799</ele>
        <time>2024-09-05T19:06:39.364Z</time>
      </trkpt>
      <trkpt lat="36.842139" lon="-4.348602">
        <ele>908.976987</ele>
        <time>2024-09-05T19:06:47.852Z</time>
      </trkpt>
      <trkpt lat="36.841903" lon="-4.348415">
        <ele>908.978698</ele>
        <time>2024-09-05T19:06:54.791Z</time>
      </trkpt>
      <trkpt lat="36.841820" lon="-4.348349">
        <ele>908.979300</ele>
        <time>2024-09-05T19:06:57.107Z</time>
      </trkpt>
      <trkpt lat="36.841687" lon="-4.348030">
        <ele>908.981062</ele>
        <time>2024-09-05T19:07:02.918Z</time>
      </trkpt>
      <trkpt lat="36.841467" lon="-4.347754">
        <ele>908.982971</ele>
        <time>2024-09-05T19:07:07.461Z</time>
      </trkpt>
      <trkpt lat="36.841110" lon="-4.347632">
        <ele>908.985237</ele>
        <time>2024-09-05T19:07:11.418Z</time>
      </trkpt>
      <trkpt lat="36.840535" lon="-4.347324">
        <ele>908.227938</ele>
        <time>2024-09-05T19:07:17.451Z</time>
      </trkpt>
      <trkpt lat="36.840403" lon="-4.347201">
        <ele>907.816912</ele>
        <time>2024-09-05T19:07:19.055Z</time>
      </trkpt>
      <trkpt lat="36.840061" lon="-4.346798">
        <ele>906.643487</ele>
        <time>2024-09-05T19:07:23.798Z</time>
      </trkpt>
      <trkpt lat="36.839954" lon="-4.346781">
        <ele>906.374247</ele>
        <time>2024-09-05T19:07:24.859Z</time>
      </trkpt>
      <trkpt lat="36.839858" lon="-4.346872">
        <ele>906.073462</ele>
        <time>2024-09-05T19:07:26.188Z</time>
      </trkpt>
      <trkpt lat="36.839805" lon="-4.347075">
        <ele>905.646892</ele>
        <time>2024-09-05T19:07:27.969Z</time>
      </trkpt>
      <trkpt lat="36.839756" lon="-4.347425">
        <ele>904.937075</ele>
        <time>2024-09-05T19:07:31.168Z</time>
      </trkpt>
      <trkpt lat="36.839766" lon="-4.347780">
        <ele>904.862348</ele>
        <time>2024-09-05T19:07:34.639Z</time>
      </trkpt>
      <trkpt lat="36.839689" lon="-4.348963">
        <ele>908.065694</ele>
        <time>2024-09-05T19:07:56.155Z</time>
      </trkpt>
      <trkpt lat="36.839565" lon="-4.350464">
        <ele>915.020568</ele>
        <time>2024-09-05T19:08:45.043Z</time>
      </trkpt>
      <trkpt lat="36.839546" lon="-4.350908">
        <ele>918.416378</ele>
        <time>2024-09-05T19:09:05.162Z</time>
      </trkpt>
      <trkpt lat="36.839589" lon="-4.351361">
        <ele>921.900330</ele>
        <time>2024-09-05T19:09:27.331Z</time>
      </trkpt>
      <trkpt lat="36.839541" lon="-4.351668">
        <ele>924.289308</ele>
        <time>2024-09-05T19:09:42.387Z</time>
      </trkpt>
      <trkpt lat="36.839347" lon="-4.352178">
        <ele>928.394624</ele>
        <time>2024-09-05T19:10:08.395Z</time>
      </trkpt>
      <trkpt lat="36.839187" lon="-4.352837">
        <ele>932.407619</ele>
        <time>2024-09-05T19:10:39.219Z</time>
      </trkpt>
      <trkpt lat="36.839128" lon="-4.352970">
        <ele>933.293743</ele>
        <time>2024-09-05T19:10:45.466Z</time>
      </trkpt>
      <trkpt lat="36.838976" lon="-4.353050">
        <ele>934.494658</ele>
        <time>2024-09-05T19:10:53.872Z</time>
      </trkpt>
      <trkpt lat="36.838481" lon="-4.353117">
        <ele>938.119925</ele>
        <time>2024-09-05T19:11:15.183Z</time>
      </trkpt>
      <trkpt lat="36.838360" lon="-4.353157">
        <ele>939.031260</ele>
        <time>2024-09-05T19:11:19.194Z</time>
      </trkpt>
      <trkpt lat="36.838251" lon="-4.353219">
        <ele>939.903276</ele>
        <time>2024-09-05T19:11:22.578Z</time>
      </trkpt>
      <trkpt lat="36.837986" lon="-4.353459">
        <ele>940.819761</ele>
        <time>2024-09-05T19:11:29.540Z</time>
      </trkpt>
      <trkpt lat="36.837813" lon="-4.353551">
        <ele>940.816277</ele>
        <time>2024-09-05T19:11:32.221Z</time>
      </trkpt>
      <trkpt lat="36.837647" lon="-4.353571">
        <ele>940.813187</ele>
        <time>2024-09-05T19:11:34.311Z</time>
      </trkpt>
      <trkpt lat="36.837312" lon="-4.353501">
        <ele>940.806894</ele>
        <time>2024-09-05T19:11:38.316Z</time>
      </trkpt>
      <trkpt lat="36.837079" lon="-4.353509">
        <ele>940.802575</ele>
        <time>2024-09-05T19:11:41.076Z</time>
      </trkpt>
      <trkpt lat="36.836711" lon="-4.353675">
        <ele>940.795326</ele>
        <time>2024-09-05T19:11:45.918Z</time>
      </trkpt>
      <trkpt lat="36.836248" lon="-4.353785">
        <ele>941.111068</ele>
        <time>2024-09-05T19:11:52.017Z</time>
      </trkpt>
      <trkpt lat="36.835837" lon="-4.354000">
        <ele>941.854488</ele>
        <time>2024-09-05T19:11:58.262Z</time>
      </trkpt>
      <trkpt lat="36.835062" lon="-4.354497">
        <ele>943.307934</ele>
        <time>2024-09-05T19:12:22.194Z</time>
      </trkpt>
      <trkpt lat="36.834739" lon="-4.354565">
        <ele>943.706003</ele>
        <time>2024-09-05T19:12:31.691Z</time>
      </trkpt>
      <trkpt lat="36.834555" lon="-4.354637">
        <ele>943.273257</ele>
        <time>2024-09-05T19:12:36.208Z</time>
      </trkpt>
      <trkpt lat="36.834135" lon="-4.354865">
        <ele>942.245486</ele>
        <time>2024-09-05T19:12:45.349Z</time>
      </trkpt>
      <trkpt lat="36.833844" lon="-4.354966">
        <ele>941.567640</ele>
        <time>2024-09-05T19:12:48.778Z</time>
      </trkpt>
      <trkpt lat="36.833470" lon="-4.354976">
        <ele>940.728049</ele>
        <time>2024-09-05T19:12:52.517Z</time>
      </trkpt>
      <trkpt lat="36.833090" lon="-4.354889">
        <ele>939.860984</ele>
        <time>2024-09-05T19:12:56.068Z</time>
      </trkpt>
      <trkpt lat="36.832309" lon="-4.354150">
        <ele>930.346484</ele>
        <time>2024-09-05T19:13:04.495Z</time>
      </trkpt>
      <trkpt lat="36.831853" lon="-4.353804">
        <ele>924.962143</ele>
        <time>2024-09-05T19:13:09.010Z</time>
      </trkpt>
      <trkpt lat="36.831607" lon="-4.353705">
        <ele>922.353805</ele>
        <time>2024-09-05T19:13:11.209Z</time>
      </trkpt>
      <trkpt lat="36.831234" lon="-4.353862">
        <ele>919.085928</ele>
        <time>2024-09-05T19:13:14.574Z</time>
      </trkpt>
      <trkpt lat="36.830965" lon="-4.353910">
        <ele>916.943450</ele>
        <time>2024-09-05T19:13:16.936Z</time>
      </trkpt>
      <trkpt lat="36.830183" lon="-4.353818">
        <ele>910.750424</ele>
        <time>2024-09-05T19:13:23.939Z</time>
      </trkpt>
      <trkpt lat="36.829728" lon="-4.353924">
        <ele>907.233482</ele>
        <time>2024-09-05T19:13:28.237Z</time>
      </trkpt>
      <trkpt lat="36.828489" lon="-4.353756">
        <ele>901.483564</ele>
        <time>2024-09-05T19:13:40.101Z</time>
      </trkpt>
      <trkpt lat="36.828111" lon="-4.353911">
        <ele>899.648057</ele>
        <time>2024-09-05T19:13:43.943Z</time>
      </trkpt>
      <trkpt lat="36.827821" lon="-4.353941">
        <ele>898.691805</ele>
        <time>2024-09-05T19:13:46.806Z</time>
      </trkpt>
      <trkpt lat="36.827316" lon="-4.353808">
        <ele>897.437438</ele>
        <time>2024-09-05T19:13:52.083Z</time>
      </trkpt>
      <trkpt lat="36.826744" lon="-4.353799">
        <ele>896.047096</ele>
        <time>2024-09-05T19:13:58.092Z</time>
      </trkpt>
      <trkpt lat="36.826421" lon="-4.353831">
        <ele>895.259588</ele>
        <time>2024-09-05T19:14:01.709Z</time>
      </trkpt>
      <trkpt lat="36.826045" lon="-4.353800">
        <ele>894.965917</ele>
        <time>2024-09-05T19:14:06.374Z</time>
      </trkpt>
      <trkpt lat="36.825935" lon="-4.353755">
        <ele>895.115123</ele>
        <time>2024-09-05T19:14:08.005Z</time>
      </trkpt>
      <trkpt lat="36.825765" lon="-4.353685">
        <ele>895.345860</ele>
        <time>2024-09-05T19:14:11.079Z</time>
      </trkpt>
      <trkpt lat="36.825551" lon="-4.353579">
        <ele>895.642611</ele>
        <time>2024-09-05T19:14:15.173Z</time>
      </trkpt>
      <trkpt lat="36.825263" lon="-4.353515">
        <ele>896.019689</ele>
        <time>2024-09-05T19:14:21.224Z</time>
      </trkpt>
      <trkpt lat="36.824328" lon="-4.353880">
        <ele>897.348067</ele>
        <time>2024-09-05T19:14:46.058Z</time>
      </trkpt>
      <trkpt lat="36.823664" lon="-4.353836">
        <ele>898.468596</ele>
        <time>2024-09-05T19:15:03.104Z</time>
      </trkpt>
      <trkpt lat="36.822632" lon="-4.353819">
        <ele>899.988769</ele>
        <time>2024-09-05T19:15:23.698Z</time>
      </trkpt>
      <trkpt lat="36.822310" lon="-4.353778">
        <ele>899.427426</ele>
        <time>2024-09-05T19:15:27.999Z</time>
      </trkpt>
      <trkpt lat="36.821988" lon="-4.353646">
        <ele>898.839677</ele>
        <time>2024-09-05T19:15:31.857Z</time>
      </trkpt>
      <trkpt lat="36.821047" lon="-4.353485">
        <ele>897.192451</ele>
        <time>2024-09-05T19:15:41.660Z</time>
      </trkpt>
      <trkpt lat="36.820450" lon="-4.353458">
        <ele>896.903367</ele>
        <time>2024-09-05T19:15:47.889Z</time>
      </trkpt>
      <trkpt lat="36.820398" lon="-4.353455">
        <ele>896.894921</ele>
        <time>2024-09-05T19:15:48.481Z</time>
      </trkpt>
      <trkpt lat="36.819912" lon="-4.353502">
        <ele>896.815825</ele>
        <time>2024-09-05T19:15:54.571Z</time>
      </trkpt>
      <trkpt lat="36.819368" lon="-4.353646">
        <ele>896.725594</ele>
        <time>2024-09-05T19:16:05.382Z</time>
      </trkpt>
      <trkpt lat="36.818801" lon="-4.354244">
        <ele>897.740794</ele>
        <time>2024-09-05T19:16:25.647Z</time>
      </trkpt>
      <trkpt lat="36.818632" lon="-4.354314">
        <ele>898.105143</ele>
        <time>2024-09-05T19:16:30.923Z</time>
      </trkpt>
      <trkpt lat="36.818150" lon="-4.354290">
        <ele>899.092267</ele>
        <time>2024-09-05T19:16:43.928Z</time>
      </trkpt>
      <trkpt lat="36.817762" lon="-4.354692">
        <ele>900.123820</ele>
        <time>2024-09-05T19:16:55.122Z</time>
      </trkpt>
      <trkpt lat="36.817384" lon="-4.354998">
        <ele>898.987279</ele>
        <time>2024-09-05T19:17:01.234Z</time>
      </trkpt>
      <trkpt lat="36.817223" lon="-4.355196">
        <ele>898.042513</ele>
        <time>2024-09-05T19:17:03.703Z</time>
      </trkpt>
      <trkpt lat="36.817046" lon="-4.355922">
        <ele>895.501957</ele>
        <time>2024-09-05T19:17:09.438Z</time>
      </trkpt>
      <trkpt lat="36.816994" lon="-4.356294">
        <ele>894.237809</ele>
        <time>2024-09-05T19:17:12.132Z</time>
      </trkpt>
      <trkpt lat="36.816989" lon="-4.356564">
        <ele>893.333715</ele>
        <time>2024-09-05T19:17:14.035Z</time>
      </trkpt>
      <trkpt lat="36.817108" lon="-4.357285">
        <ele>891.117690</ele>
        <time>2024-09-05T19:17:19.346Z</time>
      </trkpt>
      <trkpt lat="36.817064" lon="-4.357535">
        <ele>890.368354</ele>
        <time>2024-09-05T19:17:21.285Z</time>
      </trkpt>
      <trkpt lat="36.816831" lon="-4.358159">
        <ele>888.352703</ele>
        <time>2024-09-05T19:17:26.775Z</time>
      </trkpt>
      <trkpt lat="36.816838" lon="-4.358498">
        <ele>887.359971</ele>
        <time>2024-09-05T19:17:29.915Z</time>
      </trkpt>
      <trkpt lat="36.817017" lon="-4.359151">
        <ele>886.429081</ele>
        <time>2024-09-05T19:17:37.615Z</time>
      </trkpt>
      <trkpt lat="36.817162" lon="-4.360063">
        <ele>886.891493</ele>
        <time>2024-09-05T19:17:51.665Z</time>
      </trkpt>
      <trkpt lat="36.817160" lon="-4.360286">
        <ele>887.002401</ele>
        <time>2024-09-05T19:17:55.464Z</time>
      </trkpt>
      <trkpt lat="36.816921" lon="-4.361024">
        <ele>887.413149</ele>
        <time>2024-09-05T19:18:06.708Z</time>
      </trkpt>
      <trkpt lat="36.816549" lon="-4.362385">
        <ele>889.176567</ele>
        <time>2024-09-05T19:18:28.068Z</time>
      </trkpt>
      <trkpt lat="36.816467" lon="-4.362714">
        <ele>889.599081</ele>
        <time>2024-09-05T19:18:33.982Z</time>
      </trkpt>
      <trkpt lat="36.816361" lon="-4.363134">
        <ele>890.139064</ele>
        <time>2024-09-05T19:18:42.543Z</time>
      </trkpt>
      <trkpt lat="36.816271" lon="-4.363399">
        <ele>891.255614</ele>
        <time>2024-09-05T19:18:49.120Z</time>
      </trkpt>
      <trkpt lat="36.816103" lon="-4.363688">
        <ele>892.651909</ele>
        <time>2024-09-05T19:18:57.727Z</time>
      </trkpt>
      <trkpt lat="36.815573" lon="-4.364566">
        <ele>896.950908</ele>
        <time>2024-09-05T19:19:29.489Z</time>
      </trkpt>
      <trkpt lat="36.814830" lon="-4.365442">
        <ele>902.300665</ele>
        <time>2024-09-05T19:20:10.574Z</time>
      </trkpt>
      <trkpt lat="36.814571" lon="-4.365811">
        <ele>904.448644</ele>
        <time>2024-09-05T19:20:25.464Z</time>
      </trkpt>
      <trkpt lat="36.814196" lon="-4.366606">
        <ele>908.487490</ele>
        <time>2024-09-05T19:20:50.280Z</time>
      </trkpt>
      <trkpt lat="36.813677" lon="-4.366867">
        <ele>910.849895</ele>
        <time>2024-09-05T19:21:09.252Z</time>
      </trkpt>
      <trkpt lat="36.813152" lon="-4.367341">
        <ele>913.506139</ele>
        <time>2024-09-05T19:21:31.963Z</time>
      </trkpt>
      <trkpt lat="36.812879" lon="-4.367542">
        <ele>914.805572</ele>
        <time>2024-09-05T19:21:41.836Z</time>
      </trkpt>
      <trkpt lat="36.812729" lon="-4.367703">
        <ele>915.616536</ele>
        <time>2024-09-05T19:21:46.936Z</time>
      </trkpt>
      <trkpt lat="36.812596" lon="-4.367903">
        <ele>916.149784</ele>
        <time>2024-09-05T19:21:51.726Z</time>
      </trkpt>
      <trkpt lat="36.812269" lon="-4.368729">
        <ele>916.276386</ele>
        <time>2024-09-05T19:22:06.793Z</time>
      </trkpt>
      <trkpt lat="36.812193" lon="-4.368828">
        <ele>916.295231</ele>
        <time>2024-09-05T19:22:08.130Z</time>
      </trkpt>
      <trkpt lat="36.812048" lon="-4.368938">
        <ele>916.324344</ele>
        <time>2024-09-05T19:22:11.145Z</time>
      </trkpt>
      <trkpt lat="36.811612" lon="-4.369032">
        <ele>916.400273</ele>
        <time>2024-09-05T19:22:17.122Z</time>
      </trkpt>
      <trkpt lat="36.811503" lon="-4.369081">
        <ele>916.420153</ele>
        <time>2024-09-05T19:22:18.300Z</time>
      </trkpt>
      <trkpt lat="36.811412" lon="-4.369302">
        <ele>916.319971</ele>
        <time>2024-09-05T19:22:20.650Z</time>
      </trkpt>
      <trkpt lat="36.811384" lon="-4.369790">
        <ele>915.469236</ele>
        <time>2024-09-05T19:22:24.494Z</time>
      </trkpt>
      <trkpt lat="36.811401" lon="-4.370041">
        <ele>915.031225</ele>
        <time>2024-09-05T19:22:26.428Z</time>
      </trkpt>
      <trkpt lat="36.811449" lon="-4.370249">
        <ele>914.654819</ele>
        <time>2024-09-05T19:22:28.153Z</time>
      </trkpt>
      <trkpt lat="36.811598" lon="-4.370584">
        <ele>913.988450</ele>
        <time>2024-09-05T19:22:31.443Z</time>
      </trkpt>
      <trkpt lat="36.811617" lon="-4.370713">
        <ele>913.760375</ele>
        <time>2024-09-05T19:22:32.454Z</time>
      </trkpt>
      <trkpt lat="36.811541" lon="-4.370887">
        <ele>913.415718</ele>
        <time>2024-09-05T19:22:34.515Z</time>
      </trkpt>
      <trkpt lat="36.811418" lon="-4.371081">
        <ele>912.985414</ele>
        <time>2024-09-05T19:22:36.951Z</time>
      </trkpt>
      <trkpt lat="36.811377" lon="-4.371236">
        <ele>912.701562</ele>
        <time>2024-09-05T19:22:38.696Z</time>
      </trkpt>
      <trkpt lat="36.811390" lon="-4.371409">
        <ele>912.394543</ele>
        <time>2024-09-05T19:22:40.826Z</time>
      </trkpt>
      <trkpt lat="36.811451" lon="-4.371524">
        <ele>912.146227</ele>
        <time>2024-09-05T19:22:42.224Z</time>
      </trkpt>
      <trkpt lat="36.811586" lon="-4.371639">
        <ele>911.778833</ele>
        <time>2024-09-05T19:22:45.374Z</time>
      </trkpt>
      <trkpt lat="36.811843" lon="-4.371700">
        <ele>911.190672</ele>
        <time>2024-09-05T19:22:48.795Z</time>
      </trkpt>
      <trkpt lat="36.812350" lon="-4.371727">
        <ele>910.049732</ele>
        <time>2024-09-05T19:22:54.395Z</time>
      </trkpt>
      <trkpt lat="36.812778" lon="-4.371858">
        <ele>909.058976</ele>
        <time>2024-09-05T19:22:58.805Z</time>
      </trkpt>
      <trkpt lat="36.812941" lon="-4.371959">
        <ele>908.649882</ele>
        <time>2024-09-05T19:23:00.624Z</time>
      </trkpt>
      <trkpt lat="36.813027" lon="-4.372102">
        <ele>907.981208</ele>
        <time>2024-09-05T19:23:02.033Z</time>
      </trkpt>
      <trkpt lat="36.813050" lon="-4.372255">
        <ele>907.116009</ele>
        <time>2024-09-05T19:23:03.211Z</time>
      </trkpt>
      <trkpt lat="36.813031" lon="-4.372414">
        <ele>906.222533</ele>
        <time>2024-09-05T19:23:04.463Z</time>
      </trkpt>
      <trkpt lat="36.812495" lon="-4.373308">
        <ele>900.015033</ele>
        <time>2024-09-05T19:23:12.500Z</time>
      </trkpt>
      <trkpt lat="36.811758" lon="-4.374941">
        <ele>887.936067</ele>
        <time>2024-09-05T19:23:25.571Z</time>
      </trkpt>
      <trkpt lat="36.811646" lon="-4.375189">
        <ele>885.943746</ele>
        <time>2024-09-05T19:23:27.599Z</time>
      </trkpt>
      <trkpt lat="36.811482" lon="-4.375446">
        <ele>883.644154</ele>
        <time>2024-09-05T19:23:29.941Z</time>
      </trkpt>
      <trkpt lat="36.811168" lon="-4.375845">
        <ele>879.684430</ele>
        <time>2024-09-05T19:23:33.846Z</time>
      </trkpt>
      <trkpt lat="36.810989" lon="-4.375988">
        <ele>877.678024</ele>
        <time>2024-09-05T19:23:35.686Z</time>
      </trkpt>
      <trkpt lat="36.810448" lon="-4.376086">
        <ele>872.516068</ele>
        <time>2024-09-05T19:23:40.380Z</time>
      </trkpt>
      <trkpt lat="36.810292" lon="-4.376212">
        <ele>870.761843</ele>
        <time>2024-09-05T19:23:41.984Z</time>
      </trkpt>
      <trkpt lat="36.810016" lon="-4.376497">
        <ele>867.380330</ele>
        <time>2024-09-05T19:23:45.061Z</time>
      </trkpt>
      <trkpt lat="36.809794" lon="-4.376654">
        <ele>864.971342</ele>
        <time>2024-09-05T19:23:47.265Z</time>
      </trkpt>
      <trkpt lat="36.809495" lon="-4.376819">
        <ele>862.209861</ele>
        <time>2024-09-05T19:23:50.129Z</time>
      </trkpt>
      <trkpt lat="36.809163" lon="-4.376876">
        <ele>859.770398</ele>
        <time>2024-09-05T19:23:53.109Z</time>
      </trkpt>
      <trkpt lat="36.808947" lon="-4.376962">
        <ele>858.120108</ele>
        <time>2024-09-05T19:23:55.145Z</time>
      </trkpt>
      <trkpt lat="36.808541" lon="-4.377366">
        <ele>854.341431</ele>
        <time>2024-09-05T19:23:59.806Z</time>
      </trkpt>
      <trkpt lat="36.808417" lon="-4.377397">
        <ele>853.420890</ele>
        <time>2024-09-05T19:24:00.956Z</time>
      </trkpt>
      <trkpt lat="36.808113" lon="-4.377366">
        <ele>851.200610</ele>
        <time>2024-09-05T19:24:03.754Z</time>
      </trkpt>
      <trkpt lat="36.807966" lon="-4.377450">
        <ele>849.968023</ele>
        <time>2024-09-05T19:24:05.242Z</time>
      </trkpt>
      <trkpt lat="36.807825" lon="-4.377609">
        <ele>848.172722</ele>
        <time>2024-09-05T19:24:06.966Z</time>
      </trkpt>
      <trkpt lat="36.807739" lon="-4.377670">
        <ele>847.238048</ele>
        <time>2024-09-05T19:24:07.857Z</time>
      </trkpt>
      <trkpt lat="36.807339" lon="-4.377681">
        <ele>843.456874</ele>
        <time>2024-09-05T19:24:11.412Z</time>
      </trkpt>
      <trkpt lat="36.807240" lon="-4.377706">
        <ele>842.502329</ele>
        <time>2024-09-05T19:24:12.303Z</time>
      </trkpt>
      <trkpt lat="36.807008" lon="-4.377932">
        <ele>839.721745</ele>
        <time>2024-09-05T19:24:14.864Z</time>
      </trkpt>
      <trkpt lat="36.806724" lon="-4.378090">
        <ele>836.783532</ele>
        <time>2024-09-05T19:24:17.528Z</time>
      </trkpt>
      <trkpt lat="36.806581" lon="-4.378236">
        <ele>835.038005</ele>
        <time>2024-09-05T19:24:19.099Z</time>
      </trkpt>
      <trkpt lat="36.806334" lon="-4.378519">
        <ele>831.234988</ele>
        <time>2024-09-05T19:24:21.895Z</time>
      </trkpt>
      <trkpt lat="36.805928" lon="-4.379109">
        <ele>822.562707</ele>
        <time>2024-09-05T19:24:27.088Z</time>
      </trkpt>
      <trkpt lat="36.805521" lon="-4.379733">
        <ele>813.590766</ele>
        <time>2024-09-05T19:24:32.469Z</time>
      </trkpt>
      <trkpt lat="36.805391" lon="-4.379858">
        <ele>811.306565</ele>
        <time>2024-09-05T19:24:33.826Z</time>
      </trkpt>
      <trkpt lat="36.805270" lon="-4.379915">
        <ele>809.506076</ele>
        <time>2024-09-05T19:24:34.910Z</time>
      </trkpt>
      <trkpt lat="36.805142" lon="-4.379936">
        <ele>807.806131</ele>
        <time>2024-09-05T19:24:35.987Z</time>
      </trkpt>
      <trkpt lat="36.804950" lon="-4.379853">
        <ele>805.573862</ele>
        <time>2024-09-05T19:24:37.683Z</time>
      </trkpt>
      <trkpt lat="36.804378" lon="-4.379418">
        <ele>798.215977</ele>
        <time>2024-09-05T19:24:43.293Z</time>
      </trkpt>
      <trkpt lat="36.804123" lon="-4.379340">
        <ele>795.331519</ele>
        <time>2024-09-05T19:24:45.535Z</time>
      </trkpt>
      <trkpt lat="36.803601" lon="-4.379423">
        <ele>789.550076</ele>
        <time>2024-09-05T19:24:50.221Z</time>
      </trkpt>
      <trkpt lat="36.803387" lon="-4.379401">
        <ele>787.781089</ele>
        <time>2024-09-05T19:24:52.178Z</time>
      </trkpt>
      <trkpt lat="36.803095" lon="-4.379309">
        <ele>786.074932</ele>
        <time>2024-09-05T19:24:54.880Z</time>
      </trkpt>
      <trkpt lat="36.802672" lon="-4.378973">
        <ele>783.234774</ele>
        <time>2024-09-05T19:24:59.395Z</time>
      </trkpt>
      <trkpt lat="36.802424" lon="-4.378857">
        <ele>781.734421</ele>
        <time>2024-09-05T19:25:01.826Z</time>
      </trkpt>
      <trkpt lat="36.802221" lon="-4.378662">
        <ele>780.283477</ele>
        <time>2024-09-05T19:25:04.259Z</time>
      </trkpt>
      <trkpt lat="36.802054" lon="-4.378630">
        <ele>779.326267</ele>
        <time>2024-09-05T19:25:05.928Z</time>
      </trkpt>
      <trkpt lat="36.801878" lon="-4.378750">
        <ele>778.195415</ele>
        <time>2024-09-05T19:25:07.948Z</time>
      </trkpt>
      <trkpt lat="36.801709" lon="-4.378951">
        <ele>777.110310</ele>
        <time>2024-09-05T19:25:10.425Z</time>
      </trkpt>
      <trkpt lat="36.801342" lon="-4.379577">
        <ele>774.221778</ele>
        <time>2024-09-05T19:25:16.874Z</time>
      </trkpt>
      <trkpt lat="36.801252" lon="-4.379667">
        <ele>773.685691</ele>
        <time>2024-09-05T19:25:17.995Z</time>
      </trkpt>
      <trkpt lat="36.800775" lon="-4.380016">
        <ele>771.115233</ele>
        <time>2024-09-05T19:25:23.196Z</time>
      </trkpt>
      <trkpt lat="36.800584" lon="-4.380205">
        <ele>769.982174</ele>
        <time>2024-09-05T19:25:25.421Z</time>
      </trkpt>
      <trkpt lat="36.800097" lon="-4.380591">
        <ele>765.418880</ele>
        <time>2024-09-05T19:25:30.459Z</time>
      </trkpt>
      <trkpt lat="36.800010" lon="-4.380794">
        <ele>763.930642</ele>
        <time>2024-09-05T19:25:32.061Z</time>
      </trkpt>
      <trkpt lat="36.799926" lon="-4.381146">
        <ele>761.556549</ele>
        <time>2024-09-05T19:25:34.604Z</time>
      </trkpt>
      <trkpt lat="36.799901" lon="-4.381969">
        <ele>756.233139</ele>
        <time>2024-09-05T19:25:40.403Z</time>
      </trkpt>
      <trkpt lat="36.799835" lon="-4.382171">
        <ele>755.033262</ele>
        <time>2024-09-05T19:25:41.994Z</time>
      </trkpt>
      <trkpt lat="36.799777" lon="-4.382249">
        <ele>754.626594</ele>
        <time>2024-09-05T19:25:42.749Z</time>
      </trkpt>
      <trkpt lat="36.799725" lon="-4.382286">
        <ele>754.341049</ele>
        <time>2024-09-05T19:25:43.280Z</time>
      </trkpt>
      <trkpt lat="36.799645" lon="-4.382224">
        <ele>753.891832</ele>
        <time>2024-09-05T19:25:44.150Z</time>
      </trkpt>
      <trkpt lat="36.799562" lon="-4.381794">
        <ele>752.201982</ele>
        <time>2024-09-05T19:25:47.390Z</time>
      </trkpt>
      <trkpt lat="36.799213" lon="-4.380930">
        <ele>748.504891</ele>
        <time>2024-09-05T19:25:54.839Z</time>
      </trkpt>
      <trkpt lat="36.799066" lon="-4.380693">
        <ele>747.359574</ele>
        <time>2024-09-05T19:25:57.316Z</time>
      </trkpt>
      <trkpt lat="36.798763" lon="-4.380612">
        <ele>745.577092</ele>
        <time>2024-09-05T19:26:01.150Z</time>
      </trkpt>
      <trkpt lat="36.798445" lon="-4.380466">
        <ele>743.398454</ele>
        <time>2024-09-05T19:26:04.846Z</time>
      </trkpt>
      <trkpt lat="36.798283" lon="-4.380497">
        <ele>742.344590</ele>
        <time>2024-09-05T19:26:06.448Z</time>
      </trkpt>
      <trkpt lat="36.797991" lon="-4.380704">
        <ele>740.185521</ele>
        <time>2024-09-05T19:26:09.558Z</time>
      </trkpt>
      <trkpt lat="36.797800" lon="-4.380668">
        <ele>738.943428</ele>
        <time>2024-09-05T19:26:11.280Z</time>
      </trkpt>
      <trkpt lat="36.797398" lon="-4.380355">
        <ele>735.897193</ele>
        <time>2024-09-05T19:26:15.361Z</time>
      </trkpt>
      <trkpt lat="36.797310" lon="-4.380346">
        <ele>735.329434</ele>
        <time>2024-09-05T19:26:16.104Z</time>
      </trkpt>
      <trkpt lat="36.797207" lon="-4.380378">
        <ele>734.212778</ele>
        <time>2024-09-05T19:26:17.004Z</time>
      </trkpt>
      <trkpt lat="36.797117" lon="-4.380464">
        <ele>732.901298</ele>
        <time>2024-09-05T19:26:17.964Z</time>
      </trkpt>
      <trkpt lat="36.797001" lon="-4.380668">
        <ele>730.582667</ele>
        <time>2024-09-05T19:26:19.653Z</time>
      </trkpt>
      <trkpt lat="36.796847" lon="-4.380848">
        <ele>728.141617</ele>
        <time>2024-09-05T19:26:21.431Z</time>
      </trkpt>
      <trkpt lat="36.796679" lon="-4.380916">
        <ele>726.097816</ele>
        <time>2024-09-05T19:26:22.920Z</time>
      </trkpt>
      <trkpt lat="36.795955" lon="-4.380994">
        <ele>717.688002</ele>
        <time>2024-09-05T19:26:29.055Z</time>
      </trkpt>
      <trkpt lat="36.795554" lon="-4.381267">
        <ele>713.215586</ele>
        <time>2024-09-05T19:26:32.938Z</time>
      </trkpt>
      <trkpt lat="36.795194" lon="-4.381376">
        <ele>710.696243</ele>
        <time>2024-09-05T19:26:36.160Z</time>
      </trkpt>
      <trkpt lat="36.795103" lon="-4.381403">
        <ele>710.060112</ele>
        <time>2024-09-05T19:26:36.986Z</time>
      </trkpt>
      <trkpt lat="36.794429" lon="-4.381827">
        <ele>704.927364</ele>
        <time>2024-09-05T19:26:43.964Z</time>
      </trkpt>
      <trkpt lat="36.793721" lon="-4.381887">
        <ele>701.015952</ele>
        <time>2024-09-05T19:26:51.055Z</time>
      </trkpt>
      <trkpt lat="36.793509" lon="-4.382020">
        <ele>700.125790</ele>
        <time>2024-09-05T19:26:53.380Z</time>
      </trkpt>
      <trkpt lat="36.793357" lon="-4.382165">
        <ele>699.408119</ele>
        <time>2024-09-05T19:26:55.208Z</time>
      </trkpt>
      <trkpt lat="36.793214" lon="-4.382395">
        <ele>698.533228</ele>
        <time>2024-09-05T19:26:57.431Z</time>
      </trkpt>
      <trkpt lat="36.793071" lon="-4.382510">
        <ele>697.895057</ele>
        <time>2024-09-05T19:26:59.114Z</time>
      </trkpt>
      <trkpt lat="36.792526" lon="-4.382614">
        <ele>695.826480</ele>
        <time>2024-09-05T19:27:04.726Z</time>
      </trkpt>
      <trkpt lat="36.792029" lon="-4.383023">
        <ele>693.858708</ele>
        <time>2024-09-05T19:27:10.803Z</time>
      </trkpt>
      <trkpt lat="36.791886" lon="-4.383041">
        <ele>693.398991</ele>
        <time>2024-09-05T19:27:12.221Z</time>
      </trkpt>
      <trkpt lat="36.791751" lon="-4.382974">
        <ele>692.934327</ele>
        <time>2024-09-05T19:27:13.640Z</time>
      </trkpt>
      <trkpt lat="36.791518" lon="-4.382703">
        <ele>691.915850</ele>
        <time>2024-09-05T19:27:16.732Z</time>
      </trkpt>
      <trkpt lat="36.791251" lon="-4.382507">
        <ele>690.925186</ele>
        <time>2024-09-05T19:27:19.852Z</time>
      </trkpt>
      <trkpt lat="36.791131" lon="-4.382496">
        <ele>690.540322</ele>
        <time>2024-09-05T19:27:21.063Z</time>
      </trkpt>
      <trkpt lat="36.791015" lon="-4.382526">
        <ele>690.161411</ele>
        <time>2024-09-05T19:27:22.285Z</time>
      </trkpt>
      <trkpt lat="36.790411" lon="-4.382777">
        <ele>688.370963</ele>
        <time>2024-09-05T19:27:29.339Z</time>
      </trkpt>
      <trkpt lat="36.790047" lon="-4.382700">
        <ele>687.381607</ele>
        <time>2024-09-05T19:27:33.612Z</time>
      </trkpt>
      <trkpt lat="36.789782" lon="-4.382722">
        <ele>686.669886</ele>
        <time>2024-09-05T19:27:36.548Z</time>
      </trkpt>
      <trkpt lat="36.789565" lon="-4.382831">
        <ele>686.043076</ele>
        <time>2024-09-05T19:27:38.982Z</time>
      </trkpt>
      <trkpt lat="36.789302" lon="-4.383205">
        <ele>684.974910</ele>
        <time>2024-09-05T19:27:43.068Z</time>
      </trkpt>
      <trkpt lat="36.789093" lon="-4.383328">
        <ele>683.768755</ele>
        <time>2024-09-05T19:27:45.209Z</time>
      </trkpt>
      <trkpt lat="36.788871" lon="-4.383322">
        <ele>682.421368</ele>
        <time>2024-09-05T19:27:47.328Z</time>
      </trkpt>
      <trkpt lat="36.788619" lon="-4.383401">
        <ele>680.844806</ele>
        <time>2024-09-05T19:27:49.742Z</time>
      </trkpt>
      <trkpt lat="36.788026" lon="-4.383783">
        <ele>676.795930</ele>
        <time>2024-09-05T19:27:55.739Z</time>
      </trkpt>
      <trkpt lat="36.787917" lon="-4.383783">
        <ele>676.134530</ele>
        <time>2024-09-05T19:27:56.711Z</time>
      </trkpt>
      <trkpt lat="36.787775" lon="-4.383692">
        <ele>675.166037</ele>
        <time>2024-09-05T19:27:58.109Z</time>
      </trkpt>
      <trkpt lat="36.787641" lon="-4.383583">
        <ele>674.195626</ele>
        <time>2024-09-05T19:27:59.543Z</time>
      </trkpt>
      <trkpt lat="36.787395" lon="-4.383305">
        <ele>672.944923</ele>
        <time>2024-09-05T19:28:02.528Z</time>
      </trkpt>
      <trkpt lat="36.787287" lon="-4.383217">
        <ele>672.508590</ele>
        <time>2024-09-05T19:28:03.706Z</time>
      </trkpt>
      <trkpt lat="36.787113" lon="-4.383161">
        <ele>671.900627</ele>
        <time>2024-09-05T19:28:05.400Z</time>
      </trkpt>
      <trkpt lat="36.786657" lon="-4.383090">
        <ele>670.345822</ele>
        <time>2024-09-05T19:28:10.055Z</time>
      </trkpt>
      <trkpt lat="36.786211" lon="-4.382887">
        <ele>668.739670</ele>
        <time>2024-09-05T19:28:15.632Z</time>
      </trkpt>
      <trkpt lat="36.786138" lon="-4.382742">
        <ele>668.275575</ele>
        <time>2024-09-05T19:28:17.882Z</time>
      </trkpt>
      <trkpt lat="36.786077" lon="-4.382458">
        <ele>667.748443</ele>
        <time>2024-09-05T19:28:20.879Z</time>
      </trkpt>
      <trkpt lat="36.786032" lon="-4.382015">
        <ele>667.493480</ele>
        <time>2024-09-05T19:28:25.528Z</time>
      </trkpt>
      <trkpt lat="36.785993" lon="-4.381836">
        <ele>667.387563</ele>
        <time>2024-09-05T19:28:27.617Z</time>
      </trkpt>
      <trkpt lat="36.785897" lon="-4.381621">
        <ele>667.247016</ele>
        <time>2024-09-05T19:28:30.102Z</time>
      </trkpt>
      <trkpt lat="36.785771" lon="-4.381423">
        <ele>667.102623</ele>
        <time>2024-09-05T19:28:33.214Z</time>
      </trkpt>
      <trkpt lat="36.785558" lon="-4.381310">
        <ele>666.937632</ele>
        <time>2024-09-05T19:28:36.464Z</time>
      </trkpt>
      <trkpt lat="36.785265" lon="-4.381299">
        <ele>666.728652</ele>
        <time>2024-09-05T19:28:39.805Z</time>
      </trkpt>
      <trkpt lat="36.784856" lon="-4.381464">
        <ele>666.271901</ele>
        <time>2024-09-05T19:28:44.713Z</time>
      </trkpt>
      <trkpt lat="36.784612" lon="-4.381484">
        <ele>665.871478</ele>
        <time>2024-09-05T19:28:47.926Z</time>
      </trkpt>
      <trkpt lat="36.784319" lon="-4.381469">
        <ele>665.391273</ele>
        <time>2024-09-05T19:28:53.084Z</time>
      </trkpt>
      <trkpt lat="36.784024" lon="-4.381631">
        <ele>664.863537</ele>
        <time>2024-09-05T19:28:56.407Z</time>
      </trkpt>
      <trkpt lat="36.783879" lon="-4.381646">
        <ele>664.625279</ele>
        <time>2024-09-05T19:28:57.838Z</time>
      </trkpt>
      <trkpt lat="36.783823" lon="-4.381636">
        <ele>664.532643</ele>
        <time>2024-09-05T19:28:58.382Z</time>
      </trkpt>
      <trkpt lat="36.783729" lon="-4.381496">
        <ele>664.293043</ele>
        <time>2024-09-05T19:28:59.979Z</time>
      </trkpt>
      <trkpt lat="36.783568" lon="-4.380938">
        <ele>663.539456</ele>
        <time>2024-09-05T19:29:05.081Z</time>
      </trkpt>
      <trkpt lat="36.783495" lon="-4.380816">
        <ele>663.402233</ele>
        <time>2024-09-05T19:29:06.397Z</time>
      </trkpt>
      <trkpt lat="36.783419" lon="-4.380734">
        <ele>663.289227</ele>
        <time>2024-09-05T19:29:07.811Z</time>
      </trkpt>
      <trkpt lat="36.783309" lon="-4.380702">
        <ele>663.162155</ele>
        <time>2024-09-05T19:29:09.629Z</time>
      </trkpt>
      <trkpt lat="36.783000" lon="-4.380874">
        <ele>662.781528</ele>
        <time>2024-09-05T19:29:14.925Z</time>
      </trkpt>
      <trkpt lat="36.782876" lon="-4.380863">
        <ele>662.641668</ele>
        <time>2024-09-05T19:29:16.604Z</time>
      </trkpt>
      <trkpt lat="36.782739" lon="-4.380730">
        <ele>662.446426</ele>
        <time>2024-09-05T19:29:20.130Z</time>
      </trkpt>
      <trkpt lat="36.782440" lon="-4.380316">
        <ele>661.944106</ele>
        <time>2024-09-05T19:29:29.915Z</time>
      </trkpt>
      <trkpt lat="36.782365" lon="-4.380254">
        <ele>661.842908</ele>
        <time>2024-09-05T19:29:30.861Z</time>
      </trkpt>
      <trkpt lat="36.782283" lon="-4.380230">
        <ele>661.748152</ele>
        <time>2024-09-05T19:29:31.767Z</time>
      </trkpt>
      <trkpt lat="36.782201" lon="-4.380246">
        <ele>661.654777</ele>
        <time>2024-09-05T19:29:32.604Z</time>
      </trkpt>
      <trkpt lat="36.781813" lon="-4.380396">
        <ele>659.143934</ele>
        <time>2024-09-05T19:29:36.277Z</time>
      </trkpt>
      <trkpt lat="36.781692" lon="-4.380402">
        <ele>658.254207</ele>
        <time>2024-09-05T19:29:37.374Z</time>
      </trkpt>
      <trkpt lat="36.781447" lon="-4.380171">
        <ele>655.998507</ele>
        <time>2024-09-05T19:29:40.191Z</time>
      </trkpt>
      <trkpt lat="36.781372" lon="-4.380152">
        <ele>655.436229</ele>
        <time>2024-09-05T19:29:40.895Z</time>
      </trkpt>
      <trkpt lat="36.781273" lon="-4.380152">
        <ele>654.708844</ele>
        <time>2024-09-05T19:29:41.785Z</time>
      </trkpt>
      <trkpt lat="36.780698" lon="-4.380516">
        <ele>649.972129</ele>
        <time>2024-09-05T19:29:47.464Z</time>
      </trkpt>
      <trkpt lat="36.780490" lon="-4.380549">
        <ele>648.431597</ele>
        <time>2024-09-05T19:29:49.259Z</time>
      </trkpt>
      <trkpt lat="36.780421" lon="-4.380531">
        <ele>647.662150</ele>
        <time>2024-09-05T19:29:49.859Z</time>
      </trkpt>
      <trkpt lat="36.780033" lon="-4.380207">
        <ele>642.273170</ele>
        <time>2024-09-05T19:29:53.785Z</time>
      </trkpt>
      <trkpt lat="36.779769" lon="-4.380165">
        <ele>639.200662</ele>
        <time>2024-09-05T19:29:56.015Z</time>
      </trkpt>
      <trkpt lat="36.779020" lon="-4.380167">
        <ele>630.553483</ele>
        <time>2024-09-05T19:30:02.334Z</time>
      </trkpt>
      <trkpt lat="36.778523" lon="-4.380091">
        <ele>625.770805</ele>
        <time>2024-09-05T19:30:06.647Z</time>
      </trkpt>
      <trkpt lat="36.778382" lon="-4.380058">
        <ele>624.701602</ele>
        <time>2024-09-05T19:30:07.903Z</time>
      </trkpt>
      <trkpt lat="36.777980" lon="-4.379836">
        <ele>621.425411</ele>
        <time>2024-09-05T19:30:11.785Z</time>
      </trkpt>
      <trkpt lat="36.777652" lon="-4.379685">
        <ele>618.819869</ele>
        <time>2024-09-05T19:30:14.941Z</time>
      </trkpt>
      <trkpt lat="36.776906" lon="-4.379570">
        <ele>613.725915</ele>
        <time>2024-09-05T19:30:21.890Z</time>
      </trkpt>
      <trkpt lat="36.776650" lon="-4.379470">
        <ele>612.779237</ele>
        <time>2024-09-05T19:30:24.441Z</time>
      </trkpt>
      <trkpt lat="36.776420" lon="-4.379291">
        <ele>611.822711</ele>
        <time>2024-09-05T19:30:27.064Z</time>
      </trkpt>
      <trkpt lat="36.776298" lon="-4.379229">
        <ele>611.357838</ele>
        <time>2024-09-05T19:30:28.339Z</time>
      </trkpt>
      <trkpt lat="36.776095" lon="-4.379240">
        <ele>610.640726</ele>
        <time>2024-09-05T19:30:30.339Z</time>
      </trkpt>
      <trkpt lat="36.776030" lon="-4.379267">
        <ele>610.398961</ele>
        <time>2024-09-05T19:30:31.030Z</time>
      </trkpt>
      <trkpt lat="36.775915" lon="-4.379403">
        <ele>609.839918</ele>
        <time>2024-09-05T19:30:32.632Z</time>
      </trkpt>
      <trkpt lat="36.775851" lon="-4.379559">
        <ele>609.344447</ele>
        <time>2024-09-05T19:30:34.040Z</time>
      </trkpt>
      <trkpt lat="36.775833" lon="-4.379709">
        <ele>608.915684</ele>
        <time>2024-09-05T19:30:35.245Z</time>
      </trkpt>
      <trkpt lat="36.775895" lon="-4.379924">
        <ele>608.269718</ele>
        <time>2024-09-05T19:30:37.125Z</time>
      </trkpt>
      <trkpt lat="36.775933" lon="-4.379985">
        <ele>608.051267</ele>
        <time>2024-09-05T19:30:37.816Z</time>
      </trkpt>
      <trkpt lat="36.776066" lon="-4.380101">
        <ele>607.710821</ele>
        <time>2024-09-05T19:30:40.162Z</time>
      </trkpt>
      <trkpt lat="36.776261" lon="-4.380117">
        <ele>607.470126</ele>
        <time>2024-09-05T19:30:43.629Z</time>
      </trkpt>
      <trkpt lat="36.776620" lon="-4.380042">
        <ele>607.021806</ele>
        <time>2024-09-05T19:30:49.096Z</time>
      </trkpt>
      <trkpt lat="36.777009" lon="-4.380105">
        <ele>606.538669</ele>
        <time>2024-09-05T19:30:55.017Z</time>
      </trkpt>
      <trkpt lat="36.777165" lon="-4.380096">
        <ele>606.346323</ele>
        <time>2024-09-05T19:30:57.319Z</time>
      </trkpt>
      <trkpt lat="36.777368" lon="-4.379970">
        <ele>606.067098</ele>
        <time>2024-09-05T19:31:00.114Z</time>
      </trkpt>
      <trkpt lat="36.777477" lon="-4.379735">
        <ele>605.799196</ele>
        <time>2024-09-05T19:31:03.017Z</time>
      </trkpt>
      <trkpt lat="36.777493" lon="-4.379584">
        <ele>605.648931</ele>
        <time>2024-09-05T19:31:04.168Z</time>
      </trkpt>
      <trkpt lat="36.777428" lon="-4.379411">
        <ele>604.697844</ele>
        <time>2024-09-05T19:31:05.670Z</time>
      </trkpt>
      <trkpt lat="36.777273" lon="-4.379195">
        <ele>603.043903</ele>
        <time>2024-09-05T19:31:07.854Z</time>
      </trkpt>
      <trkpt lat="36.776775" lon="-4.379070">
        <ele>599.427066</ele>
        <time>2024-09-05T19:31:12.550Z</time>
      </trkpt>
      <trkpt lat="36.776646" lon="-4.379002">
        <ele>598.430038</ele>
        <time>2024-09-05T19:31:13.811Z</time>
      </trkpt>
      <trkpt lat="36.776504" lon="-4.378839">
        <ele>597.056555</ele>
        <time>2024-09-05T19:31:15.543Z</time>
      </trkpt>
      <trkpt lat="36.776264" lon="-4.378373">
        <ele>593.896897</ele>
        <time>2024-09-05T19:31:19.351Z</time>
      </trkpt>
      <trkpt lat="36.776198" lon="-4.378299">
        <ele>593.265269</ele>
        <time>2024-09-05T19:31:20.111Z</time>
      </trkpt>
      <trkpt lat="36.776118" lon="-4.378256">
        <ele>592.609238</ele>
        <time>2024-09-05T19:31:20.846Z</time>
      </trkpt>
      <trkpt lat="36.776009" lon="-4.378228">
        <ele>591.647756</ele>
        <time>2024-09-05T19:31:21.790Z</time>
      </trkpt>
      <trkpt lat="36.775812" lon="-4.378245">
        <ele>589.941626</ele>
        <time>2024-09-05T19:31:23.464Z</time>
      </trkpt>
      <trkpt lat="36.775135" lon="-4.378515">
        <ele>583.801184</ele>
        <time>2024-09-05T19:31:29.476Z</time>
      </trkpt>
      <trkpt lat="36.774607" lon="-4.378506">
        <ele>579.238869</ele>
        <time>2024-09-05T19:31:34.122Z</time>
      </trkpt>
      <trkpt lat="36.774354" lon="-4.378558">
        <ele>577.271487</ele>
        <time>2024-09-05T19:31:36.762Z</time>
      </trkpt>
      <trkpt lat="36.774217" lon="-4.378710">
        <ele>577.262175</ele>
        <time>2024-09-05T19:31:39.326Z</time>
      </trkpt>
      <trkpt lat="36.774155" lon="-4.378884">
        <ele>577.254424</ele>
        <time>2024-09-05T19:31:42.494Z</time>
      </trkpt>
      <trkpt lat="36.774163" lon="-4.379141">
        <ele>577.243956</ele>
        <time>2024-09-05T19:31:47.066Z</time>
      </trkpt>
      <trkpt lat="36.774259" lon="-4.379356">
        <ele>577.233938</ele>
        <time>2024-09-05T19:31:52.428Z</time>
      </trkpt>
      <trkpt lat="36.774365" lon="-4.379470">
        <ele>577.226829</ele>
        <time>2024-09-05T19:31:55.785Z</time>
      </trkpt>
      <trkpt lat="36.774464" lon="-4.379515">
        <ele>577.221476</ele>
        <time>2024-09-05T19:31:58.323Z</time>
      </trkpt>
      <trkpt lat="36.775020" lon="-4.379580">
        <ele>577.193101</ele>
        <time>2024-09-05T19:32:07.806Z</time>
      </trkpt>
      <trkpt lat="36.775240" lon="-4.379452">
        <ele>577.097690</ele>
        <time>2024-09-05T19:32:10.693Z</time>
      </trkpt>
      <trkpt lat="36.775344" lon="-4.379343">
        <ele>576.369629</ele>
        <time>2024-09-05T19:32:12.290Z</time>
      </trkpt>
      <trkpt lat="36.775425" lon="-4.379173">
        <ele>575.520128</ele>
        <time>2024-09-05T19:32:14.027Z</time>
      </trkpt>
      <trkpt lat="36.775461" lon="-4.378991">
        <ele>574.715019</ele>
        <time>2024-09-05T19:32:16.135Z</time>
      </trkpt>
      <trkpt lat="36.775460" lon="-4.378733">
        <ele>573.606983</ele>
        <time>2024-09-05T19:32:18.749Z</time>
      </trkpt>
      <trkpt lat="36.775405" lon="-4.378616">
        <ele>573.024364</ele>
        <time>2024-09-05T19:32:20.244Z</time>
      </trkpt>
      <trkpt lat="36.775247" lon="-4.378426">
        <ele>571.848142</ele>
        <time>2024-09-05T19:32:22.387Z</time>
      </trkpt>
      <trkpt lat="36.775114" lon="-4.378346">
        <ele>571.056584</ele>
        <time>2024-09-05T19:32:23.805Z</time>
      </trkpt>
      <trkpt lat="36.774774" lon="-4.378216">
        <ele>569.150024</ele>
        <time>2024-09-05T19:32:26.920Z</time>
      </trkpt>
      <trkpt lat="36.774297" lon="-4.378114">
        <ele>565.379893</ele>
        <time>2024-09-05T19:32:30.994Z</time>
      </trkpt>
      <trkpt lat="36.773847" lon="-4.378058">
        <ele>560.054554</ele>
        <time>2024-09-05T19:32:34.757Z</time>
      </trkpt>
      <trkpt lat="36.773646" lon="-4.377980">
        <ele>557.575923</ele>
        <time>2024-09-05T19:32:36.520Z</time>
      </trkpt>
      <trkpt lat="36.773003" lon="-4.377626">
        <ele>549.300561</ele>
        <time>2024-09-05T19:32:42.481Z</time>
      </trkpt>
      <trkpt lat="36.772126" lon="-4.376931">
        <ele>540.659587</ele>
        <time>2024-09-05T19:32:51.550Z</time>
      </trkpt>
      <trkpt lat="36.772053" lon="-4.376877">
        <ele>540.046691</ele>
        <time>2024-09-05T19:32:52.323Z</time>
      </trkpt>
      <trkpt lat="36.771167" lon="-4.376182">
        <ele>532.695052</ele>
        <time>2024-09-05T19:33:02.005Z</time>
      </trkpt>
      <trkpt lat="36.771001" lon="-4.376056">
        <ele>531.622086</ele>
        <time>2024-09-05T19:33:03.862Z</time>
      </trkpt>
      <trkpt lat="36.770832" lon="-4.375978">
        <ele>530.626967</ele>
        <time>2024-09-05T19:33:05.530Z</time>
      </trkpt>
      <trkpt lat="36.768486" lon="-4.375854">
        <ele>517.110065</ele>
        <time>2024-09-05T19:33:27.313Z</time>
      </trkpt>
      <trkpt lat="36.768197" lon="-4.375885">
        <ele>515.355853</ele>
        <time>2024-09-05T19:33:29.956Z</time>
      </trkpt>
      <trkpt lat="36.767730" lon="-4.375976">
        <ele>512.503729</ele>
        <time>2024-09-05T19:33:34.175Z</time>
      </trkpt>
      <trkpt lat="36.767560" lon="-4.375962">
        <ele>511.587771</ele>
        <time>2024-09-05T19:33:35.713Z</time>
      </trkpt>
      <trkpt lat="36.767136" lon="-4.375814">
        <ele>509.220780</ele>
        <time>2024-09-05T19:33:39.742Z</time>
      </trkpt>
      <trkpt lat="36.766866" lon="-4.375775">
        <ele>507.759493</ele>
        <time>2024-09-05T19:33:42.280Z</time>
      </trkpt>
      <trkpt lat="36.766667" lon="-4.375837">
        <ele>506.656790</ele>
        <time>2024-09-05T19:33:44.176Z</time>
      </trkpt>
      <trkpt lat="36.766524" lon="-4.375964">
        <ele>505.713261</ele>
        <time>2024-09-05T19:33:45.801Z</time>
      </trkpt>
      <trkpt lat="36.766390" lon="-4.376217">
        <ele>504.407001</ele>
        <time>2024-09-05T19:33:48.096Z</time>
      </trkpt>
      <trkpt lat="36.766354" lon="-4.376431">
        <ele>503.465229</ele>
        <time>2024-09-05T19:33:49.834Z</time>
      </trkpt>
      <trkpt lat="36.766364" lon="-4.376622">
        <ele>502.773724</ele>
        <time>2024-09-05T19:33:51.334Z</time>
      </trkpt>
      <trkpt lat="36.766421" lon="-4.376811">
        <ele>502.378486</ele>
        <time>2024-09-05T19:33:52.941Z</time>
      </trkpt>
      <trkpt lat="36.766585" lon="-4.377070">
        <ele>501.732366</ele>
        <time>2024-09-05T19:33:55.647Z</time>
      </trkpt>
      <trkpt lat="36.766834" lon="-4.377179">
        <ele>501.087720</ele>
        <time>2024-09-05T19:33:58.668Z</time>
      </trkpt>
      <trkpt lat="36.766939" lon="-4.377194">
        <ele>500.829523</ele>
        <time>2024-09-05T19:33:59.770Z</time>
      </trkpt>
      <trkpt lat="36.767055" lon="-4.377166">
        <ele>500.540876</ele>
        <time>2024-09-05T19:34:01.173Z</time>
      </trkpt>
      <trkpt lat="36.767448" lon="-4.376964">
        <ele>499.502542</ele>
        <time>2024-09-05T19:34:06.556Z</time>
      </trkpt>
      <trkpt lat="36.768151" lon="-4.376526">
        <ele>496.634734</ele>
        <time>2024-09-05T19:34:14.791Z</time>
      </trkpt>
      <trkpt lat="36.768399" lon="-4.376476">
        <ele>495.379414</ele>
        <time>2024-09-05T19:34:17.227Z</time>
      </trkpt>
      <trkpt lat="36.768946" lon="-4.376462">
        <ele>492.645469</ele>
        <time>2024-09-05T19:34:22.433Z</time>
      </trkpt>
      <trkpt lat="36.769098" lon="-4.376522">
        <ele>491.848855</ele>
        <time>2024-09-05T19:34:23.885Z</time>
      </trkpt>
      <trkpt lat="36.769254" lon="-4.376688">
        <ele>490.824547</ele>
        <time>2024-09-05T19:34:25.752Z</time>
      </trkpt>
      <trkpt lat="36.769541" lon="-4.377073">
        <ele>488.303385</ele>
        <time>2024-09-05T19:34:29.497Z</time>
      </trkpt>
      <trkpt lat="36.769740" lon="-4.377169">
        <ele>486.670889</ele>
        <time>2024-09-05T19:34:31.364Z</time>
      </trkpt>
      <trkpt lat="36.770314" lon="-4.377157">
        <ele>482.278012</ele>
        <time>2024-09-05T19:34:36.408Z</time>
      </trkpt>
      <trkpt lat="36.770476" lon="-4.377238">
        <ele>480.942653</ele>
        <time>2024-09-05T19:34:37.948Z</time>
      </trkpt>
      <trkpt lat="36.770572" lon="-4.377391">
        <ele>479.751375</ele>
        <time>2024-09-05T19:34:39.339Z</time>
      </trkpt>
      <trkpt lat="36.771390" lon="-4.379540">
        <ele>465.504266</ele>
        <time>2024-09-05T19:34:56.410Z</time>
      </trkpt>
      <trkpt lat="36.771417" lon="-4.379814">
        <ele>463.866035</ele>
        <time>2024-09-05T19:34:58.334Z</time>
      </trkpt>
      <trkpt lat="36.771358" lon="-4.380062">
        <ele>462.331928</ele>
        <time>2024-09-05T19:35:00.178Z</time>
      </trkpt>
      <trkpt lat="36.770887" lon="-4.380762">
        <ele>456.979310</ele>
        <time>2024-09-05T19:35:06.688Z</time>
      </trkpt>
      <trkpt lat="36.770806" lon="-4.380905">
        <ele>455.953848</ele>
        <time>2024-09-05T19:35:07.925Z</time>
      </trkpt>
      <trkpt lat="36.770683" lon="-4.381277">
        <ele>453.597491</ele>
        <time>2024-09-05T19:35:10.821Z</time>
      </trkpt>
      <trkpt lat="36.770657" lon="-4.381603">
        <ele>451.679287</ele>
        <time>2024-09-05T19:35:13.194Z</time>
      </trkpt>
      <trkpt lat="36.770747" lon="-4.382762">
        <ele>445.624903</ele>
        <time>2024-09-05T19:35:21.596Z</time>
      </trkpt>
      <trkpt lat="36.770854" lon="-4.383792">
        <ele>440.597473</ele>
        <time>2024-09-05T19:35:29.311Z</time>
      </trkpt>
      <trkpt lat="36.770933" lon="-4.384999">
        <ele>436.014488</ele>
        <time>2024-09-05T19:35:38.252Z</time>
      </trkpt>
      <trkpt lat="36.770889" lon="-4.385782">
        <ele>433.541653</ele>
        <time>2024-09-05T19:35:44.599Z</time>
      </trkpt>
      <trkpt lat="36.770768" lon="-4.386512">
        <ele>431.228894</ele>
        <time>2024-09-05T19:35:50.926Z</time>
      </trkpt>
      <trkpt lat="36.770773" lon="-4.386636">
        <ele>430.944162</ele>
        <time>2024-09-05T19:35:51.966Z</time>
      </trkpt>
      <trkpt lat="36.770831" lon="-4.386823">
        <ele>430.484285</ele>
        <time>2024-09-05T19:35:53.663Z</time>
      </trkpt>
      <trkpt lat="36.771130" lon="-4.387494">
        <ele>428.723396</ele>
        <time>2024-09-05T19:35:59.912Z</time>
      </trkpt>
      <trkpt lat="36.771101" lon="-4.387692">
        <ele>428.261791</ele>
        <time>2024-09-05T19:36:01.541Z</time>
      </trkpt>
      <trkpt lat="36.770990" lon="-4.387936">
        <ele>427.618280</ele>
        <time>2024-09-05T19:36:03.910Z</time>
      </trkpt>
      <trkpt lat="36.770602" lon="-4.388173">
        <ele>426.381615</ele>
        <time>2024-09-05T19:36:08.492Z</time>
      </trkpt>
      <trkpt lat="36.770228" lon="-4.388348">
        <ele>425.496526</ele>
        <time>2024-09-05T19:36:12.614Z</time>
      </trkpt>
      <trkpt lat="36.769891" lon="-4.388583">
        <ele>424.696143</ele>
        <time>2024-09-05T19:36:16.441Z</time>
      </trkpt>
      <trkpt lat="36.769723" lon="-4.388872">
        <ele>424.103054</ele>
        <time>2024-09-05T19:36:19.254Z</time>
      </trkpt>
      <trkpt lat="36.769212" lon="-4.390313">
        <ele>422.112587</ele>
        <time>2024-09-05T19:36:35.469Z</time>
      </trkpt>
      <trkpt lat="36.769120" lon="-4.391032">
        <ele>421.692960</ele>
        <time>2024-09-05T19:36:49.068Z</time>
      </trkpt>
      <trkpt lat="36.768716" lon="-4.392267">
        <ele>419.753428</ele>
        <time>2024-09-05T19:37:00.397Z</time>
      </trkpt>
      <trkpt lat="36.768672" lon="-4.392622">
        <ele>418.481323</ele>
        <time>2024-09-05T19:37:03.157Z</time>
      </trkpt>
      <trkpt lat="36.768713" lon="-4.392871">
        <ele>417.581115</ele>
        <time>2024-09-05T19:37:05.127Z</time>
      </trkpt>
      <trkpt lat="36.768754" lon="-4.392993">
        <ele>417.112602</ele>
        <time>2024-09-05T19:37:06.189Z</time>
      </trkpt>
      <trkpt lat="36.769035" lon="-4.393559">
        <ele>414.754527</ele>
        <time>2024-09-05T19:37:11.395Z</time>
      </trkpt>
      <trkpt lat="36.769055" lon="-4.393836">
        <ele>413.769627</ele>
        <time>2024-09-05T19:37:13.458Z</time>
      </trkpt>
      <trkpt lat="36.768950" lon="-4.394077">
        <ele>412.512524</ele>
        <time>2024-09-05T19:37:15.431Z</time>
      </trkpt>
      <trkpt lat="36.768419" lon="-4.394728">
        <ele>406.886557</ele>
        <time>2024-09-05T19:37:21.979Z</time>
      </trkpt>
      <trkpt lat="36.768338" lon="-4.394987">
        <ele>405.202923</ele>
        <time>2024-09-05T19:37:23.974Z</time>
      </trkpt>
      <trkpt lat="36.768336" lon="-4.395178">
        <ele>404.046242</ele>
        <time>2024-09-05T19:37:25.367Z</time>
      </trkpt>
      <trkpt lat="36.768482" lon="-4.396046">
        <ele>398.264596</ele>
        <time>2024-09-05T19:37:31.770Z</time>
      </trkpt>
      <trkpt lat="36.768479" lon="-4.396261">
        <ele>396.386216</ele>
        <time>2024-09-05T19:37:33.252Z</time>
      </trkpt>
      <trkpt lat="36.768435" lon="-4.396420">
        <ele>394.916759</ele>
        <time>2024-09-05T19:37:34.393Z</time>
      </trkpt>
      <trkpt lat="36.768236" lon="-4.396828">
        <ele>390.744075</ele>
        <time>2024-09-05T19:37:37.607Z</time>
      </trkpt>
      <trkpt lat="36.768191" lon="-4.397125">
        <ele>388.103675</ele>
        <time>2024-09-05T19:37:39.630Z</time>
      </trkpt>
      <trkpt lat="36.768309" lon="-4.397831">
        <ele>381.803709</ele>
        <time>2024-09-05T19:37:44.505Z</time>
      </trkpt>
      <trkpt lat="36.768320" lon="-4.398118">
        <ele>379.603309</ele>
        <time>2024-09-05T19:37:46.502Z</time>
      </trkpt>
      <trkpt lat="36.768292" lon="-4.398472">
        <ele>377.876583</ele>
        <time>2024-09-05T19:37:49.028Z</time>
      </trkpt>
      <trkpt lat="36.768184" lon="-4.398689">
        <ele>376.636484</ele>
        <time>2024-09-05T19:37:50.877Z</time>
      </trkpt>
      <trkpt lat="36.768092" lon="-4.398767">
        <ele>375.962578</ele>
        <time>2024-09-05T19:37:51.877Z</time>
      </trkpt>
      <trkpt lat="36.767984" lon="-4.398796">
        <ele>375.293168</ele>
        <time>2024-09-05T19:37:52.872Z</time>
      </trkpt>
      <trkpt lat="36.767877" lon="-4.398788">
        <ele>374.643624</ele>
        <time>2024-09-05T19:37:53.869Z</time>
      </trkpt>
      <trkpt lat="36.767722" lon="-4.398678">
        <ele>373.563210</ele>
        <time>2024-09-05T19:37:55.500Z</time>
      </trkpt>
      <trkpt lat="36.767427" lon="-4.398288">
        <ele>370.959469</ele>
        <time>2024-09-05T19:37:59.576Z</time>
      </trkpt>
      <trkpt lat="36.767336" lon="-4.398241">
        <ele>370.362708</ele>
        <time>2024-09-05T19:38:00.568Z</time>
      </trkpt>
      <trkpt lat="36.767229" lon="-4.398208">
        <ele>369.694831</ele>
        <time>2024-09-05T19:38:01.678Z</time>
      </trkpt>
      <trkpt lat="36.767138" lon="-4.398236">
        <ele>369.126899</ele>
        <time>2024-09-05T19:38:02.611Z</time>
      </trkpt>
      <trkpt lat="36.767046" lon="-4.398300">
        <ele>368.689373</ele>
        <time>2024-09-05T19:38:03.747Z</time>
      </trkpt>
      <trkpt lat="36.766985" lon="-4.398399">
        <ele>368.285003</ele>
        <time>2024-09-05T19:38:04.849Z</time>
      </trkpt>
      <trkpt lat="36.766854" lon="-4.398936">
        <ele>366.467578</ele>
        <time>2024-09-05T19:38:09.877Z</time>
      </trkpt>
      <trkpt lat="36.766679" lon="-4.399973">
        <ele>363.036479</ele>
        <time>2024-09-05T19:38:18.272Z</time>
      </trkpt>
      <trkpt lat="36.766934" lon="-4.401791">
        <ele>354.107304</ele>
        <time>2024-09-05T19:38:31.535Z</time>
      </trkpt>
      <trkpt lat="36.767048" lon="-4.402103">
        <ele>352.308273</ele>
        <time>2024-09-05T19:38:34.037Z</time>
      </trkpt>
      <trkpt lat="36.767388" lon="-4.402630">
        <ele>348.649642</ele>
        <time>2024-09-05T19:38:39.014Z</time>
      </trkpt>
      <trkpt lat="36.767544" lon="-4.402982">
        <ele>346.360529</ele>
        <time>2024-09-05T19:38:41.981Z</time>
      </trkpt>
      <trkpt lat="36.767717" lon="-4.403607">
        <ele>342.597718</ele>
        <time>2024-09-05T19:38:46.831Z</time>
      </trkpt>
      <trkpt lat="36.767708" lon="-4.403724">
        <ele>341.928883</ele>
        <time>2024-09-05T19:38:47.671Z</time>
      </trkpt>
      <trkpt lat="36.767604" lon="-4.403965">
        <ele>340.371178</ele>
        <time>2024-09-05T19:38:49.622Z</time>
      </trkpt>
      <trkpt lat="36.767101" lon="-4.404512">
        <ele>334.991747</ele>
        <time>2024-09-05T19:38:55.451Z</time>
      </trkpt>
      <trkpt lat="36.767020" lon="-4.404591">
        <ele>333.975198</ele>
        <time>2024-09-05T19:38:56.346Z</time>
      </trkpt>
      <trkpt lat="36.766702" lon="-4.404904">
        <ele>329.970349</ele>
        <time>2024-09-05T19:38:59.813Z</time>
      </trkpt>
      <trkpt lat="36.766501" lon="-4.405076">
        <ele>327.560361</ele>
        <time>2024-09-05T19:39:01.895Z</time>
      </trkpt>
      <trkpt lat="36.766335" lon="-4.405172">
        <ele>325.751095</ele>
        <time>2024-09-05T19:39:03.464Z</time>
      </trkpt>
      <trkpt lat="36.765988" lon="-4.405276">
        <ele>322.221924</ele>
        <time>2024-09-05T19:39:06.522Z</time>
      </trkpt>
      <trkpt lat="36.765741" lon="-4.405387">
        <ele>319.625756</ele>
        <time>2024-09-05T19:39:08.780Z</time>
      </trkpt>
      <trkpt lat="36.765471" lon="-4.405561">
        <ele>317.112670</ele>
        <time>2024-09-05T19:39:11.402Z</time>
      </trkpt>
      <trkpt lat="36.764999" lon="-4.406025">
        <ele>312.193863</ele>
        <time>2024-09-05T19:39:16.660Z</time>
      </trkpt>
      <trkpt lat="36.764888" lon="-4.406114">
        <ele>311.113760</ele>
        <time>2024-09-05T19:39:17.818Z</time>
      </trkpt>
      <trkpt lat="36.764629" lon="-4.406165">
        <ele>308.967053</ele>
        <time>2024-09-05T19:39:20.168Z</time>
      </trkpt>
      <trkpt lat="36.763955" lon="-4.406039">
        <ele>303.646679</ele>
        <time>2024-09-05T19:39:26.326Z</time>
      </trkpt>
      <trkpt lat="36.763838" lon="-4.406084">
        <ele>302.834728</ele>
        <time>2024-09-05T19:39:27.428Z</time>
      </trkpt>
      <trkpt lat="36.763794" lon="-4.406157">
        <ele>302.349361</ele>
        <time>2024-09-05T19:39:28.088Z</time>
      </trkpt>
      <trkpt lat="36.763789" lon="-4.406272">
        <ele>301.737465</ele>
        <time>2024-09-05T19:39:28.918Z</time>
      </trkpt>
      <trkpt lat="36.763831" lon="-4.406583">
        <ele>300.061803</ele>
        <time>2024-09-05T19:39:31.189Z</time>
      </trkpt>
      <trkpt lat="36.763814" lon="-4.406682">
        <ele>299.523867</ele>
        <time>2024-09-05T19:39:31.923Z</time>
      </trkpt>
      <trkpt lat="36.763773" lon="-4.406738">
        <ele>299.120802</ele>
        <time>2024-09-05T19:39:32.472Z</time>
      </trkpt>
      <trkpt lat="36.762669" lon="-4.407318">
        <ele>291.184434</ele>
        <time>2024-09-05T19:39:43.390Z</time>
      </trkpt>
      <trkpt lat="36.762445" lon="-4.407380">
        <ele>289.669690</ele>
        <time>2024-09-05T19:39:45.426Z</time>
      </trkpt>
      <trkpt lat="36.762144" lon="-4.407379">
        <ele>287.682511</ele>
        <time>2024-09-05T19:39:48.094Z</time>
      </trkpt>
      <trkpt lat="36.761842" lon="-4.407265">
        <ele>285.599564</ele>
        <time>2024-09-05T19:39:50.890Z</time>
      </trkpt>
      <trkpt lat="36.761482" lon="-4.406988">
        <ele>282.807612</ele>
        <time>2024-09-05T19:39:54.685Z</time>
      </trkpt>
      <trkpt lat="36.761331" lon="-4.406814">
        <ele>281.450883</ele>
        <time>2024-09-05T19:39:56.597Z</time>
      </trkpt>
      <trkpt lat="36.761010" lon="-4.406566">
        <ele>279.228009</ele>
        <time>2024-09-05T19:40:00.314Z</time>
      </trkpt>
      <trkpt lat="36.760843" lon="-4.406505">
        <ele>278.234713</ele>
        <time>2024-09-05T19:40:02.097Z</time>
      </trkpt>
      <trkpt lat="36.760688" lon="-4.406490">
        <ele>277.347243</ele>
        <time>2024-09-05T19:40:03.548Z</time>
      </trkpt>
      <trkpt lat="36.760570" lon="-4.406530">
        <ele>276.649244</ele>
        <time>2024-09-05T19:40:04.709Z</time>
      </trkpt>
      <trkpt lat="36.760507" lon="-4.406608">
        <ele>276.142702</ele>
        <time>2024-09-05T19:40:05.553Z</time>
      </trkpt>
      <trkpt lat="36.760341" lon="-4.407142">
        <ele>273.523146</ele>
        <time>2024-09-05T19:40:09.722Z</time>
      </trkpt>
      <trkpt lat="36.760337" lon="-4.407233">
        <ele>273.106347</ele>
        <time>2024-09-05T19:40:10.361Z</time>
      </trkpt>
      <trkpt lat="36.760365" lon="-4.407315">
        <ele>272.698692</ele>
        <time>2024-09-05T19:40:11.012Z</time>
      </trkpt>
      <trkpt lat="36.760776" lon="-4.407526">
        <ele>269.892363</ele>
        <time>2024-09-05T19:40:15.060Z</time>
      </trkpt>
      <trkpt lat="36.760774" lon="-4.407612">
        <ele>269.295071</ele>
        <time>2024-09-05T19:40:15.711Z</time>
      </trkpt>
      <trkpt lat="36.760663" lon="-4.407728">
        <ele>268.040585</ele>
        <time>2024-09-05T19:40:16.986Z</time>
      </trkpt>
      <trkpt lat="36.760565" lon="-4.407698">
        <ele>267.166194</ele>
        <time>2024-09-05T19:40:17.920Z</time>
      </trkpt>
      <trkpt lat="36.760377" lon="-4.407551">
        <ele>265.243818</ele>
        <time>2024-09-05T19:40:19.936Z</time>
      </trkpt>
      <trkpt lat="36.760260" lon="-4.407516">
        <ele>264.201237</ele>
        <time>2024-09-05T19:40:21.017Z</time>
      </trkpt>
      <trkpt lat="36.760073" lon="-4.407530">
        <ele>262.577865</ele>
        <time>2024-09-05T19:40:22.698Z</time>
      </trkpt>
      <trkpt lat="36.758868" lon="-4.408050">
        <ele>251.021153</ele>
        <time>2024-09-05T19:40:33.591Z</time>
      </trkpt>
      <trkpt lat="36.758753" lon="-4.408042">
        <ele>249.880819</ele>
        <time>2024-09-05T19:40:34.569Z</time>
      </trkpt>
      <trkpt lat="36.758650" lon="-4.407959">
        <ele>248.667006</ele>
        <time>2024-09-05T19:40:35.614Z</time>
      </trkpt>
      <trkpt lat="36.758449" lon="-4.407690">
        <ele>245.749323</ele>
        <time>2024-09-05T19:40:38.140Z</time>
      </trkpt>
      <trkpt lat="36.758241" lon="-4.407645">
        <ele>243.659297</ele>
        <time>2024-09-05T19:40:39.956Z</time>
      </trkpt>
      <trkpt lat="36.758137" lon="-4.407730">
        <ele>242.428534</ele>
        <time>2024-09-05T19:40:41.032Z</time>
      </trkpt>
      <trkpt lat="36.757939" lon="-4.407990">
        <ele>239.583177</ele>
        <time>2024-09-05T19:40:43.538Z</time>
      </trkpt>
      <trkpt lat="36.757776" lon="-4.408123">
        <ele>237.655151</ele>
        <time>2024-09-05T19:40:45.247Z</time>
      </trkpt>
      <trkpt lat="36.757267" lon="-4.408272">
        <ele>233.530448</ele>
        <time>2024-09-05T19:40:49.859Z</time>
      </trkpt>
      <trkpt lat="36.756652" lon="-4.408414">
        <ele>228.692104</ele>
        <time>2024-09-05T19:40:55.387Z</time>
      </trkpt>
      <trkpt lat="36.756463" lon="-4.408379">
        <ele>227.214000</ele>
        <time>2024-09-05T19:40:57.114Z</time>
      </trkpt>
      <trkpt lat="36.756118" lon="-4.408024">
        <ele>223.755052</ele>
        <time>2024-09-05T19:41:01.132Z</time>
      </trkpt>
      <trkpt lat="36.755904" lon="-4.407871">
        <ele>221.916840</ele>
        <time>2024-09-05T19:41:03.344Z</time>
      </trkpt>
      <trkpt lat="36.755804" lon="-4.407850">
        <ele>221.168159</ele>
        <time>2024-09-05T19:41:04.252Z</time>
      </trkpt>
      <trkpt lat="36.755700" lon="-4.407872">
        <ele>220.389373</ele>
        <time>2024-09-05T19:41:05.186Z</time>
      </trkpt>
      <trkpt lat="36.755142" lon="-4.408109">
        <ele>216.037636</ele>
        <time>2024-09-05T19:41:10.430Z</time>
      </trkpt>
      <trkpt lat="36.754855" lon="-4.408156">
        <ele>213.900541</ele>
        <time>2024-09-05T19:41:12.984Z</time>
      </trkpt>
      <trkpt lat="36.753828" lon="-4.408154">
        <ele>207.010340</ele>
        <time>2024-09-05T19:41:22.191Z</time>
      </trkpt>
      <trkpt lat="36.753465" lon="-4.408072">
        <ele>204.785993</ele>
        <time>2024-09-05T19:41:25.545Z</time>
      </trkpt>
      <trkpt lat="36.753104" lon="-4.408028">
        <ele>202.598912</ele>
        <time>2024-09-05T19:41:28.880Z</time>
      </trkpt>
      <trkpt lat="36.752844" lon="-4.408133">
        <ele>200.951160</ele>
        <time>2024-09-05T19:41:31.430Z</time>
      </trkpt>
      <trkpt lat="36.752580" lon="-4.408199">
        <ele>199.327695</ele>
        <time>2024-09-05T19:41:33.964Z</time>
      </trkpt>
      <trkpt lat="36.752248" lon="-4.408188">
        <ele>198.061886</ele>
        <time>2024-09-05T19:41:37.145Z</time>
      </trkpt>
      <trkpt lat="36.750881" lon="-4.408128">
        <ele>192.972563</ele>
        <time>2024-09-05T19:41:50.589Z</time>
      </trkpt>
      <trkpt lat="36.750565" lon="-4.407952">
        <ele>192.119504</ele>
        <time>2024-09-05T19:41:54.469Z</time>
      </trkpt>
      <trkpt lat="36.750408" lon="-4.407926">
        <ele>191.823874</ele>
        <time>2024-09-05T19:41:56.395Z</time>
      </trkpt>
      <trkpt lat="36.749978" lon="-4.407945">
        <ele>191.020720</ele>
        <time>2024-09-05T19:42:01.668Z</time>
      </trkpt>
      <trkpt lat="36.749806" lon="-4.407859">
        <ele>190.674852</ele>
        <time>2024-09-05T19:42:03.834Z</time>
      </trkpt>
      <trkpt lat="36.749504" lon="-4.407540">
        <ele>189.936327</ele>
        <time>2024-09-05T19:42:08.377Z</time>
      </trkpt>
      <trkpt lat="36.749284" lon="-4.407350">
        <ele>189.436931</ele>
        <time>2024-09-05T19:42:11.361Z</time>
      </trkpt>
      <trkpt lat="36.749114" lon="-4.407284">
        <ele>188.952640</ele>
        <time>2024-09-05T19:42:13.140Z</time>
      </trkpt>
      <trkpt lat="36.749049" lon="-4.407284">
        <ele>188.636986</ele>
        <time>2024-09-05T19:42:13.839Z</time>
      </trkpt>
      <trkpt lat="36.748840" lon="-4.407361">
        <ele>187.578738</ele>
        <time>2024-09-05T19:42:16.099Z</time>
      </trkpt>
      <trkpt lat="36.748649" lon="-4.407474">
        <ele>186.552260</ele>
        <time>2024-09-05T19:42:18.310Z</time>
      </trkpt>
      <trkpt lat="36.748499" lon="-4.407567">
        <ele>185.738893</ele>
        <time>2024-09-05T19:42:20.038Z</time>
      </trkpt>
      <trkpt lat="36.748337" lon="-4.407668">
        <ele>184.859484</ele>
        <time>2024-09-05T19:42:21.923Z</time>
      </trkpt>
      <trkpt lat="36.747957" lon="-4.407901">
        <ele>182.803433</ele>
        <time>2024-09-05T19:42:25.938Z</time>
      </trkpt>
      <trkpt lat="36.747793" lon="-4.407981">
        <ele>181.948338</ele>
        <time>2024-09-05T19:42:27.489Z</time>
      </trkpt>
      <trkpt lat="36.747623" lon="-4.407959">
        <ele>181.118356</ele>
        <time>2024-09-05T19:42:28.995Z</time>
      </trkpt>
      <trkpt lat="36.747389" lon="-4.407728">
        <ele>179.049001</ele>
        <time>2024-09-05T19:42:31.594Z</time>
      </trkpt>
      <trkpt lat="36.747305" lon="-4.407666">
        <ele>178.205390</ele>
        <time>2024-09-05T19:42:32.451Z</time>
      </trkpt>
      <trkpt lat="36.747201" lon="-4.407639">
        <ele>177.287133</ele>
        <time>2024-09-05T19:42:33.372Z</time>
      </trkpt>
      <trkpt lat="36.747092" lon="-4.407643">
        <ele>176.344494</ele>
        <time>2024-09-05T19:42:34.318Z</time>
      </trkpt>
      <trkpt lat="36.746953" lon="-4.407709">
        <ele>175.058904</ele>
        <time>2024-09-05T19:42:35.622Z</time>
      </trkpt>
      <trkpt lat="36.746838" lon="-4.407749">
        <ele>174.026917</ele>
        <time>2024-09-05T19:42:36.650Z</time>
      </trkpt>
      <trkpt lat="36.746570" lon="-4.407841">
        <ele>171.624190</ele>
        <time>2024-09-05T19:42:39.066Z</time>
      </trkpt>
      <trkpt lat="36.746435" lon="-4.408009">
        <ele>169.976165</ele>
        <time>2024-09-05T19:42:40.709Z</time>
      </trkpt>
      <trkpt lat="36.746369" lon="-4.408127">
        <ele>168.979396</ele>
        <time>2024-09-05T19:42:41.732Z</time>
      </trkpt>
      <trkpt lat="36.746032" lon="-4.408668">
        <ele>164.359211</ele>
        <time>2024-09-05T19:42:46.592Z</time>
      </trkpt>
      <trkpt lat="36.745984" lon="-4.408732">
        <ele>163.864121</ele>
        <time>2024-09-05T19:42:47.206Z</time>
      </trkpt>
      <trkpt lat="36.745870" lon="-4.408891">
        <ele>162.659116</ele>
        <time>2024-09-05T19:42:48.696Z</time>
      </trkpt>
      <trkpt lat="36.745604" lon="-4.409318">
        <ele>159.604444</ele>
        <time>2024-09-05T19:42:52.512Z</time>
      </trkpt>
      <trkpt lat="36.745609" lon="-4.409511">
        <ele>158.513842</ele>
        <time>2024-09-05T19:42:53.893Z</time>
      </trkpt>
      <trkpt lat="36.745773" lon="-4.409736">
        <ele>156.795992</ele>
        <time>2024-09-05T19:42:56.147Z</time>
      </trkpt>
      <trkpt lat="36.745832" lon="-4.409846">
        <ele>156.048398</ele>
        <time>2024-09-05T19:42:57.112Z</time>
      </trkpt>
      <trkpt lat="36.745867" lon="-4.409976">
        <ele>155.273846</ele>
        <time>2024-09-05T19:42:58.124Z</time>
      </trkpt>
      <trkpt lat="36.745822" lon="-4.410193">
        <ele>154.007892</ele>
        <time>2024-09-05T19:42:59.790Z</time>
      </trkpt>
      <trkpt lat="36.745642" lon="-4.410646">
        <ele>151.364439</ele>
        <time>2024-09-05T19:43:03.489Z</time>
      </trkpt>
      <trkpt lat="36.745539" lon="-4.410757">
        <ele>150.592543</ele>
        <time>2024-09-05T19:43:04.740Z</time>
      </trkpt>
      <trkpt lat="36.745466" lon="-4.410808">
        <ele>150.118020</ele>
        <time>2024-09-05T19:43:05.530Z</time>
      </trkpt>
      <trkpt lat="36.744890" lon="-4.410972">
        <ele>146.766989</ele>
        <time>2024-09-05T19:43:10.954Z</time>
      </trkpt>
      <trkpt lat="36.744698" lon="-4.410986">
        <ele>145.676105</ele>
        <time>2024-09-05T19:43:12.722Z</time>
      </trkpt>
      <trkpt lat="36.744515" lon="-4.410964">
        <ele>144.633322</ele>
        <time>2024-09-05T19:43:14.423Z</time>
      </trkpt>
      <trkpt lat="36.744387" lon="-4.410905">
        <ele>143.859364</ele>
        <time>2024-09-05T19:43:15.691Z</time>
      </trkpt>
      <trkpt lat="36.744250" lon="-4.410800">
        <ele>142.947453</ele>
        <time>2024-09-05T19:43:17.175Z</time>
      </trkpt>
      <trkpt lat="36.744008" lon="-4.410382">
        <ele>140.977455</ele>
        <time>2024-09-05T19:43:21.086Z</time>
      </trkpt>
      <trkpt lat="36.743948" lon="-4.410332">
        <ele>140.674926</ele>
        <time>2024-09-05T19:43:21.778Z</time>
      </trkpt>
      <trkpt lat="36.743875" lon="-4.410311">
        <ele>140.360794</ele>
        <time>2024-09-05T19:43:22.497Z</time>
      </trkpt>
      <trkpt lat="36.743795" lon="-4.410318">
        <ele>140.024515</ele>
        <time>2024-09-05T19:43:23.247Z</time>
      </trkpt>
      <trkpt lat="36.743726" lon="-4.410362">
        <ele>139.699599</ele>
        <time>2024-09-05T19:43:23.997Z</time>
      </trkpt>
      <trkpt lat="36.743387" lon="-4.410760">
        <ele>137.747913</ele>
        <time>2024-09-05T19:43:28.560Z</time>
      </trkpt>
      <trkpt lat="36.743336" lon="-4.410821">
        <ele>137.451696</ele>
        <time>2024-09-05T19:43:29.260Z</time>
      </trkpt>
      <trkpt lat="36.743281" lon="-4.410885">
        <ele>137.136365</ele>
        <time>2024-09-05T19:43:29.964Z</time>
      </trkpt>
      <trkpt lat="36.743261" lon="-4.410908">
        <ele>137.022322</ele>
        <time>2024-09-05T19:43:30.216Z</time>
      </trkpt>
      <trkpt lat="36.743152" lon="-4.411007">
        <ele>136.457026</ele>
        <time>2024-09-05T19:43:31.504Z</time>
      </trkpt>
      <trkpt lat="36.742929" lon="-4.411209">
        <ele>135.301570</ele>
        <time>2024-09-05T19:43:34.107Z</time>
      </trkpt>
      <trkpt lat="36.742767" lon="-4.411355">
        <ele>134.474098</ele>
        <time>2024-09-05T19:43:36.145Z</time>
      </trkpt>
      <trkpt lat="36.742692" lon="-4.411424">
        <ele>134.212128</ele>
        <time>2024-09-05T19:43:37.147Z</time>
      </trkpt>
      <trkpt lat="36.742566" lon="-4.411535">
        <ele>133.778505</ele>
        <time>2024-09-05T19:43:38.846Z</time>
      </trkpt>
      <trkpt lat="36.742505" lon="-4.411588">
        <ele>133.569531</ele>
        <time>2024-09-05T19:43:39.640Z</time>
      </trkpt>
      <trkpt lat="36.742151" lon="-4.411831">
        <ele>132.433629</ele>
        <time>2024-09-05T19:43:44.043Z</time>
      </trkpt>
      <trkpt lat="36.741878" lon="-4.411975">
        <ele>131.600344</ele>
        <time>2024-09-05T19:43:47.083Z</time>
      </trkpt>
      <trkpt lat="36.741739" lon="-4.412047">
        <ele>131.177219</ele>
        <time>2024-09-05T19:43:48.754Z</time>
      </trkpt>
      <trkpt lat="36.741552" lon="-4.412132">
        <ele>130.617680</ele>
        <time>2024-09-05T19:43:50.798Z</time>
      </trkpt>
      <trkpt lat="36.741301" lon="-4.412240">
        <ele>129.871226</ele>
        <time>2024-09-05T19:43:53.714Z</time>
      </trkpt>
      <trkpt lat="36.740974" lon="-4.412383">
        <ele>128.410047</ele>
        <time>2024-09-05T19:43:57.257Z</time>
      </trkpt>
      <trkpt lat="36.740877" lon="-4.412374">
        <ele>127.890609</ele>
        <time>2024-09-05T19:43:58.175Z</time>
      </trkpt>
      <trkpt lat="36.740601" lon="-4.412245">
        <ele>126.316697</ele>
        <time>2024-09-05T19:44:01.053Z</time>
      </trkpt>
      <trkpt lat="36.740356" lon="-4.412132">
        <ele>124.921820</ele>
        <time>2024-09-05T19:44:03.548Z</time>
      </trkpt>
      <trkpt lat="36.739765" lon="-4.412020">
        <ele>121.729522</ele>
        <time>2024-09-05T19:44:09.175Z</time>
      </trkpt>
      <trkpt lat="36.739481" lon="-4.412029">
        <ele>120.212391</ele>
        <time>2024-09-05T19:44:11.685Z</time>
      </trkpt>
      <trkpt lat="36.738714" lon="-4.412467">
        <ele>112.627635</ele>
        <time>2024-09-05T19:44:19.007Z</time>
      </trkpt>
      <trkpt lat="36.738648" lon="-4.412745">
        <ele>110.460333</ele>
        <time>2024-09-05T19:44:20.982Z</time>
      </trkpt>
      <trkpt lat="36.738604" lon="-4.412625">
        <ele>109.473907</ele>
        <time>2024-09-05T19:44:21.880Z</time>
      </trkpt>
      <trkpt lat="36.738501" lon="-4.412529">
        <ele>108.274749</ele>
        <time>2024-09-05T19:44:22.969Z</time>
      </trkpt>
      <trkpt lat="36.738468" lon="-4.412539">
        <ele>107.957990</ele>
        <time>2024-09-05T19:44:23.259Z</time>
      </trkpt>
      <trkpt lat="36.738158" lon="-4.412625">
        <ele>104.995820</ele>
        <time>2024-09-05T19:44:25.984Z</time>
      </trkpt>
      <trkpt lat="36.737955" lon="-4.412682">
        <ele>103.055207</ele>
        <time>2024-09-05T19:44:27.808Z</time>
      </trkpt>
      <trkpt lat="36.737539" lon="-4.412894">
        <ele>99.779642</ele>
        <time>2024-09-05T19:44:31.824Z</time>
      </trkpt>
      <trkpt lat="36.737435" lon="-4.412916">
        <ele>99.010719</ele>
        <time>2024-09-05T19:44:32.778Z</time>
      </trkpt>
      <trkpt lat="36.737325" lon="-4.412892">
        <ele>98.196711</ele>
        <time>2024-09-05T19:44:33.772Z</time>
      </trkpt>
      <trkpt lat="36.737220" lon="-4.412817">
        <ele>97.314788</ele>
        <time>2024-09-05T19:44:34.870Z</time>
      </trkpt>
      <trkpt lat="36.737183" lon="-4.412680">
        <ele>96.470250</ele>
        <time>2024-09-05T19:44:35.908Z</time>
      </trkpt>
      <trkpt lat="36.737277" lon="-4.412498">
        <ele>95.205383</ele>
        <time>2024-09-05T19:44:37.469Z</time>
      </trkpt>
      <trkpt lat="36.737511" lon="-4.412215">
        <ele>92.829964</ele>
        <time>2024-09-05T19:44:40.389Z</time>
      </trkpt>
      <trkpt lat="36.737548" lon="-4.412053">
        <ele>91.845929</ele>
        <time>2024-09-05T19:44:41.604Z</time>
      </trkpt>
      <trkpt lat="36.737534" lon="-4.411936">
        <ele>91.154875</ele>
        <time>2024-09-05T19:44:42.436Z</time>
      </trkpt>
      <trkpt lat="36.737486" lon="-4.411830">
        <ele>90.443638</ele>
        <time>2024-09-05T19:44:43.303Z</time>
      </trkpt>
      <trkpt lat="36.737380" lon="-4.411737">
        <ele>89.629086</ele>
        <time>2024-09-05T19:44:44.469Z</time>
      </trkpt>
      <trkpt lat="36.737247" lon="-4.411717">
        <ele>88.937331</ele>
        <time>2024-09-05T19:44:45.663Z</time>
      </trkpt>
      <trkpt lat="36.737113" lon="-4.411787">
        <ele>88.187193</ele>
        <time>2024-09-05T19:44:46.997Z</time>
      </trkpt>
      <trkpt lat="36.736967" lon="-4.412008">
        <ele>87.001958</ele>
        <time>2024-09-05T19:44:49.165Z</time>
      </trkpt>
      <trkpt lat="36.736877" lon="-4.412172">
        <ele>86.179415</ele>
        <time>2024-09-05T19:44:50.737Z</time>
      </trkpt>
      <trkpt lat="36.736621" lon="-4.412653">
        <ele>83.789946</ele>
        <time>2024-09-05T19:44:55.446Z</time>
      </trkpt>
      <trkpt lat="36.736517" lon="-4.412841">
        <ele>82.844602</ele>
        <time>2024-09-05T19:44:57.244Z</time>
      </trkpt>
      <trkpt lat="36.736481" lon="-4.412950">
        <ele>82.356728</ele>
        <time>2024-09-05T19:44:58.196Z</time>
      </trkpt>
      <trkpt lat="36.736461" lon="-4.413083">
        <ele>81.796735</ele>
        <time>2024-09-05T19:44:59.203Z</time>
      </trkpt>
      <trkpt lat="36.736498" lon="-4.413191">
        <ele>81.310678</ele>
        <time>2024-09-05T19:45:00.041Z</time>
      </trkpt>
      <trkpt lat="36.736559" lon="-4.413273">
        <ele>80.847678</ele>
        <time>2024-09-05T19:45:00.847Z</time>
      </trkpt>
      <trkpt lat="36.736843" lon="-4.413417">
        <ele>78.902255</ele>
        <time>2024-09-05T19:45:03.619Z</time>
      </trkpt>
      <trkpt lat="36.736914" lon="-4.413453">
        <ele>78.403494</ele>
        <time>2024-09-05T19:45:04.308Z</time>
      </trkpt>
      <trkpt lat="36.736944" lon="-4.413468">
        <ele>78.193163</ele>
        <time>2024-09-05T19:45:04.596Z</time>
      </trkpt>
      <trkpt lat="36.737385" lon="-4.413678">
        <ele>75.121236</ele>
        <time>2024-09-05T19:45:08.846Z</time>
      </trkpt>
      <trkpt lat="36.737465" lon="-4.413757">
        <ele>74.457286</ele>
        <time>2024-09-05T19:45:09.767Z</time>
      </trkpt>
      <trkpt lat="36.737517" lon="-4.413857">
        <ele>73.835566</ele>
        <time>2024-09-05T19:45:10.627Z</time>
      </trkpt>
      <trkpt lat="36.737518" lon="-4.413965">
        <ele>73.272261</ele>
        <time>2024-09-05T19:45:11.431Z</time>
      </trkpt>
      <trkpt lat="36.737505" lon="-4.413983">
        <ele>73.145885</ele>
        <time>2024-09-05T19:45:11.612Z</time>
      </trkpt>
      <trkpt lat="36.737457" lon="-4.414034">
        <ele>72.735599</ele>
        <time>2024-09-05T19:45:12.168Z</time>
      </trkpt>
      <trkpt lat="36.737227" lon="-4.414097">
        <ele>71.203111</ele>
        <time>2024-09-05T19:45:14.349Z</time>
      </trkpt>
      <trkpt lat="36.737079" lon="-4.414171">
        <ele>70.165475</ele>
        <time>2024-09-05T19:45:15.813Z</time>
      </trkpt>
      <trkpt lat="36.736979" lon="-4.414312">
        <ele>69.183471</ele>
        <time>2024-09-05T19:45:17.186Z</time>
      </trkpt>
      <trkpt lat="36.736979" lon="-4.414501">
        <ele>68.100459</ele>
        <time>2024-09-05T19:45:18.555Z</time>
      </trkpt>
      <trkpt lat="36.736977" lon="-4.414565">
        <ele>67.723294</ele>
        <time>2024-09-05T19:45:19.014Z</time>
      </trkpt>
      <trkpt lat="36.736916" lon="-4.414658">
        <ele>67.015596</ele>
        <time>2024-09-05T19:45:19.882Z</time>
      </trkpt>
      <trkpt lat="36.736884" lon="-4.414671">
        <ele>66.768309</ele>
        <time>2024-09-05T19:45:20.178Z</time>
      </trkpt>
      <trkpt lat="36.736874" lon="-4.414672">
        <ele>66.694592</ele>
        <time>2024-09-05T19:45:20.272Z</time>
      </trkpt>
      <trkpt lat="36.736795" lon="-4.414752">
        <ele>65.946985</ele>
        <time>2024-09-05T19:45:21.194Z</time>
      </trkpt>
      <trkpt lat="36.736636" lon="-4.415070">
        <ele>63.739783</ele>
        <time>2024-09-05T19:45:23.839Z</time>
      </trkpt>
      <trkpt lat="36.736525" lon="-4.415331">
        <ele>61.999804</ele>
        <time>2024-09-05T19:45:25.887Z</time>
      </trkpt>
      <trkpt lat="36.736457" lon="-4.415556">
        <ele>60.583748</ele>
        <time>2024-09-05T19:45:27.563Z</time>
      </trkpt>
      <trkpt lat="36.736399" lon="-4.415755">
        <ele>59.336791</ele>
        <time>2024-09-05T19:45:29.056Z</time>
      </trkpt>
      <trkpt lat="36.736239" lon="-4.415952">
        <ele>57.685104</ele>
        <time>2024-09-05T19:45:31.086Z</time>
      </trkpt>
      <trkpt lat="36.736209" lon="-4.416047">
        <ele>57.083804</ele>
        <time>2024-09-05T19:45:31.831Z</time>
      </trkpt>
      <trkpt lat="36.736154" lon="-4.416085">
        <ele>56.621842</ele>
        <time>2024-09-05T19:45:32.410Z</time>
      </trkpt>
      <trkpt lat="36.736092" lon="-4.416078">
        <ele>56.164397</ele>
        <time>2024-09-05T19:45:32.997Z</time>
      </trkpt>
      <trkpt lat="36.736053" lon="-4.416044">
        <ele>55.814806</ele>
        <time>2024-09-05T19:45:33.436Z</time>
      </trkpt>
      <trkpt lat="36.736027" lon="-4.415975">
        <ele>55.510518</ele>
        <time>2024-09-05T19:45:33.994Z</time>
      </trkpt>
      <trkpt lat="36.735779" lon="-4.415957">
        <ele>54.401079</ele>
        <time>2024-09-05T19:45:36.264Z</time>
      </trkpt>
      <trkpt lat="36.735039" lon="-4.415901">
        <ele>51.090170</ele>
        <time>2024-09-05T19:45:43.265Z</time>
      </trkpt>
      <trkpt lat="36.734984" lon="-4.415897">
        <ele>50.844123</ele>
        <time>2024-09-05T19:45:43.811Z</time>
      </trkpt>
      <trkpt lat="36.734656" lon="-4.415872">
        <ele>49.376546</ele>
        <time>2024-09-05T19:45:47.102Z</time>
      </trkpt>
      <trkpt lat="36.734461" lon="-4.415858">
        <ele>48.504237</ele>
        <time>2024-09-05T19:45:49.153Z</time>
      </trkpt>
      <trkpt lat="36.734288" lon="-4.415845">
        <ele>47.730219</ele>
        <time>2024-09-05T19:45:50.941Z</time>
      </trkpt>
      <trkpt lat="36.734126" lon="-4.415833">
        <ele>47.298399</ele>
        <time>2024-09-05T19:45:52.653Z</time>
      </trkpt>
      <trkpt lat="36.733930" lon="-4.415818">
        <ele>46.790235</ele>
        <time>2024-09-05T19:45:54.653Z</time>
      </trkpt>
      <trkpt lat="36.733663" lon="-4.415798">
        <ele>46.098046</ele>
        <time>2024-09-05T19:45:57.425Z</time>
      </trkpt>
      <trkpt lat="36.733320" lon="-4.415871">
        <ele>45.197609</ele>
        <time>2024-09-05T19:46:01.096Z</time>
      </trkpt>
      <trkpt lat="36.733253" lon="-4.415934">
        <ele>44.980507</ele>
        <time>2024-09-05T19:46:01.966Z</time>
      </trkpt>
      <trkpt lat="36.733191" lon="-4.415942">
        <ele>44.819207</ele>
        <time>2024-09-05T19:46:02.645Z</time>
      </trkpt>
      <trkpt lat="36.733109" lon="-4.415887">
        <ele>44.578291</ele>
        <time>2024-09-05T19:46:03.632Z</time>
      </trkpt>
      <trkpt lat="36.733075" lon="-4.415764">
        <ele>44.308448</ele>
        <time>2024-09-05T19:46:04.727Z</time>
      </trkpt>
      <trkpt lat="36.732984" lon="-4.415651">
        <ele>43.976215</ele>
        <time>2024-09-05T19:46:06.069Z</time>
      </trkpt>
      <trkpt lat="36.732823" lon="-4.415556">
        <ele>43.515340</ele>
        <time>2024-09-05T19:46:07.999Z</time>
      </trkpt>
      <trkpt lat="36.732555" lon="-4.415496">
        <ele>42.824516</ele>
        <time>2024-09-05T19:46:11.012Z</time>
      </trkpt>
      <trkpt lat="36.732497" lon="-4.415483">
        <ele>42.680900</ele>
        <time>2024-09-05T19:46:11.635Z</time>
      </trkpt>
      <trkpt lat="36.731351" lon="-4.415225">
        <ele>39.842840</ele>
        <time>2024-09-05T19:46:24.148Z</time>
      </trkpt>
      <trkpt lat="36.730746" lon="-4.415087">
        <ele>38.255250</ele>
        <time>2024-09-05T19:46:30.464Z</time>
      </trkpt>
      <trkpt lat="36.730327" lon="-4.414998">
        <ele>36.932321</ele>
        <time>2024-09-05T19:46:34.897Z</time>
      </trkpt>
      <trkpt lat="36.730031" lon="-4.414901">
        <ele>35.979754</ele>
        <time>2024-09-05T19:46:38.028Z</time>
      </trkpt>
      <trkpt lat="36.729648" lon="-4.414777">
        <ele>34.748161</ele>
        <time>2024-09-05T19:46:42.053Z</time>
      </trkpt>
      <trkpt lat="36.729056" lon="-4.414567">
        <ele>32.869911</ele>
        <time>2024-09-05T19:46:48.217Z</time>
      </trkpt>
      <trkpt lat="36.728672" lon="-4.414412">
        <ele>31.815377</ele>
        <time>2024-09-05T19:46:52.237Z</time>
      </trkpt>
      <trkpt lat="36.728375" lon="-4.414375">
        <ele>31.035501</ele>
        <time>2024-09-05T19:46:55.313Z</time>
      </trkpt>
      <trkpt lat="36.727551" lon="-4.414278">
        <ele>28.872949</ele>
        <time>2024-09-05T19:47:04.211Z</time>
      </trkpt>
      <trkpt lat="36.727152" lon="-4.414228">
        <ele>28.205082</ele>
        <time>2024-09-05T19:47:08.543Z</time>
      </trkpt>
      <trkpt lat="36.727080" lon="-4.414216">
        <ele>28.148623</ele>
        <time>2024-09-05T19:47:09.352Z</time>
      </trkpt>
      <trkpt lat="36.727035" lon="-4.414255">
        <ele>28.106037</ele>
        <time>2024-09-05T19:47:09.984Z</time>
      </trkpt>
      <trkpt lat="36.726900" lon="-4.414360">
        <ele>27.982391</ele>
        <time>2024-09-05T19:47:11.921Z</time>
      </trkpt>
      <trkpt lat="36.726751" lon="-4.414468">
        <ele>27.848458</ele>
        <time>2024-09-05T19:47:14.130Z</time>
      </trkpt>
      <trkpt lat="36.726566" lon="-4.414152">
        <ele>27.604680</ele>
        <time>2024-09-05T19:47:18.204Z</time>
      </trkpt>
      <trkpt lat="36.726529" lon="-4.414084">
        <ele>27.553480</ele>
        <time>2024-09-05T19:47:19.109Z</time>
      </trkpt>
      <trkpt lat="36.725886" lon="-4.414572">
        <ele>26.968513</ele>
        <time>2024-09-05T19:47:29.959Z</time>
      </trkpt>
      <trkpt lat="36.725676" lon="-4.414733">
        <ele>26.662202</ele>
        <time>2024-09-05T19:47:34.295Z</time>
      </trkpt>
      <trkpt lat="36.724625" lon="-4.415552">
        <ele>25.120576</ele>
        <time>2024-09-05T19:47:49.602Z</time>
      </trkpt>
      <trkpt lat="36.724189" lon="-4.415892">
        <ele>24.205699</ele>
        <time>2024-09-05T19:47:54.841Z</time>
      </trkpt>
      <trkpt lat="36.724030" lon="-4.416031">
        <ele>23.697595</ele>
        <time>2024-09-05T19:47:56.770Z</time>
      </trkpt>
      <trkpt lat="36.723957" lon="-4.416090">
        <ele>23.469963</ele>
        <time>2024-09-05T19:47:57.658Z</time>
      </trkpt>
      <trkpt lat="36.723748" lon="-4.416255">
        <ele>22.822680</ele>
        <time>2024-09-05T19:48:00.069Z</time>
      </trkpt>
      <trkpt lat="36.723467" lon="-4.416472">
        <ele>21.957797</ele>
        <time>2024-09-05T19:48:03.339Z</time>
      </trkpt>
      <trkpt lat="36.723251" lon="-4.416634">
        <ele>21.298224</ele>
        <time>2024-09-05T19:48:06.267Z</time>
      </trkpt>
      <trkpt lat="36.722959" lon="-4.416833">
        <ele>20.427451</ele>
        <time>2024-09-05T19:48:10.262Z</time>
      </trkpt>
      <trkpt lat="36.722908" lon="-4.416869">
        <ele>20.274097</ele>
        <time>2024-09-05T19:48:10.882Z</time>
      </trkpt>
      <trkpt lat="36.722867" lon="-4.416896">
        <ele>20.152766</ele>
        <time>2024-09-05T19:48:11.392Z</time>
      </trkpt>
      <trkpt lat="36.722645" lon="-4.417047">
        <ele>19.661724</ele>
        <time>2024-09-05T19:48:14.170Z</time>
      </trkpt>
      <trkpt lat="36.722483" lon="-4.416680">
        <ele>19.064810</ele>
        <time>2024-09-05T19:48:17.796Z</time>
      </trkpt>
      <trkpt lat="36.722419" lon="-4.416533">
        <ele>18.826476</ele>
        <time>2024-09-05T19:48:19.272Z</time>
      </trkpt>
      <trkpt lat="36.722354" lon="-4.416382">
        <ele>18.582283</ele>
        <time>2024-09-05T19:48:20.990Z</time>
      </trkpt>
      <trkpt lat="36.722322" lon="-4.416306">
        <ele>18.459975</ele>
        <time>2024-09-05T19:48:21.770Z</time>
      </trkpt>
      <trkpt lat="36.722196" lon="-4.416020">
        <ele>17.995013</ele>
        <time>2024-09-05T19:48:25.142Z</time>
      </trkpt>
      <trkpt lat="36.722060" lon="-4.415628">
        <ele>17.386451</ele>
        <time>2024-09-05T19:48:29.408Z</time>
      </trkpt>
      <trkpt lat="36.721323" lon="-4.413450">
        <ele>12.169604</ele>
        <time>2024-09-05T19:48:48.777Z</time>
      </trkpt>
      <trkpt lat="36.721314" lon="-4.413423">
        <ele>12.100514</ele>
        <time>2024-09-05T19:48:48.987Z</time>
      </trkpt>
      <trkpt lat="36.721158" lon="-4.412893">
        <ele>11.070307</ele>
        <time>2024-09-05T19:48:53.525Z</time>
      </trkpt>
      <trkpt lat="36.721140" lon="-4.412820">
        <ele>10.962210</ele>
        <time>2024-09-05T19:48:54.168Z</time>
      </trkpt>
      <trkpt lat="36.721046" lon="-4.412685">
        <ele>10.709115</ele>
        <time>2024-09-05T19:48:55.724Z</time>
      </trkpt>
      <trkpt lat="36.721016" lon="-4.412650">
        <ele>10.636590</ele>
        <time>2024-09-05T19:48:56.166Z</time>
      </trkpt>
      <trkpt lat="36.720992" lon="-4.412635">
        <ele>10.589192</ele>
        <time>2024-09-05T19:48:56.428Z</time>
      </trkpt>
      <trkpt lat="36.720960" lon="-4.412606">
        <ele>10.519354</ele>
        <time>2024-09-05T19:48:56.826Z</time>
      </trkpt>
      <trkpt lat="36.720881" lon="-4.412611">
        <ele>10.379682</ele>
        <time>2024-09-05T19:48:57.660Z</time>
      </trkpt>
      <trkpt lat="36.720801" lon="-4.412650">
        <ele>10.228022</ele>
        <time>2024-09-05T19:48:58.620Z</time>
      </trkpt>
      <trkpt lat="36.720465" lon="-4.413054">
        <ele>9.404043</ele>
        <time>2024-09-05T19:49:03.992Z</time>
      </trkpt>
      <trkpt lat="36.720433" lon="-4.413098">
        <ele>9.319955</ele>
        <time>2024-09-05T19:49:04.482Z</time>
      </trkpt>
      <trkpt lat="36.720350" lon="-4.413237">
        <ele>9.074634</ele>
        <time>2024-09-05T19:49:06.050Z</time>
      </trkpt>
      <trkpt lat="36.720191" lon="-4.413515">
        <ele>8.591273</ele>
        <time>2024-09-05T19:49:09.571Z</time>
      </trkpt>
      <trkpt lat="36.720156" lon="-4.413642">
        <ele>8.401196</ele>
        <time>2024-09-05T19:49:11.010Z</time>
      </trkpt>
      <trkpt lat="36.719977" lon="-4.414281">
        <ele>8.210949</ele>
        <time>2024-09-05T19:49:19.520Z</time>
      </trkpt>
      <trkpt lat="36.719910" lon="-4.414516">
        <ele>8.157400</ele>
        <time>2024-09-05T19:49:22.413Z</time>
      </trkpt>
      <trkpt lat="36.719864" lon="-4.414682">
        <ele>8.119691</ele>
        <time>2024-09-05T19:49:24.749Z</time>
      </trkpt>
      <trkpt lat="36.719834" lon="-4.414789">
        <ele>8.095355</ele>
        <time>2024-09-05T19:49:25.859Z</time>
      </trkpt>
      <trkpt lat="36.719521" lon="-4.415908">
        <ele>7.806355</ele>
        <time>2024-09-05T19:49:38.892Z</time>
      </trkpt>
      <trkpt lat="36.719226" lon="-4.416958">
        <ele>7.244899</ele>
        <time>2024-09-05T19:49:50.402Z</time>
      </trkpt>
      <trkpt lat="36.719009" lon="-4.417734">
        <ele>6.830166</ele>
        <time>2024-09-05T19:49:58.545Z</time>
      </trkpt>
      <trkpt lat="36.718431" lon="-4.419771">
        <ele>6.863965</ele>
        <time>2024-09-05T19:50:22.377Z</time>
      </trkpt>
      <trkpt lat="36.718025" lon="-4.421214">
        <ele>8.920004</ele>
        <time>2024-09-05T19:50:50.874Z</time>
      </trkpt>
      <trkpt lat="36.717959" lon="-4.421454">
        <ele>9.331694</ele>
        <time>2024-09-05T19:50:56.313Z</time>
      </trkpt>
      <trkpt lat="36.717651" lon="-4.422551">
        <ele>10.486255</ele>
        <time>2024-09-05T19:51:18.481Z</time>
      </trkpt>
      <trkpt lat="36.717500" lon="-4.423107">
        <ele>10.436282</ele>
        <time>2024-09-05T19:51:27.879Z</time>
      </trkpt>
      <trkpt lat="36.717410" lon="-4.423437">
        <ele>10.406609</ele>
        <time>2024-09-05T19:51:31.727Z</time>
      </trkpt>
      <trkpt lat="36.717383" lon="-4.423529">
        <ele>10.398269</ele>
        <time>2024-09-05T19:51:32.573Z</time>
      </trkpt>
      <trkpt lat="36.717078" lon="-4.424598">
        <ele>9.797251</ele>
        <time>2024-09-05T19:51:42.323Z</time>
      </trkpt>
      <trkpt lat="36.716961" lon="-4.425010">
        <ele>9.135026</ele>
        <time>2024-09-05T19:51:46.124Z</time>
      </trkpt>
      <trkpt lat="36.716923" lon="-4.425527">
        <ele>8.348446</ele>
        <time>2024-09-05T19:51:50.691Z</time>
      </trkpt>
      <trkpt lat="36.716915" lon="-4.425600">
        <ele>8.236816</ele>
        <time>2024-09-05T19:51:51.403Z</time>
      </trkpt>
      <trkpt lat="36.716840" lon="-4.426401">
        <ele>7.014988</ele>
        <time>2024-09-05T19:51:58.877Z</time>
      </trkpt>
      <trkpt lat="36.716830" lon="-4.426760">
        <ele>6.932145</ele>
        <time>2024-09-05T19:52:02.106Z</time>
      </trkpt>
      <trkpt lat="36.716903" lon="-4.426941">
        <ele>6.932145</ele>
        <time>2024-09-05T19:52:03.810Z</time>
      </trkpt>
      <trkpt lat="36.716957" lon="-4.427054">
        <ele>6.932145</ele>
        <time>2024-09-05T19:52:05.112Z</time>
      </trkpt>
      <trkpt lat="36.717024" lon="-4.427123">
        <ele>6.932145</ele>
        <time>2024-09-05T19:52:06.188Z</time>
      </trkpt>
      <trkpt lat="36.717077" lon="-4.427162">
        <ele>6.932145</ele>
        <time>2024-09-05T19:52:06.854Z</time>
      </trkpt>
      <trkpt lat="36.717203" lon="-4.427200">
        <ele>6.932145</ele>
        <time>2024-09-05T19:52:08.357Z</time>
      </trkpt>
      <trkpt lat="36.717708" lon="-4.427135">
        <ele>6.932145</ele>
        <time>2024-09-05T19:52:15.494Z</time>
      </trkpt>
      <trkpt lat="36.717724" lon="-4.427123">
        <ele>6.932145</ele>
        <time>2024-09-05T19:52:15.731Z</time>
      </trkpt>
      <trkpt lat="36.717753" lon="-4.427000">
        <ele>6.932145</ele>
        <time>2024-09-05T19:52:16.987Z</time>
      </trkpt>
      <trkpt lat="36.717796" lon="-4.426718">
        <ele>6.932145</ele>
        <time>2024-09-05T19:52:20.474Z</time>
      </trkpt>
      <trkpt lat="36.717795" lon="-4.426657">
        <ele>6.932145</ele>
        <time>2024-09-05T19:52:21.134Z</time>
      </trkpt>
      <trkpt lat="36.717805" lon="-4.426442">
        <ele>6.932145</ele>
        <time>2024-09-05T19:52:23.139Z</time>
      </trkpt>
      <trkpt lat="36.717919" lon="-4.426458">
        <ele>6.932145</ele>
        <time>2024-09-05T19:52:25.551Z</time>
      </trkpt>
    </trkseg>
  </trk>
</gpx>